label,index,key,name,external_id
Compound,0,(+)-Gallocatechin,(+)-Gallocatechin,65084
Compound,1,(+)-Vestitol,(+)-Vestitol,177149
Compound,2,(+)-alpha-Cadinene,(+)-alpha-Cadinene,12306048
Compound,3,(+)-delta-Cadinene,(+)-delta-Cadinene,441005
Compound,4,(+)-gamma-Cadinene,(+)-gamma-Cadinene,6432404
Compound,5,(+)-gamma-Gurjunene,(+)-gamma-Gurjunene,15560285
Compound,6,(-)-Carvomenthone,(-)-Carvomenthone,6432474
Compound,7,(-)-Cyperene,(-)-Cyperene,12308843
Compound,8,(-)-Epiafzelechin,(-)-Epiafzelechin,443639
Compound,9,(-)-Epicatechin,(-)-Epicatechin,72276
Compound,10,(-)-Globulol,(-)-Globulol,12304985
Compound,11,(-)-alpha-Cadinol,(-)-alpha-Cadinol,6431302
Compound,12,(-)-alpha-Himachalene,(-)-alpha-Himachalene,11830551
Compound,13,(-)-beta-Bourbonene,(-)-beta-Bourbonene,62566
Compound,14,(-)-beta-Curcumene,(-)-beta-Curcumene,14014430
Compound,15,(-)-cis-Carveol,(-)-cis-Carveol,330573
Compound,16,(-)-trans-Carveol,(-)-trans-Carveol,94221
Compound,17,"(12R,15R,32S,33R)-4,5,6,14,20,21,22,25,26,27,38,39,40,43,44,55-hexadecahydroxy-2,10,13,16,31,34,46,53-octaoxaundecacyclo[46.7.1.03,8.012,33.015,32.018,23.024,29.036,41.042,51.045,50.049,54]hexapentaconta-1(55),3,5,7,18,20,22,24,26,28,36,38,40,42,44,48(56),49(54),50-octadecaene-9,17,30,35,47,52-hexone","(12R,15R,32S,33R)-4,5,6,14,20,21,22,25,26,27,38,39,40,43,44,55-hexadecahydroxy-2,10,13,16,31,34,46,53-octaoxaundecacyclo[46.7.1.03,8.012,33.015,32.018,23.024,29.036,41.042,51.045,50.049,54]hexapentaconta-1(55),3,5,7,18,20,22,24,26,28,36,38,40,42,44,48(56),49(54),50-octadecaene-9,17,30,35,47,52-hexone",16175790
Compound,18,(1R)-2-methyl-5-propan-2-ylbicyclo[3.1.0]hex-2-ene,(1R)-2-methyl-5-propan-2-ylbicyclo[3.1.0]hex-2-ene,6451618
Compound,19,"(1R,2R,5R,6S,10R,11S,12R,15R,16R,18S,19R)-6-(furan-3-yl)-11,16,18-trihydroxy-1,5,10,15-tetramethyl-13-oxapentacyclo[10.6.1.02,10.05,9.015,19]nonadec-8-en-4-one","(1R,2R,5R,6S,10R,11S,12R,15R,16R,18S,19R)-6-(furan-3-yl)-11,16,18-trihydroxy-1,5,10,15-tetramethyl-13-oxapentacyclo[10.6.1.02,10.05,9.015,19]nonadec-8-en-4-one",101306757
Compound,20,"(1R,3S,4R,7R,9S,12S,13R,17S,19R,20R,22S)-9-hydroxy-3,4,8,8,12,19,22-heptamethyl-14-oxo-23-oxahexacyclo[18.2.1.03,16.04,13.07,12.017,22]tricos-15-ene-19-carboxylic acid","(1R,3S,4R,7R,9S,12S,13R,17S,19R,20R,22S)-9-hydroxy-3,4,8,8,12,19,22-heptamethyl-14-oxo-23-oxahexacyclo[18.2.1.03,16.04,13.07,12.017,22]tricos-15-ene-19-carboxylic acid",101280179
Compound,21,"(1S)-1-[(2R,4S,5R)-5-hydroxy-4-[(3S,5R,9R,10R,13S,14S,17S)-3-hydroxy-4,4,10,13,14-pentamethyl-2,3,5,6,9,11,12,15,16,17-decahydro-1H-cyclopenta[a]phenanthren-17-yl]oxolan-2-yl]-2-methylpropane-1,2-diol","(1S)-1-[(2R,4S,5R)-5-hydroxy-4-[(3S,5R,9R,10R,13S,14S,17S)-3-hydroxy-4,4,10,13,14-pentamethyl-2,3,5,6,9,11,12,15,16,17-decahydro-1H-cyclopenta[a]phenanthren-17-yl]oxolan-2-yl]-2-methylpropane-1,2-diol",101650343
Compound,22,"(1S,2S,6S,7R,8R)-1,3-dimethyl-8-propan-2-yltricyclo[4.4.0.02,7]dec-3-ene","(1S,2S,6S,7R,8R)-1,3-dimethyl-8-propan-2-yltricyclo[4.4.0.02,7]dec-3-ene",101607926
Compound,23,"(1S,6S,8S)-1,5-dimethyl-8-propan-2-yltricyclo[4.4.0.02,7]dec-4-en-3-one","(1S,6S,8S)-1,5-dimethyl-8-propan-2-yltricyclo[4.4.0.02,7]dec-4-en-3-one",102316377
Compound,24,"(1r,3s,5r)-6,6-Dimethyl-2-methylidenebicyclo[3.1.1]heptan-3-ol","(1r,3s,5r)-6,6-Dimethyl-2-methylidenebicyclo[3.1.1]heptan-3-ol",88302
Compound,25,(2E)-2-Methyl-6-(4-methylphenyl)-2-hepten-1-ol,(2E)-2-Methyl-6-(4-methylphenyl)-2-hepten-1-ol,6430906
Compound,26,"(2E)-2-methyl-6-[(1S)-4-methylcyclohex-3-en-1-yl]hepta-2,6-dien-1-ol","(2E)-2-methyl-6-[(1S)-4-methylcyclohex-3-en-1-yl]hepta-2,6-dien-1-ol",15560069
Compound,27,"(2E,4E)-3,7-dimethylocta-2,4,6-trienal","(2E,4E)-3,7-dimethylocta-2,4,6-trienal",11126441
Compound,28,"(2R,3S,5R)-5-[(2S)-3,3-dimethyloxiran-2-yl]-3-[(3S,5R,9R,10R,13S,14S,17S)-3-hydroxy-4,4,10,13,14-pentamethyl-2,3,5,6,9,11,12,15,16,17-decahydro-1H-cyclopenta[a]phenanthren-17-yl]oxolan-2-ol","(2R,3S,5R)-5-[(2S)-3,3-dimethyloxiran-2-yl]-3-[(3S,5R,9R,10R,13S,14S,17S)-3-hydroxy-4,4,10,13,14-pentamethyl-2,3,5,6,9,11,12,15,16,17-decahydro-1H-cyclopenta[a]phenanthren-17-yl]oxolan-2-ol",101289709
Compound,29,"(2R,4aS)-4a,8-Dimethyl-2-(prop-1-en-2-yl)-1,2,3,4,4a,5-hexahydronaphthalene","(2R,4aS)-4a,8-Dimethyl-2-(prop-1-en-2-yl)-1,2,3,4,4a,5-hexahydronaphthalene",73015594
Compound,30,"(2R,6S,7S,10Z)-beta-Santala-3(15),10-dien-12-ol","(2R,6S,7S,10Z)-beta-Santala-3(15),10-dien-12-ol",5281532
Compound,31,"(2S)-2-[4-[(2S,3R,4S,5S,6R)-3-[(2R,3S,4S)-3,4-dihydroxy-4-(hydroxymethyl)oxolan-2-yl]oxy-4,5-dihydroxy-6-(hydroxymethyl)oxan-2-yl]oxyphenyl]-7-hydroxy-2,3-dihydrochromen-4-one","(2S)-2-[4-[(2S,3R,4S,5S,6R)-3-[(2R,3S,4S)-3,4-dihydroxy-4-(hydroxymethyl)oxolan-2-yl]oxy-4,5-dihydroxy-6-(hydroxymethyl)oxan-2-yl]oxyphenyl]-7-hydroxy-2,3-dihydrochromen-4-one",46232263
Compound,32,"(2S,3R,4R,5S,6S)-2-(hydroxymethyl)-6-(((2S,3R,4R,5S,6R)-3,4,5-trihydroxy-6-(((4aR,8aS)-4-isopropyl-1,7-dimethyl-1,2,3,4,4a,5,8,8a-octahydronaphthalen-1-yl)oxy)tetrahydro-2H-pyran-2-yl)methoxy)tetrahydro-2H-pyran-3,4,5-triol","(2S,3R,4R,5S,6S)-2-(hydroxymethyl)-6-(((2S,3R,4R,5S,6R)-3,4,5-trihydroxy-6-(((4aR,8aS)-4-isopropyl-1,7-dimethyl-1,2,3,4,4a,5,8,8a-octahydronaphthalen-1-yl)oxy)tetrahydro-2H-pyran-2-yl)methoxy)tetrahydro-2H-pyran-3,4,5-triol",91754221
Compound,33,"(2S,3S,4S,5R,6R)-6-[[(3S,4S,4aR,6aR,6bS,8aR,9R,12aS,14aR,14bR)-9-hydroxy-4-(hydroxymethyl)-4,6a,6b,8a,11,11,14b-heptamethyl-1,2,3,4a,5,6,7,8,9,10,12,12a,14,14a-tetradecahydropicen-3-yl]oxy]-5-[(2S,3R,4S,5S)-4,5-dihydroxy-3-[(2S,3R,4R,5R,6S)-3,4,5-trihydroxy-6-methyloxan-2-yl]oxyoxan-2-yl]oxy-3,4-dihydroxyoxane-2-carboxylic acid","(2S,3S,4S,5R,6R)-6-[[(3S,4S,4aR,6aR,6bS,8aR,9R,12aS,14aR,14bR)-9-hydroxy-4-(hydroxymethyl)-4,6a,6b,8a,11,11,14b-heptamethyl-1,2,3,4a,5,6,7,8,9,10,12,12a,14,14a-tetradecahydropicen-3-yl]oxy]-5-[(2S,3R,4S,5S)-4,5-dihydroxy-3-[(2S,3R,4R,5R,6S)-3,4,5-trihydroxy-6-methyloxan-2-yl]oxyoxan-2-yl]oxy-3,4-dihydroxyoxane-2-carboxylic acid",443614
Compound,34,"(2S,4S,5R,6R)-5-[(2S,3R,4S,5R,6R)-3-[(2S,3R,5R,6S)-3,5-dihydroxy-6-methyloxan-2-yl]oxy-4,5-dihydroxy-6-(hydroxymethyl)oxan-2-yl]oxy-3,4-dihydroxy-6-[[9-hydroxy-4-(hydroxymethyl)-4,6a,6b,8a,11,11,14b-heptamethyl-1,2,3,4a,5,6,7,8,9,10,12,12a,14,14a-tetradecahydropicen-2-yl]oxy]oxane-2-carboxylic acid","(2S,4S,5R,6R)-5-[(2S,3R,4S,5R,6R)-3-[(2S,3R,5R,6S)-3,5-dihydroxy-6-methyloxan-2-yl]oxy-4,5-dihydroxy-6-(hydroxymethyl)oxan-2-yl]oxy-3,4-dihydroxy-6-[[9-hydroxy-4-(hydroxymethyl)-4,6a,6b,8a,11,11,14b-heptamethyl-1,2,3,4a,5,6,7,8,9,10,12,12a,14,14a-tetradecahydropicen-2-yl]oxy]oxane-2-carboxylic acid",5321411
Compound,35,"(2S,4aS,6aR,6aS,6bR,8aR,10S,12aS,14bR)-10,14b-dihydroxy-2,4a,6a,6b,9,9,12a-heptamethyl-13-oxo-1,3,4,5,6,6a,7,8,8a,10,11,12-dodecahydropicene-2-carboxylic acid","(2S,4aS,6aR,6aS,6bR,8aR,10S,12aS,14bR)-10,14b-dihydroxy-2,4a,6a,6b,9,9,12a-heptamethyl-13-oxo-1,3,4,5,6,6a,7,8,8a,10,11,12-dodecahydropicene-2-carboxylic acid",101280181
Compound,36,"(2S,4aS,6aR,6aS,6bR,8aR,9S,10S,12aS,14bR)-10-hydroxy-9-(hydroxymethyl)-2,4a,6a,6b,9,12a-hexamethyl-13-oxo-3,4,5,6,6a,7,8,8a,10,11,12,14b-dodecahydro-1H-picene-2-carboxylic acid","(2S,4aS,6aR,6aS,6bR,8aR,9S,10S,12aS,14bR)-10-hydroxy-9-(hydroxymethyl)-2,4a,6a,6b,9,12a-hexamethyl-13-oxo-3,4,5,6,6a,7,8,8a,10,11,12,14b-dodecahydro-1H-picene-2-carboxylic acid",101280182
Compound,37,"(3aS,4R,7R)-1,4,9,9-Tetramethyl-5,6,7,8-tetrahydro-4H-3a,7-methanoazulene","(3aS,4R,7R)-1,4,9,9-Tetramethyl-5,6,7,8-tetrahydro-4H-3a,7-methanoazulene",74819450
Compound,38,"(4E,7E)-1,5,9,9-Tetramethyl-12-oxabicyclo[9.1.0]dodeca-4,7-diene","(4E,7E)-1,5,9,9-Tetramethyl-12-oxabicyclo[9.1.0]dodeca-4,7-diene",22559443
Compound,39,"(4aS,10aR)-6,7-dimethoxy-1,1,4a-trimethyl-3,4,10,10a-tetrahydrophenanthrene-2,9-dione","(4aS,10aR)-6,7-dimethoxy-1,1,4a-trimethyl-3,4,10,10a-tetrahydrophenanthrene-2,9-dione",189660
Compound,40,"(4aS,10aR)-6-hydroxy-1,1,4a,7-tetramethyl-3,4,10,10a-tetrahydrophenanthrene-2,9-dione","(4aS,10aR)-6-hydroxy-1,1,4a,7-tetramethyl-3,4,10,10a-tetrahydrophenanthrene-2,9-dione",189403
Compound,41,"(4aS,10aR)-7-hydroxy-1,1,4a,6-tetramethyl-3,4,10,10a-tetrahydrophenanthrene-2,9-dione","(4aS,10aR)-7-hydroxy-1,1,4a,6-tetramethyl-3,4,10,10a-tetrahydrophenanthrene-2,9-dione",189404
Compound,42,"(4aS,6R,8aS)-4a-hydroxy-4,8a-dimethyl-6-prop-1-en-2-yl-5,6,7,8-tetrahydro-1H-naphthalen-2-one","(4aS,6R,8aS)-4a-hydroxy-4,8a-dimethyl-6-prop-1-en-2-yl-5,6,7,8-tetrahydro-1H-naphthalen-2-one",11651583
Compound,43,"(4bS,8aR)-2,4b,8,8-tetramethyl-7,10-dioxo-5,6,8a,9-tetrahydrophenanthrene-3-carboxylic Acid","(4bS,8aR)-2,4b,8,8-tetramethyl-7,10-dioxo-5,6,8a,9-tetrahydrophenanthrene-3-carboxylic Acid",189727
Compound,44,"(4bS,8aS)-3,4b,8,8-tetramethyl-10-oxo-6,7,8a,9-tetrahydro-5H-phenanthrene-2-carboxylic Acid","(4bS,8aS)-3,4b,8,8-tetramethyl-10-oxo-6,7,8a,9-tetrahydro-5H-phenanthrene-2-carboxylic Acid",189728
Compound,45,"(5R,9R,10R,13S,14S,17S)-17-[(2R,3S,5R)-5-[(2S)-3,3-dimethyloxiran-2-yl]-2-hydroxyoxolan-3-yl]-4,4,10,13,14-pentamethyl-1,2,5,6,9,11,12,15,16,17-decahydrocyclopenta[a]phenanthren-3-one","(5R,9R,10R,13S,14S,17S)-17-[(2R,3S,5R)-5-[(2S)-3,3-dimethyloxiran-2-yl]-2-hydroxyoxolan-3-yl]-4,4,10,13,14-pentamethyl-1,2,5,6,9,11,12,15,16,17-decahydrocyclopenta[a]phenanthren-3-one",44575793
Compound,46,"(6R)-1a-methyl-4-methylidene-6-propan-2-yl-1b,2,3,5,5a,6a-hexahydro-1H-cyclopropa[a]inden-6-ol","(6R)-1a-methyl-4-methylidene-6-propan-2-yl-1b,2,3,5,5a,6a-hexahydro-1H-cyclopropa[a]inden-6-ol",6431225
Compound,47,"(9R,10R,13S,14S,17R)-17-[(2R)-2-[(1R,2S)-1,3-dihydroxy-2-methylpropyl]-2,3-dihydrofuran-4-yl]-4,4,10,13,14-pentamethyl-1,2,5,6,9,11,12,15,16,17-decahydrocyclopenta[a]phenanthren-3-one","(9R,10R,13S,14S,17R)-17-[(2R)-2-[(1R,2S)-1,3-dihydroxy-2-methylpropyl]-2,3-dihydrofuran-4-yl]-4,4,10,13,14-pentamethyl-1,2,5,6,9,11,12,15,16,17-decahydrocyclopenta[a]phenanthren-3-one",184503
Compound,48,"(9Z)-(12S,13R)-12,13-Epoxyoctadecenoic acid","(9Z)-(12S,13R)-12,13-Epoxyoctadecenoic acid",6449780
Compound,49,(E)-2-methyl-5-(2-methyl-3-methylidene-2-bicyclo[2.2.1]heptanyl)pent-2-en-1-ol,(E)-2-methyl-5-(2-methyl-3-methylidene-2-bicyclo[2.2.1]heptanyl)pent-2-en-1-ol,5368798
Compound,50,"(E)-5-((1R,3R,6S)-2,3-Dimethyltricyclo[2.2.1.02,6]heptan-3-yl)-2-methylpent-2-enal","(E)-5-((1R,3R,6S)-2,3-Dimethyltricyclo[2.2.1.02,6]heptan-3-yl)-2-methylpent-2-enal",14059042
Compound,51,"(E)-5-((1R,3R,6S)-2,3-Dimethyltricyclo[2.2.1.02,6]heptan-3-yl)-2-methylpent-2-enoic acid","(E)-5-((1R,3R,6S)-2,3-Dimethyltricyclo[2.2.1.02,6]heptan-3-yl)-2-methylpent-2-enoic acid",14059029
Compound,52,(E)-alpha-bisabolene,(E)-alpha-bisabolene,5315468
Compound,53,(E)-beta-ocimene,(E)-beta-ocimene,5281553
Compound,54,(R)-Lavandulol,(R)-Lavandulol,5464156
Compound,55,"(R,Z)-2-Methyl-6-(4-methylcyclohexa-1,4-dien-1-yl)hept-2-en-1-ol","(R,Z)-2-Methyl-6-(4-methylcyclohexa-1,4-dien-1-yl)hept-2-en-1-ol",91710638
Compound,56,(S)-4-(p-Tolyl)valeraldehyde,(S)-4-(p-Tolyl)valeraldehyde,11816173
Compound,57,(S)-8-Prenylphaseollinisoflavan,(S)-8-Prenylphaseollinisoflavan,15228660
Compound,58,(S)-cis-Verbenol,(S)-cis-Verbenol,87839
Compound,59,"(S,1Z,6Z)-8-Isopropyl-1-methyl-5-methylenecyclodeca-1,6-diene","(S,1Z,6Z)-8-Isopropyl-1-methyl-5-methylenecyclodeca-1,6-diene",91723653
Compound,60,"(S,Z)-2-Methyl-6-(p-tolyl)hept-2-en-1-ol","(S,Z)-2-Methyl-6-(p-tolyl)hept-2-en-1-ol",67178146
Compound,61,(Z)-Hex-2-enyl acetate,(Z)-Hex-2-enyl acetate,5363374
Compound,62,(Z)-Santalol,(Z)-Santalol,91753183
Compound,63,(Z)-alpha-Bisabolene,(Z)-alpha-Bisabolene,5352653
Compound,64,(Z)-beta-Ocimene,(Z)-beta-Ocimene,5320250
Compound,65,(Z)-gamma-Curcumen-12-ol,(Z)-gamma-Curcumen-12-ol,91747459
Compound,66,(Z)-gamma-bisabolene,(Z)-gamma-bisabolene,3033866
Compound,67,"1,2,3,4,5,6,7,8-Octahydro-1,4-dimethyl-7-(1-methylethylidene)azulene monoepoxide","1,2,3,4,5,6,7,8-Octahydro-1,4-dimethyl-7-(1-methylethylidene)azulene monoepoxide",92288133
Compound,68,"1,2,4-Trimethylbenzene","1,2,4-Trimethylbenzene",7247
Compound,69,"1,2-Dioleoyl-3-palmitoylglycerol","1,2-Dioleoyl-3-palmitoylglycerol",25240174
Compound,70,"1,2-Heptanediol","1,2-Heptanediol",77302
Compound,71,"1,3,6-tri-O-galloyl-beta-D-glucose","1,3,6-tri-O-galloyl-beta-D-glucose",452707
Compound,72,"1,3-Diacetylvilasinin","1,3-Diacetylvilasinin",52952013
Compound,73,"1,4-Dihydroxy-6,7-dimethoxy-3-methyl-9,10-dioxoanthracene-2-carboxylic acid","1,4-Dihydroxy-6,7-dimethoxy-3-methyl-9,10-dioxoanthracene-2-carboxylic acid",53438729
Compound,74,"1-(5-Methyl-2-furanyl)-1,2-propanedione","1-(5-Methyl-2-furanyl)-1,2-propanedione",70968
Compound,75,1-Butanol,1-Butanol,263
Compound,76,1-Cinnamoylmelianolone,1-Cinnamoylmelianolone,13819214
Compound,77,1-Docosene,1-Docosene,74138
Compound,78,1-Dodecanol,1-Dodecanol,8193
Compound,79,1-Eicosene,1-Eicosene,18936
Compound,80,1-Furfurylpyrrole,1-Furfurylpyrrole,15037
Compound,81,1-Heptanol,1-Heptanol,8129
Compound,82,1-Hexacosanol,1-Hexacosanol,68171
Compound,83,1-Hexadecene,1-Hexadecene,12395
Compound,84,1-Hexanol,1-Hexanol,8103
Compound,85,"1-Isopropyl-4,7-dimethyl-1,3,4,5,6,8a-hexahydro-4a(2H)-naphthalenol","1-Isopropyl-4,7-dimethyl-1,3,4,5,6,8a-hexahydro-4a(2H)-naphthalenol",519857
Compound,86,1-Isopropyl-4-methylenebicyclo[3.1.0]hex-2-ene,1-Isopropyl-4-methylenebicyclo[3.1.0]hex-2-ene,524198
Compound,87,1-Methoxyficifolinol,1-Methoxyficifolinol,480872
Compound,88,1-Methoxyphaseollidin,1-Methoxyphaseollidin,480873
Compound,89,1-Methyl-3-nitro-1-nitrosoguanidine,1-Methyl-3-nitro-1-nitrosoguanidine,135436526
Compound,90,1-Methyl-4-(prop-1-en-2-yl)benzene,1-Methyl-4-(prop-1-en-2-yl)benzene,62385
Compound,91,"1-Methyl-5-methylidene-9-propan-2-yltricyclo[4.4.0.02,8]dec-3-ene","1-Methyl-5-methylidene-9-propan-2-yltricyclo[4.4.0.02,8]dec-3-ene",91748745
Compound,92,1-Methylpyrrole-2-carboxaldehyde,1-Methylpyrrole-2-carboxaldehyde,14504
Compound,93,1-Nonacosanol,1-Nonacosanol,243696
Compound,94,1-Octacosanol,1-Octacosanol,68406
Compound,95,1-Octadecene,1-Octadecene,8217
Compound,96,1-Octanol,1-Octanol,957
Compound,97,1-Octen-3-OL,1-Octen-3-OL,18827
Compound,98,1-Pentadecanol,1-Pentadecanol,12397
Compound,99,1-Pentanethiol,1-Pentanethiol,8067
Compound,100,1-Tetradecene,1-Tetradecene,14260
Compound,101,1-Triacontanol,1-Triacontanol,68972
Compound,102,1-Undecanol,1-Undecanol,8184
Compound,103,10-Hydroxy-16-hentriacontanone,10-Hydroxy-16-hentriacontanone,22561416
Compound,104,11-Deoxoglycyrrhetinic acid,11-Deoxoglycyrrhetinic acid,12305517
Compound,105,11-Hydroxyazadirachtin B,11-Hydroxyazadirachtin B,101999884
Compound,106,11beta-Azadirachtin H,11beta-Azadirachtin H,76327056
Compound,107,"13,14-Desepoxyazadirachtin A","13,14-Desepoxyazadirachtin A",101701146
Compound,108,14-Hydroxy-9-epi-beta-Caryophyllene,14-Hydroxy-9-epi-beta-Caryophyllene,91747230
Compound,109,16-Hentriacontanone,16-Hentriacontanone,94741
Compound,110,17-Epiazadiradione,17-Epiazadiradione,12308716
Compound,111,17-Hydroxyazadiradione,17-Hydroxyazadiradione,52951892
Compound,112,17-O-Acetylechitamine,17-O-Acetylechitamine,101589338
Compound,113,17-epi-17-Hydroxyazadiradione,17-epi-17-Hydroxyazadiradione,52951894
Compound,114,18alpha-Glycyrrhetinic acid,18alpha-Glycyrrhetinic acid,73398
Compound,115,"19,20-(E)-Vallesamine","19,20-(E)-Vallesamine",13783712
Compound,116,19-Epischolaricine,19-Epischolaricine,101587171
Compound,117,"2',3'-Dehydrosalannol","2',3'-Dehydrosalannol",91886694
Compound,118,"2',4'-Dihydroxyacetophenone","2',4'-Dihydroxyacetophenone",6990
Compound,119,2'-Hydroxyacetophenone,2'-Hydroxyacetophenone,8375
Compound,120,2'-Methoxyacetophenone,2'-Methoxyacetophenone,68481
Compound,121,"2,3,5,6-Tetramethylpyrazine","2,3,5,6-Tetramethylpyrazine",14296
Compound,122,"2,3,5-Trimethylpyrazine","2,3,5-Trimethylpyrazine",26808
Compound,123,"2,3-Butanediol","2,3-Butanediol",262
Compound,124,"2,4-Difurfurylfuran","2,4-Difurfurylfuran",53423642
Compound,125,"2,4-Dimethylthiophene","2,4-Dimethylthiophene",34296
Compound,126,"2,6-Dimethylpyrazine","2,6-Dimethylpyrazine",7938
Compound,127,2-(4-Methylphenyl)propan-2-ol,2-(4-Methylphenyl)propan-2-ol,14529
Compound,128,2-Acetyl-1-furfurylpyrrole,2-Acetyl-1-furfurylpyrrole,20560368
Compound,129,2-Acetyl-5-methylfuran,2-Acetyl-5-methylfuran,14514
Compound,130,2-Acetylfuran,2-Acetylfuran,14505
Compound,131,2-Acetylpyrrole,2-Acetylpyrrole,14079
Compound,132,2-Carene,2-Carene,79044
Compound,133,2-Ethyl-6-methylpyrazine,2-Ethyl-6-methylpyrazine,26332
Compound,134,"2-Furanmethanol, 5-ethenyltetrahydro-alpha,alpha,5-trimethyl-, cis-","2-Furanmethanol, 5-ethenyltetrahydro-alpha,alpha,5-trimethyl-, cis-",11116492
Compound,135,2-Furylacetone,2-Furylacetone,228583
Compound,136,2-Heptadecanone,2-Heptadecanone,18027
Compound,137,2-Hexen-1-OL,2-Hexen-1-OL,5318042
Compound,138,2-Hexenal,2-Hexenal,5281168
Compound,139,2-Methoxy-4-methylphenol,2-Methoxy-4-methylphenol,7144
Compound,140,2-Methoxy-4-vinylphenol,2-Methoxy-4-vinylphenol,332
Compound,141,2-Methyl-2-pentenal,2-Methyl-2-pentenal,5319754
Compound,142,2-Methyltricosane,2-Methyltricosane,283510
Compound,143,2-Nonanone,2-Nonanone,13187
Compound,144,2-Pentylfuran,2-Pentylfuran,19602
Compound,145,2-Phenylbutanoate,2-Phenylbutanoate,3881907
Compound,146,2-Phenylethanol,2-Phenylethanol,6054
Compound,147,2-Phenylethyl propionate,2-Phenylethyl propionate,31225
Compound,148,2-Tridecanone,2-Tridecanone,11622
Compound,149,2-Undecanone,2-Undecanone,8163
Compound,150,"2-[(2R,8R,8aS)-8,8a-dimethyl-1,2,3,4,6,7,8,8a-octahydronaphthalen-2-yl]propan-2-ol","2-[(2R,8R,8aS)-8,8a-dimethyl-1,2,3,4,6,7,8,8a-octahydronaphthalen-2-yl]propan-2-ol",9859337
Compound,151,21alpha-Hydroxyisoglabrolide,21alpha-Hydroxyisoglabrolide,101280184
Compound,152,23-Epivepaol,23-Epivepaol,24796982
Compound,153,24-Methylenecycloartanol,24-Methylenecycloartanol,94204
Compound,154,24-Methylenecycloartanone,24-Methylenecycloartanone,14635659
Compound,155,24-Methylenelophenol,24-Methylenelophenol,5283640
Compound,156,26-Methylheptacosanoic acid,26-Methylheptacosanoic acid,5282610
Compound,157,28-Deoxonimbolide,28-Deoxonimbolide,14467538
Compound,158,28-Hydroxyglycyrrhetic acid,28-Hydroxyglycyrrhetic acid,76064992
Compound,159,"2H-Cyclopenta(b)naphtho(2,3-d)furan-10-carboxylic acid,2-(3-furanyl)-3,3a,4a,5,5a,6,9,9a,10,10a-decahydro-5,6-dihydroxy-1,6,9a,10a-tetramethyl-9-oxo-, methyl ester, (2R,3aS,4aS,5R,5aS,6R,9aR,10S,10aR)-","2H-Cyclopenta(b)naphtho(2,3-d)furan-10-carboxylic acid,2-(3-furanyl)-3,3a,4a,5,5a,6,9,9a,10,10a-decahydro-5,6-dihydroxy-1,6,9a,10a-tetramethyl-9-oxo-, methyl ester, (2R,3aS,4aS,5R,5aS,6R,9aR,10S,10aR)-",157277
Compound,160,3'-Methoxyglabradin,3'-Methoxyglabradin,15228663
Compound,161,"3,3',4,5'-Tetrahydroxy-4',5-diprenylbibenzyl","3,3',4,5'-Tetrahydroxy-4',5-diprenylbibenzyl",10362492
Compound,162,"3,3',5'-Trihydroxy-4-methoxy-5-prenylbibenzyl","3,3',5'-Trihydroxy-4-methoxy-5-prenylbibenzyl",11023938
Compound,163,"3,4-Dihydro-2-(4-hydroxyphenyl)-2h-1-benzopyran-3,4,7,8-tetrol","3,4-Dihydro-2-(4-hydroxyphenyl)-2h-1-benzopyran-3,4,7,8-tetrol",5317352
Compound,164,"3,4-Dihydroxybenzoic acid","3,4-Dihydroxybenzoic acid",72
Compound,165,"3,4-Dimethylthiophene","3,4-Dimethylthiophene",79089
Compound,166,"3,5-Dihydroxybenzoic acid","3,5-Dihydroxybenzoic acid",7424
Compound,167,"3,5-Dimethylstyrene","3,5-Dimethylstyrene",21476
Compound,168,"3,7-Dimethylocta-1,3,7-triene","3,7-Dimethylocta-1,3,7-triene",5320249
Compound,169,"3-(3,4-Dihydroxyphenyl)-5,7-dihydroxy-6,8-bis(3-methylbut-2-enyl)chroman-4-one","3-(3,4-Dihydroxyphenyl)-5,7-dihydroxy-6,8-bis(3-methylbut-2-enyl)chroman-4-one",487089
Compound,170,3-(4-Methylcyclohex-3-en-1-yl)butanal,3-(4-Methylcyclohex-3-en-1-yl)butanal,110923
Compound,171,3-Carene,3-Carene,26049
Compound,172,3-Deacetylsalannin,3-Deacetylsalannin,14458886
Compound,173,3-Desacetylazadirachtin,3-Desacetylazadirachtin,6442561
Compound,174,3-Hydroxyglabrol,3-Hydroxyglabrol,480854
Compound,175,3-Methylbutanal,3-Methylbutanal,11552
Compound,176,3-Pinanone,3-Pinanone,11038
Compound,177,3-Tigloylazadirachtin,3-Tigloylazadirachtin,122232601
Compound,178,30-Hydroxy-11-oxo-beta-amyrin,30-Hydroxy-11-oxo-beta-amyrin,12310283
Compound,179,4'-O-Methylglabridin,4'-O-Methylglabridin,5319664
Compound,180,4-(2-Aminopropyl)phenol,4-(2-Aminopropyl)phenol,3651
Compound,181,"4-(2-Hydroxypropan-2-yl)-1-methylcyclohexane-1,2-diol","4-(2-Hydroxypropan-2-yl)-1-methylcyclohexane-1,2-diol",186702
Compound,182,4-Aminopyridine,4-Aminopyridine,1727
Compound,183,4-Carvomenthenol,4-Carvomenthenol,11230
Compound,184,4-Ethyl-2-methoxyphenol,4-Ethyl-2-methoxyphenol,62465
Compound,185,4-Hydroxychalcone,4-Hydroxychalcone,5282361
Compound,186,4-Hydroxycinnamic acid,4-Hydroxycinnamic acid,637542
Compound,187,4-Isopropylbenzyl alcohol,4-Isopropylbenzyl alcohol,325
Compound,188,4-Methoxybenzoic acid,4-Methoxybenzoic acid,7478
Compound,189,4-Methylcoumarin,4-Methylcoumarin,11833
Compound,190,4-Vinylphenol,4-Vinylphenol,62453
Compound,191,4alpha-Methylfecosterol,4alpha-Methylfecosterol,193524
Compound,192,"5,7-Dihydroxy-4'-methoxy-8,3'-di-C-prenylflavanone","5,7-Dihydroxy-4'-methoxy-8,3'-di-C-prenylflavanone",14492795
Compound,193,5-Hydroxymethylfurfural,5-Hydroxymethylfurfural,237332
Compound,194,5-Methylfurfural,5-Methylfurfural,12097
Compound,195,"5-[2-[4-Hydroxy-3-(3-methylbut-2-enyl)phenyl]ethyl]-2-(3-methylbut-2-enyl)benzene-1,3-diol","5-[2-[4-Hydroxy-3-(3-methylbut-2-enyl)phenyl]ethyl]-2-(3-methylbut-2-enyl)benzene-1,3-diol",637247
Compound,196,"5H-2-Pyrindin-6-ol, 6,7-dihydro-7-methyl-, (6R-cis)-","5H-2-Pyrindin-6-ol, 6,7-dihydro-7-methyl-, (6R-cis)-",56842090
Compound,197,"6,10,14-Trimethylpentadecan-2-one","6,10,14-Trimethylpentadecan-2-one",10408
Compound,198,6-Acetylnimbandiol,6-Acetylnimbandiol,52952216
Compound,199,6-Deacetylnimbin,6-Deacetylnimbin,10505484
Compound,200,6-Deacetylnimbinene,6-Deacetylnimbinene,102285347
Compound,201,6-Epi-beta-bisabolol,6-Epi-beta-bisabolol,12300148
Compound,202,"6-Hydroxycyclohexa-2,4-dien-1-one","6-Hydroxycyclohexa-2,4-dien-1-one",440554
Compound,203,6-Methoxymellein,6-Methoxymellein,83412
Compound,204,6-Prenylnaringenin,6-Prenylnaringenin,155094
Compound,205,"6-[(11-carboxy-4,4,6a,6b,8a,11,14b-heptamethyl-14-oxo-2,3,4a,5,6,7,8,9,10,12,12a,14a-dodecahydro-1H-picen-3-yl)oxy]-3,4-dihydroxy-5-(3,4,5-trihydroxyoxan-2-yl)oxyoxane-2-carboxylic acid","6-[(11-carboxy-4,4,6a,6b,8a,11,14b-heptamethyl-14-oxo-2,3,4a,5,6,7,8,9,10,12,12a,14a-dodecahydro-1H-picen-3-yl)oxy]-3,4-dihydroxy-5-(3,4,5-trihydroxyoxan-2-yl)oxyoxane-2-carboxylic acid",195342
Compound,206,6beta-Hydroxystigmast-4-en-3-one,6beta-Hydroxystigmast-4-en-3-one,9823926
Compound,207,"7,4'-Dihydroxyflavan","7,4'-Dihydroxyflavan",158280
Compound,208,"7-(Acetyloxy)-21-hydroxy-6-methoxy-4,4,8-trimethyl-3-oxocarda-1,14,20(22)-trienolide","7-(Acetyloxy)-21-hydroxy-6-methoxy-4,4,8-trimethyl-3-oxocarda-1,14,20(22)-trienolide",188754
Compound,209,7-Acetoxy-2-methylisoflavone,7-Acetoxy-2-methylisoflavone,268208
Compound,210,7-Deacetoxy-7-hydroxygedunin,7-Deacetoxy-7-hydroxygedunin,1885
Compound,211,7-Deacetoxy-7-oxogedunin,7-Deacetoxy-7-oxogedunin,71300386
Compound,212,7-Deacetyl-7-benzoylgedunin,7-Deacetyl-7-benzoylgedunin,52952112
Compound,213,7-Hydroxy-2-methyl-3-phenyl-4H-chromen-4-one,7-Hydroxy-2-methyl-3-phenyl-4H-chromen-4-one,5380976
Compound,214,7-Methoxy-2-methyl-3-phenyl-4H-chromen-4-one,7-Methoxy-2-methyl-3-phenyl-4H-chromen-4-one,354368
Compound,215,7-Methoxycoumarin,7-Methoxycoumarin,10748
Compound,216,"7-methoxy-3-[4-[(2S,3R,4S,5S,6R)-3,4,5-trihydroxy-6-(hydroxymethyl)oxan-2-yl]oxyphenyl]chromen-4-one","7-methoxy-3-[4-[(2S,3R,4S,5S,6R)-3,4,5-trihydroxy-6-(hydroxymethyl)oxan-2-yl]oxyphenyl]chromen-4-one",5318619
Compound,217,"8(26),14(27)-Onoceradiene-3beta,21alpha-diol","8(26),14(27)-Onoceradiene-3beta,21alpha-diol",42608308
Compound,218,"8-Isopropyl-2,5-dimethyl-1,2,3,4-tetrahydronaphthalene","8-Isopropyl-2,5-dimethyl-1,2,3,4-tetrahydronaphthalene",518975
Compound,219,8-Prenylnaringenin,8-Prenylnaringenin,480764
Compound,220,Abssinone II,Abssinone II,7330517
Compound,221,Acetoin,Acetoin,179
Compound,222,Acetovanillone,Acetovanillone,2214
Compound,223,Acetyldihydroalbene,Acetyldihydroalbene,21675862
Compound,224,Acoradiene,Acoradiene,90351
Compound,225,Akuammicine,Akuammicine,441976
Compound,226,Akuammidine,Akuammidine,15558574
Compound,227,Akuammigine,Akuammigine,1268096
Compound,228,"Akuammine, 10-deoxy-","Akuammine, 10-deoxy-",90479136
Compound,229,Allo-Aromadendrene,Allo-Aromadendrene,42608158
Compound,230,Aloe emodin,Aloe emodin,10207
Compound,231,Ambrettolide,Ambrettolide,5365703
Compound,232,Ammonium glycyrrhizate,Ammonium glycyrrhizate,62074
Compound,233,Anabasine,Anabasine,2181
Compound,234,Anethole,Anethole,637563
Compound,235,Anthraquinone,Anthraquinone,6780
Compound,236,Apigenin,Apigenin,5280443
Compound,237,Apiin,Apiin,5280746
Compound,238,Apioglycyrrhizin,Apioglycyrrhizin,195343
Compound,239,Arachidic acid,Arachidic acid,10467
Compound,240,Aristolone,Aristolone,165536
Compound,241,Arjungenin,Arjungenin,12444386
Compound,242,Arjunolic acid,Arjunolic acid,73641
Compound,243,Aromadendrene,Aromadendrene,91354
Compound,244,Aromadendrin,Aromadendrin,122850
Compound,245,Ascorbic acid,Ascorbic acid,54670067
Compound,246,Asperglaucide,Asperglaucide,10026486
Compound,247,Astragalin,Astragalin,5282102
Compound,248,Aureusidin,Aureusidin,5281220
Compound,249,Azadirachtanin,Azadirachtanin,102146586
Compound,250,Azadirachtin,Azadirachtin,5281303
Compound,251,Azadirachtin D,Azadirachtin D,6443232
Compound,252,Azadirachtin F,Azadirachtin F,6443385
Compound,253,Azadirachtol,Azadirachtol,23256847
Compound,254,Azadiradione,Azadiradione,12308714
Compound,255,Azadiradionol,Azadiradionol,102316535
Compound,256,Azadirinin,Azadirinin,102275331
Compound,257,Azadirol,Azadirol,44567142
Compound,258,Azadirolic acid,Azadirolic acid,102316534
Compound,259,Azadirone,Azadirone,10906239
Compound,260,Azedarachin A,Azedarachin A,101930511
Compound,261,Azedarachin B,Azedarachin B,102586008
Compound,262,Azedarachin C,Azedarachin C,10348330
Compound,263,Barbaloin,Barbaloin,12305761
Compound,264,Bellericoside,Bellericoside,101425822
Compound,265,Benzaldehyde,Benzaldehyde,240
Compound,266,Benzoic acid,Benzoic acid,243
Compound,267,Benzyl Alcohol,Benzyl Alcohol,244
Compound,268,Benzyl acetate,Benzyl acetate,8785
Compound,269,Benzyl salicylate,Benzyl salicylate,8363
Compound,270,Bergamotene,Bergamotene,521569
Compound,271,Bergapten,Bergapten,2355
Compound,272,Betulin,Betulin,72326
Compound,273,Betulinic acid,Betulinic acid,64971
Compound,274,"Bicyclo[7.2.0]undecan-5-ol, 10,10-dimethyl-2,6-bis(methylene)-","Bicyclo[7.2.0]undecan-5-ol, 10,10-dimethyl-2,6-bis(methylene)-",527418
Compound,275,Bicyclogermacrene,Bicyclogermacrene,13894537
Compound,276,Bisabolenol,Bisabolenol,91747530
Compound,277,Bisabolenol D,Bisabolenol D,101614240
Compound,278,Bornyl acetate,Bornyl acetate,6448
Compound,279,Bornylene,Bornylene,10047
Compound,280,Bulnesene,Bulnesene,16679399
Compound,281,Butyric acid,Butyric acid,264
Compound,282,Butyric anhydride,Butyric anhydride,7798
Compound,283,Cabreuva oxide B,Cabreuva oxide B,15677814
Compound,284,Caffeic acid,Caffeic acid,689043
Compound,285,Calamenene,Calamenene,6429077
Compound,286,Calamenone,Calamenone,91747434
Compound,287,Campest-4-en-3-one,Campest-4-en-3-one,11988279
Compound,288,Campestan-3-one,Campestan-3-one,53754390
Compound,289,Campesterol,Campesterol,173183
Compound,290,Camphene,Camphene,6616
Compound,291,"Campherene-2,13-diol","Campherene-2,13-diol",42608198
Compound,292,Camphor,Camphor,2537
Compound,293,Carvacrol,Carvacrol,10364
Compound,294,Carvone,Carvone,7439
Compound,295,"Caryophyllan-2,6-beta-oxide","Caryophyllan-2,6-beta-oxide",6428086
Compound,296,Caryophyllene oxide,Caryophyllene oxide,1742210
Compound,297,Caswell No. 264AB,Caswell No. 264AB,442359
Compound,298,Catechol,Catechol,289
Compound,299,Cedr-8-ene,Cedr-8-ene,6431015
Compound,300,Cedrelanol,Cedrelanol,160799
Compound,301,Cedrol,Cedrol,65575
Compound,302,Celastrol,Celastrol,122724
Compound,303,Chebulagic acid,Chebulagic acid,442674
Compound,304,Chebulic acid,Chebulic acid,71308174
Compound,305,Chebulinic acid,Chebulinic acid,72284
Compound,306,Chlorogenic acid,Chlorogenic acid,1794427
Compound,307,Cholesterol,Cholesterol,5997
Compound,308,Chrysophanol,Chrysophanol,10208
Compound,309,Cianidanol,Cianidanol,9064
Compound,310,Cinnamic acid,Cinnamic acid,444539
Compound,311,Citral,Citral,638011
Compound,312,Citric acid,Citric acid,311
Compound,313,Citronellol,Citronellol,8842
Compound,314,Clitorin,Clitorin,11592917
Compound,315,Colocynthin,Colocynthin,54584209
Compound,316,Compositolide,Compositolide,76309326
Compound,317,Copaene,Copaene,19725
Compound,318,Corosolic acid,Corosolic acid,6918774
Compound,319,Coumarin,Coumarin,323
Compound,320,Cucurbitadienol,Cucurbitadienol,14543446
Compound,321,Cuparene,Cuparene,86895
Compound,322,Cycloeucalenol,Cycloeucalenol,101690
Compound,323,Cycloeucalenone,Cycloeucalenone,21594790
Compound,324,"Cyclohexane, 1-methoxy-4-(1-methylethyl)-","Cyclohexane, 1-methoxy-4-(1-methylethyl)-",23594959
Compound,325,"Cyclohexene, 4-methyl-1-(1-methylethyl)-","Cyclohexene, 4-methyl-1-(1-methylethyl)-",10369
Compound,326,Cyclosantalal,Cyclosantalal,101925674
Compound,327,Cyclosativene,Cyclosativene,519960
Compound,328,Cyperol,Cyperol,14076601
Compound,329,Cyperolone,Cyperolone,5316283
Compound,330,Cyperotundone,Cyperotundone,12308615
Compound,331,Cyprotene,Cyprotene,91715050
Compound,332,D-Fructose,D-Fructose,2723872
Compound,333,D-Galactose,D-Galactose,6036
Compound,334,D-Glucosamine,D-Glucosamine,439213
Compound,335,D-Glucose,D-Glucose,5793
Compound,336,D-Glucuronic Acid,D-Glucuronic Acid,94715
Compound,337,D-Xylose,D-Xylose,135191
Compound,338,Daucosterol,Daucosterol,5742590
Compound,339,Deacetylazadirachtinol,Deacetylazadirachtinol,21725521
Compound,340,Deacetylgedunin,Deacetylgedunin,3034112
Compound,341,Decanal,Decanal,8175
Compound,342,Decane,Decane,15600
Compound,343,Decanoic acid,Decanoic acid,2969
Compound,344,Dehydroepiandrosterone,Dehydroepiandrosterone,5881
Compound,345,Dendrolasin,Dendrolasin,5316534
Compound,346,Deoxoglabrolide,Deoxoglabrolide,101280183
Compound,347,Desacetylnimbinolide,Desacetylnimbinolide,102285346
Compound,348,Diacetone alcohol,Diacetone alcohol,31256
Compound,349,Dibutyl phthalate,Dibutyl phthalate,3026
Compound,350,Difurfuryl ether,Difurfuryl ether,263034
Compound,351,Dillapiol,Dillapiol,10231
Compound,352,Dipropyl disulfide,Dipropyl disulfide,12377
Compound,353,Dipropyl tetrasulfide,Dipropyl tetrasulfide,104285
Compound,354,Dipropyl trisulfide,Dipropyl trisulfide,22383
Compound,355,Docosane,Docosane,12405
Compound,356,Docosanoic acid,Docosanoic acid,8215
Compound,357,Docosyl caffeate,Docosyl caffeate,5316952
Compound,358,Dodecanal,Dodecanal,8194
Compound,359,Dodecane,Dodecane,8182
Compound,360,Echinatin,Echinatin,6442675
Compound,361,Echitamidin,Echitamidin,190982
Compound,362,Echitamine,Echitamine,11953926
Compound,363,Echitamine chloride,Echitamine chloride,10045636
Compound,364,"Echitamine, hydrochloride","Echitamine, hydrochloride",3000633
Compound,365,Eicosane,Eicosane,8222
Compound,366,Eicosanyl caffeate,Eicosanyl caffeate,5320238
Compound,367,Elemicin,Elemicin,10248
Compound,368,Elemol,Elemol,92138
Compound,369,Ellagic acid,Ellagic acid,5281855
Compound,370,Ellagitannin,Ellagitannin,101601927
Compound,371,Emodin,Emodin,3220
Compound,372,Enoxolone,Enoxolone,10114
Compound,373,Epi-beta-Santalene,Epi-beta-Santalene,11106484
Compound,374,Epoxyazadiradione,Epoxyazadiradione,49863985
Compound,375,Esculetin,Esculetin,5281416
Compound,376,Estragole,Estragole,8815
Compound,377,Ethyl acetate,Ethyl acetate,8857
Compound,378,Ethyl butyrate,Ethyl butyrate,7762
Compound,379,Ethyl gallate,Ethyl gallate,13250
Compound,380,Ethyl hexanoate,Ethyl hexanoate,31265
Compound,381,Ethyl linoleate,Ethyl linoleate,5282184
Compound,382,Ethyl linolenate,Ethyl linolenate,5367460
Compound,383,Ethyl octanoate,Ethyl octanoate,7799
Compound,384,Ethyl palmitate,Ethyl palmitate,12366
Compound,385,Ethyl salicylate,Ethyl salicylate,8365
Compound,386,Ethylbenzene,Ethylbenzene,7500
Compound,387,Eucalyptol,Eucalyptol,2758
Compound,388,Eudesm-7(11)-en-4-ol,Eudesm-7(11)-en-4-ol,6432454
Compound,389,Eugenol,Eugenol,3314
Compound,390,Exo-norbicycloekasantalal,Exo-norbicycloekasantalal,
Compound,391,Farnesol,Farnesol,445070
Compound,392,Farnesylacetone,Farnesylacetone,1711945
Compound,393,Fenchone,Fenchone,14525
Compound,394,Ferulic acid,Ferulic acid,445858
Compound,395,Flavanone,Flavanone,10251
Compound,396,Flavylium,Flavylium,145858
Compound,397,Fokienol,Fokienol,5352449
Compound,398,Formononetin,Formononetin,5280378
Compound,399,Fraxinellone,Fraxinellone,124039
Compound,400,Fucosterol,Fucosterol,5281326
Compound,401,Furfural,Furfural,7362
Compound,402,Furfuryl acetate,Furfuryl acetate,12170
Compound,403,Furfuryl alcohol,Furfuryl alcohol,7361
Compound,404,Furfuryl butyrate,Furfuryl butyrate,61167
Compound,405,Furfuryl formate,Furfuryl formate,556916
Compound,406,Furfuryl propionate,Furfuryl propionate,61166
Compound,407,Galactoarabinan,Galactoarabinan,24847856
Compound,408,Galactomannan,Galactomannan,439336
Compound,409,Galangin,Galangin,5281616
Compound,410,Gallic acid,Gallic acid,370
Compound,411,Gamma-nonalactone,Gamma-nonalactone,7710
Compound,412,Gancaonin I,Gancaonin I,480777
Compound,413,Gancaonin R,Gancaonin R,480815
Compound,414,Gedunin,Gedunin,12004512
Compound,415,Genistein,Genistein,5280961
Compound,416,Geraniol,Geraniol,637566
Compound,417,Germacrene B,Germacrene B,5281519
Compound,418,Gibberellic acid,Gibberellic acid,6466
Compound,419,Glabranin,Glabranin,124049
Compound,420,Glabrene,Glabrene,480774
Compound,421,Glabric acid,Glabric acid,46173993
Compound,422,Glabridin,Glabridin,124052
Compound,423,Glabrocoumarin,Glabrocoumarin,11427657
Compound,424,Glabroisoflavanone A,Glabroisoflavanone A,11221431
Compound,425,Glabroisoflavanone B,Glabroisoflavanone B,11405466
Compound,426,Glabrol,Glabrol,11596309
Compound,427,Glabrolide,Glabrolide,90479675
Compound,428,Glabrone,Glabrone,5317652
Compound,429,Glisoflavone,Glisoflavone,5487298
Compound,430,Glucoliquiritin,Glucoliquiritin,46869260
Compound,431,Glucoliquiritin apioside,Glucoliquiritin apioside,74819335
Compound,432,Glyasperin D,Glyasperin D,480860
Compound,433,Glycerol,Glycerol,753
Compound,434,Glychionide A,Glychionide A,11597485
Compound,435,Glycopeptide,Glycopeptide,56928060
Compound,436,Glycoprotein,Glycoprotein,439212
Compound,437,Glycycoumarin,Glycycoumarin,5317756
Compound,438,Glycyrin,Glycyrin,480787
Compound,439,Glycyrol,Glycyrol,5320083
Compound,440,Glycyrrhisoflavanone,Glycyrrhisoflavanone,5317762
Compound,441,Glycyrrhisoflavone,Glycyrrhisoflavone,5317764
Compound,442,Glycyrrhizic acid,Glycyrrhizic acid,14982
Compound,443,Glyinflanin B,Glyinflanin B,480799
Compound,444,Glyinflanin G,Glyinflanin G,15233561
Compound,445,Glyinflanin H,Glyinflanin H,15233562
Compound,446,Glyyunnansapogenin B,Glyyunnansapogenin B,131752021
Compound,447,Glyzaglabrin,Glyzaglabrin,5317777
Compound,448,Glyzarin,Glyzarin,44257206
Compound,449,Guaiacol,Guaiacol,460
Compound,450,Guaiol,Guaiol,227829
Compound,451,Hederasaponine C [French],Hederasaponine C [French],3037108
Compound,452,Hemileiocarpin,Hemileiocarpin,629440
Compound,453,Heneicosane,Heneicosane,12403
Compound,454,Hentriacontan-16-ol,Hentriacontan-16-ol,9548843
Compound,455,Hentriacontan-2-one,Hentriacontan-2-one,182185
Compound,456,Hentriacontane,Hentriacontane,12410
Compound,457,Hentriacontanoic acid,Hentriacontanoic acid,37982
Compound,458,Heptacosane,Heptacosane,11636
Compound,459,Heptacosanoic acid,Heptacosanoic acid,23524
Compound,460,Heptadecane,Heptadecane,12398
Compound,461,Heptanal,Heptanal,8130
Compound,462,Heptanoic acid,Heptanoic acid,8094
Compound,463,Hexacosane,Hexacosane,12407
Compound,464,Hexadecan-2-one,Hexadecan-2-one,29251
Compound,465,Hexadecanal,Hexadecanal,984
Compound,466,Hexadecane,Hexadecane,11006
Compound,467,Hexanal,Hexanal,6184
Compound,468,Hexanoic acid,Hexanoic acid,8892
Compound,469,Himachalol,Himachalol,121536
Compound,470,Hispaglabridin A,Hispaglabridin A,442774
Compound,471,Hispaglabridin B,Hispaglabridin B,15228661
Compound,472,Humulene,Humulene,5281520
Compound,473,Humulene epoxide II,Humulene epoxide II,10704181
Compound,474,Humulene epoxyde,Humulene epoxyde,5463721
Compound,475,Hydroxyacetone,Hydroxyacetone,8299
Compound,476,Hydroxywighteone,Hydroxywighteone,5378945
Compound,477,Hyperoside,Hyperoside,5281643
Compound,478,Indole,Indole,798
Compound,479,Inositol,Inositol,892
Compound,480,Isoangustone A,Isoangustone A,21591148
Compound,481,Isoazadirolide,Isoazadirolide,101425842
Compound,482,Isobavachromene,Isobavachromene,5889042
Compound,483,Isocyperol,Isocyperol,14076604
Compound,484,Isodihydroagarofuran,Isodihydroagarofuran,10775429
Compound,485,Isoelemicin,Isoelemicin,5318557
Compound,486,Isoflavan,Isoflavan,500472
Compound,487,Isoflavone,Isoflavone,72304
Compound,488,Isofraxidin,Isofraxidin,5318565
Compound,489,Isoglabrolide,Isoglabrolide,15559941
Compound,490,Isoglycycoumarin,Isoglycycoumarin,14187587
Compound,491,Isoglycyrol,Isoglycyrol,124050
Compound,492,Isokobusone,Isokobusone,3860435
Compound,493,Isolicoflavonol,Isolicoflavonol,5318585
Compound,494,Isoliquiritigenin,Isoliquiritigenin,638278
Compound,495,Isoliquiritin,Isoliquiritin,5318591
Compound,496,Isolongifolen-5-one,Isolongifolen-5-one,600416
Compound,497,Isomargosinolide,Isomargosinolide,
Compound,498,Isomeldenin,Isomeldenin,76316558
Compound,499,Isomucronulatol,Isomucronulatol,602152
Compound,500,Isomultiflorenol,Isomultiflorenol,11876210
Compound,501,Isomustakone,Isomustakone,91748747
Compound,502,Isonimbinolide,Isonimbinolide,14136864
Compound,503,Isonimolicinolide,Isonimolicinolide,
Compound,504,Isopatchoulenone,Isopatchoulenone,12308616
Compound,505,Isopinocamphone,Isopinocamphone,84532
Compound,506,Isoquercitrin,Isoquercitrin,5280804
Compound,507,Isorhamnetin,Isorhamnetin,5281654
Compound,508,Isorotundene,Isorotundene,91753591
Compound,509,Isoscopoletin,Isoscopoletin,69894
Compound,510,Isovitexin,Isovitexin,162350
Compound,511,Kaempferol,Kaempferol,5280863
Compound,512,Kaempferol-3-O-glucorhamnoside,Kaempferol-3-O-glucorhamnoside,13915496
Compound,513,Kanzonol B,Kanzonol B,10881804
Compound,514,Kanzonol R,Kanzonol R,131753027
Compound,515,Kanzonol T,Kanzonol T,101999902
Compound,516,Kanzonol U,Kanzonol U,10542808
Compound,517,Kanzonol V,Kanzonol V,102444980
Compound,518,Kanzonol W,Kanzonol W,15380912
Compound,519,Kanzonol X,Kanzonol X,10046166
Compound,520,Kanzonol Y,Kanzonol Y,10001604
Compound,521,Kobusone,Kobusone,6710676
Compound,522,Kulactone,Kulactone,15560423
Compound,523,Kulinone,Kulinone,44567124
Compound,524,Kulolactone,Kulolactone,101289844
Compound,525,Kumatakenin,Kumatakenin,5318869
Compound,526,Kutkin,Kutkin,131750182
Compound,527,Kutkosid,Kutkosid,129011779
Compound,528,L-(+)-Arabinose,L-(+)-Arabinose,5460291
Compound,529,L-Arabinose,L-Arabinose,439195
Compound,530,L-Rhamnose,L-Rhamnose,25310
Compound,531,Lagunamine,Lagunamine,14706138
Compound,532,Lauric acid,Lauric acid,3893
Compound,533,Ledol,Ledol,92812
Compound,534,Leucodelphidin,Leucodelphidin,440835
Compound,535,Leucopelargonidin,Leucopelargonidin,3286789
Compound,536,Leucopelargonidin tetramer,Leucopelargonidin tetramer,102115508
Compound,537,Levomenol,Levomenol,442343
Compound,538,Licoagrocarpin,Licoagrocarpin,15840593
Compound,539,Licoagrodin,Licoagrodin,637141
Compound,540,Licoagrodione,Licoagrodione,10360893
Compound,541,Licoagrone,Licoagrone,5318993
Compound,542,Licoagroside A,Licoagroside A,73357140
Compound,543,Licoagroside B,Licoagroside B,22297602
Compound,544,Licoarylcoumarin,Licoarylcoumarin,10090416
Compound,545,Licochalcone B,Licochalcone B,5318999
Compound,546,Licochalcone C,Licochalcone C,9840805
Compound,547,Licochalcone a,Licochalcone a,5318998
Compound,548,Licocoumarone,Licocoumarone,503731
Compound,549,Licoflavanone,Licoflavanone,14218027
Compound,550,Licoflavone A,Licoflavone A,5319000
Compound,551,Licoflavone B,Licoflavone B,11349817
Compound,552,Licoflavonol,Licoflavonol,5481964
Compound,553,Licoisoflavanone,Licoisoflavanone,392443
Compound,554,Licoisoflavone A,Licoisoflavone A,5281789
Compound,555,Licoisoflavone B,Licoisoflavone B,5481234
Compound,556,Licopyranocoumarin,Licopyranocoumarin,122851
Compound,557,Licoricidin,Licoricidin,480865
Compound,558,Licoricone,Licoricone,5319013
Compound,559,Licoriphenone,Licoriphenone,21591149
Compound,560,Licuroside,Licuroside,6475724
Compound,561,Limbocidin,Limbocidin,102588495
Compound,562,Limbonin,Limbonin,102276189
Compound,563,Limocinin,Limocinin,14845550
Compound,564,Limocinol,Limocinol,14845542
Compound,565,Limonene,Limonene,22311
Compound,566,"Limonene oxide, cis-(-)-","Limonene oxide, cis-(-)-",6452061
Compound,567,Linalool,Linalool,6549
Compound,568,Linalool oxide acetate (pyranoid),Linalool oxide acetate (pyranoid),6427501
Compound,569,Linalyl acetate,Linalyl acetate,8294
Compound,570,Linoleic acid,Linoleic acid,5280450
Compound,571,Linolenic acid,Linolenic acid,5280934
Compound,572,Liqcoumarin,Liqcoumarin,11378967
Compound,573,Liquiritigenin,Liquiritigenin,114829
Compound,574,Liquiritigenin 7-beta-D-glucopyranoside,Liquiritigenin 7-beta-D-glucopyranoside,51666248
Compound,575,"Liquiritigenin-7,4'-diglucoside","Liquiritigenin-7,4'-diglucoside",
Compound,576,Liquiritin,Liquiritin,503737
Compound,577,Longifolene,Longifolene,289151
Compound,578,Losbanine,Losbanine,101589339
Compound,579,Lupeol,Lupeol,259846
Compound,580,Lupeol acetate,Lupeol acetate,92157
Compound,581,Lupiwighteone,Lupiwighteone,5317480
Compound,582,Lutein,Lutein,5281243
Compound,583,Luteolin,Luteolin,5280445
Compound,584,Magnolol,Magnolol,72300
Compound,585,Mahmoodin,Mahmoodin,126566
Compound,586,Maltol,Maltol,8369
Compound,587,Malvalic acid,Malvalic acid,10416
Compound,588,Margocilin,Margocilin,101529198
Compound,589,Margocin,Margocin,21632833
Compound,590,Margocinin,Margocinin,101529197
Compound,591,Margolonone,Margolonone,189726
Compound,592,Margosinolide,Margosinolide,
Compound,593,Maslinic acid,Maslinic acid,73659
Compound,594,Medicarpin,Medicarpin,336327
Compound,595,Melatonin,Melatonin,896
Compound,596,Meldenin,Meldenin,101289833
Compound,597,Melianin A,Melianin A,101277363
Compound,598,Melianoninol,Melianoninol,6438693
Compound,599,Melicitrin,Melicitrin,
Compound,600,Menthone,Menthone,26447
Compound,601,Mesitylene,Mesitylene,7947
Compound,602,Methacrylonitrile,Methacrylonitrile,31368
Compound,603,Methoxsalen,Methoxsalen,4114
Compound,604,"Methyl 2,5-dihydroxycinnamate","Methyl 2,5-dihydroxycinnamate",5353609
Compound,605,"Methyl 2-[6-(furan-3-yl)-7,9,11,15-tetramethyl-12,16-dioxo-3,17-dioxapentacyclo[9.6.1.02,9.04,8.015,18]octadeca-7,13-dien-10-yl]acetate","Methyl 2-[6-(furan-3-yl)-7,9,11,15-tetramethyl-12,16-dioxo-3,17-dioxapentacyclo[9.6.1.02,9.04,8.015,18]octadeca-7,13-dien-10-yl]acetate",100017
Compound,606,Methyl 4-methoxybenzoate,Methyl 4-methoxybenzoate,8499
Compound,607,Methyl butyl disulfide,Methyl butyl disulfide,521941
Compound,608,Methyl ethyl ketone,Methyl ethyl ketone,6569
Compound,609,Methyl kulonate,Methyl kulonate,44567123
Compound,610,Methyl linoleate,Methyl linoleate,5284421
Compound,611,Methyl linolenate,Methyl linolenate,5319706
Compound,612,Methyl octanoate,Methyl octanoate,8091
Compound,613,Methyl palmitate,Methyl palmitate,8181
Compound,614,Methyl propyl tetrasulphide,Methyl propyl tetrasulphide,528709
Compound,615,Methyl salicylate,Methyl salicylate,4133
Compound,616,Methylenedioxybenzoyl ethyl PABA,Methylenedioxybenzoyl ethyl PABA,785868
Compound,617,Methyleugenol,Methyleugenol,7127
Compound,618,Myrcene,Myrcene,31253
Compound,619,Myricetin,Myricetin,5281672
Compound,620,Myristic acid,Myristic acid,11005
Compound,621,Myrtenal,Myrtenal,61130
Compound,622,Myrtenol,Myrtenol,10582
Compound,623,N-Acetylpyrrole,N-Acetylpyrrole,521947
Compound,624,"N-[[5,8-dimethoxy-6-nitro-2-(trifluoromethyl)quinolin-4-yl]methylidene]hydroxylamine","N-[[5,8-dimethoxy-6-nitro-2-(trifluoromethyl)quinolin-4-yl]methylidene]hydroxylamine",298061
Compound,625,Naheedin,Naheedin,129754
Compound,626,Naringetol,Naringetol,439246
Compound,627,Neoisoliquiritin,Neoisoliquiritin,22524410
Compound,628,Nerol,Nerol,643820
Compound,629,Nerolidol,Nerolidol,5284507
Compound,630,Nicotiflorin,Nicotiflorin,5318767
Compound,631,Nicotinamide,Nicotinamide,936
Compound,632,Nicotinic acid,Nicotinic acid,938
Compound,633,Nimbanal,Nimbanal,14194023
Compound,634,Nimbidiol,Nimbidiol,11334829
Compound,635,Nimbilin,Nimbilin,6442484
Compound,636,Nimbin,Nimbin,108058
Compound,637,Nimbinene,Nimbinene,44715635
Compound,638,Nimbinol,Nimbinol,
Compound,639,Nimbiol,Nimbiol,11119228
Compound,640,Nimbionol,Nimbionol,189704
Compound,641,Nimbionone,Nimbionone,189706
Compound,642,Nimbochalcin,Nimbochalcin,
Compound,643,Nimbocinol,Nimbocinol,13875741
Compound,644,Nimbocinolide,Nimbocinolide,13875774
Compound,645,Nimbolicin,Nimbolicin,14563366
Compound,646,Nimbolin B,Nimbolin B,6443005
Compound,647,Nimbosone,Nimbosone,177090
Compound,648,Nimbosterin,Nimbosterin,6602509
Compound,649,Nimocinol,Nimocinol,178770
Compound,650,Nimolicinol,Nimolicinol,184937
Compound,651,Nimolinin,Nimolinin,180429
Compound,652,Nimolinone,Nimolinone,56841069
Compound,653,Nonacosane,Nonacosane,12409
Compound,654,Nonacosanoic acid,Nonacosanoic acid,20245
Compound,655,Nonadecane,Nonadecane,12401
Compound,656,Nonane,Nonane,8141
Compound,657,Nonanoic acid,Nonanoic acid,8158
Compound,658,Nootkatone,Nootkatone,1268142
Compound,659,Norecasantalic acid,Norecasantalic acid,100966488
Compound,660,Norvaline,Norvaline,65098
Compound,661,Nuciferol,Nuciferol,10932923
Compound,662,Obtusifoliol,Obtusifoliol,65252
Compound,663,Octadecane,Octadecane,11635
Compound,664,Octanoic acid,Octanoic acid,379
Compound,665,Ohchinolide B,Ohchinolide B,21581584
Compound,666,Oleanolic acid,Oleanolic acid,10494
Compound,667,Oleic acid,Oleic acid,445639
Compound,668,Ononin,Ononin,442813
Compound,669,Oxalic acid,Oxalic acid,971
Compound,670,Paeonol,Paeonol,11092
Compound,671,Palmitic acid,Palmitic acid,985
Compound,672,Palmitoleic acid,Palmitoleic acid,445638
Compound,673,Paratocarpin B,Paratocarpin B,42607541
Compound,674,Patchoulenone,Patchoulenone,5320424
Compound,675,Pentacosane,Pentacosane,12406
Compound,676,Pentadecane,Pentadecane,12391
Compound,677,Pentadecanoic acid,Pentadecanoic acid,13849
Compound,678,Pentagalloylglucose,Pentagalloylglucose,65238
Compound,679,Phaseollinisoflavan,Phaseollinisoflavan,162412
Compound,680,Phenethyl acetate,Phenethyl acetate,7654
Compound,681,Phlobaphene,Phlobaphene,
Compound,682,Phloroglucinol,Phloroglucinol,359
Compound,683,Physcion,Physcion,10639
Compound,684,Phytol,Phytol,5280435
Compound,685,Picralinal,Picralinal,46229103
Compound,686,Picraline,Picraline,131636670
Compound,687,Picroside I,Picroside I,6440892
Compound,688,Picroside II,Picroside II,11944602
Compound,689,Picroside III,Picroside III,24121289
Compound,690,Pinene,Pinene,
Compound,691,Pinocarvone,Pinocarvone,121719
Compound,692,Pinocembrin,Pinocembrin,68071
Compound,693,Piperitenone,Piperitenone,381152
Compound,694,Podophyllin,Podophyllin,11979494
Compound,695,Pratol,Pratol,5320693
Compound,696,Proanthocyanidin,Proanthocyanidin,108065
Compound,697,Procyanidin,Procyanidin,107876
Compound,698,Procyanidin B2,Procyanidin B2,122738
Compound,699,Propionic acid,Propionic acid,1032
Compound,700,Prunetin,Prunetin,5281804
Compound,701,Pterocarpan,Pterocarpan,6451349
Compound,702,Pulegone,Pulegone,442495
Compound,703,Punicalagin,Punicalagin,44567213
Compound,704,Punicalin,Punicalin,44567214
Compound,705,Punicic acid,Punicic acid,5281126
Compound,706,"Pyrazine, 1,4-dioxide","Pyrazine, 1,4-dioxide",520103
Compound,707,Pyrazole,Pyrazole,1048
Compound,708,Pyrogallol,Pyrogallol,1057
Compound,709,Quercetin,Quercetin,5280343
Compound,710,Quercetin-3-glucoside,Quercetin-3-glucoside,25203368
Compound,711,Quercitrin,Quercitrin,5280459
Compound,712,Reserpine,Reserpine,5770
Compound,713,Retinol,Retinol,445354
Compound,714,Rhein,Rhein,10168
Compound,715,Riboflavin,Riboflavin,493570
Compound,716,Ricinoleic acid,Ricinoleic acid,643684
Compound,717,Rotundene,Rotundene,25203405
Compound,718,Rotundone,Rotundone,5321003
Compound,719,Rutin,Rutin,5280805
Compound,720,Sabinene,Sabinene,18818
Compound,721,Safrole,Safrole,5144
Compound,722,Salannic acid,Salannic acid,185704
Compound,723,Salannin,Salannin,6437066
Compound,724,Salannol,Salannol,12874816
Compound,725,Salannolactam 21,Salannolactam 21,6442937
Compound,726,Salicylic acid,Salicylic acid,338
Compound,727,Salimuzzalin,Salimuzzalin,15840157
Compound,728,Santene,Santene,10720
Compound,729,Santenone,Santenone,
Compound,730,Scholaricine,Scholaricine,50900051
Compound,731,Sclareol,Sclareol,163263
Compound,732,Scoparone,Scoparone,8417
Compound,733,Scopoletin,Scopoletin,5280460
Compound,734,"Selina-3,11-dien-6alpha-ol","Selina-3,11-dien-6alpha-ol",91746575
Compound,735,Semilicoisoflavone B,Semilicoisoflavone B,5481948
Compound,736,Sennoside A,Sennoside A,73111
Compound,737,Sennoside B,Sennoside B,91440
Compound,738,Serotonin,Serotonin,5202
Compound,739,Sesquisabinene,Sesquisabinene,25202482
Compound,740,Shikimic acid,Shikimic acid,8742
Compound,741,Shinflavanone,Shinflavanone,197678
Compound,742,Shinpterocarpin,Shinpterocarpin,10336244
Compound,743,Sinapic acid,Sinapic acid,637775
Compound,744,Soyasaponin I,Soyasaponin I,122097
Compound,745,Spathulenol,Spathulenol,92231
Compound,746,Squalene,Squalene,638072
Compound,747,Stearic acid,Stearic acid,5281
Compound,748,Sterculic acid,Sterculic acid,12921
Compound,749,Sterol,Sterol,1107
Compound,750,Stigmasterol,Stigmasterol,5280794
Compound,751,Substance B,Substance B,433154
Compound,752,Sucrose,Sucrose,5988
Compound,753,Sugetriol triacetate,Sugetriol triacetate,101625871
Compound,754,Sugiol,Sugiol,94162
Compound,755,Syringic acid,Syringic acid,10742
Compound,756,T-Muurolol,T-Muurolol,3084331
Compound,757,Tannic acid,Tannic acid,16129778
Compound,758,Terchebin,Terchebin,3084341
Compound,759,Teresantalol,Teresantalol,578221
Compound,760,Terflavin B,Terflavin B,14886031
Compound,761,Terflavin C,Terflavin C,101589227
Compound,762,Terflavin D,Terflavin D,101587737
Compound,763,Terpinolene,Terpinolene,11463
Compound,764,Tetracosanoic acid,Tetracosanoic acid,11197
Compound,765,Tetradecanal,Tetradecanal,31291
Compound,766,Tetradecane,Tetradecane,12389
Compound,767,Tetrahydroalstonine,Tetrahydroalstonine,72340
Compound,768,Texasin,Texasin,5281812
Compound,769,Thiamine,Thiamine,1130
Compound,770,Thujone,Thujone,261491
Compound,771,Thujopsadiene,Thujopsadiene,6428961
Compound,772,Thymol,Thymol,6989
Compound,773,Tiglic acid,Tiglic acid,125468
Compound,774,Triacontane,Triacontane,12535
Compound,775,Triacontanoic acid,Triacontanoic acid,10471
Compound,776,Trichilin D,Trichilin D,101665324
Compound,777,Trichilin H,Trichilin H,15966088
Compound,778,Tricosane,Tricosane,12534
Compound,779,Tridecane,Tridecane,12388
Compound,780,Tridecanoic acid,Tridecanoic acid,12530
Compound,781,Triterpenoid,Triterpenoid,451674
Compound,782,Triterpenoids,Triterpenoids,71597391
Compound,783,Tubotaiwine,Tubotaiwine,13783720
Compound,784,Umbelliferone,Umbelliferone,5281426
Compound,785,Undecanal,Undecanal,8186
Compound,786,Undecane,Undecane,14257
Compound,787,Undecanoic acid,Undecanoic acid,8180
Compound,788,Uralsaponin B,Uralsaponin B,163744
Compound,789,Ursolic acid,Ursolic acid,64945
Compound,790,Valencene,Valencene,9855795
Compound,791,Valeranone,Valeranone,171455
Compound,792,Valerenal,Valerenal,6440942
Compound,793,Vanillic acid,Vanillic acid,8468
Compound,794,Vanillin,Vanillin,1183
Compound,795,Vepaol,Vepaol,21725519
Compound,796,Vepinin,Vepinin,185552
Compound,797,Verbenone,Verbenone,29025
Compound,798,Vilasinin,Vilasinin,102090424
Compound,799,Viridiflorol,Viridiflorol,11996452
Compound,800,Vitamin E,Vitamin E,14985
Compound,801,Widdrol,Widdrol,94334
Compound,802,Wighteone,Wighteone,5281814
Compound,803,Xambioona,Xambioona,14769500
Compound,804,Ximenynic acid,Ximenynic acid,5312688
Compound,805,Zingiberene,Zingiberene,92776
Compound,806,Zizanene,Zizanene,12306046
Compound,807,"[(1R,2R,5R,6R,10R,11S,15R,16R,18S)-16,18-diacetyloxy-6-(furan-3-yl)-1,5,10,15-tetramethyl-13-oxapentacyclo[10.6.1.02,10.05,9.015,19]nonadec-8-en-11-yl] (E)-3-phenylprop-2-enoate","[(1R,2R,5R,6R,10R,11S,15R,16R,18S)-16,18-diacetyloxy-6-(furan-3-yl)-1,5,10,15-tetramethyl-13-oxapentacyclo[10.6.1.02,10.05,9.015,19]nonadec-8-en-11-yl] (E)-3-phenylprop-2-enoate",101650373
Compound,808,"[(2S,3R,4S,5S,6R)-3,4,5-trihydroxy-6-(hydroxymethyl)oxan-2-yl] (4aS,6aR,6aS,6bR,8R,8aR,9S,10R,11R,12aR,14bS)-8,10,11-trihydroxy-9-(hydroxymethyl)-2,2,6a,6b,9,12a-hexamethyl-1,3,4,5,6,6a,7,8,8a,10,11,12,13,14b-tetradecahydropicene-4a-carboxylate","[(2S,3R,4S,5S,6R)-3,4,5-trihydroxy-6-(hydroxymethyl)oxan-2-yl] (4aS,6aR,6aS,6bR,8R,8aR,9S,10R,11R,12aR,14bS)-8,10,11-trihydroxy-9-(hydroxymethyl)-2,2,6a,6b,9,12a-hexamethyl-1,3,4,5,6,6a,7,8,8a,10,11,12,13,14b-tetradecahydropicene-4a-carboxylate",102005082
Compound,809,"[(4R,5R,6S,7S,8R,11R,12R,14S,15S)-12-acetyloxy-4,7-dihydroxy-6-[(1R,2S,6S,9R,11S)-2-hydroxy-11-methyl-5,7,10-trioxatetracyclo[6.3.1.02,6.09,11]dodec-3-en-9-yl]-6,11-dimethyl-3,9-dioxatetracyclo[6.6.1.01,5.011,15]pentadecan-14-yl] (E)-2-methylbut-2-enoate","[(4R,5R,6S,7S,8R,11R,12R,14S,15S)-12-acetyloxy-4,7-dihydroxy-6-[(1R,2S,6S,9R,11S)-2-hydroxy-11-methyl-5,7,10-trioxatetracyclo[6.3.1.02,6.09,11]dodec-3-en-9-yl]-6,11-dimethyl-3,9-dioxatetracyclo[6.6.1.01,5.011,15]pentadecan-14-yl] (E)-2-methylbut-2-enoate",6442369
Compound,810,"[(4S,5R,6R,11R,12R,15S,16R,17Z)-17-(2,2-dihydroxyethylidene)-5-hydroxy-3,7,7,11,15-pentamethyl-8,18-dioxo-19-oxapentacyclo[14.3.1.02,15.03,12.06,11]icosa-1,9-dien-4-yl] acetate","[(4S,5R,6R,11R,12R,15S,16R,17Z)-17-(2,2-dihydroxyethylidene)-5-hydroxy-3,7,7,11,15-pentamethyl-8,18-dioxo-19-oxapentacyclo[14.3.1.02,15.03,12.06,11]icosa-1,9-dien-4-yl] acetate",6442906
Compound,811,"[(5R,6R,7S,9R,10R,13S,17R)-6-hydroxy-17-(2-hydroxy-5-oxo-2H-furan-3-yl)-4,4,8,10,13-pentamethyl-3-oxo-5,6,7,9,11,12,16,17-octahydrocyclopenta[a]phenanthren-7-yl] acetate","[(5R,6R,7S,9R,10R,13S,17R)-6-hydroxy-17-(2-hydroxy-5-oxo-2H-furan-3-yl)-4,4,8,10,13-pentamethyl-3-oxo-5,6,7,9,11,12,16,17-octahydrocyclopenta[a]phenanthren-7-yl] acetate",184310
Compound,812,"[(7S,8S)-7-hydroxy-5,6,7,8-tetrahydro-3H-pyrrolizin-1-yl]methyl 2-hydroxy-2-[(1S)-1-hydroxyethyl]-3-methylbutanoate","[(7S,8S)-7-hydroxy-5,6,7,8-tetrahydro-3H-pyrrolizin-1-yl]methyl 2-hydroxy-2-[(1S)-1-hydroxyethyl]-3-methylbutanoate",10197
Compound,813,"alpha,beta-Dihydro-3,5,4'-trihydroxy-5'-isopentenylstilbene","alpha,beta-Dihydro-3,5,4'-trihydroxy-5'-isopentenylstilbene",10990178
Compound,814,alpha-Amyrenyl acetate,alpha-Amyrenyl acetate,92842
Compound,815,alpha-Amyrin,alpha-Amyrin,73170
Compound,816,alpha-Bergamotene,alpha-Bergamotene,86608
Compound,817,alpha-Bergamotenol,alpha-Bergamotenol,5368743
Compound,818,alpha-Calacorene,alpha-Calacorene,12302243
Compound,819,alpha-Campholenal,alpha-Campholenal,1252759
Compound,820,alpha-Cedrene epoxide,alpha-Cedrene epoxide,122510
Compound,821,alpha-Copaene,alpha-Copaene,70678558
Compound,822,alpha-Curcumene,alpha-Curcumene,92139
Compound,823,alpha-Cyperone,alpha-Cyperone,6452086
Compound,824,alpha-Glycyrrhizin,alpha-Glycyrrhizin,158471
Compound,825,alpha-Guaiene,alpha-Guaiene,5317844
Compound,826,alpha-Gurjunene,alpha-Gurjunene,15560276
Compound,827,alpha-Muurolene,alpha-Muurolene,12306047
Compound,828,alpha-Muurolol,alpha-Muurolol,91753440
Compound,829,alpha-Patchoulene,alpha-Patchoulene,521710
Compound,830,alpha-Phellandrene,alpha-Phellandrene,7460
Compound,831,alpha-Pinene,alpha-Pinene,6654
Compound,832,alpha-Santaldiol,alpha-Santaldiol,44583958
Compound,833,alpha-Santalene,alpha-Santalene,94164
Compound,834,alpha-Santalol,alpha-Santalol,11085337
Compound,835,alpha-Selinene,alpha-Selinene,10856614
Compound,836,alpha-Teresantalic acid,alpha-Teresantalic acid,5321816
Compound,837,alpha-Terpinene,alpha-Terpinene,7462
Compound,838,alpha-Terpineol,alpha-Terpineol,17100
Compound,839,alpha-trans-Bergamotenol,alpha-trans-Bergamotenol,101352468
Compound,840,alpha1-Sitosterol,alpha1-Sitosterol,9548595
Compound,841,"angustilobine B, (rac)-","angustilobine B, (rac)-",13891905
Compound,842,arjunglucoside I,arjunglucoside I,14658050
Compound,843,beta-Amyrin,beta-Amyrin,73145
Compound,844,beta-Bisabolene,beta-Bisabolene,10104370
Compound,845,beta-Carotene,beta-Carotene,5280489
Compound,846,beta-Caryophyllene,beta-Caryophyllene,5281515
Compound,847,beta-Cubebene,beta-Cubebene,93081
Compound,848,beta-Cyperone,beta-Cyperone,10889388
Compound,849,beta-D-Glucose,beta-D-Glucose,64689
Compound,850,beta-Elemene,beta-Elemene,6918391
Compound,851,beta-Eudesmol,beta-Eudesmol,91457
Compound,852,beta-Farnesene,beta-Farnesene,5281517
Compound,853,beta-Glucogallin,beta-Glucogallin,124021
Compound,854,beta-Gurjunene,beta-Gurjunene,6450812
Compound,855,beta-Ionone,beta-Ionone,638014
Compound,856,beta-Longipinene,beta-Longipinene,25203064
Compound,857,beta-Maltose,beta-Maltose,6255
Compound,858,beta-Oplopenone,beta-Oplopenone,14038847
Compound,859,beta-Patchoulene,beta-Patchoulene,101731
Compound,860,beta-Pinene,beta-Pinene,14896
Compound,861,beta-Rotunol,beta-Rotunol,5321005
Compound,862,beta-SANTALOL,beta-SANTALOL,6857681
Compound,863,beta-Santalal,beta-Santalal,101449606
Compound,864,beta-Santaldiol,beta-Santaldiol,15276127
Compound,865,beta-Santalene,beta-Santalene,10889018
Compound,866,beta-Santalic acid,beta-Santalic acid,131752692
Compound,867,beta-Selinene,beta-Selinene,442393
Compound,868,beta-Sitostenone,beta-Sitostenone,60123241
Compound,869,beta-Sitosterol,beta-Sitosterol,222284
Compound,870,beta-Sitosterol-beta-D-glucoside,beta-Sitosterol-beta-D-glucoside,12309055
Compound,871,beta-Terpinene,beta-Terpinene,66841
Compound,872,beta-Thujene,beta-Thujene,520384
Compound,873,"cis-3,5-Diethyl-1,2,4-trithiolane","cis-3,5-Diethyl-1,2,4-trithiolane",6431294
Compound,874,cis-3-Hexen-1-ol,cis-3-Hexen-1-ol,5281167
Compound,875,cis-4-Hydroxy-L-proline,cis-4-Hydroxy-L-proline,440015
Compound,876,cis-Caffeic acid,cis-Caffeic acid,1549111
Compound,877,cis-Lanceol,cis-Lanceol,6536796
Compound,878,cis-Nerolidol,cis-Nerolidol,5320128
Compound,879,cis-alpha-Bergamotene,cis-alpha-Bergamotene,91753502
Compound,880,cis-beta-Farnesene,cis-beta-Farnesene,5317319
Compound,881,d-Borneol,d-Borneol,61060
Compound,882,delta-Cadinol,delta-Cadinol,3084311
Compound,883,delta-Elemene,delta-Elemene,12309449
Compound,884,delta-Guaiene,delta-Guaiene,94275
Compound,885,"dimethyl (1S,4S,5R,6S,7S,8R,11S,12R,14S,15R)-12-acetyloxy-4,7-dihydroxy-6-[(1R,2S,6S,8R,9R,11S)-2-hydroxy-11-methyl-5,7,10-trioxatetracyclo[6.3.1.02,6.09,11]dodec-3-en-9-yl]-6-methyl-14-[(E)-2-methylbut-2-enoyl]oxy-3,9-dioxatetracyclo[6.6.1.01,5.011,15]pentadecane-4,11-dicarboxylate","dimethyl (1S,4S,5R,6S,7S,8R,11S,12R,14S,15R)-12-acetyloxy-4,7-dihydroxy-6-[(1R,2S,6S,8R,9R,11S)-2-hydroxy-11-methyl-5,7,10-trioxatetracyclo[6.3.1.02,6.09,11]dodec-3-en-9-yl]-6-methyl-14-[(E)-2-methylbut-2-enoyl]oxy-3,9-dioxatetracyclo[6.6.1.01,5.011,15]pentadecane-4,11-dicarboxylate",44584063
Compound,886,"dimethyl (2aR,3S,4S,4aR,5S,7aS,8R,10R,10aS,10bR)-10-acetoxy-3,5-dihydroxy-4-[(1aR,2S,3aS,6aS,7S,7aS)-6a-hydroxy-7a-methyl-3a,6a,7,7a-tetrahydro-2,7-methanofuro[2,3-b]oxireno[e]oxepin-1a(2H)-yl]-4-methyl-8-{[(2E)-2-methylbut-2-enoyl]oxy}octahydro-1H-naphtho[1,8a-c:4,5-b'c']difuran-5,10a(8H)-dicarboxylate","dimethyl (2aR,3S,4S,4aR,5S,7aS,8R,10R,10aS,10bR)-10-acetoxy-3,5-dihydroxy-4-[(1aR,2S,3aS,6aS,7S,7aS)-6a-hydroxy-7a-methyl-3a,6a,7,7a-tetrahydro-2,7-methanofuro[2,3-b]oxireno[e]oxepin-1a(2H)-yl]-4-methyl-8-{[(2E)-2-methylbut-2-enoyl]oxy}octahydro-1H-naphtho[1,8a-c:4,5-b'c']difuran-5,10a(8H)-dicarboxylate",16126804
Compound,887,epi-Cubebol,epi-Cubebol,91753433
Compound,888,epi-Globulol,epi-Globulol,7308311
Compound,889,gamma-Butyrolactone,gamma-Butyrolactone,7302
Compound,890,gamma-Caprolactone,gamma-Caprolactone,12756
Compound,891,gamma-Curcumene,gamma-Curcumene,12304273
Compound,892,gamma-Elemene,gamma-Elemene,6432312
Compound,893,gamma-Heptalactone,gamma-Heptalactone,7742
Compound,894,gamma-Muurolene,gamma-Muurolene,12313020
Compound,895,gamma-Octalactone,gamma-Octalactone,7704
Compound,896,gamma-Terpinene,gamma-Terpinene,7461
Compound,897,germacrene C,germacrene C,25244915
Compound,898,m-Cresol,m-Cresol,342
Compound,899,melianin B,melianin B,15427646
Compound,900,"methyl (10S,12R,13E,18S)-13-ethylidene-8,15-diazapentacyclo[10.5.1.01,9.02,7.010,15]octadeca-2,4,6,8-tetraene-18-carboxylate","methyl (10S,12R,13E,18S)-13-ethylidene-8,15-diazapentacyclo[10.5.1.01,9.02,7.010,15]octadeca-2,4,6,8-tetraene-18-carboxylate",6444325
Compound,901,"methyl (12S,13R,14Z)-14-ethylidene-12-(hydroxymethyl)-1,10-diazatetracyclo[11.2.2.03,11.04,9]heptadeca-3(11),4,6,8-tetraene-12-carboxylate","methyl (12S,13R,14Z)-14-ethylidene-12-(hydroxymethyl)-1,10-diazatetracyclo[11.2.2.03,11.04,9]heptadeca-3(11),4,6,8-tetraene-12-carboxylate",129317087
Compound,902,"methyl (1R,10S,12R,13E,17S,18R,19R)-13-ethylidene-17-hydroxy-16-oxa-8,15-diazahexacyclo[10.6.1.01,9.02,7.010,15.014,18]nonadeca-2,4,6,8-tetraene-19-carboxylate","methyl (1R,10S,12R,13E,17S,18R,19R)-13-ethylidene-17-hydroxy-16-oxa-8,15-diazahexacyclo[10.6.1.01,9.02,7.010,15.014,18]nonadeca-2,4,6,8-tetraene-19-carboxylate",101324838
Compound,903,"methyl (1R,9R,10S,13Z,14R)-13-ethylidene-17-methoxy-11-oxido-18-oxa-8-aza-11-azoniapentacyclo[7.6.3.110,14.01,9.02,7]nonadeca-2,4,6,11-tetraene-15-carboxylate","methyl (1R,9R,10S,13Z,14R)-13-ethylidene-17-methoxy-11-oxido-18-oxa-8-aza-11-azoniapentacyclo[7.6.3.110,14.01,9.02,7]nonadeca-2,4,6,11-tetraene-15-carboxylate",101636546
Compound,904,"methyl (1R,9R,11S,14Z,15R,17S,19S)-14-ethylidene-18-oxa-2,12-diazahexacyclo[9.6.1.19,15.01,9.03,8.012,17]nonadeca-3,5,7-triene-19-carboxylate","methyl (1R,9R,11S,14Z,15R,17S,19S)-14-ethylidene-18-oxa-2,12-diazahexacyclo[9.6.1.19,15.01,9.03,8.012,17]nonadeca-3,5,7-triene-19-carboxylate",101297632
Compound,905,o-Cresol,o-Cresol,335
Compound,906,o-Xylene,o-Xylene,7237
Compound,907,p-Cresol,p-Cresol,2879
Compound,908,p-Cymene,p-Cymene,7463
Compound,909,"p-Mentha-1,5-dien-8-ol","p-Mentha-1,5-dien-8-ol",519323
Compound,910,p-Xylene,p-Xylene,7809
Compound,911,psi-Akuammigine,psi-Akuammigine,119079925
Compound,912,tau-Cadinol,tau-Cadinol,12302222
Compound,913,terflavin A,terflavin A,16175788
Compound,914,"trans-3,5-Diethyl-1,2,4-trithiolane","trans-3,5-Diethyl-1,2,4-trithiolane",6432398
Compound,915,trans-Calamenene,trans-Calamenene,6429022
Compound,916,trans-Isolongifolanone,trans-Isolongifolanone,6427070
Compound,917,trans-Linalool oxide,trans-Linalool oxide,6432254
Compound,918,trans-Verbenol,trans-Verbenol,89664
Compound,919,trans-alpha-Bergamotene,trans-alpha-Bergamotene,6429302
Compound,920,trans-beta-Santalol,trans-beta-Santalol,6450269
Disease,0,Oral mucositis,Oral mucositis,
Drug,0,CHEMBL1000,CETIRIZINE,CHEMBL1000
Drug,1,CHEMBL100116,PENTAZOCINE,CHEMBL100116
Drug,2,CHEMBL1002,LEVOSALBUTAMOL,CHEMBL1002
Drug,3,CHEMBL1003,CLAVULANATE POTASSIUM,CHEMBL1003
Drug,4,CHEMBL1004,DOXYLAMINE,CHEMBL1004
Drug,5,CHEMBL1005,REMIFENTANIL,CHEMBL1005
Drug,6,CHEMBL1006,AMIFOSTINE,CHEMBL1006
Drug,7,CHEMBL1008,BEPRIDIL,CHEMBL1008
Drug,8,CHEMBL1009,LEVODOPA,CHEMBL1009
Drug,9,CHEMBL101,PHENYLBUTAZONE,CHEMBL101
Drug,10,CHEMBL1010,CEFOTAXIME SODIUM,CHEMBL1010
Drug,11,CHEMBL1013,LORACARBEF ANHYDROUS,CHEMBL1013
Drug,12,CHEMBL1014,CANDESARTAN CILEXETIL,CHEMBL1014
Drug,13,CHEMBL1015,EVANS BLUE FREE ACID,CHEMBL1015
Drug,14,CHEMBL1017,TELMISARTAN,CHEMBL1017
Drug,15,CHEMBL1018,DIENESTROL,CHEMBL1018
Drug,16,CHEMBL1020,TOLMETIN,CHEMBL1020
Drug,17,CHEMBL1021,NEPAFENAC,CHEMBL1021
Drug,18,CHEMBL1023,BEXAROTENE,CHEMBL1023
Drug,19,CHEMBL1024,IFOSFAMIDE,CHEMBL1024
Drug,20,CHEMBL1025,ISOFLUROPHATE,CHEMBL1025
Drug,21,CHEMBL1026,FENOLDOPAM MESYLATE,CHEMBL1026
Drug,22,CHEMBL1027,TIAGABINE,CHEMBL1027
Drug,23,CHEMBL1029,MIGLUSTAT,CHEMBL1029
Drug,24,CHEMBL103,PROGESTERONE,CHEMBL103
Drug,25,CHEMBL1034,DICLOFENAC SODIUM,CHEMBL1034
Drug,26,CHEMBL1037,GUANADREL,CHEMBL1037
Drug,27,CHEMBL104,CLOTRIMAZOLE,CHEMBL104
Drug,28,CHEMBL1040,CALCIFEDIOL ANHYDROUS,CHEMBL1040
Drug,29,CHEMBL1042,CHOLECALCIFEROL,CHEMBL1042
Drug,30,CHEMBL1043,DAPSONE,CHEMBL1043
Drug,31,CHEMBL1046,AMINOCAPROIC ACID,CHEMBL1046
Drug,32,CHEMBL105,MITOMYCIN,CHEMBL105
Drug,33,CHEMBL1051,LATANOPROST,CHEMBL1051
Drug,34,CHEMBL1054,TRICHLORMETHIAZIDE,CHEMBL1054
Drug,35,CHEMBL1055,CHLORTHALIDONE,CHEMBL1055
Drug,36,CHEMBL1057,FLUORESCEIN,CHEMBL1057
Drug,37,CHEMBL1059,PREGABALIN,CHEMBL1059
Drug,38,CHEMBL106,FLUCONAZOLE,CHEMBL106
Drug,39,CHEMBL1060,"SODIUM PHOSPHATE, DIBASIC, ANHYDROUS",CHEMBL1060
Drug,40,CHEMBL106258,AMINOREX,CHEMBL106258
Drug,41,CHEMBL1064,SIMVASTATIN,CHEMBL1064
Drug,42,CHEMBL1065,METHYSERGIDE,CHEMBL1065
Drug,43,CHEMBL1068,OXCARBAZEPINE,CHEMBL1068
Drug,44,CHEMBL1069,VALSARTAN,CHEMBL1069
Drug,45,CHEMBL107,COLCHICINE,CHEMBL107
Drug,46,CHEMBL1070,NABUMETONE,CHEMBL1070
Drug,47,CHEMBL1071,OXAPROZIN,CHEMBL1071
Drug,48,CHEMBL1072,BUMETANIDE,CHEMBL1072
Drug,49,CHEMBL1073,GLIPIZIDE,CHEMBL1073
Drug,50,CHEMBL1075,MORICIZINE,CHEMBL1075
Drug,51,CHEMBL1076903,VARENICLINE,CHEMBL1076903
Drug,52,CHEMBL1077,BROMFENAC,CHEMBL1077
Drug,53,CHEMBL1077896,ROPIVACAINE,CHEMBL1077896
Drug,54,CHEMBL1078178,MOMELOTINIB,CHEMBL1078178
Drug,55,CHEMBL1079,TIZANIDINE,CHEMBL1079
Drug,56,CHEMBL1079604,METAXALONE,CHEMBL1079604
Drug,57,CHEMBL1079742,ERLOTINIB HYDROCHLORIDE,CHEMBL1079742
Drug,58,CHEMBL108,CARBAMAZEPINE,CHEMBL108
Drug,59,CHEMBL1082,AMOXICILLIN,CHEMBL1082
Drug,60,CHEMBL1082407,ENZALUTAMIDE,CHEMBL1082407
Drug,61,CHEMBL1082607,SALMETEROL XINAFOATE,CHEMBL1082607
Drug,62,CHEMBL1083385,CLOPIDOGREL BISULFATE,CHEMBL1083385
Drug,63,CHEMBL1083659,SUVOREXANT,CHEMBL1083659
Drug,64,CHEMBL1083993,AMIODARONE HYDROCHLORIDE,CHEMBL1083993
Drug,65,CHEMBL1084172,VILANTEROL TRIFENATATE,CHEMBL1084172
Drug,66,CHEMBL1085,ACETOPHENAZINE,CHEMBL1085
Drug,67,CHEMBL108545,METHYL SALICYLATE,CHEMBL108545
Drug,68,CHEMBL1086,DIBUCAINE,CHEMBL1086
Drug,69,CHEMBL1086440,TRICLABENDAZOLE,CHEMBL1086440
Drug,70,CHEMBL1087,MEPIVACAINE,CHEMBL1087
Drug,71,CHEMBL10878,AGOMELATINE,CHEMBL10878
Drug,72,CHEMBL1088,MESORIDAZINE,CHEMBL1088
Drug,73,CHEMBL1089,PHENELZINE,CHEMBL1089
Drug,74,CHEMBL1089221,BENDAZAC,CHEMBL1089221
Drug,75,CHEMBL1089318,OPICAPONE,CHEMBL1089318
Drug,76,CHEMBL1089641,TRYPAN BLUE FREE ACID,CHEMBL1089641
Drug,77,CHEMBL109,VALPROIC ACID,CHEMBL109
Drug,78,CHEMBL1090,VIDARABINE,CHEMBL1090
Drug,79,CHEMBL1091,HYDROCORTISONE ACETATE,CHEMBL1091
Drug,80,CHEMBL1091250,INDIGOTINDISULFONATE,CHEMBL1091250
Drug,81,CHEMBL1092,TRIHEXYPHENIDYL HYDROCHLORIDE,CHEMBL1092
Drug,82,CHEMBL1093,ARTICAINE,CHEMBL1093
Drug,83,CHEMBL1094,FELBAMATE,CHEMBL1094
Drug,84,CHEMBL1094636,NIRAPARIB,CHEMBL1094636
Drug,85,CHEMBL1094966,PIRBUTEROL,CHEMBL1094966
Drug,86,CHEMBL1095,ETHOTOIN,CHEMBL1095
Drug,87,CHEMBL1095097,EPLERENONE,CHEMBL1095097
Drug,88,CHEMBL1095292,BRETYLIUM TOSYLATE,CHEMBL1095292
Drug,89,CHEMBL1095777,INDACATEROL,CHEMBL1095777
Drug,90,CHEMBL1095930,CEFUROXIME AXETIL,CHEMBL1095930
Drug,91,CHEMBL1096,AMLEXANOX,CHEMBL1096
Drug,92,CHEMBL1096146,PONESIMOD,CHEMBL1096146
Drug,93,CHEMBL1096562,METHYL AMINOLEVULINATE,CHEMBL1096562
Drug,94,CHEMBL1096882,FLUDARABINE PHOSPHATE,CHEMBL1096882
Drug,95,CHEMBL1096885,VALRUBICIN,CHEMBL1096885
Drug,96,CHEMBL1097279,CANGRELOR TETRASODIUM,CHEMBL1097279
Drug,97,CHEMBL1097620,IOTHALAMATE SODIUM,CHEMBL1097620
Drug,98,CHEMBL1098,BUPIVACAINE,CHEMBL1098
Drug,99,CHEMBL1098319,2-MERCAPTOETHANESULFONIC ACID,CHEMBL1098319
Drug,100,CHEMBL1098659,WATER,CHEMBL1098659
Drug,101,CHEMBL11,IMIPRAMINE,CHEMBL11
Drug,102,CHEMBL110,BENZNIDAZOLE,CHEMBL110
Drug,103,CHEMBL1100,PARAMETHADIONE,CHEMBL1100
Drug,104,CHEMBL1101,BIPERIDEN,CHEMBL1101
Drug,105,CHEMBL1102,GLUTETHIMIDE,CHEMBL1102
Drug,106,CHEMBL1103,FURAZOLIDONE,CHEMBL1103
Drug,107,CHEMBL1104,EDROPHONIUM,CHEMBL1104
Drug,108,CHEMBL110458,MIGALASTAT,CHEMBL110458
Drug,109,CHEMBL1106,EPINASTINE,CHEMBL1106
Drug,110,CHEMBL110691,CHLORMADINONE ACETATE,CHEMBL110691
Drug,111,CHEMBL1107,HALOFANTRINE,CHEMBL1107
Drug,112,CHEMBL1108,DROPERIDOL,CHEMBL1108
Drug,113,CHEMBL1109,SULFAPHENAZOLE,CHEMBL1109
Drug,114,CHEMBL111,RIMONABANT,CHEMBL111
Drug,115,CHEMBL1110,ALOSETRON,CHEMBL1110
Drug,116,CHEMBL1111,AMBRISENTAN,CHEMBL1111
Drug,117,CHEMBL1112,ARIPIPRAZOLE,CHEMBL1112
Drug,118,CHEMBL1113,AMOXAPINE,CHEMBL1113
Drug,119,CHEMBL1115,PYRIDOSTIGMINE,CHEMBL1115
Drug,120,CHEMBL1116,RALOXIFENE HYDROCHLORIDE,CHEMBL1116
Drug,121,CHEMBL1117,IDARUBICIN,CHEMBL1117
Drug,122,CHEMBL1118,DESVENLAFAXINE,CHEMBL1118
Drug,123,CHEMBL112,ACETAMINOPHEN,CHEMBL112
Drug,124,CHEMBL1120,BISMUTH SUBSALICYLATE,CHEMBL1120
Drug,125,CHEMBL1123,DICYCLOMINE,CHEMBL1123
Drug,126,CHEMBL1126,PENICILLIN G SODIUM,CHEMBL1126
Drug,127,CHEMBL1128,EDROPHONIUM CHLORIDE,CHEMBL1128
Drug,128,CHEMBL1129,TRIFLURIDINE,CHEMBL1129
Drug,129,CHEMBL113,CAFFEINE,CHEMBL113
Drug,130,CHEMBL1131,ACITRETIN,CHEMBL1131
Drug,131,CHEMBL113178,SELENOMETHIONINE,CHEMBL113178
Drug,132,CHEMBL1133,OXYBUTYNIN CHLORIDE,CHEMBL1133
Drug,133,CHEMBL1134,DECAMETHONIUM BROMIDE,CHEMBL1134
Drug,134,CHEMBL11359,CISPLATIN,CHEMBL11359
Drug,135,CHEMBL1136,TELITHROMYCIN,CHEMBL1136
Drug,136,CHEMBL1138,EZETIMIBE,CHEMBL1138
Drug,137,CHEMBL1139,EPOPROSTENOL,CHEMBL1139
Drug,138,CHEMBL114,SAQUINAVIR,CHEMBL114
Drug,139,CHEMBL1140,NIACINAMIDE,CHEMBL1140
Drug,140,CHEMBL1141,POTASSIUM IODIDE,CHEMBL1141
Drug,141,CHEMBL1144,PRAVASTATIN,CHEMBL1144
Drug,142,CHEMBL1148,TORSEMIDE,CHEMBL1148
Drug,143,CHEMBL1149,LEVOCARNITINE,CHEMBL1149
Drug,144,CHEMBL115,INDINAVIR ANHYDROUS,CHEMBL115
Drug,145,CHEMBL1152,PREDNISOLONE ACETATE,CHEMBL1152
Drug,146,CHEMBL1159,PINACIDIL ANHYDROUS,CHEMBL1159
Drug,147,CHEMBL1159650,CLOBETASOL PROPIONATE,CHEMBL1159650
Drug,148,CHEMBL116,AMPRENAVIR,CHEMBL116
Drug,149,CHEMBL1160819,"AMMONIA SOLUTION, STRONG",CHEMBL1160819
Drug,150,CHEMBL1161,MOMETASONE FUROATE,CHEMBL1161
Drug,151,CHEMBL1161681,NITROUS ACID,CHEMBL1161681
Drug,152,CHEMBL1162,NORETHINDRONE,CHEMBL1162
Drug,153,CHEMBL1163,ATAZANAVIR,CHEMBL1163
Drug,154,CHEMBL1164729,FEBUXOSTAT,CHEMBL1164729
Drug,155,CHEMBL1165,MOEXIPRIL,CHEMBL1165
Drug,156,CHEMBL1165268,IODIPAMIDE,CHEMBL1165268
Drug,157,CHEMBL1165342,VINCAMINE,CHEMBL1165342
Drug,158,CHEMBL1166,ARGATROBAN,CHEMBL1166
Drug,159,CHEMBL11662,OZAGREL,CHEMBL11662
Drug,160,CHEMBL1167,SPECTINOMYCIN,CHEMBL1167
Drug,161,CHEMBL1168,RAMIPRIL,CHEMBL1168
Drug,162,CHEMBL1169,AMINOSALICYLIC ACID,CHEMBL1169
Drug,163,CHEMBL1170,TESTOSTERONE PROPIONATE,CHEMBL1170
Drug,164,CHEMBL1171837,PONATINIB,CHEMBL1171837
Drug,165,CHEMBL1172,DESLORATADINE,CHEMBL1172
Drug,166,CHEMBL117287,PRUCALOPRIDE,CHEMBL117287
Drug,167,CHEMBL1173055,RUCAPARIB,CHEMBL1173055
Drug,168,CHEMBL1173655,AFATINIB,CHEMBL1173655
Drug,169,CHEMBL1175,DULOXETINE,CHEMBL1175
Drug,170,CHEMBL1177,PEMOLINE,CHEMBL1177
Drug,171,CHEMBL117785,TETRABENAZINE,CHEMBL117785
Drug,172,CHEMBL1179047,CHLOROPROCAINE,CHEMBL1179047
Drug,173,CHEMBL118,CELECOXIB,CHEMBL118
Drug,174,CHEMBL1180725,PROPANTHELINE,CHEMBL1180725
Drug,175,CHEMBL1182833,MIVACURIUM,CHEMBL1182833
Drug,176,CHEMBL1183349,ISAVUCONAZONIUM,CHEMBL1183349
Drug,177,CHEMBL1183717,ALMITRINE,CHEMBL1183717
Drug,178,CHEMBL1184,ACETYLCHOLINE CHLORIDE,CHEMBL1184
Drug,179,CHEMBL1184360,DIAMTHAZOLE,CHEMBL1184360
Drug,180,CHEMBL1185,ZOLMITRIPTAN,CHEMBL1185
Drug,181,CHEMBL1185568,DITHIAZANINE,CHEMBL1185568
Drug,182,CHEMBL1186579,METHYLNALTREXONE,CHEMBL1186579
Drug,183,CHEMBL1186610,ANISOTROPINE,CHEMBL1186610
Drug,184,CHEMBL1187,PHOSPHORIC ACID,CHEMBL1187
Drug,185,CHEMBL1187833,UMECLIDINIUM,CHEMBL1187833
Drug,186,CHEMBL1189432,OLOPATADINE,CHEMBL1189432
Drug,187,CHEMBL1189679,PALONOSETRON,CHEMBL1189679
Drug,188,CHEMBL119,TRIMETREXATE,CHEMBL119
Drug,189,CHEMBL1190,DECAMETHONIUM,CHEMBL1190
Drug,190,CHEMBL1191,SULFAMETHIZOLE,CHEMBL1191
Drug,191,CHEMBL1193,PHENIRAMINE,CHEMBL1193
Drug,192,CHEMBL1194,PRILOCAINE,CHEMBL1194
Drug,193,CHEMBL1194325,ACLIDINIUM,CHEMBL1194325
Drug,194,CHEMBL1194666,DIETHYLPROPION,CHEMBL1194666
Drug,195,CHEMBL1195,PROPOXYCAINE,CHEMBL1195
Drug,196,CHEMBL1196,PROPARACAINE,CHEMBL1196
Drug,197,CHEMBL1197,HEXYLCAINE,CHEMBL1197
Drug,198,CHEMBL1198,PRAMOXINE,CHEMBL1198
Drug,199,CHEMBL1198857,VILANTEROL,CHEMBL1198857
Drug,200,CHEMBL1199080,BRETYLIUM,CHEMBL1199080
Drug,201,CHEMBL1199324,FOSAPREPITANT,CHEMBL1199324
Drug,202,CHEMBL12,DIAZEPAM,CHEMBL12
Drug,203,CHEMBL1200,BENOXINATE,CHEMBL1200
Drug,204,CHEMBL1200321,SULFISOXAZOLE DIOLAMINE,CHEMBL1200321
Drug,205,CHEMBL1200322,ESCITALOPRAM OXALATE,CHEMBL1200322
Drug,206,CHEMBL1200323,LABETALOL HYDROCHLORIDE,CHEMBL1200323
Drug,207,CHEMBL1200326,NICARDIPINE HYDROCHLORIDE,CHEMBL1200326
Drug,208,CHEMBL1200328,DULOXETINE HYDROCHLORIDE,CHEMBL1200328
Drug,209,CHEMBL1200329,TIZANIDINE HYDROCHLORIDE,CHEMBL1200329
Drug,210,CHEMBL1200330,PILOCARPINE HYDROCHLORIDE,CHEMBL1200330
Drug,211,CHEMBL1200331,FOSFOMYCIN TROMETHAMINE,CHEMBL1200331
Drug,212,CHEMBL1200332,PROTRIPTYLINE HYDROCHLORIDE,CHEMBL1200332
Drug,213,CHEMBL1200333,TECHNETIUM TC 99M PYROPHOSPHATE,CHEMBL1200333
Drug,214,CHEMBL1200334,MORICIZINE HYDROCHLORIDE,CHEMBL1200334
Drug,215,CHEMBL1200335,TESTOSTERONE ENANTHATE,CHEMBL1200335
Drug,216,CHEMBL1200338,PINACIDIL,CHEMBL1200338
Drug,217,CHEMBL1200339,PHENYLEPHRINE HYDROCHLORIDE,CHEMBL1200339
Drug,218,CHEMBL1200340,OSELTAMIVIR PHOSPHATE,CHEMBL1200340
Drug,219,CHEMBL1200341,INDECAINIDE HYDROCHLORIDE,CHEMBL1200341
Drug,220,CHEMBL1200342,PARAMETHASONE ACETATE,CHEMBL1200342
Drug,221,CHEMBL1200343,PERINDOPRIL ERBUMINE,CHEMBL1200343
Drug,222,CHEMBL1200345,SODIUM SUCCINATE,CHEMBL1200345
Drug,223,CHEMBL1200346,GADODIAMIDE,CHEMBL1200346
Drug,224,CHEMBL1200347,ISOPROPAMIDE IODIDE,CHEMBL1200347
Drug,225,CHEMBL1200348,SULCONAZOLE NITRATE,CHEMBL1200348
Drug,226,CHEMBL1200350,IODIPAMIDE SODIUM,CHEMBL1200350
Drug,227,CHEMBL1200351,SULFADIAZINE SODIUM,CHEMBL1200351
Drug,228,CHEMBL1200353,MEGLUMINE METRIZOATE,CHEMBL1200353
Drug,229,CHEMBL1200354,SODIUM TETRADECYL SULFATE,CHEMBL1200354
Drug,230,CHEMBL1200356,CYCLACILLIN,CHEMBL1200356
Drug,231,CHEMBL1200357,MOXALACTAM DISODIUM,CHEMBL1200357
Drug,232,CHEMBL1200358,SODIUM PHENYLACETATE,CHEMBL1200358
Drug,233,CHEMBL1200359,SULFAMETER,CHEMBL1200359
Drug,234,CHEMBL1200360,IOFETAMINE HYDROCHLORIDE I 123,CHEMBL1200360
Drug,235,CHEMBL1200365,AMINOHIPPURATE SODIUM,CHEMBL1200365
Drug,236,CHEMBL1200366,CEPHALEXIN HYDROCHLORIDE,CHEMBL1200366
Drug,237,CHEMBL1200367,ECHOTHIOPHATE IODIDE,CHEMBL1200367
Drug,238,CHEMBL1200368,BENTIROMIDE,CHEMBL1200368
Drug,239,CHEMBL1200370,BENZOYL PEROXIDE,CHEMBL1200370
Drug,240,CHEMBL1200374,EXEMESTANE,CHEMBL1200374
Drug,241,CHEMBL1200375,EDETATE CALCIUM DISODIUM ANHYDROUS,CHEMBL1200375
Drug,242,CHEMBL1200376,BETAMETHASONE BENZOATE,CHEMBL1200376
Drug,243,CHEMBL1200377,AMPHETAMINE ASPARTATE,CHEMBL1200377
Drug,244,CHEMBL1200379,APRACLONIDINE HYDROCHLORIDE,CHEMBL1200379
Drug,245,CHEMBL1200380,ACYCLOVIR SODIUM,CHEMBL1200380
Drug,246,CHEMBL1200381,ARGININE HYDROCHLORIDE,CHEMBL1200381
Drug,247,CHEMBL1200382,BEPRIDIL HYDROCHLORIDE,CHEMBL1200382
Drug,248,CHEMBL1200383,BENZTROPINE MESYLATE,CHEMBL1200383
Drug,249,CHEMBL1200384,BETAMETHASONE DIPROPIONATE,CHEMBL1200384
Drug,250,CHEMBL1200385,ARBUTAMINE HYDROCHLORIDE,CHEMBL1200385
Drug,251,CHEMBL1200386,PREDNICARBATE,CHEMBL1200386
Drug,252,CHEMBL1200387,AMPHETAMINE ADIPATE,CHEMBL1200387
Drug,253,CHEMBL1200388,CLOXACILLIN SODIUM,CHEMBL1200388
Drug,254,CHEMBL1200389,BRIMONIDINE TARTRATE,CHEMBL1200389
Drug,255,CHEMBL1200391,TROMETHAMINE,CHEMBL1200391
Drug,256,CHEMBL1200392,DOXYLAMINE SUCCINATE,CHEMBL1200392
Drug,257,CHEMBL1200393,GREPAFLOXACIN HYDROCHLORIDE,CHEMBL1200393
Drug,258,CHEMBL1200395,ORPHENADRINE CITRATE,CHEMBL1200395
Drug,259,CHEMBL1200396,BUPIVACAINE HYDROCHLORIDE,CHEMBL1200396
Drug,260,CHEMBL1200397,BUTENAFINE HYDROCHLORIDE,CHEMBL1200397
Drug,261,CHEMBL1200398,BUTOCONAZOLE NITRATE,CHEMBL1200398
Drug,262,CHEMBL1200399,BUSPIRONE HYDROCHLORIDE,CHEMBL1200399
Drug,263,CHEMBL1200400,AZATHIOPRINE SODIUM,CHEMBL1200400
Drug,264,CHEMBL1200402,AMLODIPINE BESYLATE,CHEMBL1200402
Drug,265,CHEMBL1200405,BITOLTEROL MESYLATE,CHEMBL1200405
Drug,266,CHEMBL1200406,DIMENHYDRINATE,CHEMBL1200406
Drug,267,CHEMBL1200409,LIDOCAINE HYDROCHLORIDE,CHEMBL1200409
Drug,268,CHEMBL1200410,PROCARBAZINE HYDROCHLORIDE,CHEMBL1200410
Drug,269,CHEMBL1200411,ROPINIROLE HYDROCHLORIDE,CHEMBL1200411
Drug,270,CHEMBL1200412,NANDROLONE PHENPROPIONATE,CHEMBL1200412
Drug,271,CHEMBL1200413,TETRAHYDROZOLINE HYDROCHLORIDE,CHEMBL1200413
Drug,272,CHEMBL1200415,TECHNETIUM TC 99M OXIDRONATE,CHEMBL1200415
Drug,273,CHEMBL1200418,DOBUTAMINE HYDROCHLORIDE,CHEMBL1200418
Drug,274,CHEMBL1200419,MOLINDONE HYDROCHLORIDE,CHEMBL1200419
Drug,275,CHEMBL1200420,MIDAZOLAM HYDROCHLORIDE,CHEMBL1200420
Drug,276,CHEMBL1200421,TECHNETIUM TC 99M MEBROFENIN,CHEMBL1200421
Drug,277,CHEMBL1200423,METRIZOATE SODIUM,CHEMBL1200423
Drug,278,CHEMBL1200424,PENTETATE ZINC TRISODIUM,CHEMBL1200424
Drug,279,CHEMBL1200425,PARGYLINE HYDROCHLORIDE,CHEMBL1200425
Drug,280,CHEMBL1200426,METHIXENE HYDROCHLORIDE,CHEMBL1200426
Drug,281,CHEMBL1200430,ESTRADIOL ACETATE,CHEMBL1200430
Drug,282,CHEMBL1200431,GADOPENTETATE DIMEGLUMINE,CHEMBL1200431
Drug,283,CHEMBL1200432,METHYLDOPATE HYDROCHLORIDE,CHEMBL1200432
Drug,284,CHEMBL1200434,OXTRIPHYLLINE,CHEMBL1200434
Drug,285,CHEMBL1200436,OXANDROLONE,CHEMBL1200436
Drug,286,CHEMBL1200437,QUINIDINE GLUCONATE,CHEMBL1200437
Drug,287,CHEMBL1200438,TIOCONAZOLE,CHEMBL1200438
Drug,288,CHEMBL1200439,IODOHIPPURATE SODIUM I 123,CHEMBL1200439
Drug,289,CHEMBL1200440,MEPIVACAINE HYDROCHLORIDE,CHEMBL1200440
Drug,290,CHEMBL1200443,MERETHOXYLLINE PROCAINE,CHEMBL1200443
Drug,291,CHEMBL1200444,PIRBUTEROL ACETATE,CHEMBL1200444
Drug,292,CHEMBL1200446,TRIPELENNAMINE HYDROCHLORIDE,CHEMBL1200446
Drug,293,CHEMBL1200448,TILUDRONATE DISODIUM,CHEMBL1200448
Drug,294,CHEMBL1200449,TRIAMCINOLONE DIACETATE,CHEMBL1200449
Drug,295,CHEMBL1200452,INDIUM IN 111 OXYQUINOLINE,CHEMBL1200452
Drug,296,CHEMBL1200453,DOCOSANOL,CHEMBL1200453
Drug,297,CHEMBL1200454,VALGANCICLOVIR HYDROCHLORIDE,CHEMBL1200454
Drug,298,CHEMBL1200455,IOHEXOL,CHEMBL1200455
Drug,299,CHEMBL1200457,GADOVERSETAMIDE,CHEMBL1200457
Drug,300,CHEMBL1200458,POTASSIUM CITRATE ANHYDROUS,CHEMBL1200458
Drug,301,CHEMBL1200459,"POTASSIUM PHOSPHATE, DIBASIC",CHEMBL1200459
Drug,302,CHEMBL1200461,MIDODRINE HYDROCHLORIDE,CHEMBL1200461
Drug,303,CHEMBL1200463,OXAPROZIN POTASSIUM,CHEMBL1200463
Drug,304,CHEMBL1200464,PROPARACAINE HYDROCHLORIDE,CHEMBL1200464
Drug,305,CHEMBL1200467,HYDROXYZINE PAMOATE,CHEMBL1200467
Drug,306,CHEMBL1200468,MALATHION,CHEMBL1200468
Drug,307,CHEMBL1200469,PROMAZINE HYDROCHLORIDE,CHEMBL1200469
Drug,308,CHEMBL1200470,ESOMEPRAZOLE SODIUM,CHEMBL1200470
Drug,309,CHEMBL1200471,PYRITHIONE ZINC,CHEMBL1200471
Drug,310,CHEMBL1200472,QUAZEPAM,CHEMBL1200472
Drug,311,CHEMBL1200473,CYCLOPENTOLATE HYDROCHLORIDE,CHEMBL1200473
Drug,312,CHEMBL1200474,DEMECLOCYCLINE HYDROCHLORIDE,CHEMBL1200474
Drug,313,CHEMBL1200475,DAUNORUBICIN CITRATE,CHEMBL1200475
Drug,314,CHEMBL1200477,ALLOPURINOL SODIUM,CHEMBL1200477
Drug,315,CHEMBL1200478,DYCLONINE HYDROCHLORIDE,CHEMBL1200478
Drug,316,CHEMBL1200479,DICYCLOMINE HYDROCHLORIDE,CHEMBL1200479
Drug,317,CHEMBL1200482,CEFOPERAZONE SODIUM,CHEMBL1200482
Drug,318,CHEMBL1200483,PHENMETRAZINE HYDROCHLORIDE,CHEMBL1200483
Drug,319,CHEMBL1200485,SORAFENIB TOSYLATE,CHEMBL1200485
Drug,320,CHEMBL1200487,ETHACRYNATE SODIUM,CHEMBL1200487
Drug,321,CHEMBL1200491,EPINASTINE HYDROCHLORIDE,CHEMBL1200491
Drug,322,CHEMBL1200492,NEFAZODONE HYDROCHLORIDE,CHEMBL1200492
Drug,323,CHEMBL1200493,NAFTIFINE HYDROCHLORIDE,CHEMBL1200493
Drug,324,CHEMBL1200494,GUANFACINE HYDROCHLORIDE,CHEMBL1200494
Drug,325,CHEMBL1200495,HYDROCORTISONE SODIUM SUCCINATE,CHEMBL1200495
Drug,326,CHEMBL1200496,CALCIUM,CHEMBL1200496
Drug,327,CHEMBL1200497,CYCLIZINE LACTATE,CHEMBL1200497
Drug,328,CHEMBL1200498,ALATROFLOXACIN MESYLATE,CHEMBL1200498
Drug,329,CHEMBL1200500,BECLOMETHASONE DIPROPIONATE,CHEMBL1200500
Drug,330,CHEMBL1200503,BROMOCRIPTINE MESYLATE,CHEMBL1200503
Drug,331,CHEMBL1200506,ERYTHROMYCIN LACTOBIONATE,CHEMBL1200506
Drug,332,CHEMBL1200508,IOXAGLATE MEGLUMINE,CHEMBL1200508
Drug,333,CHEMBL1200510,ERYTHROMYCIN STEARATE,CHEMBL1200510
Drug,334,CHEMBL1200514,DEMECARIUM BROMIDE,CHEMBL1200514
Drug,335,CHEMBL1200515,DESERPIDINE,CHEMBL1200515
Drug,336,CHEMBL1200517,DIHYDROERGOTAMINE MESYLATE,CHEMBL1200517
Drug,337,CHEMBL1200521,ALMOTRIPTAN MALATE,CHEMBL1200521
Drug,338,CHEMBL1200522,AVOBENZONE,CHEMBL1200522
Drug,339,CHEMBL1200523,CEFAZOLIN SODIUM,CHEMBL1200523
Drug,340,CHEMBL1200527,ATRACURIUM BESYLATE,CHEMBL1200527
Drug,341,CHEMBL1200528,CHROMIC CHLORIDE,CHEMBL1200528
Drug,342,CHEMBL1200529,COBALTOUS CHLORIDE CO 57,CHEMBL1200529
Drug,343,CHEMBL1200530,CEFOXITIN SODIUM,CHEMBL1200530
Drug,344,CHEMBL1200531,ALFENTANIL HYDROCHLORIDE,CHEMBL1200531
Drug,345,CHEMBL1200532,METHDILAZINE HYDROCHLORIDE,CHEMBL1200532
Drug,346,CHEMBL1200534,MOEXIPRIL HYDROCHLORIDE,CHEMBL1200534
Drug,347,CHEMBL1200535,THALLOUS CHLORIDE TL 201,CHEMBL1200535
Drug,348,CHEMBL1200538,BETAMETHASONE ACETATE,CHEMBL1200538
Drug,349,CHEMBL1200539,CALCIUM CARBONATE,CHEMBL1200539
Drug,350,CHEMBL1200541,AMBENONIUM CHLORIDE,CHEMBL1200541
Drug,351,CHEMBL1200542,DESOXYCORTICOSTERONE ACETATE,CHEMBL1200542
Drug,352,CHEMBL1200543,ANILERIDINE PHOSPHATE,CHEMBL1200543
Drug,353,CHEMBL1200544,CEPHALEXIN,CHEMBL1200544
Drug,354,CHEMBL1200545,DIFLORASONE DIACETATE,CHEMBL1200545
Drug,355,CHEMBL1200549,RAPACURONIUM BROMIDE,CHEMBL1200549
Drug,356,CHEMBL1200550,ANTAZOLINE PHOSPHATE,CHEMBL1200550
Drug,357,CHEMBL1200553,CUPRIC CHLORIDE ANHYDROUS,CHEMBL1200553
Drug,358,CHEMBL1200557,MANGANESE SULFATE ANHYDROUS,CHEMBL1200557
Drug,359,CHEMBL1200559,LACTIC ACID,CHEMBL1200559
Drug,360,CHEMBL1200560,GUANABENZ ACETATE,CHEMBL1200560
Drug,361,CHEMBL1200561,DOXAZOSIN MESYLATE,CHEMBL1200561
Drug,362,CHEMBL1200562,HYDROCORTISONE VALERATE,CHEMBL1200562
Drug,363,CHEMBL1200563,CERIVASTATIN SODIUM,CHEMBL1200563
Drug,364,CHEMBL1200569,CAFFEINE CITRATE,CHEMBL1200569
Drug,365,CHEMBL1200570,MEGLUMINE,CHEMBL1200570
Drug,366,CHEMBL1200571,GADOBENATE DIMEGLUMINE,CHEMBL1200571
Drug,367,CHEMBL1200572,MAGNESIUM OXIDE,CHEMBL1200572
Drug,368,CHEMBL1200574,SODIUM CHLORIDE,CHEMBL1200574
Drug,369,CHEMBL1200577,CYSTEAMINE BITARTRATE,CHEMBL1200577
Drug,370,CHEMBL1200578,THEOPHYLLINE SODIUM GLYCINATE,CHEMBL1200578
Drug,371,CHEMBL1200580,SULFOXONE SODIUM,CHEMBL1200580
Drug,372,CHEMBL1200581,DIATRIZOATE SODIUM,CHEMBL1200581
Drug,373,CHEMBL1200582,AMINOLEVULINIC ACID HYDROCHLORIDE,CHEMBL1200582
Drug,374,CHEMBL1200584,AMINOSALICYLATE POTASSIUM,CHEMBL1200584
Drug,375,CHEMBL1200585,OXYMETHOLONE,CHEMBL1200585
Drug,376,CHEMBL1200586,PRILOCAINE HYDROCHLORIDE,CHEMBL1200586
Drug,377,CHEMBL1200588,CLINDAMYCIN HYDROCHLORIDE,CHEMBL1200588
Drug,378,CHEMBL1200592,DESOXYCORTICOSTERONE PIVALATE,CHEMBL1200592
Drug,379,CHEMBL1200593,GADOTERIDOL,CHEMBL1200593
Drug,380,CHEMBL1200595,CHLORPHENTERMINE HYDROCHLORIDE,CHEMBL1200595
Drug,381,CHEMBL1200596,CHLOROXINE,CHEMBL1200596
Drug,382,CHEMBL1200597,ETIDOCAINE HYDROCHLORIDE,CHEMBL1200597
Drug,383,CHEMBL1200598,DIETHYLSTILBESTROL DIPHOSPHATE,CHEMBL1200598
Drug,384,CHEMBL1200599,DIFENOXIN HYDROCHLORIDE,CHEMBL1200599
Drug,385,CHEMBL1200600,FLUOROMETHOLONE,CHEMBL1200600
Drug,386,CHEMBL1200601,NARATRIPTAN HYDROCHLORIDE,CHEMBL1200601
Drug,387,CHEMBL1200604,TROPICAMIDE,CHEMBL1200604
Drug,388,CHEMBL1200606,MEXILETINE HYDROCHLORIDE,CHEMBL1200606
Drug,389,CHEMBL1200607,PERFLEXANE,CHEMBL1200607
Drug,390,CHEMBL1200609,PAROXETINE MESYLATE,CHEMBL1200609
Drug,391,CHEMBL1200610,LORACARBEF,CHEMBL1200610
Drug,392,CHEMBL1200612,DIBUCAINE HYDROCHLORIDE,CHEMBL1200612
Drug,393,CHEMBL1200613,TOLMETIN SODIUM,CHEMBL1200613
Drug,394,CHEMBL1200614,IOVERSOL,CHEMBL1200614
Drug,395,CHEMBL1200616,CHLOROTHIAZIDE SODIUM,CHEMBL1200616
Drug,396,CHEMBL1200617,RIMEXOLONE,CHEMBL1200617
Drug,397,CHEMBL1200618,FEXOFENADINE HYDROCHLORIDE,CHEMBL1200618
Drug,398,CHEMBL1200621,GEMIFLOXACIN MESYLATE,CHEMBL1200621
Drug,399,CHEMBL1200622,PARICALCITOL,CHEMBL1200622
Drug,400,CHEMBL1200623,ETHYLESTRENOL,CHEMBL1200623
Drug,401,CHEMBL1200624,ETHYNODIOL DIACETATE,CHEMBL1200624
Drug,402,CHEMBL1200625,STRONTIUM CHLORIDE SR 89,CHEMBL1200625
Drug,403,CHEMBL1200627,PROPIOLACTONE,CHEMBL1200627
Drug,404,CHEMBL1200628,VANCOMYCIN HYDROCHLORIDE,CHEMBL1200628
Drug,405,CHEMBL1200629,VECURONIUM BROMIDE,CHEMBL1200629
Drug,406,CHEMBL1200630,CYSTEINE HYDROCHLORIDE,CHEMBL1200630
Drug,407,CHEMBL1200632,CLINDAMYCIN PALMITATE HYDROCHLORIDE,CHEMBL1200632
Drug,408,CHEMBL1200635,HYDROCORTAMATE HYDROCHLORIDE,CHEMBL1200635
Drug,409,CHEMBL1200636,CYCLOBENZAPRINE HYDROCHLORIDE,CHEMBL1200636
Drug,410,CHEMBL1200638,DEXBROMPHENIRAMINE MALEATE,CHEMBL1200638
Drug,411,CHEMBL1200639,TECHNETIUM TC 99M GLUCEPTATE,CHEMBL1200639
Drug,412,CHEMBL1200640,FERROUS FUMARATE,CHEMBL1200640
Drug,413,CHEMBL1200641,CISATRACURIUM BESYLATE,CHEMBL1200641
Drug,414,CHEMBL1200645,ETOPOSIDE PHOSPHATE,CHEMBL1200645
Drug,415,CHEMBL1200648,ROCURONIUM BROMIDE,CHEMBL1200648
Drug,416,CHEMBL1200649,QUINUPRISTIN,CHEMBL1200649
Drug,417,CHEMBL1200654,BENOXINATE HYDROCHLORIDE,CHEMBL1200654
Drug,418,CHEMBL1200656,NATAMYCIN,CHEMBL1200656
Drug,419,CHEMBL1200659,ENALAPRIL MALEATE,CHEMBL1200659
Drug,420,CHEMBL1200660,ISOSORBIDE,CHEMBL1200660
Drug,421,CHEMBL1200661,UNOPROSTONE ISOPROPYL,CHEMBL1200661
Drug,422,CHEMBL1200663,TECHNETIUM TC 99M LIDOFENIN,CHEMBL1200663
Drug,423,CHEMBL1200664,POTASSIUM LACTATE,CHEMBL1200664
Drug,424,CHEMBL1200665,DIPHENOXYLATE HYDROCHLORIDE,CHEMBL1200665
Drug,425,CHEMBL1200666,CALCIPOTRIENE,CHEMBL1200666
Drug,426,CHEMBL1200668,CALCIUM CHLORIDE,CHEMBL1200668
Drug,427,CHEMBL1200672,CEFPIRAMIDE SODIUM,CHEMBL1200672
Drug,428,CHEMBL1200673,XENON XE 127,CHEMBL1200673
Drug,429,CHEMBL1200675,TOREMIFENE CITRATE,CHEMBL1200675
Drug,430,CHEMBL1200676,CHROMIC PHOSPHATE P 32,CHEMBL1200676
Drug,431,CHEMBL1200678,ATAZANAVIR SULFATE,CHEMBL1200678
Drug,432,CHEMBL1200679,ZINC CHLORIDE,CHEMBL1200679
Drug,433,CHEMBL1200680,SELENIUM SULFIDE,CHEMBL1200680
Drug,434,CHEMBL1200681,MONTELUKAST SODIUM,CHEMBL1200681
Drug,435,CHEMBL1200682,SODIUM OXYBATE,CHEMBL1200682
Drug,436,CHEMBL1200685,XENON XE 133,CHEMBL1200685
Drug,437,CHEMBL1200686,PIMECROLIMUS,CHEMBL1200686
Drug,438,CHEMBL1200688,ERYTHROMYCIN ETHYLSUCCINATE,CHEMBL1200688
Drug,439,CHEMBL1200689,NITRIC OXIDE,CHEMBL1200689
Drug,440,CHEMBL1200691,MAGNESIUM ACETATE,CHEMBL1200691
Drug,441,CHEMBL1200692,OLMESARTAN MEDOXOMIL,CHEMBL1200692
Drug,442,CHEMBL1200693,MANGANESE CHLORIDE ANHYDROUS,CHEMBL1200693
Drug,443,CHEMBL1200694,SEVOFLURANE,CHEMBL1200694
Drug,444,CHEMBL1200695,PHENYLPROPANOLAMINE HYDROCHLORIDE,CHEMBL1200695
Drug,445,CHEMBL1200696,POTASSIUM PERCHLORATE,CHEMBL1200696
Drug,446,CHEMBL1200698,PENTETATE CALCIUM TRISODIUM YB-169,CHEMBL1200698
Drug,447,CHEMBL1200699,DOXYCYCLINE,CHEMBL1200699
Drug,448,CHEMBL1200701,DICLOXACILLIN SODIUM,CHEMBL1200701
Drug,449,CHEMBL1200703,CHLORDIAZEPOXIDE HYDROCHLORIDE,CHEMBL1200703
Drug,450,CHEMBL1200705,HYDROXYAMPHETAMINE HYDROBROMIDE,CHEMBL1200705
Drug,451,CHEMBL1200706,ALUMINUM HYDROXIDE,CHEMBL1200706
Drug,452,CHEMBL1200707,BENZQUINAMIDE HYDROCHLORIDE,CHEMBL1200707
Drug,453,CHEMBL1200710,CLOMIPRAMINE HYDROCHLORIDE,CHEMBL1200710
Drug,454,CHEMBL1200711,OMEGA-3-ACID ETHYL ESTERS,CHEMBL1200711
Drug,455,CHEMBL1200712,EVANS BLUE,CHEMBL1200712
Drug,456,CHEMBL1200714,CHLORMEZANONE,CHEMBL1200714
Drug,457,CHEMBL1200715,HEXYLCAINE HYDROCHLORIDE,CHEMBL1200715
Drug,458,CHEMBL1200718,MAGNESIUM HYDROXIDE,CHEMBL1200718
Drug,459,CHEMBL1200721,ESTRAMUSTINE PHOSPHATE SODIUM,CHEMBL1200721
Drug,460,CHEMBL1200722,PIPECURONIUM BROMIDE,CHEMBL1200722
Drug,461,CHEMBL1200724,PSEUDOEPHEDRINE HYDROCHLORIDE,CHEMBL1200724
Drug,462,CHEMBL1200725,SERTACONAZOLE NITRATE,CHEMBL1200725
Drug,463,CHEMBL1200727,RUBIDIUM CHLORIDE RB 82,CHEMBL1200727
Drug,464,CHEMBL1200728,GUANIDINE HYDROCHLORIDE,CHEMBL1200728
Drug,465,CHEMBL1200729,CHLORAMPHENICOL SODIUM SUCCINATE,CHEMBL1200729
Drug,466,CHEMBL1200731,POTASSIUM CHLORIDE,CHEMBL1200731
Drug,467,CHEMBL1200732,AMCINONIDE,CHEMBL1200732
Drug,468,CHEMBL1200733,DESFLURANE,CHEMBL1200733
Drug,469,CHEMBL1200734,FOSAMPRENAVIR CALCIUM,CHEMBL1200734
Drug,470,CHEMBL1200735,MOXIFLOXACIN HYDROCHLORIDE,CHEMBL1200735
Drug,471,CHEMBL1200736,MAGNESIUM CARBONATE,CHEMBL1200736
Drug,472,CHEMBL1200737,COLFOSCERIL PALMITATE,CHEMBL1200737
Drug,473,CHEMBL1200743,IOXAGLATE SODIUM,CHEMBL1200743
Drug,474,CHEMBL1200744,SODIUM FLUORIDE F 18,CHEMBL1200744
Drug,475,CHEMBL1200745,OXPRENOLOL HYDROCHLORIDE,CHEMBL1200745
Drug,476,CHEMBL1200747,AMMONIUM LACTATE,CHEMBL1200747
Drug,477,CHEMBL1200748,CARBIDOPA,CHEMBL1200748
Drug,478,CHEMBL1200749,LEVOBUPIVACAINE HYDROCHLORIDE,CHEMBL1200749
Drug,479,CHEMBL1200750,PROMETHAZINE HYDROCHLORIDE,CHEMBL1200750
Drug,480,CHEMBL1200751,MERCAPTOPURINE,CHEMBL1200751
Drug,481,CHEMBL1200756,PYRIDOXINE HYDROCHLORIDE,CHEMBL1200756
Drug,482,CHEMBL1200757,PANCURONIUM BROMIDE,CHEMBL1200757
Drug,483,CHEMBL1200758,AMPICILLIN SODIUM,CHEMBL1200758
Drug,484,CHEMBL1200759,ANAGRELIDE HYDROCHLORIDE,CHEMBL1200759
Drug,485,CHEMBL1200760,BALSALAZIDE DISODIUM,CHEMBL1200760
Drug,486,CHEMBL1200761,CHLOROTRIANISENE,CHEMBL1200761
Drug,487,CHEMBL1200762,BETAMETHASONE SODIUM PHOSPHATE,CHEMBL1200762
Drug,488,CHEMBL1200763,IODOHIPPURATE SODIUM I 131,CHEMBL1200763
Drug,489,CHEMBL1200764,METHACHOLINE CHLORIDE,CHEMBL1200764
Drug,490,CHEMBL1200768,CEFTAZIDIME SODIUM,CHEMBL1200768
Drug,491,CHEMBL1200769,TRIPELENNAMINE CITRATE,CHEMBL1200769
Drug,492,CHEMBL1200770,IOCETAMIC ACID,CHEMBL1200770
Drug,493,CHEMBL1200771,TRIDIHEXETHYL CHLORIDE,CHEMBL1200771
Drug,494,CHEMBL1200772,WARFARIN POTASSIUM,CHEMBL1200772
Drug,495,CHEMBL1200773,TOCAINIDE HYDROCHLORIDE,CHEMBL1200773
Drug,496,CHEMBL1200774,FLUPREDNISOLONE,CHEMBL1200774
Drug,497,CHEMBL1200776,CINACALCET HYDROCHLORIDE,CHEMBL1200776
Drug,498,CHEMBL1200778,DEXRAZOXANE HYDROCHLORIDE,CHEMBL1200778
Drug,499,CHEMBL1200779,TROVAFLOXACIN MESYLATE,CHEMBL1200779
Drug,500,CHEMBL1200781,CITALOPRAM HYDROBROMIDE,CHEMBL1200781
Drug,501,CHEMBL1200782,DEXTROAMPHETAMINE ADIPATE,CHEMBL1200782
Drug,502,CHEMBL1200787,PHENOXYBENZAMINE HYDROCHLORIDE,CHEMBL1200787
Drug,503,CHEMBL1200788,CISAPRIDE MONOHYDRATE,CHEMBL1200788
Drug,504,CHEMBL1200789,TRICLOFOS SODIUM,CHEMBL1200789
Drug,505,CHEMBL1200790,METHYPRYLON,CHEMBL1200790
Drug,506,CHEMBL1200791,OXYMETAZOLINE HYDROCHLORIDE,CHEMBL1200791
Drug,507,CHEMBL1200794,OXYMORPHONE HYDROCHLORIDE,CHEMBL1200794
Drug,508,CHEMBL1200795,CLEMASTINE FUMARATE,CHEMBL1200795
Drug,509,CHEMBL1200796,CYCLOPHOSPHAMIDE,CHEMBL1200796
Drug,510,CHEMBL1200797,TECHNETIUM TC 99M SUCCIMER,CHEMBL1200797
Drug,511,CHEMBL1200798,TRAZODONE HYDROCHLORIDE,CHEMBL1200798
Drug,512,CHEMBL1200799,TRAVOPROST,CHEMBL1200799
Drug,513,CHEMBL1200800,CALCIUM ACETATE,CHEMBL1200800
Drug,514,CHEMBL1200802,TALBUTAL,CHEMBL1200802
Drug,515,CHEMBL1200803,SOLIFENACIN SUCCINATE,CHEMBL1200803
Drug,516,CHEMBL1200804,DICLOFENAC POTASSIUM,CHEMBL1200804
Drug,517,CHEMBL1200805,DILTIAZEM MALATE,CHEMBL1200805
Drug,518,CHEMBL1200806,NAPROXEN SODIUM,CHEMBL1200806
Drug,519,CHEMBL1200807,NORELGESTROMIN,CHEMBL1200807
Drug,520,CHEMBL1200809,AZELASTINE HYDROCHLORIDE,CHEMBL1200809
Drug,521,CHEMBL1200810,DOXERCALCIFEROL,CHEMBL1200810
Drug,522,CHEMBL1200813,ACEBUTOLOL HYDROCHLORIDE,CHEMBL1200813
Drug,523,CHEMBL1200814,ACETAZOLAMIDE SODIUM,CHEMBL1200814
Drug,524,CHEMBL1200817,LEVOMETHADYL ACETATE HYDROCHLORIDE,CHEMBL1200817
Drug,525,CHEMBL1200819,ARTICAINE HYDROCHLORIDE,CHEMBL1200819
Drug,526,CHEMBL1200820,PIPERACILLIN SODIUM,CHEMBL1200820
Drug,527,CHEMBL1200821,PROPYLIODONE,CHEMBL1200821
Drug,528,CHEMBL1200822,FLECAINIDE ACETATE,CHEMBL1200822
Drug,529,CHEMBL1200823,IRON SUCROSE,CHEMBL1200823
Drug,530,CHEMBL1200825,METHADONE HYDROCHLORIDE,CHEMBL1200825
Drug,531,CHEMBL1200826,LITHIUM CARBONATE,CHEMBL1200826
Drug,532,CHEMBL1200828,CYCRIMINE HYDROCHLORIDE,CHEMBL1200828
Drug,533,CHEMBL1200829,GLUCONOLACTONE,CHEMBL1200829
Drug,534,CHEMBL1200830,FERROUS SULFATE,CHEMBL1200830
Drug,535,CHEMBL1200831,SPIRAPRIL HYDROCHLORIDE,CHEMBL1200831
Drug,536,CHEMBL1200832,TERBINAFINE HYDROCHLORIDE,CHEMBL1200832
Drug,537,CHEMBL1200833,DIPIVEFRIN HYDROCHLORIDE,CHEMBL1200833
Drug,538,CHEMBL1200835,TECHNETIUM TC 99M ETIDRONATE,CHEMBL1200835
Drug,539,CHEMBL1200836,OXICONAZOLE NITRATE,CHEMBL1200836
Drug,540,CHEMBL1200837,LEVOBETAXOLOL HYDROCHLORIDE,CHEMBL1200837
Drug,541,CHEMBL1200839,DIATRIZOATE MEGLUMINE,CHEMBL1200839
Drug,542,CHEMBL1200841,PROCAINE HYDROCHLORIDE,CHEMBL1200841
Drug,543,CHEMBL1200843,METHYLERGONOVINE MALEATE,CHEMBL1200843
Drug,544,CHEMBL1200845,HALCINONIDE,CHEMBL1200845
Drug,545,CHEMBL1200848,HYDROXYPROGESTERONE CAPROATE,CHEMBL1200848
Drug,546,CHEMBL1200850,GANCICLOVIR SODIUM,CHEMBL1200850
Drug,547,CHEMBL1200851,HOMATROPINE METHYLBROMIDE,CHEMBL1200851
Drug,548,CHEMBL1200852,PENICILLIN V POTASSIUM,CHEMBL1200852
Drug,549,CHEMBL1200853,DYDROGESTERONE,CHEMBL1200853
Drug,550,CHEMBL1200854,FLUPHENAZINE DECANOATE,CHEMBL1200854
Drug,551,CHEMBL1200855,TICARCILLIN DISODIUM,CHEMBL1200855
Drug,552,CHEMBL1200857,TECHNETIUM TC 99M TETROFOSMIN,CHEMBL1200857
Drug,553,CHEMBL1200859,ISOSULFAN BLUE,CHEMBL1200859
Drug,554,CHEMBL1200862,METYROSINE,CHEMBL1200862
Drug,555,CHEMBL1200863,MELPHALAN HYDROCHLORIDE,CHEMBL1200863
Drug,556,CHEMBL1200865,LOTEPREDNOL ETABONATE,CHEMBL1200865
Drug,557,CHEMBL1200866,PERFLUBRON,CHEMBL1200866
Drug,558,CHEMBL1200868,PHENYL AMINOSALICYLATE,CHEMBL1200868
Drug,559,CHEMBL1200869,METRONIDAZOLE HYDROCHLORIDE,CHEMBL1200869
Drug,560,CHEMBL1200870,TIMOLOL MALEATE,CHEMBL1200870
Drug,561,CHEMBL1200873,PHENTOLAMINE MESYLATE,CHEMBL1200873
Drug,562,CHEMBL1200874,TOLBUTAMIDE SODIUM,CHEMBL1200874
Drug,563,CHEMBL1200875,FLAVOXATE HYDROCHLORIDE,CHEMBL1200875
Drug,564,CHEMBL1200877,FLUMETHASONE PIVALATE,CHEMBL1200877
Drug,565,CHEMBL1200878,TRIAMCINOLONE HEXACETONIDE,CHEMBL1200878
Drug,566,CHEMBL1200879,WARFARIN SODIUM,CHEMBL1200879
Drug,567,CHEMBL1200880,DIPHEMANIL METHYLSULFATE,CHEMBL1200880
Drug,568,CHEMBL1200881,MINOCYCLINE HYDROCHLORIDE,CHEMBL1200881
Drug,569,CHEMBL1200883,THONZONIUM BROMIDE,CHEMBL1200883
Drug,570,CHEMBL1200885,ALOSETRON HYDROCHLORIDE,CHEMBL1200885
Drug,571,CHEMBL1200887,TRIMETHOBENZAMIDE HYDROCHLORIDE,CHEMBL1200887
Drug,572,CHEMBL1200890,OXYCODONE HYDROCHLORIDE,CHEMBL1200890
Drug,573,CHEMBL1200891,OXYPHENCYCLIMINE HYDROCHLORIDE,CHEMBL1200891
Drug,574,CHEMBL1200893,PROTOKYLOL HYDROCHLORIDE,CHEMBL1200893
Drug,575,CHEMBL1200895,PHENELZINE SULFATE,CHEMBL1200895
Drug,576,CHEMBL1200896,DINOPROST TROMETHAMINE,CHEMBL1200896
Drug,577,CHEMBL1200899,TYROPANOATE SODIUM,CHEMBL1200899
Drug,578,CHEMBL1200901,HALOFANTRINE HYDROCHLORIDE,CHEMBL1200901
Drug,579,CHEMBL1200903,SECOBARBITAL SODIUM,CHEMBL1200903
Drug,580,CHEMBL1200904,SELEGILINE HYDROCHLORIDE,CHEMBL1200904
Drug,581,CHEMBL1200906,OXYPHENONIUM BROMIDE,CHEMBL1200906
Drug,582,CHEMBL1200907,TRILOSTANE,CHEMBL1200907
Drug,583,CHEMBL1200908,HALOBETASOL PROPIONATE,CHEMBL1200908
Drug,584,CHEMBL1200909,PREDNISOLONE TEBUTATE,CHEMBL1200909
Drug,585,CHEMBL1200910,SULFISOXAZOLE ACETYL,CHEMBL1200910
Drug,586,CHEMBL1200912,PHENTERMINE HYDROCHLORIDE,CHEMBL1200912
Drug,587,CHEMBL1200914,TAMSULOSIN HYDROCHLORIDE,CHEMBL1200914
Drug,588,CHEMBL1200916,THIORIDAZINE HYDROCHLORIDE,CHEMBL1200916
Drug,589,CHEMBL1200920,ISOETHARINE HYDROCHLORIDE,CHEMBL1200920
Drug,590,CHEMBL1200922,MEBUTAMATE,CHEMBL1200922
Drug,591,CHEMBL1200923,TECHNETIUM TC 99M DISOFENIN,CHEMBL1200923
Drug,592,CHEMBL1200925,"POTASSIUM PHOSPHATE, MONOBASIC",CHEMBL1200925
Drug,593,CHEMBL1200927,DEXCHLORPHENIRAMINE MALEATE,CHEMBL1200927
Drug,594,CHEMBL1200928,ZINC ACETATE ANHYDROUS,CHEMBL1200928
Drug,595,CHEMBL1200929,ZINC SULFATE,CHEMBL1200929
Drug,596,CHEMBL1200930,RABEPRAZOLE SODIUM,CHEMBL1200930
Drug,597,CHEMBL1200931,TECHNETIUM TC 99M MEDRONATE,CHEMBL1200931
Drug,598,CHEMBL1200932,IOPAMIDOL,CHEMBL1200932
Drug,599,CHEMBL1200933,HEXAFLUORENIUM BROMIDE,CHEMBL1200933
Drug,600,CHEMBL1200934,NORGESTIMATE,CHEMBL1200934
Drug,601,CHEMBL1200935,DARIFENACIN HYDROBROMIDE,CHEMBL1200935
Drug,602,CHEMBL1200936,PENICILLIN G PROCAINE,CHEMBL1200936
Drug,603,CHEMBL1200937,DALFOPRISTIN,CHEMBL1200937
Drug,604,CHEMBL1200938,METHYSERGIDE MALEATE,CHEMBL1200938
Drug,605,CHEMBL1200939,AMMONIUM CHLORIDE,CHEMBL1200939
Drug,606,CHEMBL1200940,METOCLOPRAMIDE HYDROCHLORIDE,CHEMBL1200940
Drug,607,CHEMBL1200941,THIAMINE HYDROCHLORIDE,CHEMBL1200941
Drug,608,CHEMBL1200943,MERSALYL,CHEMBL1200943
Drug,609,CHEMBL1200944,SULBACTAM SODIUM,CHEMBL1200944
Drug,610,CHEMBL1200945,PENTETATE CALCIUM TRISODIUM,CHEMBL1200945
Drug,611,CHEMBL1200946,NANDROLONE DECANOATE,CHEMBL1200946
Drug,612,CHEMBL1200947,METIPRANOLOL HYDROCHLORIDE,CHEMBL1200947
Drug,613,CHEMBL1200948,TRIMIPRAMINE MALEATE,CHEMBL1200948
Drug,614,CHEMBL1200949,BETAZOLE HYDROCHLORIDE,CHEMBL1200949
Drug,615,CHEMBL1200950,CLIDINIUM BROMIDE,CHEMBL1200950
Drug,616,CHEMBL1200951,FLUPHENAZINE ENANTHATE,CHEMBL1200951
Drug,617,CHEMBL1200952,METHAMPHETAMINE HYDROCHLORIDE,CHEMBL1200952
Drug,618,CHEMBL1200953,HYDROCORTISONE PROBUTATE,CHEMBL1200953
Drug,619,CHEMBL1200955,MYCOPHENOLATE MOFETIL HYDROCHLORIDE,CHEMBL1200955
Drug,620,CHEMBL1200959,METHDILAZINE,CHEMBL1200959
Drug,621,CHEMBL1200961,BROMPHENIRAMINE MALEATE,CHEMBL1200961
Drug,622,CHEMBL1200962,CEFEPIME HYDROCHLORIDE,CHEMBL1200962
Drug,623,CHEMBL1200963,BIMATOPROST,CHEMBL1200963
Drug,624,CHEMBL1200964,AMITRIPTYLINE HYDROCHLORIDE,CHEMBL1200964
Drug,625,CHEMBL1200965,BACAMPICILLIN HYDROCHLORIDE,CHEMBL1200965
Drug,626,CHEMBL1200967,BROMODIPHENHYDRAMINE HYDROCHLORIDE,CHEMBL1200967
Drug,627,CHEMBL1200968,HYDROCORTISONE SODIUM PHOSPHATE,CHEMBL1200968
Drug,628,CHEMBL1200969,DUTASTERIDE,CHEMBL1200969
Drug,629,CHEMBL1200970,ETHOPROPAZINE HYDROCHLORIDE,CHEMBL1200970
Drug,630,CHEMBL1200971,CEPHALOGLYCIN,CHEMBL1200971
Drug,631,CHEMBL1200972,CHLOPHEDIANOL HYDROCHLORIDE,CHEMBL1200972
Drug,632,CHEMBL1200973,ESTRADIOL CYPIONATE,CHEMBL1200973
Drug,633,CHEMBL1200974,CARBINOXAMINE MALEATE,CHEMBL1200974
Drug,634,CHEMBL1200975,CLOCORTOLONE PIVALATE,CHEMBL1200975
Drug,635,CHEMBL1200976,IDARUBICIN HYDROCHLORIDE,CHEMBL1200976
Drug,636,CHEMBL1200977,MILRINONE LACTATE,CHEMBL1200977
Drug,637,CHEMBL1200979,DEXPANTHENOL,CHEMBL1200979
Drug,638,CHEMBL1200980,ESTROPIPATE,CHEMBL1200980
Drug,639,CHEMBL1200981,EPIRUBICIN HYDROCHLORIDE,CHEMBL1200981
Drug,640,CHEMBL1200982,BUTABARBITAL SODIUM,CHEMBL1200982
Drug,641,CHEMBL1200983,GALLIUM NITRATE,CHEMBL1200983
Drug,642,CHEMBL1200984,AMLODIPINE MALEATE,CHEMBL1200984
Drug,643,CHEMBL1200985,CEFTIBUTEN DIHYDRATE,CHEMBL1200985
Drug,644,CHEMBL1200986,HALOPERIDOL DECANOATE,CHEMBL1200986
Drug,645,CHEMBL1200987,EPROSARTAN MESYLATE,CHEMBL1200987
Drug,646,CHEMBL1200988,METHANTHELINE BROMIDE,CHEMBL1200988
Drug,647,CHEMBL1200989,ALCLOMETASONE DIPROPIONATE,CHEMBL1200989
Drug,648,CHEMBL1200991,CARBENICILLIN INDANYL SODIUM,CHEMBL1200991
Drug,649,CHEMBL1200993,GALLAMINE TRIETHIODIDE,CHEMBL1200993
Drug,650,CHEMBL1200994,GALLIUM CITRATE GA 67,CHEMBL1200994
Drug,651,CHEMBL1201,THIOTHIXENE,CHEMBL1201
Drug,652,CHEMBL1201000,NITROFURANTOIN SODIUM,CHEMBL1201000
Drug,653,CHEMBL1201001,MECHLORETHAMINE HYDROCHLORIDE,CHEMBL1201001
Drug,654,CHEMBL1201002,CARTEOLOL HYDROCHLORIDE,CHEMBL1201002
Drug,655,CHEMBL1201003,ELETRIPTAN HYDROBROMIDE,CHEMBL1201003
Drug,656,CHEMBL1201005,CEFONICID SODIUM,CHEMBL1201005
Drug,657,CHEMBL1201006,PYRILAMINE MALEATE,CHEMBL1201006
Drug,658,CHEMBL1201010,FLUDROCORTISONE ACETATE,CHEMBL1201010
Drug,659,CHEMBL1201011,QUINAPRIL HYDROCHLORIDE,CHEMBL1201011
Drug,660,CHEMBL1201012,FLURANDRENOLIDE,CHEMBL1201012
Drug,661,CHEMBL1201013,OLSALAZINE SODIUM,CHEMBL1201013
Drug,662,CHEMBL1201014,PREDNISOLONE SODIUM PHOSPHATE,CHEMBL1201014
Drug,663,CHEMBL1201015,ALUMINUM ACETATE,CHEMBL1201015
Drug,664,CHEMBL1201016,CEFPODOXIME PROXETIL,CHEMBL1201016
Drug,665,CHEMBL1201018,CEFACLOR,CHEMBL1201018
Drug,666,CHEMBL1201019,CEFTIZOXIME SODIUM,CHEMBL1201019
Drug,667,CHEMBL1201020,DISOPYRAMIDE PHOSPHATE,CHEMBL1201020
Drug,668,CHEMBL1201022,PHENAZOPYRIDINE HYDROCHLORIDE,CHEMBL1201022
Drug,669,CHEMBL1201023,ORPHENADRINE HYDROCHLORIDE,CHEMBL1201023
Drug,670,CHEMBL1201027,GLYCOPYRRONIUM BROMIDE,CHEMBL1201027
Drug,671,CHEMBL1201032,RIZATRIPTAN BENZOATE,CHEMBL1201032
Drug,672,CHEMBL1201033,IPODATE SODIUM,CHEMBL1201033
Drug,673,CHEMBL1201035,BIPERIDEN HYDROCHLORIDE,CHEMBL1201035
Drug,674,CHEMBL1201037,EFLORNITHINE HYDROCHLORIDE,CHEMBL1201037
Drug,675,CHEMBL1201038,ACRISORCIN,CHEMBL1201038
Drug,676,CHEMBL1201039,BENZTHIAZIDE,CHEMBL1201039
Drug,677,CHEMBL1201041,AZLOCILLIN SODIUM,CHEMBL1201041
Drug,678,CHEMBL1201042,ETIDRONATE DISODIUM,CHEMBL1201042
Drug,679,CHEMBL1201043,CEPHAPIRIN SODIUM,CHEMBL1201043
Drug,680,CHEMBL1201044,DAPIPRAZOLE HYDROCHLORIDE,CHEMBL1201044
Drug,681,CHEMBL1201045,ACETRIZOATE SODIUM,CHEMBL1201045
Drug,682,CHEMBL1201046,CEFORANIDE,CHEMBL1201046
Drug,683,CHEMBL1201047,ANILERIDINE HYDROCHLORIDE,CHEMBL1201047
Drug,684,CHEMBL1201048,DROMOSTANOLONE PROPIONATE,CHEMBL1201048
Drug,685,CHEMBL1201049,ECONAZOLE NITRATE,CHEMBL1201049
Drug,686,CHEMBL1201050,PEMIROLAST POTASSIUM,CHEMBL1201050
Drug,687,CHEMBL1201051,CIMETIDINE HYDROCHLORIDE,CHEMBL1201051
Drug,688,CHEMBL1201052,MESORIDAZINE BESYLATE,CHEMBL1201052
Drug,689,CHEMBL1201054,SELENOMETHIONINE SE 75,CHEMBL1201054
Drug,690,CHEMBL1201056,SULFACYTINE,CHEMBL1201056
Drug,691,CHEMBL1201057,CILASTATIN SODIUM,CHEMBL1201057
Drug,692,CHEMBL1201058,POTASSIUM ACETATE,CHEMBL1201058
Drug,693,CHEMBL1201059,PROGUANIL HYDROCHLORIDE,CHEMBL1201059
Drug,694,CHEMBL1201060,LOXAPINE HYDROCHLORIDE,CHEMBL1201060
Drug,695,CHEMBL1201061,LEVALBUTEROL HYDROCHLORIDE,CHEMBL1201061
Drug,696,CHEMBL1201063,PROPAFENONE HYDROCHLORIDE,CHEMBL1201063
Drug,697,CHEMBL1201064,FLUOROMETHOLONE ACETATE,CHEMBL1201064
Drug,698,CHEMBL1201065,THIAMYLAL SODIUM,CHEMBL1201065
Drug,699,CHEMBL1201066,VENLAFAXINE HYDROCHLORIDE,CHEMBL1201066
Drug,700,CHEMBL1201067,BIPERIDEN LACTATE,CHEMBL1201067
Drug,701,CHEMBL1201068,PROPIOMAZINE HYDROCHLORIDE,CHEMBL1201068
Drug,702,CHEMBL1201071,TETRACYCLINE PHOSPHATE COMPLEX,CHEMBL1201071
Drug,703,CHEMBL1201073,SUCCIMER,CHEMBL1201073
Drug,704,CHEMBL1201075,IOXILAN,CHEMBL1201075
Drug,705,CHEMBL1201078,INDIUM IN 111 CHLORIDE,CHEMBL1201078
Drug,706,CHEMBL1201080,TRIMETHOPRIM HYDROCHLORIDE,CHEMBL1201080
Drug,707,CHEMBL1201081,METHYLPREDNISOLONE SODIUM SUCCINATE,CHEMBL1201081
Drug,708,CHEMBL1201082,FLUOXETINE HYDROCHLORIDE,CHEMBL1201082
Drug,709,CHEMBL1201083,SODIUM IODIDE I 123,CHEMBL1201083
Drug,710,CHEMBL1201084,SODIUM IODIDE I 131,CHEMBL1201084
Drug,711,CHEMBL1201087,CABERGOLINE,CHEMBL1201087
Drug,712,CHEMBL1201089,DIPHENHYDRAMINE CITRATE,CHEMBL1201089
Drug,713,CHEMBL1201092,RIVASTIGMINE TARTRATE,CHEMBL1201092
Drug,714,CHEMBL1201093,METHYL AMINOLEVULINATE HYDROCHLORIDE,CHEMBL1201093
Drug,715,CHEMBL1201094,COBALTOUS CHLORIDE CO 60,CHEMBL1201094
Drug,716,CHEMBL1201095,CHLORMERODRIN HG 197,CHEMBL1201095
Drug,717,CHEMBL1201096,KRYPTON KR 81M,CHEMBL1201096
Drug,718,CHEMBL1201098,CEFOTETAN DISODIUM,CHEMBL1201098
Drug,719,CHEMBL1201101,TESTOSTERONE CYPIONATE,CHEMBL1201101
Drug,720,CHEMBL1201102,TRIFLUPROMAZINE HYDROCHLORIDE,CHEMBL1201102
Drug,721,CHEMBL1201103,METHOXAMINE HYDROCHLORIDE,CHEMBL1201103
Drug,722,CHEMBL1201104,METHENAMINE HIPPURATE,CHEMBL1201104
Drug,723,CHEMBL1201108,CONIVAPTAN HYDROCHLORIDE,CHEMBL1201108
Drug,724,CHEMBL1201109,DESONIDE,CHEMBL1201109
Drug,725,CHEMBL1201110,VALACYCLOVIR HYDROCHLORIDE,CHEMBL1201110
Drug,726,CHEMBL1201112,NELARABINE,CHEMBL1201112
Drug,727,CHEMBL1201115,ESMOLOL HYDROCHLORIDE,CHEMBL1201115
Drug,728,CHEMBL1201116,HETACILLIN,CHEMBL1201116
Drug,729,CHEMBL1201117,METHOCARBAMOL,CHEMBL1201117
Drug,730,CHEMBL1201118,CEFMETAZOLE SODIUM,CHEMBL1201118
Drug,731,CHEMBL1201119,LIOTHYRONINE SODIUM,CHEMBL1201119
Drug,732,CHEMBL1201120,REMIFENTANIL HYDROCHLORIDE,CHEMBL1201120
Drug,733,CHEMBL1201121,HETACILLIN POTASSIUM,CHEMBL1201121
Drug,734,CHEMBL1201124,KETOROLAC TROMETHAMINE,CHEMBL1201124
Drug,735,CHEMBL1201125,IOTHALAMATE MEGLUMINE,CHEMBL1201125
Drug,736,CHEMBL1201127,DARUNAVIR ETHANOLATE,CHEMBL1201127
Drug,737,CHEMBL1201129,DECITABINE,CHEMBL1201129
Drug,738,CHEMBL1201131,PIPERONYL BUTOXIDE,CHEMBL1201131
Drug,739,CHEMBL1201132,NALBUPHINE HYDROCHLORIDE,CHEMBL1201132
Drug,740,CHEMBL1201134,LUBIPROSTONE,CHEMBL1201134
Drug,741,CHEMBL1201136,TITANIUM DIOXIDE,CHEMBL1201136
Drug,742,CHEMBL1201138,LEUCOVORIN CALCIUM,CHEMBL1201138
Drug,743,CHEMBL1201139,MEGESTROL ACETATE,CHEMBL1201139
Drug,744,CHEMBL1201141,IBUPROFEN LYSINE,CHEMBL1201141
Drug,745,CHEMBL1201142,RASAGILINE MESYLATE,CHEMBL1201142
Drug,746,CHEMBL1201146,NORETHINDRONE ACETATE,CHEMBL1201146
Drug,747,CHEMBL1201147,OCTOCRYLENE,CHEMBL1201147
Drug,748,CHEMBL1201148,MEPREDNISONE,CHEMBL1201148
Drug,749,CHEMBL1201149,NALTREXONE HYDROCHLORIDE,CHEMBL1201149
Drug,750,CHEMBL1201150,SUMATRIPTAN SUCCINATE,CHEMBL1201150
Drug,751,CHEMBL1201151,MESTRANOL,CHEMBL1201151
Drug,752,CHEMBL1201152,NALMEFENE HYDROCHLORIDE,CHEMBL1201152
Drug,753,CHEMBL1201153,ISOETHARINE MESYLATE,CHEMBL1201153
Drug,754,CHEMBL1201154,PROCHLORPERAZINE EDISYLATE,CHEMBL1201154
Drug,755,CHEMBL1201155,LOXAPINE SUCCINATE,CHEMBL1201155
Drug,756,CHEMBL1201156,NORTRIPTYLINE HYDROCHLORIDE,CHEMBL1201156
Drug,757,CHEMBL1201159,FENTANYL HYDROCHLORIDE,CHEMBL1201159
Drug,758,CHEMBL1201161,MAFENIDE ACETATE,CHEMBL1201161
Drug,759,CHEMBL1201162,DORZOLAMIDE HYDROCHLORIDE,CHEMBL1201162
Drug,760,CHEMBL1201163,SUFENTANIL CITRATE,CHEMBL1201163
Drug,761,CHEMBL1201167,CARVEDILOL PHOSPHATE,CHEMBL1201167
Drug,762,CHEMBL1201168,ISOCARBOXAZID,CHEMBL1201168
Drug,763,CHEMBL1201170,LITHIUM CITRATE ANHYDROUS,CHEMBL1201170
Drug,764,CHEMBL1201171,PRAMOXINE HYDROCHLORIDE,CHEMBL1201171
Drug,765,CHEMBL1201172,IODAMIDE MEGLUMINE,CHEMBL1201172
Drug,766,CHEMBL1201173,MEDRYSONE,CHEMBL1201173
Drug,767,CHEMBL1201174,SITAGLIPTIN PHOSPHATE,CHEMBL1201174
Drug,768,CHEMBL1201177,LEVOBUNOLOL HYDROCHLORIDE,CHEMBL1201177
Drug,769,CHEMBL1201178,LISDEXAMFETAMINE DIMESYLATE,CHEMBL1201178
Drug,770,CHEMBL1201179,LAPATINIB DITOSYLATE,CHEMBL1201179
Drug,771,CHEMBL1201180,DICLOFENAC EPOLAMINE,CHEMBL1201180
Drug,772,CHEMBL1201182,TEMSIROLIMUS,CHEMBL1201182
Drug,773,CHEMBL1201186,BISMUTH SUBCITRATE POTASSIUM,CHEMBL1201186
Drug,774,CHEMBL1201189,AMMONIA N 13,CHEMBL1201189
Drug,775,CHEMBL1201190,LEVOCETIRIZINE DIHYDROCHLORIDE,CHEMBL1201190
Drug,776,CHEMBL1201191,LEVOCETIRIZINE,CHEMBL1201191
Drug,777,CHEMBL1201192,ARMODAFINIL,CHEMBL1201192
Drug,778,CHEMBL1201193,LEVOBUPIVACAINE,CHEMBL1201193
Drug,779,CHEMBL1201195,CEFMETAZOLE,CHEMBL1201195
Drug,780,CHEMBL1201196,SERTACONAZOLE,CHEMBL1201196
Drug,781,CHEMBL1201197,ALATROFLOXACIN,CHEMBL1201197
Drug,782,CHEMBL1201198,PEMIROLAST,CHEMBL1201198
Drug,783,CHEMBL1201201,METHAMPHETAMINE,CHEMBL1201201
Drug,784,CHEMBL1201203,BENZTROPINE,CHEMBL1201203
Drug,785,CHEMBL1201204,CEFPIRAMIDE,CHEMBL1201204
Drug,786,CHEMBL1201206,PIPECURONIUM,CHEMBL1201206
Drug,787,CHEMBL1201207,BETAMETHASONE PHOSPHORIC ACID,CHEMBL1201207
Drug,788,CHEMBL1201208,PHENMETRAZINE,CHEMBL1201208
Drug,789,CHEMBL1201210,PROPIOMAZINE,CHEMBL1201210
Drug,790,CHEMBL1201212,MIDODRINE,CHEMBL1201212
Drug,791,CHEMBL1201213,ISOETHARINE,CHEMBL1201213
Drug,792,CHEMBL1201216,DAPIPRAZOLE,CHEMBL1201216
Drug,793,CHEMBL1201217,DYCLONINE,CHEMBL1201217
Drug,794,CHEMBL1201218,CEFAMANDOLE NAFATE FREE BASE,CHEMBL1201218
Drug,795,CHEMBL1201219,VECURONIUM,CHEMBL1201219
Drug,796,CHEMBL1201220,DIATRIZOIC ACID,CHEMBL1201220
Drug,797,CHEMBL1201222,LISDEXAMFETAMINE,CHEMBL1201222
Drug,798,CHEMBL1201224,CEFMENOXIME,CHEMBL1201224
Drug,799,CHEMBL1201227,CYCRIMINE,CHEMBL1201227
Drug,800,CHEMBL1201229,DEMECARIUM,CHEMBL1201229
Drug,801,CHEMBL1201231,PREDNISOLONE PHOSPHORIC ACID,CHEMBL1201231
Drug,802,CHEMBL1201232,ISOPROPAMIDE,CHEMBL1201232
Drug,803,CHEMBL1201233,METHYLDOPATE,CHEMBL1201233
Drug,804,CHEMBL1201234,MEPHENTERMINE,CHEMBL1201234
Drug,805,CHEMBL1201235,METHYLHOMATROPINE,CHEMBL1201235
Drug,806,CHEMBL1201236,CARBIDOPA ANHYDROUS,CHEMBL1201236
Drug,807,CHEMBL1201237,LEVOBUNOLOL,CHEMBL1201237
Drug,808,CHEMBL1201239,IODAMIDE,CHEMBL1201239
Drug,809,CHEMBL1201242,INDECAINIDE,CHEMBL1201242
Drug,810,CHEMBL1201243,IPODATE,CHEMBL1201243
Drug,811,CHEMBL1201244,ROCURONIUM,CHEMBL1201244
Drug,812,CHEMBL1201245,BROMODIPHENHYDRAMINE,CHEMBL1201245
Drug,813,CHEMBL1201248,CISATRACURIUM,CHEMBL1201248
Drug,814,CHEMBL1201250,BENZQUINAMIDE,CHEMBL1201250
Drug,815,CHEMBL1201251,ARBUTAMINE,CHEMBL1201251
Drug,816,CHEMBL1201256,TRIMETHOBENZAMIDE,CHEMBL1201256
Drug,817,CHEMBL1201260,BETHANIDINE,CHEMBL1201260
Drug,818,CHEMBL1201261,TYROPANOIC ACID,CHEMBL1201261
Drug,819,CHEMBL1201262,DIPIVEFRIN,CHEMBL1201262
Drug,820,CHEMBL1201263,HYDROCORTAMATE,CHEMBL1201263
Drug,821,CHEMBL1201264,METHANTHELINE,CHEMBL1201264
Drug,822,CHEMBL1201265,METHYLPREDNISOLONE HEMISUCCINATE,CHEMBL1201265
Drug,823,CHEMBL1201266,LODOXAMIDE,CHEMBL1201266
Drug,824,CHEMBL1201269,CHLORPHENTERMINE,CHEMBL1201269
Drug,825,CHEMBL1201270,METHENAMINE,CHEMBL1201270
Drug,826,CHEMBL1201271,BUCLIZINE,CHEMBL1201271
Drug,827,CHEMBL1201273,PROTOKYLOL,CHEMBL1201273
Drug,828,CHEMBL1201274,LEVOBETAXOLOL,CHEMBL1201274
Drug,829,CHEMBL1201275,ISOSULFAN BLUE INNER SALT,CHEMBL1201275
Drug,830,CHEMBL1201281,CHLORAMPHENICOL SUCCINIC ACID,CHEMBL1201281
Drug,831,CHEMBL1201284,CINACALCET,CHEMBL1201284
Drug,832,CHEMBL1201286,OXYPHENONIUM,CHEMBL1201286
Drug,833,CHEMBL1201287,DEXBROMPHENIRAMINE,CHEMBL1201287
Drug,834,CHEMBL1201288,DANTROLENE,CHEMBL1201288
Drug,835,CHEMBL1201289,CLINDAMYCIN PALMITATE,CHEMBL1201289
Drug,836,CHEMBL1201291,IOXAGLIC ACID,CHEMBL1201291
Drug,837,CHEMBL1201293,ACAMPROSATE,CHEMBL1201293
Drug,838,CHEMBL1201294,DIPHENOXYLATE,CHEMBL1201294
Drug,839,CHEMBL1201295,BITOLTEROL,CHEMBL1201295
Drug,840,CHEMBL1201300,IOTHALAMIC ACID,CHEMBL1201300
Drug,841,CHEMBL1201301,MANGAFODIPIR,CHEMBL1201301
Drug,842,CHEMBL1201302,DEXAMETHASONE PHOSPHORIC ACID,CHEMBL1201302
Drug,843,CHEMBL1201303,PYRVINIUM,CHEMBL1201303
Drug,844,CHEMBL1201304,INDOCYANINE GREEN ACID FORM,CHEMBL1201304
Drug,845,CHEMBL1201308,IOFETAMINE,CHEMBL1201308
Drug,846,CHEMBL1201313,CHLOPHEDIANOL,CHEMBL1201313
Drug,847,CHEMBL1201314,VALGANCICLOVIR,CHEMBL1201314
Drug,848,CHEMBL1201317,TRICLOFOS,CHEMBL1201317
Drug,849,CHEMBL1201319,METARAMINOL,CHEMBL1201319
Drug,850,CHEMBL1201320,ESOMEPRAZOLE,CHEMBL1201320
Drug,851,CHEMBL1201321,DIFENOXIN,CHEMBL1201321
Drug,852,CHEMBL1201322,THONZONIUM,CHEMBL1201322
Drug,853,CHEMBL1201323,BETAZOLE,CHEMBL1201323
Drug,854,CHEMBL1201325,HEXOCYCLIUM,CHEMBL1201325
Drug,855,CHEMBL1201327,ACETRIZOIC ACID,CHEMBL1201327
Drug,856,CHEMBL1201328,CARPHENAZINE,CHEMBL1201328
Drug,857,CHEMBL1201329,TRIMETHAPHAN,CHEMBL1201329
Drug,858,CHEMBL1201335,GLYCOPYRRONIUM,CHEMBL1201335
Drug,859,CHEMBL1201336,FOSPHENYTOIN,CHEMBL1201336
Drug,860,CHEMBL1201338,CYCLOPENTOLATE,CHEMBL1201338
Drug,861,CHEMBL1201340,DIPHEMANIL,CHEMBL1201340
Drug,862,CHEMBL1201341,ECHOTHIOPHATE,CHEMBL1201341
Drug,863,CHEMBL1201342,METHIXENE,CHEMBL1201342
Drug,864,CHEMBL1201345,TETRADECYL SULFURIC ACID,CHEMBL1201345
Drug,865,CHEMBL1201346,BALSALAZIDE,CHEMBL1201346
Drug,866,CHEMBL1201347,ANILERIDINE,CHEMBL1201347
Drug,867,CHEMBL1201348,MENADIOL DIPHOSPHORIC ACID,CHEMBL1201348
Drug,868,CHEMBL1201349,HEXAFLUORENIUM,CHEMBL1201349
Drug,869,CHEMBL1201352,RAPACURONIUM,CHEMBL1201352
Drug,870,CHEMBL1201353,DEXCHLORPHENIRAMINE,CHEMBL1201353
Drug,871,CHEMBL1201354,TRIDIHEXETHYL,CHEMBL1201354
Drug,872,CHEMBL1201356,METHYLERGONOVINE,CHEMBL1201356
Drug,873,CHEMBL1201421,PEGAPTANIB SODIUM,CHEMBL1201421
Drug,874,CHEMBL1201461,DEXTROMETHORPHAN POLISTIREX,CHEMBL1201461
Drug,875,CHEMBL1201463,CODEINE POLISTIREX,CHEMBL1201463
Drug,876,CHEMBL1201470,HYDROCODONE POLISTIREX,CHEMBL1201470
Drug,877,CHEMBL1201477,POLYESTRADIOL PHOSPHATE,CHEMBL1201477
Drug,878,CHEMBL1201479,POLYETHYLENE GLYCOL 3350,CHEMBL1201479
Drug,879,CHEMBL1201480,POLYTETRAFLUOROETHYLENE,CHEMBL1201480
Drug,880,CHEMBL1201481,PORFIMER SODIUM,CHEMBL1201481
Drug,881,CHEMBL1201483,PSEUDOEPHEDRINE POLISTIREX,CHEMBL1201483
Drug,882,CHEMBL1201484,SODIUM POLYSTYRENE SULFONATE,CHEMBL1201484
Drug,883,CHEMBL1201486,QUINIDINE POLYGALACTURONATE,CHEMBL1201486
Drug,884,CHEMBL1201492,SEVELAMER HYDROCHLORIDE,CHEMBL1201492
Drug,885,CHEMBL1201507,GLATIRAMER ACETATE,CHEMBL1201507
Drug,886,CHEMBL1201516,PENTOSAN POLYSULFATE SODIUM,CHEMBL1201516
Drug,887,CHEMBL1201517,PERFLUOROPOLYMETHYLISOPROPYL ETHER,CHEMBL1201517
Drug,888,CHEMBL1201525,TECHNETIUM TC-99M POLYPHOSPHATE KIT,CHEMBL1201525
Drug,889,CHEMBL1201535,PHENYLPROPANOLAMINE POLISTIREX,CHEMBL1201535
Drug,890,CHEMBL1201659,CHLORPHENIRAMINE POLISTIREX,CHEMBL1201659
Drug,891,CHEMBL1201728,DESVENLAFAXINE SUCCINATE,CHEMBL1201728
Drug,892,CHEMBL1201729,DRONEDARONE HYDROCHLORIDE,CHEMBL1201729
Drug,893,CHEMBL1201731,NEBIVOLOL HYDROCHLORIDE,CHEMBL1201731
Drug,894,CHEMBL1201733,PAZOPANIB HYDROCHLORIDE,CHEMBL1201733
Drug,895,CHEMBL1201734,BENDAMUSTINE HYDROCHLORIDE,CHEMBL1201734
Drug,896,CHEMBL1201735,BUPROPION HYDROBROMIDE,CHEMBL1201735
Drug,897,CHEMBL1201740,NILOTINIB HYDROCHLORIDE MONOHYDRATE,CHEMBL1201740
Drug,898,CHEMBL1201743,SAXAGLIPTIN HYDROCHLORIDE,CHEMBL1201743
Drug,899,CHEMBL1201745,CHOLINE FENOFIBRATE,CHEMBL1201745
Drug,900,CHEMBL1201746,PRALATREXATE,CHEMBL1201746
Drug,901,CHEMBL1201747,ALCAFTADINE,CHEMBL1201747
Drug,902,CHEMBL1201748,CABAZITAXEL,CHEMBL1201748
Drug,903,CHEMBL1201749,DIFLUPREDNATE,CHEMBL1201749
Drug,904,CHEMBL1201752,IXABEPILONE,CHEMBL1201752
Drug,905,CHEMBL1201753,PITAVASTATIN,CHEMBL1201753
Drug,906,CHEMBL1201754,RUFINAMIDE,CHEMBL1201754
Drug,907,CHEMBL1201758,BEPOTASTINE,CHEMBL1201758
Drug,908,CHEMBL1201759,BEPOTASTINE BESYLATE,CHEMBL1201759
Drug,909,CHEMBL1201760,BESIFLOXACIN,CHEMBL1201760
Drug,910,CHEMBL1201761,BESIFLOXACIN HYDROCHLORIDE,CHEMBL1201761
Drug,911,CHEMBL1201764,FESOTERODINE,CHEMBL1201764
Drug,912,CHEMBL1201765,FESOTERODINE FUMARATE,CHEMBL1201765
Drug,913,CHEMBL1201766,FOSPROPOFOL,CHEMBL1201766
Drug,914,CHEMBL1201770,METHYLNALTREXONE BROMIDE,CHEMBL1201770
Drug,915,CHEMBL1201772,PRASUGREL,CHEMBL1201772
Drug,916,CHEMBL1201773,PRASUGREL HYDROCHLORIDE,CHEMBL1201773
Drug,917,CHEMBL1201774,SAPROPTERIN,CHEMBL1201774
Drug,918,CHEMBL1201775,SAPROPTERIN DIHYDROCHLORIDE,CHEMBL1201775
Drug,919,CHEMBL1201776,TAPENTADOL,CHEMBL1201776
Drug,920,CHEMBL1201777,TAPENTADOL HYDROCHLORIDE,CHEMBL1201777
Drug,921,CHEMBL1201780,CARGLUMIC ACID,CHEMBL1201780
Drug,922,CHEMBL1201782,FOSAPREPITANT DIMEGLUMINE,CHEMBL1201782
Drug,923,CHEMBL1201784,HEXAMINOLEVULINATE,CHEMBL1201784
Drug,924,CHEMBL1201785,HEXAMINOLEVULINATE HYDROCHLORIDE,CHEMBL1201785
Drug,925,CHEMBL1201786,LAPYRIUM,CHEMBL1201786
Drug,926,CHEMBL1201787,LAPYRIUM CHLORIDE,CHEMBL1201787
Drug,927,CHEMBL1201794,RIBOFLAVIN 5'-PHOSPHATE,CHEMBL1201794
Drug,928,CHEMBL1201863,DEXLANSOPRAZOLE,CHEMBL1201863
Drug,929,CHEMBL1201864,DIENOGEST,CHEMBL1201864
Drug,930,CHEMBL1201891,DEFLAZACORT,CHEMBL1201891
Drug,931,CHEMBL1202,CIPROFLOXACIN HYDROCHLORIDE,CHEMBL1202
Drug,932,CHEMBL1204165,DILEVALOL HYDROCHLORIDE,CHEMBL1204165
Drug,933,CHEMBL1204187,GEPIRONE HYDROCHLORIDE,CHEMBL1204187
Drug,934,CHEMBL1205,NELFINAVIR MESYLATE,CHEMBL1205
Drug,935,CHEMBL1206,ETHOPROPAZINE,CHEMBL1206
Drug,936,CHEMBL1206690,PARECOXIB,CHEMBL1206690
Drug,937,CHEMBL1208,CINOXACIN,CHEMBL1208
Drug,938,CHEMBL1208155,ELAGOLIX,CHEMBL1208155
Drug,939,CHEMBL1208422,ROSE BENGAL FREE ACID,CHEMBL1208422
Drug,940,CHEMBL1208642,THIOSULFURIC ACID,CHEMBL1208642
Drug,941,CHEMBL1208646,THEOPHYLLINE GLYCINATE,CHEMBL1208646
Drug,942,CHEMBL121,ROSIGLITAZONE,CHEMBL121
Drug,943,CHEMBL1213165,DOLUTEGRAVIR SODIUM,CHEMBL1213165
Drug,944,CHEMBL1213250,CEFTOLOZANE SULFATE,CHEMBL1213250
Drug,945,CHEMBL1213251,CLOBENZOREX,CHEMBL1213251
Drug,946,CHEMBL1213252,CLORAZEPIC ACID,CHEMBL1213252
Drug,947,CHEMBL1213351,PROPOXYPHENE,CHEMBL1213351
Drug,948,CHEMBL1213492,GIVINOSTAT,CHEMBL1213492
Drug,949,CHEMBL1214,CARBENICILLIN,CHEMBL1214
Drug,950,CHEMBL1214124,PERAMPANEL,CHEMBL1214124
Drug,951,CHEMBL1215,PHENYLEPHRINE,CHEMBL1215
Drug,952,CHEMBL121663,DEQUALINIUM CHLORIDE,CHEMBL121663
Drug,953,CHEMBL1218,RAMELTEON,CHEMBL1218
Drug,954,CHEMBL1219,RABEPRAZOLE,CHEMBL1219
Drug,955,CHEMBL122,ROFECOXIB,CHEMBL122
Drug,956,CHEMBL1220,TINIDAZOLE,CHEMBL1220
Drug,957,CHEMBL1221,SULCONAZOLE,CHEMBL1221
Drug,958,CHEMBL1222250,DEXTROSE,CHEMBL1222250
Drug,959,CHEMBL1223,PENICILLIN G POTASSIUM,CHEMBL1223
Drug,960,CHEMBL1224,ACRIVASTINE,CHEMBL1224
Drug,961,CHEMBL1228,OXYPHENBUTAZONE ANHYDROUS,CHEMBL1228
Drug,962,CHEMBL1229,OSELTAMIVIR,CHEMBL1229
Drug,963,CHEMBL1229211,DOLUTEGRAVIR,CHEMBL1229211
Drug,964,CHEMBL1229517,VEMURAFENIB,CHEMBL1229517
Drug,965,CHEMBL1230314,ESTETROL ANHYDROUS,CHEMBL1230314
Drug,966,CHEMBL1231,OXYBUTYNIN,CHEMBL1231
Drug,967,CHEMBL1231574,LEVOMEFOLIC ACID,CHEMBL1231574
Drug,968,CHEMBL1232,ERTAPENEM SODIUM,CHEMBL1232
Drug,969,CHEMBL1233,CARISOPRODOL,CHEMBL1233
Drug,970,CHEMBL1233877,KRYPTON,CHEMBL1233877
Drug,971,CHEMBL1234,DEFEROXAMINE MESYLATE,CHEMBL1234
Drug,972,CHEMBL1234886,OXYGEN,CHEMBL1234886
Drug,973,CHEMBL1235452,SULFUR,CHEMBL1235452
Drug,974,CHEMBL1236315,TARTARIC ACID,CHEMBL1236315
Drug,975,CHEMBL1236802,XENON,CHEMBL1236802
Drug,976,CHEMBL1236821,XYLOSE,CHEMBL1236821
Drug,977,CHEMBL1237,LISINOPRIL ANHYDROUS,CHEMBL1237
Drug,978,CHEMBL1237021,LURASIDONE,CHEMBL1237021
Drug,979,CHEMBL1237044,TRAMADOL,CHEMBL1237044
Drug,980,CHEMBL1237054,PLICAMYCIN,CHEMBL1237054
Drug,981,CHEMBL1237055,HYDROMORPHONE HYDROCHLORIDE,CHEMBL1237055
Drug,982,CHEMBL1237061,PITAVASTATIN CALCIUM,CHEMBL1237061
Drug,983,CHEMBL1237065,TRAMADOL HYDROCHLORIDE,CHEMBL1237065
Drug,984,CHEMBL1237066,CALCIUM GLUCEPTATE,CHEMBL1237066
Drug,985,CHEMBL1237070,MICAFUNGIN SODIUM,CHEMBL1237070
Drug,986,CHEMBL1237072,DIRITHROMYCIN,CHEMBL1237072
Drug,987,CHEMBL1237080,GRANISETRON HYDROCHLORIDE,CHEMBL1237080
Drug,988,CHEMBL1237082,MECAMYLAMINE HYDROCHLORIDE,CHEMBL1237082
Drug,989,CHEMBL1237099,DOXACURIUM CHLORIDE,CHEMBL1237099
Drug,990,CHEMBL1237102,LEVOCABASTINE HYDROCHLORIDE,CHEMBL1237102
Drug,991,CHEMBL1237104,PROPOXYPHENE HYDROCHLORIDE,CHEMBL1237104
Drug,992,CHEMBL1237105,CARBOPROST TROMETHAMINE,CHEMBL1237105
Drug,993,CHEMBL1237111,TECHNETIUM TC 99M BICISATE,CHEMBL1237111
Drug,994,CHEMBL1237119,TREPROSTINIL,CHEMBL1237119
Drug,995,CHEMBL1237122,CARBOPROST,CHEMBL1237122
Drug,996,CHEMBL1237123,DOXACURIUM,CHEMBL1237123
Drug,997,CHEMBL1237132,CLEVIDIPINE,CHEMBL1237132
Drug,998,CHEMBL1237135,MAPROTILINE HYDROCHLORIDE,CHEMBL1237135
Drug,999,CHEMBL1238,AZELAIC ACID,CHEMBL1238
Drug,1000,CHEMBL1239,BENZYL BENZOATE,CHEMBL1239
Drug,1001,CHEMBL1240,PROPANTHELINE BROMIDE,CHEMBL1240
Drug,1002,CHEMBL1241,TRIPELENNAMINE,CHEMBL1241
Drug,1003,CHEMBL1241951,LETERMOVIR,CHEMBL1241951
Drug,1004,CHEMBL1242,PHENAZOPYRIDINE,CHEMBL1242
Drug,1005,CHEMBL1243,SULFABENZAMIDE,CHEMBL1243
Drug,1006,CHEMBL1245,TRIMETHAPHAN CAMSYLATE,CHEMBL1245
Drug,1007,CHEMBL125,MILTEFOSINE,CHEMBL125
Drug,1008,CHEMBL1254682,LEVALLORPHAN,CHEMBL1254682
Drug,1009,CHEMBL1255654,TETRACAINE HYDROCHLORIDE,CHEMBL1255654
Drug,1010,CHEMBL1255739,METHAPYRILENE HYDROCHLORIDE,CHEMBL1255739
Drug,1011,CHEMBL1255800,FIDAXOMICIN,CHEMBL1255800
Drug,1012,CHEMBL1256,ISOFLURANE,CHEMBL1256
Drug,1013,CHEMBL1256137,CYSTEAMINE HYDROCHLORIDE,CHEMBL1256137
Drug,1014,CHEMBL1256391,PIRFENIDONE,CHEMBL1256391
Drug,1015,CHEMBL1256696,CARBETAPENTANE CITRATE,CHEMBL1256696
Drug,1016,CHEMBL1256786,FORMOTEROL,CHEMBL1256786
Drug,1017,CHEMBL1256818,DEXTROMETHORPHAN HYDROBROMIDE,CHEMBL1256818
Drug,1018,CHEMBL1256841,NIALAMIDE,CHEMBL1256841
Drug,1019,CHEMBL1256842,NOMIFENSINE MALEATE,CHEMBL1256842
Drug,1020,CHEMBL1256958,EPINEPHRINE BITARTRATE,CHEMBL1256958
Drug,1021,CHEMBL1257,ENFLURANE,CHEMBL1257
Drug,1022,CHEMBL1257040,TRIFLUOPERAZINE HYDROCHLORIDE,CHEMBL1257040
Drug,1023,CHEMBL1257073,TECOVIRIMAT,CHEMBL1257073
Drug,1024,CHEMBL1259,METOCURINE,CHEMBL1259
Drug,1025,CHEMBL1259059,SOFOSBUVIR,CHEMBL1259059
Drug,1026,CHEMBL126,LINEZOLID,CHEMBL126
Drug,1027,CHEMBL1261,CITRIC ACID,CHEMBL1261
Drug,1028,CHEMBL1262,OXICONAZOLE,CHEMBL1262
Drug,1029,CHEMBL1263,SALMETEROL,CHEMBL1263
Drug,1030,CHEMBL1265,ADAPALENE,CHEMBL1265
Drug,1031,CHEMBL1266,TETRAHYDROZOLINE,CHEMBL1266
Drug,1032,CHEMBL1269025,EDOXABAN,CHEMBL1269025
Drug,1033,CHEMBL127,MEROPENEM,CHEMBL127
Drug,1034,CHEMBL1271,PENTOLINIUM,CHEMBL1271
Drug,1035,CHEMBL12713,SERTINDOLE,CHEMBL12713
Drug,1036,CHEMBL1272,REPAGLINIDE,CHEMBL1272
Drug,1037,CHEMBL1274,NILUTAMIDE,CHEMBL1274
Drug,1038,CHEMBL1275,PERGOLIDE MESYLATE,CHEMBL1275
Drug,1039,CHEMBL127516,BUTAMBEN,CHEMBL127516
Drug,1040,CHEMBL1276308,MIFEPRISTONE,CHEMBL1276308
Drug,1041,CHEMBL1278,NARATRIPTAN,CHEMBL1278
Drug,1042,CHEMBL1279,FROVATRIPTAN,CHEMBL1279
Drug,1043,CHEMBL128,SUMATRIPTAN,CHEMBL128
Drug,1044,CHEMBL1280,VERAPAMIL HYDROCHLORIDE,CHEMBL1280
Drug,1045,CHEMBL1282,IMIQUIMOD,CHEMBL1282
Drug,1046,CHEMBL12856,INAMRINONE,CHEMBL12856
Drug,1047,CHEMBL1286,LEVETIRACETAM,CHEMBL1286
Drug,1048,CHEMBL1287853,FEDRATINIB,CHEMBL1287853
Drug,1049,CHEMBL1289,HALOPROGIN,CHEMBL1289
Drug,1050,CHEMBL1289494,TIVOZANIB,CHEMBL1289494
Drug,1051,CHEMBL1289601,LENVATINIB,CHEMBL1289601
Drug,1052,CHEMBL1289926,AXITINIB,CHEMBL1289926
Drug,1053,CHEMBL129,ZIDOVUDINE,CHEMBL129
Drug,1054,CHEMBL1290,PENBUTOLOL,CHEMBL1290
Drug,1055,CHEMBL1291,METIPRANOLOL,CHEMBL1291
Drug,1056,CHEMBL1292,CLOFAZIMINE,CHEMBL1292
Drug,1057,CHEMBL1293,BETA CAROTENE,CHEMBL1293
Drug,1058,CHEMBL1294,QUINIDINE,CHEMBL1294
Drug,1059,CHEMBL1295,BUTOCONAZOLE,CHEMBL1295
Drug,1060,CHEMBL1296,CEFOTIAM,CHEMBL1296
Drug,1061,CHEMBL1297,FENOPROFEN,CHEMBL1297
Drug,1062,CHEMBL13,METOPROLOL,CHEMBL13
Drug,1063,CHEMBL130,CHLORAMPHENICOL,CHEMBL130
Drug,1064,CHEMBL1301,HYDROXYSTILBAMIDINE,CHEMBL1301
Drug,1065,CHEMBL1303,ROTIGOTINE,CHEMBL1303
Drug,1066,CHEMBL1305,ANTAZOLINE,CHEMBL1305
Drug,1067,CHEMBL1308,FOMEPIZOLE,CHEMBL1308
Drug,1068,CHEMBL131,PREDNISOLONE,CHEMBL131
Drug,1069,CHEMBL1311,ISOSORBIDE MONONITRATE,CHEMBL1311
Drug,1070,CHEMBL1314,TIOPRONIN,CHEMBL1314
Drug,1071,CHEMBL1314751,PROCHLORPERAZINE MALEATE,CHEMBL1314751
Drug,1072,CHEMBL1315867,TERBUTALINE SULFATE,CHEMBL1315867
Drug,1073,CHEMBL1316,CARPROFEN,CHEMBL1316
Drug,1074,CHEMBL1318287,PENTOLINIUM TARTRATE,CHEMBL1318287
Drug,1075,CHEMBL1321,PROCARBAZINE,CHEMBL1321
Drug,1076,CHEMBL1322884,PHENOTHRIN,CHEMBL1322884
Drug,1077,CHEMBL1323,DARUNAVIR,CHEMBL1323
Drug,1078,CHEMBL1324,TOLCAPONE,CHEMBL1324
Drug,1079,CHEMBL1328,PENTAGASTRIN,CHEMBL1328
Drug,1080,CHEMBL13280,FLUNITRAZEPAM,CHEMBL13280
Drug,1081,CHEMBL1330792,ACETARSONE,CHEMBL1330792
Drug,1082,CHEMBL1334033,PERHEXILINE MALEATE,CHEMBL1334033
Drug,1083,CHEMBL1336,SORAFENIB,CHEMBL1336
Drug,1084,CHEMBL1337,NITISINONE,CHEMBL1337
Drug,1085,CHEMBL13376,CLOMETACIN,CHEMBL13376
Drug,1086,CHEMBL1339,VARDENAFIL HYDROCHLORIDE,CHEMBL1339
Drug,1087,CHEMBL134,CLONIDINE,CHEMBL134
Drug,1088,CHEMBL1341,METHOXYFLURANE,CHEMBL1341
Drug,1089,CHEMBL1342,OXYBATE,CHEMBL1342
Drug,1090,CHEMBL1345,GUANETHIDINE MONOSULFATE,CHEMBL1345
Drug,1091,CHEMBL1346,DARIFENACIN,CHEMBL1346
Drug,1092,CHEMBL1349,VALACYCLOVIR,CHEMBL1349
Drug,1093,CHEMBL135,ESTRADIOL,CHEMBL135
Drug,1094,CHEMBL1350,TILUDRONIC ACID,CHEMBL1350
Drug,1095,CHEMBL1351,CARBOPLATIN,CHEMBL1351
Drug,1096,CHEMBL1353,SODIUM BICARBONATE,CHEMBL1353
Drug,1097,CHEMBL1354,SODIUM ACETATE,CHEMBL1354
Drug,1098,CHEMBL135400,ZOPICLONE,CHEMBL135400
Drug,1099,CHEMBL1354199,METHSCOPOLAMINE BROMIDE,CHEMBL1354199
Drug,1100,CHEMBL1355,SODIUM CITRATE,CHEMBL1355
Drug,1101,CHEMBL1356,SODIUM BENZOATE,CHEMBL1356
Drug,1102,CHEMBL1356238,PYRITHIONE,CHEMBL1356238
Drug,1103,CHEMBL1357,SODIUM LACTATE,CHEMBL1357
Drug,1104,CHEMBL1357648,AMODIAQUINE HYDROCHLORIDE,CHEMBL1357648
Drug,1105,CHEMBL1358,FULVESTRANT,CHEMBL1358
Drug,1106,CHEMBL1359,ERTAPENEM,CHEMBL1359
Drug,1107,CHEMBL1360,ATRACURIUM,CHEMBL1360
Drug,1108,CHEMBL1363,ARFORMOTEROL,CHEMBL1363
Drug,1109,CHEMBL1364,PYRIDOXINE,CHEMBL1364
Drug,1110,CHEMBL1364144,METHYLPREDNISOLONE ACETATE,CHEMBL1364144
Drug,1111,CHEMBL1364551,MINAPRINE HYDROCHLORIDE,CHEMBL1364551
Drug,1112,CHEMBL136478,SODIUM NITROPRUSSIDE,CHEMBL136478
Drug,1113,CHEMBL1366,AURANOFIN,CHEMBL1366
Drug,1114,CHEMBL1367605,RITODRINE HYDROCHLORIDE,CHEMBL1367605
Drug,1115,CHEMBL1368,"SODIUM PHOSPHATE, MONOBASIC",CHEMBL1368
Drug,1116,CHEMBL137,METRONIDAZOLE,CHEMBL137
Drug,1117,CHEMBL1370,BUDESONIDE,CHEMBL1370
Drug,1118,CHEMBL1371,CHLORZOXAZONE,CHEMBL1371
Drug,1119,CHEMBL1372,OXIGLUTATIONE,CHEMBL1372
Drug,1120,CHEMBL1373,MODAFINIL,CHEMBL1373
Drug,1121,CHEMBL1374379,BENZONATATE,CHEMBL1374379
Drug,1122,CHEMBL1375743,ZIPRASIDONE HYDROCHLORIDE,CHEMBL1375743
Drug,1123,CHEMBL1377,PROGUANIL,CHEMBL1377
Drug,1124,CHEMBL1378,THIETHYLPERAZINE,CHEMBL1378
Drug,1125,CHEMBL1380,ABACAVIR,CHEMBL1380
Drug,1126,CHEMBL1382,TOLTERODINE,CHEMBL1382
Drug,1127,CHEMBL1382627,"SULFADIAZINE, SILVER",CHEMBL1382627
Drug,1128,CHEMBL1384,KANAMYCIN,CHEMBL1384
Drug,1129,CHEMBL1387,NORETHYNODREL,CHEMBL1387
Drug,1130,CHEMBL1388,MONOBENZONE,CHEMBL1388
Drug,1131,CHEMBL1389,LEVONORGESTREL,CHEMBL1389
Drug,1132,CHEMBL139,DICLOFENAC,CHEMBL139
Drug,1133,CHEMBL1393,SPIRONOLACTONE,CHEMBL1393
Drug,1134,CHEMBL139367,PERAMIVIR ANHYDROUS,CHEMBL139367
Drug,1135,CHEMBL1395,METHYLTESTOSTERONE,CHEMBL1395
Drug,1136,CHEMBL1397,POSACONAZOLE,CHEMBL1397
Drug,1137,CHEMBL1398126,AMILORIDE HYDROCHLORIDE,CHEMBL1398126
Drug,1138,CHEMBL139877,SULFACARBAMIDE,CHEMBL139877
Drug,1139,CHEMBL1399,ANASTROZOLE,CHEMBL1399
Drug,1140,CHEMBL14,CARBACHOL,CHEMBL14
Drug,1141,CHEMBL1401,NITAZOXANIDE,CHEMBL1401
Drug,1142,CHEMBL1402684,OXYPHENISATIN ACETATE,CHEMBL1402684
Drug,1143,CHEMBL1404,RANOLAZINE,CHEMBL1404
Drug,1144,CHEMBL1405,ESTRONE,CHEMBL1405
Drug,1145,CHEMBL14060,PHENOL,CHEMBL14060
Drug,1146,CHEMBL1409,FLUVOXAMINE MALEATE,CHEMBL1409
Drug,1147,CHEMBL141,LAMIVUDINE,CHEMBL141
Drug,1148,CHEMBL1410,NONOXYNOL 9,CHEMBL1410
Drug,1149,CHEMBL1411979,METHAPYRILENE,CHEMBL1411979
Drug,1150,CHEMBL1412,PIPERAZINE,CHEMBL1412
Drug,1151,CHEMBL1413,CICLOPIROX,CHEMBL1413
Drug,1152,CHEMBL141305,CYCLOFENIL,CHEMBL141305
Drug,1153,CHEMBL1414320,SUXIBUZONE,CHEMBL1414320
Drug,1154,CHEMBL1417019,MITOXANTRONE HYDROCHLORIDE,CHEMBL1417019
Drug,1155,CHEMBL1418176,METHANDROSTENOLONE,CHEMBL1418176
Drug,1156,CHEMBL1419,SIBUTRAMINE,CHEMBL1419
Drug,1157,CHEMBL1420,PRALIDOXIME,CHEMBL1420
Drug,1158,CHEMBL1421,DASATINIB ANHYDROUS,CHEMBL1421
Drug,1159,CHEMBL1422,SITAGLIPTIN,CHEMBL1422
Drug,1160,CHEMBL1423,PIMOZIDE,CHEMBL1423
Drug,1161,CHEMBL142438,NITROGEN,CHEMBL142438
Drug,1162,CHEMBL1425,MERCAPTOPURINE ANHYDROUS,CHEMBL1425
Drug,1163,CHEMBL142635,NAFTOPIDIL,CHEMBL142635
Drug,1164,CHEMBL142703,VILDAGLIPTIN,CHEMBL142703
Drug,1165,CHEMBL1428,NIMODIPINE,CHEMBL1428
Drug,1166,CHEMBL1430,PENICILLAMINE,CHEMBL1430
Drug,1167,CHEMBL1431,METFORMIN,CHEMBL1431
Drug,1168,CHEMBL1433,DOXYCYCLINE ANHYDROUS,CHEMBL1433
Drug,1169,CHEMBL1434,MINOCYCLINE,CHEMBL1434
Drug,1170,CHEMBL1434513,NOREPINEPHRINE BITARTRATE,CHEMBL1434513
Drug,1171,CHEMBL1435,CEFAZOLIN,CHEMBL1435
Drug,1172,CHEMBL1436,CEFUROXIME,CHEMBL1436
Drug,1173,CHEMBL1437,NOREPINEPHRINE,CHEMBL1437
Drug,1174,CHEMBL14370,REBOXETINE,CHEMBL14370
Drug,1175,CHEMBL14376,ILOPERIDONE,CHEMBL14376
Drug,1176,CHEMBL1439,TAZOBACTAM SODIUM,CHEMBL1439
Drug,1177,CHEMBL1440,TETRACYCLINE,CHEMBL1440
Drug,1178,CHEMBL1441,ETHIONAMIDE,CHEMBL1441
Drug,1179,CHEMBL1441059,ALBUTEROL SULFATE,CHEMBL1441059
Drug,1180,CHEMBL1442422,DIBENZEPIN,CHEMBL1442422
Drug,1181,CHEMBL1443,NAFCILLIN,CHEMBL1443
Drug,1182,CHEMBL1444,LETROZOLE,CHEMBL1444
Drug,1183,CHEMBL1445,FLUOXYMESTERONE,CHEMBL1445
Drug,1184,CHEMBL1446,KANAMYCIN SULFATE,CHEMBL1446
Drug,1185,CHEMBL1447,LINCOMYCIN,CHEMBL1447
Drug,1186,CHEMBL1447476,BITHIONOLATE SODIUM,CHEMBL1447476
Drug,1187,CHEMBL1447815,INDIUM CHLORIDE,CHEMBL1447815
Drug,1188,CHEMBL1448,NICLOSAMIDE,CHEMBL1448
Drug,1189,CHEMBL1448187,FLUPHENAZINE HYDROCHLORIDE,CHEMBL1448187
Drug,1190,CHEMBL1449,TICARCILLIN,CHEMBL1449
Drug,1191,CHEMBL1450,ATOVAQUONE,CHEMBL1450
Drug,1192,CHEMBL1451,TRIAMCINOLONE,CHEMBL1451
Drug,1193,CHEMBL1452696,FEPRAZONE,CHEMBL1452696
Drug,1194,CHEMBL1454,LEVAMISOLE,CHEMBL1454
Drug,1195,CHEMBL1454910,NITROXOLINE,CHEMBL1454910
Drug,1196,CHEMBL1455,ALTRETAMINE,CHEMBL1455
Drug,1197,CHEMBL1456,MYCOPHENOLATE MOFETIL,CHEMBL1456
Drug,1198,CHEMBL1457,HYDROCODONE,CHEMBL1457
Drug,1199,CHEMBL1460,DIDANOSINE,CHEMBL1460
Drug,1200,CHEMBL146095,GLAFENINE,CHEMBL146095
Drug,1201,CHEMBL1463,FLUCYTOSINE,CHEMBL1463
Drug,1202,CHEMBL1463345,CANRENONE,CHEMBL1463345
Drug,1203,CHEMBL1464,WARFARIN,CHEMBL1464
Drug,1204,CHEMBL1465,PHENPROCOUMON,CHEMBL1465
Drug,1205,CHEMBL1466,DICUMAROL,CHEMBL1466
Drug,1206,CHEMBL1467,ALLOPURINOL,CHEMBL1467
Drug,1207,CHEMBL1469,PHENYLBUTANOIC ACID,CHEMBL1469
Drug,1208,CHEMBL1471,APREPITANT,CHEMBL1471
Drug,1209,CHEMBL1472989,BISOPROLOL FUMARATE,CHEMBL1472989
Drug,1210,CHEMBL1473,FLUTICASONE PROPIONATE,CHEMBL1473
Drug,1211,CHEMBL1474889,CLOBUTINOL,CHEMBL1474889
Drug,1212,CHEMBL1474963,BENZARONE,CHEMBL1474963
Drug,1213,CHEMBL1475,TRIOXSALEN,CHEMBL1475
Drug,1214,CHEMBL1477,CERIVASTATIN,CHEMBL1477
Drug,1215,CHEMBL1479,DANAZOL,CHEMBL1479
Drug,1216,CHEMBL148,IMIPENEM ANHYDROUS,CHEMBL148
Drug,1217,CHEMBL1480,FELODIPINE,CHEMBL1480
Drug,1218,CHEMBL1481,GLIMEPIRIDE,CHEMBL1481
Drug,1219,CHEMBL1482,BETHANECHOL,CHEMBL1482
Drug,1220,CHEMBL1483,ALBENDAZOLE,CHEMBL1483
Drug,1221,CHEMBL1484,NICARDIPINE,CHEMBL1484
Drug,1222,CHEMBL1486,TENOFOVIR DISOPROXIL FUMARATE,CHEMBL1486
Drug,1223,CHEMBL1487,ATORVASTATIN,CHEMBL1487
Drug,1224,CHEMBL1488,URACIL MUSTARD,CHEMBL1488
Drug,1225,CHEMBL1489,AZACITIDINE,CHEMBL1489
Drug,1226,CHEMBL1490,TRIHEXYPHENIDYL,CHEMBL1490
Drug,1227,CHEMBL1491,AMLODIPINE,CHEMBL1491
Drug,1228,CHEMBL1492,DIPHENYLPYRALINE,CHEMBL1492
Drug,1229,CHEMBL1493,FLAVOXATE,CHEMBL1493
Drug,1230,CHEMBL1495,OXYPHENCYCLIMINE,CHEMBL1495
Drug,1231,CHEMBL1496,ROSUVASTATIN,CHEMBL1496
Drug,1232,CHEMBL1497,BETAMETHASONE VALERATE,CHEMBL1497
Drug,1233,CHEMBL149972,PHENOBARBITAL SODIUM,CHEMBL149972
Drug,1234,CHEMBL1500276,OXELADIN,CHEMBL1500276
Drug,1235,CHEMBL1501,FLUOCINONIDE,CHEMBL1501
Drug,1236,CHEMBL1502,PANTOPRAZOLE,CHEMBL1502
Drug,1237,CHEMBL1503,OMEPRAZOLE,CHEMBL1503
Drug,1238,CHEMBL1504,TRIAMCINOLONE ACETONIDE,CHEMBL1504
Drug,1239,CHEMBL1505,ALMOTRIPTAN,CHEMBL1505
Drug,1240,CHEMBL1508,ESCITALOPRAM,CHEMBL1508
Drug,1241,CHEMBL1509,DROSPIRENONE,CHEMBL1509
Drug,1242,CHEMBL1510,ELETRIPTAN,CHEMBL1510
Drug,1243,CHEMBL1511,ESTRADIOL VALERATE,CHEMBL1511
Drug,1244,CHEMBL1512,FLUNISOLIDE,CHEMBL1512
Drug,1245,CHEMBL1513,IRBESARTAN,CHEMBL1513
Drug,1246,CHEMBL1514,LEVOMETHADYL ACETATE,CHEMBL1514
Drug,1247,CHEMBL1515,METHIMAZOLE,CHEMBL1515
Drug,1248,CHEMBL1515611,BROMISOVALUM,CHEMBL1515611
Drug,1249,CHEMBL1516474,TEGASEROD MALEATE,CHEMBL1516474
Drug,1250,CHEMBL1517,OXYTETRACYCLINE,CHEMBL1517
Drug,1251,CHEMBL1518,PROPYLTHIOURACIL,CHEMBL1518
Drug,1252,CHEMBL1519,TRANDOLAPRIL,CHEMBL1519
Drug,1253,CHEMBL152,CIDOFOVIR ANHYDROUS,CHEMBL152
Drug,1254,CHEMBL1520,VARDENAFIL,CHEMBL1520
Drug,1255,CHEMBL1521,ZALEPLON,CHEMBL1521
Drug,1256,CHEMBL1522,ESZOPICLONE,CHEMBL1522
Drug,1257,CHEMBL1523964,EPHEDRINE SULFATE,CHEMBL1523964
Drug,1258,CHEMBL1524273,PHTHALYLSULFATHIAZOLE,CHEMBL1524273
Drug,1259,CHEMBL1525,PERMETHRIN,CHEMBL1525
Drug,1260,CHEMBL152684,BECLOBRATE,CHEMBL152684
Drug,1261,CHEMBL1528,SODIUM FLUORIDE,CHEMBL1528
Drug,1262,CHEMBL1528839,PHENFORMIN HYDROCHLORIDE,CHEMBL1528839
Drug,1263,CHEMBL1529,DIPHENIDOL HYDROCHLORIDE,CHEMBL1529
Drug,1264,CHEMBL1530428,DEXAMETHASONE ACETATE,CHEMBL1530428
Drug,1265,CHEMBL1531,ETONOGESTREL,CHEMBL1531
Drug,1266,CHEMBL1532,QUINETHAZONE,CHEMBL1532
Drug,1267,CHEMBL1533,DESOGESTREL,CHEMBL1533
Drug,1268,CHEMBL1533310,HISTAMINE DIHYDROCHLORIDE,CHEMBL1533310
Drug,1269,CHEMBL1534,RIBOFLAVIN,CHEMBL1534
Drug,1270,CHEMBL1534525,MIBEFRADIL DIHYDROCHLORIDE,CHEMBL1534525
Drug,1271,CHEMBL1535,HYDROXYCHLOROQUINE,CHEMBL1535
Drug,1272,CHEMBL1536,ERGOCALCIFEROL,CHEMBL1536
Drug,1273,CHEMBL1537,AZLOCILLIN,CHEMBL1537
Drug,1274,CHEMBL1538,TENOFOVIR DISOPROXIL,CHEMBL1538
Drug,1275,CHEMBL1539,SULFADOXINE,CHEMBL1539
Drug,1276,CHEMBL154,NAPROXEN,CHEMBL154
Drug,1277,CHEMBL1540,PENCICLOVIR,CHEMBL1540
Drug,1278,CHEMBL1541,CEFIXIME,CHEMBL1541
Drug,1279,CHEMBL1542,AZATHIOPRINE,CHEMBL1542
Drug,1280,CHEMBL1544,LIOTHYRONINE,CHEMBL1544
Drug,1281,CHEMBL1546,HYDROXYAMPHETAMINE,CHEMBL1546
Drug,1282,CHEMBL1547,THIAMINE ION,CHEMBL1547
Drug,1283,CHEMBL1549,HYDROCORTISONE CYPIONATE,CHEMBL1549
Drug,1284,CHEMBL1550,PHYTONADIONE,CHEMBL1550
Drug,1285,CHEMBL1551,URSODIOL,CHEMBL1551
Drug,1286,CHEMBL1555,GALANTAMINE HYDROBROMIDE,CHEMBL1555
Drug,1287,CHEMBL1557,DOPAMINE HYDROCHLORIDE,CHEMBL1557
Drug,1288,CHEMBL1558,PRAZOSIN HYDROCHLORIDE,CHEMBL1558
Drug,1289,CHEMBL1559,MICONAZOLE NITRATE,CHEMBL1559
Drug,1290,CHEMBL1560,CAPTOPRIL,CHEMBL1560
Drug,1291,CHEMBL1561,MIGLITOL,CHEMBL1561
Drug,1292,CHEMBL1562610,MECLOFENAMATE SODIUM,CHEMBL1562610
Drug,1293,CHEMBL1563,DAUNORUBICIN HYDROCHLORIDE,CHEMBL1563
Drug,1294,CHEMBL1564,DIPHENYLPYRALINE HYDROCHLORIDE,CHEMBL1564
Drug,1295,CHEMBL1567,SUNITINIB MALATE,CHEMBL1567
Drug,1296,CHEMBL1567328,OMEPRAZOLE MAGNESIUM,CHEMBL1567328
Drug,1297,CHEMBL15677,FENCLOFENAC,CHEMBL15677
Drug,1298,CHEMBL1568057,METAPROTERENOL SULFATE,CHEMBL1568057
Drug,1299,CHEMBL1568276,NAFCILLIN SODIUM,CHEMBL1568276
Drug,1300,CHEMBL1568698,GANAXOLONE,CHEMBL1568698
Drug,1301,CHEMBL1569,AMANTADINE HYDROCHLORIDE,CHEMBL1569
Drug,1302,CHEMBL1570,SULFOXONE,CHEMBL1570
Drug,1303,CHEMBL1571,TESTOLACTONE,CHEMBL1571
Drug,1304,CHEMBL157101,KETOCONAZOLE,CHEMBL157101
Drug,1305,CHEMBL1572,NETILMICIN,CHEMBL1572
Drug,1306,CHEMBL1574,PHENTERMINE,CHEMBL1574
Drug,1307,CHEMBL1576,ETHINAMATE,CHEMBL1576
Drug,1308,CHEMBL1577,METHYCLOTHIAZIDE,CHEMBL1577
Drug,1309,CHEMBL15770,SULINDAC,CHEMBL15770
Drug,1310,CHEMBL1578,ANISOTROPINE METHYLBROMIDE,CHEMBL1578
Drug,1311,CHEMBL158,AZTREONAM,CHEMBL158
Drug,1312,CHEMBL1580,PENTOSTATIN,CHEMBL1580
Drug,1313,CHEMBL1581,PERINDOPRIL,CHEMBL1581
Drug,1314,CHEMBL1583,BACAMPICILLIN,CHEMBL1583
Drug,1315,CHEMBL1584,PIPERACETAZINE,CHEMBL1584
Drug,1316,CHEMBL1585,PIPOBROMAN,CHEMBL1585
Drug,1317,CHEMBL1587,POLYTHIAZIDE,CHEMBL1587
Drug,1318,CHEMBL15870,INDOPROFEN,CHEMBL15870
Drug,1319,CHEMBL1588,THIAMINE,CHEMBL1588
Drug,1320,CHEMBL1589,ACETOHEXAMIDE,CHEMBL1589
Drug,1321,CHEMBL15891,LINDANE,CHEMBL15891
Drug,1322,CHEMBL159,VINBLASTINE,CHEMBL159
Drug,1323,CHEMBL1590,PSEUDOEPHEDRINE,CHEMBL1590
Drug,1324,CHEMBL1591,DEMECLOCYCLINE,CHEMBL1591
Drug,1325,CHEMBL1592,QUINAPRIL,CHEMBL1592
Drug,1326,CHEMBL1592101,BISMUTH SUBGALLATE,CHEMBL1592101
Drug,1327,CHEMBL159226,MOXISYLYTE,CHEMBL159226
Drug,1328,CHEMBL1593719,PHENICARBAZIDE,CHEMBL1593719
Drug,1329,CHEMBL1593906,LEVOPROPOXYPHENE NAPSYLATE,CHEMBL1593906
Drug,1330,CHEMBL1594,PANTOTHENIC ACID,CHEMBL1594
Drug,1331,CHEMBL1595,DIHYDROCODEINE,CHEMBL1595
Drug,1332,CHEMBL1596,CARBENICILLIN INDANYL,CHEMBL1596
Drug,1333,CHEMBL1597,DIMERCAPROL,CHEMBL1597
Drug,1334,CHEMBL1599,CEPHAPIRIN,CHEMBL1599
Drug,1335,CHEMBL16,PHENYTOIN,CHEMBL16
Drug,1336,CHEMBL1601,CEFONICID,CHEMBL1601
Drug,1337,CHEMBL1604,CEPHRADINE,CHEMBL1604
Drug,1338,CHEMBL1605,CEFTIBUTEN,CHEMBL1605
Drug,1339,CHEMBL1607,TOPOTECAN HYDROCHLORIDE,CHEMBL1607
Drug,1340,CHEMBL1607273,CETIRIZINE HYDROCHLORIDE,CHEMBL1607273
Drug,1341,CHEMBL16073,PHENACETIN,CHEMBL16073
Drug,1342,CHEMBL1607480,OXYTETRACYCLINE HYDROCHLORIDE,CHEMBL1607480
Drug,1343,CHEMBL16080,TRICHLOROETHANE,CHEMBL16080
Drug,1344,CHEMBL161,CEFTRIAXONE,CHEMBL161
Drug,1345,CHEMBL1611,PHENYTOIN SODIUM,CHEMBL1611
Drug,1346,CHEMBL1614,DESLANOSIDE,CHEMBL1614
Drug,1347,CHEMBL1614701,SELUMETINIB,CHEMBL1614701
Drug,1348,CHEMBL1615350,CLOMACRAN,CHEMBL1615350
Drug,1349,CHEMBL1615369,DABIGATRAN ETEXILATE MESYLATE,CHEMBL1615369
Drug,1350,CHEMBL1615371,LEVOMEFOLATE CALCIUM,CHEMBL1615371
Drug,1351,CHEMBL1615372,LURASIDONE HYDROCHLORIDE,CHEMBL1615372
Drug,1352,CHEMBL1615374,VILAZODONE HYDROCHLORIDE,CHEMBL1615374
Drug,1353,CHEMBL1615438,LEVOCABASTINE,CHEMBL1615438
Drug,1354,CHEMBL1615439,PHENDIMETRAZINE,CHEMBL1615439
Drug,1355,CHEMBL1615487,IODOXAMIC ACID,CHEMBL1615487
Drug,1356,CHEMBL1615779,IOBENGUANE I 131,CHEMBL1615779
Drug,1357,CHEMBL1617,RIFAXIMIN,CHEMBL1617
Drug,1358,CHEMBL1618,CEFAMANDOLE NAFATE,CHEMBL1618
Drug,1359,CHEMBL1619,CLADRIBINE,CHEMBL1619
Drug,1360,CHEMBL1620,DIPHENHYDRAMINE HYDROCHLORIDE,CHEMBL1620
Drug,1361,CHEMBL1621,PALIPERIDONE,CHEMBL1621
Drug,1362,CHEMBL1621597,IPRATROPIUM,CHEMBL1621597
Drug,1363,CHEMBL1622,FOLIC ACID,CHEMBL1622
Drug,1364,CHEMBL1623,MECLIZINE,CHEMBL1623
Drug,1365,CHEMBL1624,LEVOTHYROXINE,CHEMBL1624
Drug,1366,CHEMBL1625,OXYBENZONE,CHEMBL1625
Drug,1367,CHEMBL1626,CLEMASTINE,CHEMBL1626
Drug,1368,CHEMBL1626570,HEXOCYCLIUM METHYLSULFATE,CHEMBL1626570
Drug,1369,CHEMBL1627367,FLUOROESTRADIOL,CHEMBL1627367
Drug,1370,CHEMBL1628227,DOXEPIN,CHEMBL1628227
Drug,1371,CHEMBL1628233,FLUORESCEIN SODIUM,CHEMBL1628233
Drug,1372,CHEMBL1628234,DOXEPIN HYDROCHLORIDE,CHEMBL1628234
Drug,1373,CHEMBL1628385,PROCAINE BENZYLPENICILLIN,CHEMBL1628385
Drug,1374,CHEMBL1628502,GABAPENTIN ENACARBIL,CHEMBL1628502
Drug,1375,CHEMBL1628504,RILPIVIRINE HYDROCHLORIDE,CHEMBL1628504
Drug,1376,CHEMBL163,RITONAVIR,CHEMBL163
Drug,1377,CHEMBL1630575,CASPOFUNGIN,CHEMBL1630575
Drug,1378,CHEMBL1631694,FEXINIDAZOLE,CHEMBL1631694
Drug,1379,CHEMBL1632,CEPHALOTHIN SODIUM,CHEMBL1632
Drug,1380,CHEMBL1633,KETOTIFEN FUMARATE,CHEMBL1633
Drug,1381,CHEMBL1637,GEMCITABINE HYDROCHLORIDE,CHEMBL1637
Drug,1382,CHEMBL1639,ALISKIREN,CHEMBL1639
Drug,1383,CHEMBL1640,TRYPAN BLUE,CHEMBL1640
Drug,1384,CHEMBL1641,HYDROCORTISONE PHOSPHORIC ACID,CHEMBL1641
Drug,1385,CHEMBL1642,IMATINIB MESYLATE,CHEMBL1642
Drug,1386,CHEMBL1643,RIBAVIRIN,CHEMBL1643
Drug,1387,CHEMBL1643895,RAMOSETRON,CHEMBL1643895
Drug,1388,CHEMBL1644,CEFADROXIL,CHEMBL1644
Drug,1389,CHEMBL1644029,POTASSIUM NITRATE,CHEMBL1644029
Drug,1390,CHEMBL1644695,SODIUM IODIDE,CHEMBL1644695
Drug,1391,CHEMBL1646,INDOCYANINE GREEN,CHEMBL1646
Drug,1392,CHEMBL16476,PRONETALOL,CHEMBL16476
Drug,1393,CHEMBL1648,ISRADIPINE,CHEMBL1648
Drug,1394,CHEMBL1650,CORTISONE ACETATE,CHEMBL1650
Drug,1395,CHEMBL1650443,TRELAGLIPTIN,CHEMBL1650443
Drug,1396,CHEMBL1650559,PLAZOMICIN,CHEMBL1650559
Drug,1397,CHEMBL1650818,AMDINOCILLIN PIVOXIL,CHEMBL1650818
Drug,1398,CHEMBL1652,AMBENONIUM,CHEMBL1652
Drug,1399,CHEMBL1652606,CEFTOBIPROLE MEDOCARIL FREE ACID,CHEMBL1652606
Drug,1400,CHEMBL1653,PHENIRAMINE MALEATE,CHEMBL1653
Drug,1401,CHEMBL1654,RISEDRONATE SODIUM,CHEMBL1654
Drug,1402,CHEMBL1655,TOREMIFENE,CHEMBL1655
Drug,1403,CHEMBL1657,TAZAROTENE,CHEMBL1657
Drug,1404,CHEMBL1658,RETAPAMULIN,CHEMBL1658
Drug,1405,CHEMBL1659,CHLORPHENIRAMINE MALEATE,CHEMBL1659
Drug,1406,CHEMBL1660,RIFAPENTINE,CHEMBL1660
Drug,1407,CHEMBL1661,LACTITOL,CHEMBL1661
Drug,1408,CHEMBL1663,PERFLUTREN,CHEMBL1663
Drug,1409,CHEMBL1664,FOSAMPRENAVIR,CHEMBL1664
Drug,1410,CHEMBL1668,RESCINNAMINE,CHEMBL1668
Drug,1411,CHEMBL1670,MITOTANE,CHEMBL1670
Drug,1412,CHEMBL1671,PROPRANOLOL HYDROCHLORIDE,CHEMBL1671
Drug,1413,CHEMBL1675,VITAMIN A PALMITATE,CHEMBL1675
Drug,1414,CHEMBL1676,FLUTICASONE FUROATE,CHEMBL1676
Drug,1415,CHEMBL1677,TACRINE HYDROCHLORIDE,CHEMBL1677
Drug,1416,CHEMBL167731,PIXANTRONE,CHEMBL167731
Drug,1417,CHEMBL1678,DONEPEZIL HYDROCHLORIDE,CHEMBL1678
Drug,1418,CHEMBL1679,LEUCOVORIN,CHEMBL1679
Drug,1419,CHEMBL1681,IODOHIPPURATE,CHEMBL1681
Drug,1420,CHEMBL1682,SORBITOL,CHEMBL1682
Drug,1421,CHEMBL1683,HYDROCORTISONE BUTYRATE,CHEMBL1683
Drug,1422,CHEMBL1683544,ERIBULIN MESYLATE,CHEMBL1683544
Drug,1423,CHEMBL1683590,ERIBULIN,CHEMBL1683590
Drug,1424,CHEMBL1684,BENDROFLUMETHIAZIDE,CHEMBL1684
Drug,1425,CHEMBL1685,DEZOCINE,CHEMBL1685
Drug,1426,CHEMBL168815,CEVIMELINE,CHEMBL168815
Drug,1427,CHEMBL1688530,ORITAVANCIN,CHEMBL1688530
Drug,1428,CHEMBL1689,TOLAZOLINE HYDROCHLORIDE,CHEMBL1689
Drug,1429,CHEMBL1689063,AVIBACTAM,CHEMBL1689063
Drug,1430,CHEMBL1689772,OMADACYCLINE,CHEMBL1689772
Drug,1431,CHEMBL1690,HYDROXYCHLOROQUINE SULFATE,CHEMBL1690
Drug,1432,CHEMBL1691,BETAXOLOL HYDROCHLORIDE,CHEMBL1691
Drug,1433,CHEMBL1692,IMIPRAMINE HYDROCHLORIDE,CHEMBL1692
Drug,1434,CHEMBL1693,DIETHYLPROPION HYDROCHLORIDE,CHEMBL1693
Drug,1435,CHEMBL1694,BENAZEPRIL HYDROCHLORIDE,CHEMBL1694
Drug,1436,CHEMBL1695,TIAGABINE HYDROCHLORIDE,CHEMBL1695
Drug,1437,CHEMBL1696,DESIPRAMINE HYDROCHLORIDE,CHEMBL1696
Drug,1438,CHEMBL1697,DILTIAZEM HYDROCHLORIDE,CHEMBL1697
Drug,1439,CHEMBL1697686,CLOFOREX,CHEMBL1697686
Drug,1440,CHEMBL1697708,MEZLOCILLIN SODIUM,CHEMBL1697708
Drug,1441,CHEMBL1697751,ISAXONINE PHOSPHATE,CHEMBL1697751
Drug,1442,CHEMBL1697760,MUZOLIMINE,CHEMBL1697760
Drug,1443,CHEMBL1697768,SODIUM PICOSULFATE,CHEMBL1697768
Drug,1444,CHEMBL1697856,BUCETIN,CHEMBL1697856
Drug,1445,CHEMBL1698,BUPROPION HYDROCHLORIDE,CHEMBL1698
Drug,1446,CHEMBL1699,MEMANTINE HYDROCHLORIDE,CHEMBL1699
Drug,1447,CHEMBL17,DICHLORPHENAMIDE,CHEMBL17
Drug,1448,CHEMBL170,QUININE,CHEMBL170
Drug,1449,CHEMBL1700,SOTALOL HYDROCHLORIDE,CHEMBL1700
Drug,1450,CHEMBL1701,MEPERIDINE HYDROCHLORIDE,CHEMBL1701
Drug,1451,CHEMBL1702,ATOMOXETINE HYDROCHLORIDE,CHEMBL1702
Drug,1452,CHEMBL1703,METFORMIN HYDROCHLORIDE,CHEMBL1703
Drug,1453,CHEMBL1705,CLONIDINE HYDROCHLORIDE,CHEMBL1705
Drug,1454,CHEMBL1706,NAPHAZOLINE HYDROCHLORIDE,CHEMBL1706
Drug,1455,CHEMBL1707,LOPERAMIDE HYDROCHLORIDE,CHEMBL1707
Drug,1456,CHEMBL1709,SERTRALINE HYDROCHLORIDE,CHEMBL1709
Drug,1457,CHEMBL170988,PHENFORMIN,CHEMBL170988
Drug,1458,CHEMBL1711,ISOPROTERENOL HYDROCHLORIDE,CHEMBL1711
Drug,1459,CHEMBL1712842,MEPAZINE ACETATE,CHEMBL1712842
Drug,1460,CHEMBL1713,CHLORPROMAZINE HYDROCHLORIDE,CHEMBL1713
Drug,1461,CHEMBL1714,KETAMINE HYDROCHLORIDE,CHEMBL1714
Drug,1462,CHEMBL1714574,TERCONAZOLE,CHEMBL1714574
Drug,1463,CHEMBL1715,PIOGLITAZONE HYDROCHLORIDE,CHEMBL1715
Drug,1464,CHEMBL17157,TERFENADINE,CHEMBL17157
Drug,1465,CHEMBL1716,CYPROHEPTADINE HYDROCHLORIDE,CHEMBL1716
Drug,1466,CHEMBL1717,TICLOPIDINE HYDROCHLORIDE,CHEMBL1717
Drug,1467,CHEMBL1718,NALOXONE HYDROCHLORIDE,CHEMBL1718
Drug,1468,CHEMBL1719,OLOPATADINE HYDROCHLORIDE,CHEMBL1719
Drug,1469,CHEMBL1720,PALONOSETRON HYDROCHLORIDE,CHEMBL1720
Drug,1470,CHEMBL1722,METHYLPHENIDATE HYDROCHLORIDE,CHEMBL1722
Drug,1471,CHEMBL1722209,TOLTERODINE TARTRATE,CHEMBL1722209
Drug,1472,CHEMBL1723,ALFUZOSIN HYDROCHLORIDE,CHEMBL1723
Drug,1473,CHEMBL1723241,SULFACETAMIDE SODIUM,CHEMBL1723241
Drug,1474,CHEMBL1724,MEPENZOLATE BROMIDE,CHEMBL1724
Drug,1475,CHEMBL1725,IOPROMIDE,CHEMBL1725
Drug,1476,CHEMBL1726,NISOLDIPINE,CHEMBL1726
Drug,1477,CHEMBL1727,CEPHALEXIN ANHYDROUS,CHEMBL1727
Drug,1478,CHEMBL1728,LOMEFLOXACIN HYDROCHLORIDE,CHEMBL1728
Drug,1479,CHEMBL1729,CISAPRIDE,CHEMBL1729
Drug,1480,CHEMBL1730,CEFOTAXIME,CHEMBL1730
Drug,1481,CHEMBL1731,MEZLOCILLIN,CHEMBL1731
Drug,1482,CHEMBL1732,DIHYDROERGOTAMINE,CHEMBL1732
Drug,1483,CHEMBL1734,SOLIFENACIN,CHEMBL1734
Drug,1484,CHEMBL1735,INDINAVIR SULFATE,CHEMBL1735
Drug,1485,CHEMBL1736,METRIZOIC ACID,CHEMBL1736
Drug,1486,CHEMBL1737,SILDENAFIL CITRATE,CHEMBL1737
Drug,1487,CHEMBL1738,DEXRAZOXANE,CHEMBL1738
Drug,1488,CHEMBL1738797,ALECTINIB,CHEMBL1738797
Drug,1489,CHEMBL1738990,LEVOPROPOXYPHENE,CHEMBL1738990
Drug,1490,CHEMBL1739,METOCURINE IODIDE,CHEMBL1739
Drug,1491,CHEMBL174,AMPICILLIN,CHEMBL174
Drug,1492,CHEMBL1740513,ISAXONINE,CHEMBL1740513
Drug,1493,CHEMBL1741,CLARITHROMYCIN,CHEMBL1741
Drug,1494,CHEMBL1741134,PICOSULFURIC ACID,CHEMBL1741134
Drug,1495,CHEMBL1742466,LANDIOLOL,CHEMBL1742466
Drug,1496,CHEMBL1742471,EBROTIDINE,CHEMBL1742471
Drug,1497,CHEMBL1744447,ROSUVASTATIN CALCIUM,CHEMBL1744447
Drug,1498,CHEMBL1746,SODIUM PHENYLBUTYRATE,CHEMBL1746
Drug,1499,CHEMBL1747,TOBRAMYCIN,CHEMBL1747
Drug,1500,CHEMBL1749,EDETATE DISODIUM ANHYDROUS,CHEMBL1749
Drug,1501,CHEMBL175,DEXIBUPROFEN,CHEMBL175
Drug,1502,CHEMBL1750,CLOFARABINE,CHEMBL1750
Drug,1503,CHEMBL1751,DIGOXIN,CHEMBL1751
Drug,1504,CHEMBL1752,DYPHYLLINE,CHEMBL1752
Drug,1505,CHEMBL175247,ORLISTAT,CHEMBL175247
Drug,1506,CHEMBL1753,CLINDAMYCIN,CHEMBL1753
Drug,1507,CHEMBL1755,CONIVAPTAN,CHEMBL1755
Drug,1508,CHEMBL1756,ESTRAMUSTINE PHOSPHATE,CHEMBL1756
Drug,1509,CHEMBL175691,RILPIVIRINE,CHEMBL175691
Drug,1510,CHEMBL1757,FOSFOMYCIN,CHEMBL1757
Drug,1511,CHEMBL1760,TERBUTALINE,CHEMBL1760
Drug,1512,CHEMBL1761,PROCYCLIDINE HYDROCHLORIDE,CHEMBL1761
Drug,1513,CHEMBL1762,TOCAINIDE,CHEMBL1762
Drug,1514,CHEMBL1763,HYDROFLUMETHIAZIDE,CHEMBL1763
Drug,1515,CHEMBL1764,LEVOMEPROMAZINE,CHEMBL1764
Drug,1516,CHEMBL1766,DESOXIMETASONE,CHEMBL1766
Drug,1517,CHEMBL1767408,DIQUAFOSOL TETRASODIUM,CHEMBL1767408
Drug,1518,CHEMBL1768,BETHANECHOL CHLORIDE,CHEMBL1768
Drug,1519,CHEMBL1769,PROPOXYCAINE HYDROCHLORIDE,CHEMBL1769
Drug,1520,CHEMBL177,AMIKACIN,CHEMBL177
Drug,1521,CHEMBL1770,LEVAMISOLE HYDROCHLORIDE,CHEMBL1770
Drug,1522,CHEMBL1770248,ERTUGLIFLOZIN,CHEMBL1770248
Drug,1523,CHEMBL1770916,NIROGACESTAT,CHEMBL1770916
Drug,1524,CHEMBL1773,CAPECITABINE,CHEMBL1773
Drug,1525,CHEMBL1774461,FLORBETAPIR F 18,CHEMBL1774461
Drug,1526,CHEMBL1779710,EVOGLIPTIN,CHEMBL1779710
Drug,1527,CHEMBL178,DAUNORUBICIN,CHEMBL178
Drug,1528,CHEMBL17860,LOFEXIDINE,CHEMBL17860
Drug,1529,CHEMBL17879,MARALIXIBAT CHLORIDE,CHEMBL17879
Drug,1530,CHEMBL178803,BLONANSERIN,CHEMBL178803
Drug,1531,CHEMBL1788132,LOFEXIDINE HYDROCHLORIDE,CHEMBL1788132
Drug,1532,CHEMBL1788385,TILBROQUINOL,CHEMBL1788385
Drug,1533,CHEMBL1788386,TETRAMETHRIN,CHEMBL1788386
Drug,1534,CHEMBL1788403,BIOALLETHRIN,CHEMBL1788403
Drug,1535,CHEMBL1789842,INDACATEROL MALEATE,CHEMBL1789842
Drug,1536,CHEMBL1789941,RUXOLITINIB,CHEMBL1789941
Drug,1537,CHEMBL1790041,RANITIDINE,CHEMBL1790041
Drug,1538,CHEMBL1795071,RUXOLITINIB PHOSPHATE,CHEMBL1795071
Drug,1539,CHEMBL1796997,HELIUM,CHEMBL1796997
Drug,1540,CHEMBL1796998,SULFUR HEXAFLUORIDE,CHEMBL1796998
Drug,1541,CHEMBL18,ETHOXZOLAMIDE,CHEMBL18
Drug,1542,CHEMBL1800159,RELUGOLIX,CHEMBL1800159
Drug,1543,CHEMBL180022,NERATINIB,CHEMBL180022
Drug,1544,CHEMBL1801800,METABROMSALAN,CHEMBL1801800
Drug,1545,CHEMBL1808388,BEXAGLIFLOZIN,CHEMBL1808388
Drug,1546,CHEMBL181,DIAZOXIDE,CHEMBL181
Drug,1547,CHEMBL18116,TOLOXATONE,CHEMBL18116
Drug,1548,CHEMBL182,GANCICLOVIR,CHEMBL182
Drug,1549,CHEMBL1834657,INFIGRATINIB PHOSPHATE,CHEMBL1834657
Drug,1550,CHEMBL184,ACYCLOVIR,CHEMBL184
Drug,1551,CHEMBL184412,DRONEDARONE,CHEMBL184412
Drug,1552,CHEMBL18442,PLERIXAFOR,CHEMBL18442
Drug,1553,CHEMBL185,FLUOROURACIL,CHEMBL185
Drug,1554,CHEMBL185073,PANCURONIUM,CHEMBL185073
Drug,1555,CHEMBL1852688,INFIGRATINIB,CHEMBL1852688
Drug,1556,CHEMBL186,CEFEPIME,CHEMBL186
Drug,1557,CHEMBL186314,SODIUM CARBONATE,CHEMBL186314
Drug,1558,CHEMBL1863513,INGENOL MEBUTATE,CHEMBL1863513
Drug,1559,CHEMBL1865134,DIBUNIC ACID,CHEMBL1865134
Drug,1560,CHEMBL1873475,IBRUTINIB,CHEMBL1873475
Drug,1561,CHEMBL1874750,CINEPAZIDE,CHEMBL1874750
Drug,1562,CHEMBL187709,TRIPARANOL,CHEMBL187709
Drug,1563,CHEMBL1887891,DEXFENFLURAMINE HYDROCHLORIDE,CHEMBL1887891
Drug,1564,CHEMBL1888176,TROSPIUM,CHEMBL1888176
Drug,1565,CHEMBL1889140,ROPIVACAINE HYDROCHLORIDE,CHEMBL1889140
Drug,1566,CHEMBL188921,BUFLOMEDIL,CHEMBL188921
Drug,1567,CHEMBL188952,PIRPROFEN,CHEMBL188952
Drug,1568,CHEMBL189,MILRINONE,CHEMBL189
Drug,1569,CHEMBL189963,PALBOCICLIB,CHEMBL189963
Drug,1570,CHEMBL1899801,PERFLENAPENT,CHEMBL1899801
Drug,1571,CHEMBL19,METHAZOLAMIDE,CHEMBL19
Drug,1572,CHEMBL1900528,TIOTROPIUM,CHEMBL1900528
Drug,1573,CHEMBL19019,NALTREXONE,CHEMBL19019
Drug,1574,CHEMBL190461,CANNABIDIOL,CHEMBL190461
Drug,1575,CHEMBL1908307,FLOSEQUINAN,CHEMBL1908307
Drug,1576,CHEMBL1908348,SPARTEINE SULFATE,CHEMBL1908348
Drug,1577,CHEMBL1908359,SODIUM MONOFLUOROPHOSPHATE,CHEMBL1908359
Drug,1578,CHEMBL1908360,EVEROLIMUS,CHEMBL1908360
Drug,1579,CHEMBL1908361,LEVOLEUCOVORIN CALCIUM,CHEMBL1908361
Drug,1580,CHEMBL1908362,GADOFOSVESET TRISODIUM,CHEMBL1908362
Drug,1581,CHEMBL1908370,FINAFLOXACIN,CHEMBL1908370
Drug,1582,CHEMBL1908377,PYRVINIUM PAMOATE,CHEMBL1908377
Drug,1583,CHEMBL1908841,LEVOLEUCOVORIN,CHEMBL1908841
Drug,1584,CHEMBL1908843,GADOFOSVESET,CHEMBL1908843
Drug,1585,CHEMBL1908847,SPARTEINE,CHEMBL1908847
Drug,1586,CHEMBL1908906,FLORBETABEN,CHEMBL1908906
Drug,1587,CHEMBL1908917,FLUCICLOVINE,CHEMBL1908917
Drug,1588,CHEMBL1908919,FLORBETAPIR,CHEMBL1908919
Drug,1589,CHEMBL1909055,COBALTOUS CHLORIDE,CHEMBL1909055
Drug,1590,CHEMBL1909072,PIPAMAZINE,CHEMBL1909072
Drug,1591,CHEMBL1909282,FENCLOZIC ACID,CHEMBL1909282
Drug,1592,CHEMBL1909283,MEBANAZINE,CHEMBL1909283
Drug,1593,CHEMBL1909285,NITREFAZOLE,CHEMBL1909285
Drug,1594,CHEMBL1909286,PHENOXYPROPAZINE,CHEMBL1909286
Drug,1595,CHEMBL1909288,TRIACETYLDIPHENOLISATIN,CHEMBL1909288
Drug,1596,CHEMBL1909289,XENAZOIC ACID,CHEMBL1909289
Drug,1597,CHEMBL191,LOSARTAN,CHEMBL191
Drug,1598,CHEMBL191083,METHYLENE BLUE CATION,CHEMBL191083
Drug,1599,CHEMBL192,SILDENAFIL,CHEMBL192
Drug,1600,CHEMBL19236,MOXONIDINE,CHEMBL19236
Drug,1601,CHEMBL1929396,ANAGLIPTIN,CHEMBL1929396
Drug,1602,CHEMBL19299,LOXOPROFEN,CHEMBL19299
Drug,1603,CHEMBL193,NIFEDIPINE,CHEMBL193
Drug,1604,CHEMBL193240,ROFLUMILAST,CHEMBL193240
Drug,1605,CHEMBL193482,ESTRIOL,CHEMBL193482
Drug,1606,CHEMBL19393,LEVAMFETAMINE,CHEMBL19393
Drug,1607,CHEMBL19449,IBUDILAST,CHEMBL19449
Drug,1608,CHEMBL1945778,IOFLUPANE,CHEMBL1945778
Drug,1609,CHEMBL1946170,REGORAFENIB,CHEMBL1946170
Drug,1610,CHEMBL19490,ZOMEPIRAC,CHEMBL19490
Drug,1611,CHEMBL1950576,DIHYDROSTREPTOMYCIN,CHEMBL1950576
Drug,1612,CHEMBL1951071,ARFORMOTEROL TARTRATE,CHEMBL1951071
Drug,1613,CHEMBL1951095,ERAVACYCLINE,CHEMBL1951095
Drug,1614,CHEMBL196,ASCORBIC ACID,CHEMBL196
Drug,1615,CHEMBL1963681,AVANAFIL,CHEMBL1963681
Drug,1616,CHEMBL1963683,TAFLUPROST,CHEMBL1963683
Drug,1617,CHEMBL197084,TROFINETIDE,CHEMBL197084
Drug,1618,CHEMBL1977579,STREPTOZOCIN,CHEMBL1977579
Drug,1619,CHEMBL1983268,ENTRECTINIB,CHEMBL1983268
Drug,1620,CHEMBL1983350,STIRIPENTOL,CHEMBL1983350
Drug,1621,CHEMBL198362,RIVAROXABAN,CHEMBL198362
Drug,1622,CHEMBL1998966,PIFOXIME,CHEMBL1998966
Drug,1623,CHEMBL2,PRAZOSIN,CHEMBL2
Drug,1624,CHEMBL20,ACETAZOLAMIDE,CHEMBL20
Drug,1625,CHEMBL2005186,BELUMOSUDIL,CHEMBL2005186
Drug,1626,CHEMBL2009089,SELENIOUS ACID,CHEMBL2009089
Drug,1627,CHEMBL2010601,IVACAFTOR,CHEMBL2010601
Drug,1628,CHEMBL2018096,IPRAGLIFLOZIN,CHEMBL2018096
Drug,1629,CHEMBL201960,PYROVALERONE,CHEMBL201960
Drug,1630,CHEMBL2021422,FOSPROPOFOL DISODIUM,CHEMBL2021422
Drug,1631,CHEMBL2021423,MAGNESIUM SULFATE ANHYDROUS,CHEMBL2021423
Drug,1632,CHEMBL2021424,POTASSIUM SULFATE,CHEMBL2021424
Drug,1633,CHEMBL2021430,DEXAMETHASONE SODIUM PHOSPHATE,CHEMBL2021430
Drug,1634,CHEMBL2023895,HYDROXYSTILBAMIDINE ISETHIONATE,CHEMBL2023895
Drug,1635,CHEMBL2023898,DACLATASVIR,CHEMBL2023898
Drug,1636,CHEMBL2024517,CARIPRAZINE HYDROCHLORIDE,CHEMBL2024517
Drug,1637,CHEMBL2028019,CARIPRAZINE,CHEMBL2028019
Drug,1638,CHEMBL2028661,AZILSARTAN MEDOXOMIL,CHEMBL2028661
Drug,1639,CHEMBL2028663,DABRAFENIB,CHEMBL2028663
Drug,1640,CHEMBL2030434,FLUDEOXYGLUCOSE F 18,CHEMBL2030434
Drug,1641,CHEMBL203321,BRINCIDOFOVIR,CHEMBL203321
Drug,1642,CHEMBL2035187,PACRITINIB,CHEMBL2035187
Drug,1643,CHEMBL2040682,CICLESONIDE,CHEMBL2040682
Drug,1644,CHEMBL2042122,FLUTEMETAMOL F 18,CHEMBL2042122
Drug,1645,CHEMBL2043437,GLASDEGIB,CHEMBL2043437
Drug,1646,CHEMBL204656,ELVITEGRAVIR,CHEMBL204656
Drug,1647,CHEMBL2048028,LIFITEGRAST,CHEMBL2048028
Drug,1648,CHEMBL2048484,CANAGLIFLOZIN ANHYDROUS,CHEMBL2048484
Drug,1649,CHEMBL205596,CHOLIC ACID,CHEMBL205596
Drug,1650,CHEMBL2062163,PHENDIMETRAZINE TARTRATE,CHEMBL2062163
Drug,1651,CHEMBL2062262,METARAMINOL BITARTRATE,CHEMBL2062262
Drug,1652,CHEMBL2062264,PHENYLEPHRINE BITARTRATE,CHEMBL2062264
Drug,1653,CHEMBL2062266,DIHYDROCODEINE BITARTRATE,CHEMBL2062266
Drug,1654,CHEMBL2062276,LEVALLORPHAN TARTRATE,CHEMBL2062276
Drug,1655,CHEMBL2062335,METOPROLOL TARTRATE,CHEMBL2062335
Drug,1656,CHEMBL206253,NETUPITANT,CHEMBL206253
Drug,1657,CHEMBL2063090,GRAZOPREVIR ANHYDROUS,CHEMBL2063090
Drug,1658,CHEMBL2064032,VONOPRAZAN FUMARATE,CHEMBL2064032
Drug,1659,CHEMBL2068723,CALCIUM METRIZOATE,CHEMBL2068723
Drug,1660,CHEMBL2068724,ACAMPROSATE CALCIUM,CHEMBL2068724
Drug,1661,CHEMBL2068725,IPODATE CALCIUM,CHEMBL2068725
Drug,1662,CHEMBL2068864,FLUDEOXYGLUCOSE,CHEMBL2068864
Drug,1663,CHEMBL2068884,SODIUM GLUCONATE,CHEMBL2068884
Drug,1664,CHEMBL207538,BREXANOLONE,CHEMBL207538
Drug,1665,CHEMBL2079130,VONOPRAZAN,CHEMBL2079130
Drug,1666,CHEMBL2079587,STANOZOLOL,CHEMBL2079587
Drug,1667,CHEMBL2079793,PENCICLOVIR SODIUM,CHEMBL2079793
Drug,1668,CHEMBL2095206,BOSUTINIB MONOHYDRATE,CHEMBL2095206
Drug,1669,CHEMBL2095207,CHOLINE C-11,CHEMBL2095207
Drug,1670,CHEMBL2095208,COBICISTAT,CHEMBL2095208
Drug,1671,CHEMBL2095209,ICOSAPENT ETHYL,CHEMBL2095209
Drug,1672,CHEMBL2095211,LORCASERIN HYDROCHLORIDE,CHEMBL2095211
Drug,1673,CHEMBL2095212,MIRABEGRON,CHEMBL2095212
Drug,1674,CHEMBL2096629,PRUSSIAN BLUE INSOLUBLE,CHEMBL2096629
Drug,1675,CHEMBL2096631,CLORAZEPATE DIPOTASSIUM,CHEMBL2096631
Drug,1676,CHEMBL2096633,MAGNESIUM TRISILICATE,CHEMBL2096633
Drug,1677,CHEMBL2096634,SODIUM CHROMATE CR 51,CHEMBL2096634
Drug,1678,CHEMBL2096635,UREA C 14,CHEMBL2096635
Drug,1679,CHEMBL2096641,SODIUM PERTECHNETATE TC 99M,CHEMBL2096641
Drug,1680,CHEMBL2096642,INAMRINONE LACTATE,CHEMBL2096642
Drug,1681,CHEMBL2096646,AMINOSALICYLATE SODIUM,CHEMBL2096646
Drug,1682,CHEMBL2096647,LANTHANUM CARBONATE,CHEMBL2096647
Drug,1683,CHEMBL2096648,UREA C 13,CHEMBL2096648
Drug,1684,CHEMBL2096650,SODIUM THIOSULFATE,CHEMBL2096650
Drug,1685,CHEMBL2096651,MANGAFODIPIR TRISODIUM,CHEMBL2096651
Drug,1686,CHEMBL2096655,CYANOCOBALAMIN CO 57,CHEMBL2096655
Drug,1687,CHEMBL2096656,TECHNETIUM TC 99M PENTETATE,CHEMBL2096656
Drug,1688,CHEMBL2096660,SAMARIUM SM 153 LEXIDRONAM PENTASODIUM,CHEMBL2096660
Drug,1689,CHEMBL2097081,NITROPRUSSIDE,CHEMBL2097081
Drug,1690,CHEMBL21,SULFANILAMIDE,CHEMBL21
Drug,1691,CHEMBL2103736,FENOPROFEN CALCIUM,CHEMBL2103736
Drug,1692,CHEMBL2103737,HYDROXOCOBALAMIN,CHEMBL2103737
Drug,1693,CHEMBL2103738,LITHIUM CITRATE,CHEMBL2103738
Drug,1694,CHEMBL2103739,EMEDASTINE DIFUMARATE,CHEMBL2103739
Drug,1695,CHEMBL2103740,GADOXETATE DISODIUM,CHEMBL2103740
Drug,1696,CHEMBL2103741,LEVOTHYROXINE SODIUM,CHEMBL2103741
Drug,1697,CHEMBL2103742,MANGANESE SULFATE,CHEMBL2103742
Drug,1698,CHEMBL2103743,TOFACITINIB CITRATE,CHEMBL2103743
Drug,1699,CHEMBL2103744,MORPHINE SULFATE,CHEMBL2103744
Drug,1700,CHEMBL2103795,AZILSARTAN KAMEDOXOMIL,CHEMBL2103795
Drug,1701,CHEMBL2103800,COLESTILAN CHLORIDE,CHEMBL2103800
Drug,1702,CHEMBL2103802,DAPAGLIFLOZIN PROPANEDIOL,CHEMBL2103802
Drug,1703,CHEMBL2103822,TASIMELTEON,CHEMBL2103822
Drug,1704,CHEMBL2103827,DROXIDOPA,CHEMBL2103827
Drug,1705,CHEMBL2103830,FOSTAMATINIB,CHEMBL2103830
Drug,1706,CHEMBL2103837,TAFAMIDIS,CHEMBL2103837
Drug,1707,CHEMBL2103844,PIXANTRONE DIMALEATE,CHEMBL2103844
Drug,1708,CHEMBL2103854,OMADACYCLINE TOSYLATE,CHEMBL2103854
Drug,1709,CHEMBL2103868,CABOZANTINIB S-MALATE,CHEMBL2103868
Drug,1710,CHEMBL2103870,LUMACAFTOR,CHEMBL2103870
Drug,1711,CHEMBL2103872,CEFTOLOZANE,CHEMBL2103872
Drug,1712,CHEMBL2103873,MACITENTAN,CHEMBL2103873
Drug,1713,CHEMBL2103875,TRAMETINIB,CHEMBL2103875
Drug,1714,CHEMBL2103877,EFINACONAZOLE,CHEMBL2103877
Drug,1715,CHEMBL2103883,AVATROMBOPAG,CHEMBL2103883
Drug,1716,CHEMBL2104118,CYANOCOBALAMIN CO 60,CHEMBL2104118
Drug,1717,CHEMBL2104136,CLOMACRAN PHOSPHATE,CHEMBL2104136
Drug,1718,CHEMBL2104287,DIBENZEPIN HYDROCHLORIDE,CHEMBL2104287
Drug,1719,CHEMBL2104381,CYANOCOBALAMIN CO 58,CHEMBL2104381
Drug,1720,CHEMBL2104415,MOXIDECTIN,CHEMBL2104415
Drug,1721,CHEMBL2104489,ANAGESTONE ACETATE,CHEMBL2104489
Drug,1722,CHEMBL2104537,AMOPROXAN,CHEMBL2104537
Drug,1723,CHEMBL2104793,PYROVALERONE HYDROCHLORIDE,CHEMBL2104793
Drug,1724,CHEMBL2104910,SULFADICRAMIDE,CHEMBL2104910
Drug,1725,CHEMBL2104993,VORTIOXETINE,CHEMBL2104993
Drug,1726,CHEMBL2105023,INDIGOTINDISULFONATE SODIUM,CHEMBL2105023
Drug,1727,CHEMBL2105224,PHOLCODINE,CHEMBL2105224
Drug,1728,CHEMBL2105233,PROXIBARBAL,CHEMBL2105233
Drug,1729,CHEMBL2105248,POTASSIUM BITARTRATE,CHEMBL2105248
Drug,1730,CHEMBL2105275,PROPYLHEXEDRINE,CHEMBL2105275
Drug,1731,CHEMBL2105345,PROPANIDID,CHEMBL2105345
Drug,1732,CHEMBL2105395,OSPEMIFENE,CHEMBL2105395
Drug,1733,CHEMBL2105420,TAUROLIDINE,CHEMBL2105420
Drug,1734,CHEMBL2105458,THENALIDINE,CHEMBL2105458
Drug,1735,CHEMBL2105497,ZIPEPROL,CHEMBL2105497
Drug,1736,CHEMBL2105527,TETRAZEPAM,CHEMBL2105527
Drug,1737,CHEMBL2105566,FENPROPOREX,CHEMBL2105566
Drug,1738,CHEMBL2105581,VERALIPRIDE,CHEMBL2105581
Drug,1739,CHEMBL2105613,DIVALPROEX SODIUM,CHEMBL2105613
Drug,1740,CHEMBL2105629,VINFLUNINE DITARTRATE,CHEMBL2105629
Drug,1741,CHEMBL2105637,DELAFLOXACIN,CHEMBL2105637
Drug,1742,CHEMBL2105638,DELAFLOXACIN MEGLUMINE,CHEMBL2105638
Drug,1743,CHEMBL2105648,PALOVAROTENE,CHEMBL2105648
Drug,1744,CHEMBL2105662,LOMITAPIDE MESYLATE,CHEMBL2105662
Drug,1745,CHEMBL2105669,TEDIZOLID PHOSPHATE,CHEMBL2105669
Drug,1746,CHEMBL2105675,TAFAMIDIS MEGLUMINE,CHEMBL2105675
Drug,1747,CHEMBL2105680,RIFAMYCIN SODIUM,CHEMBL2105680
Drug,1748,CHEMBL2105682,EDOXABAN TOSYLATE,CHEMBL2105682
Drug,1749,CHEMBL2105684,SELUMETINIB SULFATE,CHEMBL2105684
Drug,1750,CHEMBL2105689,LULICONAZOLE,CHEMBL2105689
Drug,1751,CHEMBL2105695,TELOTRISTAT ETHYL,CHEMBL2105695
Drug,1752,CHEMBL2105700,BEDAQUILINE FUMARATE,CHEMBL2105700
Drug,1753,CHEMBL2105704,LENVATINIB MESYLATE,CHEMBL2105704
Drug,1754,CHEMBL2105708,PONATINIB HYDROCHLORIDE,CHEMBL2105708
Drug,1755,CHEMBL2105709,QUIZARTINIB DIHYDROCHLORIDE,CHEMBL2105709
Drug,1756,CHEMBL2105711,TOFOGLIFLOZIN,CHEMBL2105711
Drug,1757,CHEMBL2105712,AFATINIB DIMALEATE,CHEMBL2105712
Drug,1758,CHEMBL2105717,CABOZANTINIB,CHEMBL2105717
Drug,1759,CHEMBL2105719,DACOMITINIB,CHEMBL2105719
Drug,1760,CHEMBL2105720,LESINURAD,CHEMBL2105720
Drug,1761,CHEMBL2105729,DABRAFENIB MESYLATE,CHEMBL2105729
Drug,1762,CHEMBL2105732,LEVOMILNACIPRAN HYDROCHLORIDE,CHEMBL2105732
Drug,1763,CHEMBL2105735,ASUNAPREVIR,CHEMBL2105735
Drug,1764,CHEMBL2105737,SONIDEGIB,CHEMBL2105737
Drug,1765,CHEMBL2105740,SITAXENTAN SODIUM,CHEMBL2105740
Drug,1766,CHEMBL2105741,TRAMETINIB DIMETHYL SULFOXIDE,CHEMBL2105741
Drug,1767,CHEMBL2105743,OLODATEROL HYDROCHLORIDE,CHEMBL2105743
Drug,1768,CHEMBL2105745,GLYCEROL PHENYLBUTYRATE,CHEMBL2105745
Drug,1769,CHEMBL2105748,PRUCALOPRIDE SUCCINATE,CHEMBL2105748
Drug,1770,CHEMBL2105749,SAMIDORPHAN L-MALATE,CHEMBL2105749
Drug,1771,CHEMBL2105754,TRELAGLIPTIN SUCCINATE,CHEMBL2105754
Drug,1772,CHEMBL2105755,NALDEMEDINE,CHEMBL2105755
Drug,1773,CHEMBL2105756,TIVOZANIB HYDROCHLORIDE,CHEMBL2105756
Drug,1774,CHEMBL2105758,AVATROMBOPAG MALEATE,CHEMBL2105758
Drug,1775,CHEMBL2105759,BARICITINIB,CHEMBL2105759
Drug,1776,CHEMBL2105760,BREXPIPRAZOLE,CHEMBL2105760
Drug,1777,CHEMBL2105762,OMARIGLIPTIN,CHEMBL2105762
Drug,1778,CHEMBL2105827,"GLYCEROL, IODINATED",CHEMBL2105827
Drug,1779,CHEMBL2105897,BARIUM SULFATE,CHEMBL2105897
Drug,1780,CHEMBL2105941,AMOBARBITAL SODIUM,CHEMBL2105941
Drug,1781,CHEMBL2106119,CALCIUM GLUCONATE,CHEMBL2106119
Drug,1782,CHEMBL2106155,ENCAINIDE HYDROCHLORIDE,CHEMBL2106155
Drug,1783,CHEMBL2106195,DEXMEDETOMIDINE HYDROCHLORIDE,CHEMBL2106195
Drug,1784,CHEMBL2106217,FENFLURAMINE HYDROCHLORIDE,CHEMBL2106217
Drug,1785,CHEMBL2106318,IOTHALAMATE SODIUM I 125,CHEMBL2106318
Drug,1786,CHEMBL2106483,VILOXAZINE HYDROCHLORIDE,CHEMBL2106483
Drug,1787,CHEMBL2106556,CYCLOBARBITAL CALCIUM,CHEMBL2106556
Drug,1788,CHEMBL2106615,BAZEDOXIFENE ACETATE,CHEMBL2106615
Drug,1789,CHEMBL2106640,FERROUS CITRATE FE 59,CHEMBL2106640
Drug,1790,CHEMBL2106643,MYCOPHENOLATE SODIUM,CHEMBL2106643
Drug,1791,CHEMBL2106794,NAFTAZONE,CHEMBL2106794
Drug,1792,CHEMBL2106829,METHAQUALONE HYDROCHLORIDE,CHEMBL2106829
Drug,1793,CHEMBL2106907,METHIODAL SODIUM,CHEMBL2106907
Drug,1794,CHEMBL2106915,METHOPHOLINE,CHEMBL2106915
Drug,1795,CHEMBL2106939,POLIHEXANIDE,CHEMBL2106939
Drug,1796,CHEMBL2107067,TESTOSTERONE UNDECANOATE,CHEMBL2107067
Drug,1797,CHEMBL2107074,TECHNETIUM TC 99M EXAMETAZIME,CHEMBL2107074
Drug,1798,CHEMBL2107175,RANELIC ACID,CHEMBL2107175
Drug,1799,CHEMBL2107214,IOMEPROL,CHEMBL2107214
Drug,1800,CHEMBL2107239,IOXITALAMIC ACID,CHEMBL2107239
Drug,1801,CHEMBL2107253,SULFADIMETHOXINE SODIUM,CHEMBL2107253
Drug,1802,CHEMBL2107260,SULFAMERAZINE SODIUM,CHEMBL2107260
Drug,1803,CHEMBL2107333,DIMETHYL FUMARATE,CHEMBL2107333
Drug,1804,CHEMBL2107354,MIFAMURTIDE,CHEMBL2107354
Drug,1805,CHEMBL2107355,MIGALASTAT HYDROCHLORIDE,CHEMBL2107355
Drug,1806,CHEMBL2107360,PALIPERIDONE PALMITATE,CHEMBL2107360
Drug,1807,CHEMBL2107381,URIDINE TRIACETATE,CHEMBL2107381
Drug,1808,CHEMBL2107383,VERNAKALANT HYDROCHLORIDE,CHEMBL2107383
Drug,1809,CHEMBL2107386,VORAPAXAR SULFATE,CHEMBL2107386
Drug,1810,CHEMBL2107387,VORTIOXETINE HYDROBROMIDE,CHEMBL2107387
Drug,1811,CHEMBL2107431,LYNESTRENOL,CHEMBL2107431
Drug,1812,CHEMBL2107480,PENTETATE INDIUM DISODIUM IN 111,CHEMBL2107480
Drug,1813,CHEMBL2107495,TEMAFLOXACIN HYDROCHLORIDE,CHEMBL2107495
Drug,1814,CHEMBL2107519,CHLORNAPHAZINE,CHEMBL2107519
Drug,1815,CHEMBL2107525,SODIUM PHOSPHATE P 32,CHEMBL2107525
Drug,1816,CHEMBL2107554,SODIUM DIBUNATE,CHEMBL2107554
Drug,1817,CHEMBL2107560,"SODIUM PHOSPHATE, DIBASIC",CHEMBL2107560
Drug,1818,CHEMBL2107726,ARIMOCLOMOL,CHEMBL2107726
Drug,1819,CHEMBL2107797,NORGESTREL,CHEMBL2107797
Drug,1820,CHEMBL2107799,FLURPIRIDAZ F 18,CHEMBL2107799
Drug,1821,CHEMBL2107806,TALAPORFIN SODIUM,CHEMBL2107806
Drug,1822,CHEMBL2107815,TREPROSTINIL DIOLAMINE,CHEMBL2107815
Drug,1823,CHEMBL2107816,RADIUM RA 223 DICHLORIDE,CHEMBL2107816
Drug,1824,CHEMBL2107817,AVIBACTAM SODIUM,CHEMBL2107817
Drug,1825,CHEMBL2107825,TENOFOVIR ALAFENAMIDE,CHEMBL2107825
Drug,1826,CHEMBL2107826,VIBEGRON,CHEMBL2107826
Drug,1827,CHEMBL2107830,EMPAGLIFLOZIN,CHEMBL2107830
Drug,1828,CHEMBL2107831,LUSUTROMBOPAG,CHEMBL2107831
Drug,1829,CHEMBL2107834,RIOCIGUAT,CHEMBL2107834
Drug,1830,CHEMBL2107840,PATIROMER CALCIUM,CHEMBL2107840
Drug,1831,CHEMBL2107943,POLIDEXIDE SULFATE,CHEMBL2107943
Drug,1832,CHEMBL2108106,TOCOFERSOLAN,CHEMBL2108106
Drug,1833,CHEMBL2108184,CROFELEMER,CHEMBL2108184
Drug,1834,CHEMBL2109882,TRISILICATE,CHEMBL2109882
Drug,1835,CHEMBL2110367,TRIMETHOPRIM SULFATE,CHEMBL2110367
Drug,1836,CHEMBL2110368,BETHANIDINE SULFATE,CHEMBL2110368
Drug,1837,CHEMBL2110372,RANITIDINE HYDROCHLORIDE,CHEMBL2110372
Drug,1838,CHEMBL2110551,TECHNETIUM PENTETATE,CHEMBL2110551
Drug,1839,CHEMBL2110553,GALLIUM CITRATE,CHEMBL2110553
Drug,1840,CHEMBL2110554,TECHNETIUM ETIDRONATE,CHEMBL2110554
Drug,1841,CHEMBL2110555,TECHNETIUM MEBROFENIN,CHEMBL2110555
Drug,1842,CHEMBL2110557,RUBIDIUM CHLORIDE,CHEMBL2110557
Drug,1843,CHEMBL2110559,TECHNETIUM PYROPHOSPHATE,CHEMBL2110559
Drug,1844,CHEMBL2110561,SAMARIUM LEXIDRONAM PENTASODIUM,CHEMBL2110561
Drug,1845,CHEMBL2110562,CHLORMERODRIN,CHEMBL2110562
Drug,1846,CHEMBL2110563,CYANOCOBALAMIN,CHEMBL2110563
Drug,1847,CHEMBL2110564,TECHNETIUM LIDOFENIN,CHEMBL2110564
Drug,1848,CHEMBL2110565,TECHNETIUM OXIDRONATE,CHEMBL2110565
Drug,1849,CHEMBL2110566,TECHNETIUM TETROFOSMIN,CHEMBL2110566
Drug,1850,CHEMBL2110568,CHROMIC PHOSPHATE,CHEMBL2110568
Drug,1851,CHEMBL2110570,TECHNETIUM GLUCEPTATE,CHEMBL2110570
Drug,1852,CHEMBL2110571,SODIUM PERTECHNETATE,CHEMBL2110571
Drug,1853,CHEMBL2110572,TECHNETIUM SUCCIMER,CHEMBL2110572
Drug,1854,CHEMBL2110573,INDIUM OXYQUINOLINE,CHEMBL2110573
Drug,1855,CHEMBL2110574,SODIUM CHROMATE,CHEMBL2110574
Drug,1856,CHEMBL2110575,TECHNETIUM DISOFENIN,CHEMBL2110575
Drug,1857,CHEMBL2110576,TECHNETIUM MEDRONATE,CHEMBL2110576
Drug,1858,CHEMBL2110588,ELIGLUSTAT,CHEMBL2110588
Drug,1859,CHEMBL2110636,BUNAMIODYL,CHEMBL2110636
Drug,1860,CHEMBL2110725,VINFLUNINE,CHEMBL2110725
Drug,1861,CHEMBL2110731,TOFOGLIFLOZIN ANHYDROUS,CHEMBL2110731
Drug,1862,CHEMBL2110732,DACOMITINIB ANHYDROUS,CHEMBL2110732
Drug,1863,CHEMBL2110914,FERROUS CITRATE,CHEMBL2110914
Drug,1864,CHEMBL2110962,MEFENOREX,CHEMBL2110962
Drug,1865,CHEMBL2110978,METHIODAL,CHEMBL2110978
Drug,1866,CHEMBL2111018,TECHNETIUM EXAMETAZIME,CHEMBL2111018
Drug,1867,CHEMBL2111097,LEVAMLODIPINE,CHEMBL2111097
Drug,1868,CHEMBL2111100,MIFAMURTIDE ACID,CHEMBL2111100
Drug,1869,CHEMBL2111101,PIMAVANSERIN,CHEMBL2111101
Drug,1870,CHEMBL2111112,VERNAKALANT,CHEMBL2111112
Drug,1871,CHEMBL2111129,PENTETATE INDIUM DISODIUM,CHEMBL2111129
Drug,1872,CHEMBL2111186,TALAPORFIN,CHEMBL2111186
Drug,1873,CHEMBL2111187,RADIUM DICHLORIDE,CHEMBL2111187
Drug,1874,CHEMBL2111286,RANITIDINE BISMUTH CITRATE,CHEMBL2111286
Drug,1875,CHEMBL211456,EPHEDRINE,CHEMBL211456
Drug,1876,CHEMBL211471,NEOSTIGMINE METHYLSULFATE,CHEMBL211471
Drug,1877,CHEMBL21333,PRANLUKAST,CHEMBL21333
Drug,1878,CHEMBL2134724,IPRATROPIUM BROMIDE,CHEMBL2134724
Drug,1879,CHEMBL2138684,FROVATRIPTAN SUCCINATE,CHEMBL2138684
Drug,1880,CHEMBL2145077,IVABRADINE HYDROCHLORIDE,CHEMBL2145077
Drug,1881,CHEMBL2146063,CHLORTETRACYCLINE HYDROCHLORIDE,CHEMBL2146063
Drug,1882,CHEMBL2146102,EPHEDRINE HYDROCHLORIDE,CHEMBL2146102
Drug,1883,CHEMBL2146123,METHACYCLINE HYDROCHLORIDE,CHEMBL2146123
Drug,1884,CHEMBL2146124,CEFUROXIME SODIUM,CHEMBL2146124
Drug,1885,CHEMBL2146140,ESOMEPRAZOLE STRONTIUM,CHEMBL2146140
Drug,1886,CHEMBL2146146,ATROPINE SULFATE,CHEMBL2146146
Drug,1887,CHEMBL2146883,COBIMETINIB,CHEMBL2146883
Drug,1888,CHEMBL2147777,TENELIGLIPTIN,CHEMBL2147777
Drug,1889,CHEMBL215303,GARENOXACIN,CHEMBL215303
Drug,1890,CHEMBL21536,XANOMELINE,CHEMBL21536
Drug,1891,CHEMBL2159122,ELUXADOLINE,CHEMBL2159122
Drug,1892,CHEMBL2165326,APROCITENTAN,CHEMBL2165326
Drug,1893,CHEMBL21731,MAPROTILINE,CHEMBL21731
Drug,1894,CHEMBL2178422,RIMEGEPANT,CHEMBL2178422
Drug,1895,CHEMBL2181927,FINERENONE,CHEMBL2181927
Drug,1896,CHEMBL218291,FORODESINE,CHEMBL218291
Drug,1897,CHEMBL218394,BOCEPREVIR,CHEMBL218394
Drug,1898,CHEMBL218490,DORZOLAMIDE,CHEMBL218490
Drug,1899,CHEMBL218650,DELAMANID,CHEMBL218650
Drug,1900,CHEMBL21869,DIBROMSALAN,CHEMBL21869
Drug,1901,CHEMBL22,TRIMETHOPRIM,CHEMBL22
Drug,1902,CHEMBL220491,BRINZOLAMIDE,CHEMBL220491
Drug,1903,CHEMBL220492,TOPIRAMATE,CHEMBL220492
Drug,1904,CHEMBL2205807,ABAMETAPIR,CHEMBL2205807
Drug,1905,CHEMBL2206196,PAROMOMYCIN SULFATE,CHEMBL2206196
Drug,1906,CHEMBL221326,DIQUAFOSOL,CHEMBL221326
Drug,1907,CHEMBL2216870,IDELALISIB,CHEMBL2216870
Drug,1908,CHEMBL221722,FAVIPIRAVIR,CHEMBL221722
Drug,1909,CHEMBL2218860,GADOBUTROL,CHEMBL2218860
Drug,1910,CHEMBL2218861,QUINAGOLIDE,CHEMBL2218861
Drug,1911,CHEMBL2218877,ERYTHROMYCIN ESTOLATE,CHEMBL2218877
Drug,1912,CHEMBL2218878,TRIMETREXATE GLUCURONATE,CHEMBL2218878
Drug,1913,CHEMBL2218894,FLUVASTATIN SODIUM,CHEMBL2218894
Drug,1914,CHEMBL2218896,NABILONE,CHEMBL2218896
Drug,1915,CHEMBL2218917,CEVIMELINE HYDROCHLORIDE,CHEMBL2218917
Drug,1916,CHEMBL2219411,MOMELOTINIB DIHYDROCHLORIDE,CHEMBL2219411
Drug,1917,CHEMBL2219414,ERAVACYCLINE DIHYDROCHLORIDE,CHEMBL2219414
Drug,1918,CHEMBL2219415,GADOTERATE MEGLUMINE,CHEMBL2219415
Drug,1919,CHEMBL2219416,NALOXEGOL OXALATE,CHEMBL2219416
Drug,1920,CHEMBL2219418,NALOXEGOL,CHEMBL2219418
Drug,1921,CHEMBL2219425,ARIPIPRAZOLE LAUROXIL,CHEMBL2219425
Drug,1922,CHEMBL2219546,YTTERBIUM PENTETATE,CHEMBL2219546
Drug,1923,CHEMBL221959,TOFACITINIB,CHEMBL221959
Drug,1924,CHEMBL2219640,STRONTIUM CHLORIDE,CHEMBL2219640
Drug,1925,CHEMBL2219642,MAGNESIUM CHLORIDE ANHYDROUS,CHEMBL2219642
Drug,1926,CHEMBL2220427,ERYTHROMYCIN PROPIONATE,CHEMBL2220427
Drug,1927,CHEMBL2220442,FLUVASTATIN,CHEMBL2220442
Drug,1928,CHEMBL2221312,GADOXETIC ACID,CHEMBL2221312
Drug,1929,CHEMBL22242,REMOXIPRIDE,CHEMBL22242
Drug,1930,CHEMBL222559,TIPRANAVIR,CHEMBL222559
Drug,1931,CHEMBL222813,ZANAMIVIR,CHEMBL222813
Drug,1932,CHEMBL223228,EFAVIRENZ,CHEMBL223228
Drug,1933,CHEMBL223448,BROXYQUINOLINE,CHEMBL223448
Drug,1934,CHEMBL225071,RALTITREXED,CHEMBL225071
Drug,1935,CHEMBL225072,PEMETREXED,CHEMBL225072
Drug,1936,CHEMBL227529,ALOGLIPTIN BENZOATE,CHEMBL227529
Drug,1937,CHEMBL227875,PRETOMANID,CHEMBL227875
Drug,1938,CHEMBL23,DILTIAZEM,CHEMBL23
Drug,1939,CHEMBL230158,SELADELPAR,CHEMBL230158
Drug,1940,CHEMBL2303621,DACLATASVIR DIHYDROCHLORIDE,CHEMBL2303621
Drug,1941,CHEMBL231068,FLIBANSERIN,CHEMBL231068
Drug,1942,CHEMBL2311071,VINYL CHLORIDE,CHEMBL2311071
Drug,1943,CHEMBL231779,APIXABAN,CHEMBL231779
Drug,1944,CHEMBL231813,TELAPREVIR,CHEMBL231813
Drug,1945,CHEMBL231884,DIOSMIN,CHEMBL231884
Drug,1946,CHEMBL232201,BENZIODARONE,CHEMBL232201
Drug,1947,CHEMBL2325741,CAPIVASERTIB,CHEMBL2325741
Drug,1948,CHEMBL233406,SODIUM SULFATE ANHYDROUS,CHEMBL233406
Drug,1949,CHEMBL2336050,XANOMELINE TARTRATE,CHEMBL2336050
Drug,1950,CHEMBL2336071,SIPONIMOD,CHEMBL2336071
Drug,1951,CHEMBL2338329,ROXADUSTAT,CHEMBL2338329
Drug,1952,CHEMBL2338675,FOSDENOPTERIN,CHEMBL2338675
Drug,1953,CHEMBL2348780,VAMOROLONE,CHEMBL2348780
Drug,1954,CHEMBL2355051,CLOMIPHENE,CHEMBL2355051
Drug,1955,CHEMBL2355333,ZIMELDINE HYDROCHLORIDE,CHEMBL2355333
Drug,1956,CHEMBL2355456,IBUTILIDE FUMARATE,CHEMBL2355456
Drug,1957,CHEMBL2356097,METOPROLOL SUCCINATE,CHEMBL2356097
Drug,1958,CHEMBL235668,TIPIRACIL,CHEMBL235668
Drug,1959,CHEMBL2358147,CARPHENAZINE MALEATE,CHEMBL2358147
Drug,1960,CHEMBL2359670,THIETHYLPERAZINE MALATE,CHEMBL2359670
Drug,1961,CHEMBL2359966,QUININE SULFATE,CHEMBL2359966
Drug,1962,CHEMBL2360079,ACETOPHENAZINE MALEATE,CHEMBL2360079
Drug,1963,CHEMBL2360464,PEMETREXED DISODIUM,CHEMBL2360464
Drug,1964,CHEMBL2360580,BUCLIZINE HYDROCHLORIDE,CHEMBL2360580
Drug,1965,CHEMBL2361370,PENBUTOLOL SULFATE,CHEMBL2361370
Drug,1966,CHEMBL2362410,LANDIOLOL HYDROCHLORIDE,CHEMBL2362410
Drug,1967,CHEMBL2364574,DOXYCYCLINE CALCIUM,CHEMBL2364574
Drug,1968,CHEMBL2364607,COBIMETINIB FUMARATE,CHEMBL2364607
Drug,1969,CHEMBL2364608,DORAVIRINE,CHEMBL2364608
Drug,1970,CHEMBL2364609,ESKETAMINE HYDROCHLORIDE,CHEMBL2364609
Drug,1971,CHEMBL2364612,LATANOPROSTENE BUNOD,CHEMBL2364612
Drug,1972,CHEMBL2364617,MACIMORELIN ACETATE,CHEMBL2364617
Drug,1973,CHEMBL2364623,PLAZOMICIN SULFATE,CHEMBL2364623
Drug,1974,CHEMBL2364629,RIMEGEPANT SULFATE,CHEMBL2364629
Drug,1975,CHEMBL2364632,SARECYCLINE,CHEMBL2364632
Drug,1976,CHEMBL2364633,SARECYCLINE HYDROCHLORIDE,CHEMBL2364633
Drug,1977,CHEMBL2364635,TAFENOQUINE SUCCINATE,CHEMBL2364635
Drug,1978,CHEMBL2364637,TENOFOVIR ALAFENAMIDE FUMARATE,CHEMBL2364637
Drug,1979,CHEMBL2364638,UBROGEPANT,CHEMBL2364638
Drug,1980,CHEMBL2364639,VALBENAZINE,CHEMBL2364639
Drug,1981,CHEMBL2364738,METRIZOATE MAGNESIUM,CHEMBL2364738
Drug,1982,CHEMBL2368861,BUPRENORPHINE HYDROCHLORIDE,CHEMBL2368861
Drug,1983,CHEMBL2368924,DOLASETRON MESYLATE,CHEMBL2368924
Drug,1984,CHEMBL2368925,DOLASETRON,CHEMBL2368925
Drug,1985,CHEMBL2374220,LEDIPASVIR,CHEMBL2374220
Drug,1986,CHEMBL237500,LINAGLIPTIN,CHEMBL237500
Drug,1987,CHEMBL238804,SELEXIPAG,CHEMBL238804
Drug,1988,CHEMBL2396661,ALPELISIB,CHEMBL2396661
Drug,1989,CHEMBL2397415,ZAVEGEPANT,CHEMBL2397415
Drug,1990,CHEMBL24,ATENOLOL,CHEMBL24
Drug,1991,CHEMBL2403108,CERITINIB,CHEMBL2403108
Drug,1992,CHEMBL2403238,CABOTEGRAVIR,CHEMBL2403238
Drug,1993,CHEMBL240597,CHENODIOL,CHEMBL240597
Drug,1994,CHEMBL24072,PRENYLAMINE,CHEMBL24072
Drug,1995,CHEMBL243712,AMISULPRIDE,CHEMBL243712
Drug,1996,CHEMBL2443262,OLICERIDINE,CHEMBL2443262
Drug,1997,CHEMBL2448612,ERGOTAMINE TARTRATE,CHEMBL2448612
Drug,1998,CHEMBL2448613,PIMAVANSERIN TARTRATE,CHEMBL2448613
Drug,1999,CHEMBL245807,OXYPHENISATINE,CHEMBL245807
Drug,2000,CHEMBL24778,SILODOSIN,CHEMBL24778
Drug,2001,CHEMBL247951,PEMAFIBRATE,CHEMBL247951
Drug,2002,CHEMBL24828,VANDETANIB,CHEMBL24828
Drug,2003,CHEMBL248702,DEXFENFLURAMINE,CHEMBL248702
Drug,2004,CHEMBL24944,TRIBROMSALAN,CHEMBL24944
Drug,2005,CHEMBL249837,METHACYCLINE,CHEMBL249837
Drug,2006,CHEMBL25,ASPIRIN,CHEMBL25
Drug,2007,CHEMBL25202,TAMIBAROTENE,CHEMBL25202
Drug,2008,CHEMBL252556,IDEBENONE,CHEMBL252556
Drug,2009,CHEMBL254219,DIGITOXIN,CHEMBL254219
Drug,2010,CHEMBL254316,RALTEGRAVIR,CHEMBL254316
Drug,2011,CHEMBL254468,FLUCICLOVINE F18,CHEMBL254468
Drug,2012,CHEMBL254857,FIPEXIDE,CHEMBL254857
Drug,2013,CHEMBL255044,FLUPIRTINE,CHEMBL255044
Drug,2014,CHEMBL255863,NILOTINIB,CHEMBL255863
Drug,2015,CHEMBL256087,MENTHOL,CHEMBL256087
Drug,2016,CHEMBL256105,MONENSIN,CHEMBL256105
Drug,2017,CHEMBL256907,MARAVIROC,CHEMBL256907
Drug,2018,CHEMBL256997,ATALUREN,CHEMBL256997
Drug,2019,CHEMBL259209,MILNACIPRAN,CHEMBL259209
Drug,2020,CHEMBL259571,TAPINAROF,CHEMBL259571
Drug,2021,CHEMBL259972,MOFEZOLAC,CHEMBL259972
Drug,2022,CHEMBL260538,ULIPRISTAL ACETATE,CHEMBL260538
Drug,2023,CHEMBL261772,MECLOCYCLINE SULFOSALICYLATE,CHEMBL261772
Drug,2024,CHEMBL262777,VANCOMYCIN,CHEMBL262777
Drug,2025,CHEMBL264241,ANIDULAFUNGIN,CHEMBL264241
Drug,2026,CHEMBL266349,MELAGATRAN,CHEMBL266349
Drug,2027,CHEMBL267345,AMPHOTERICIN B,CHEMBL267345
Drug,2028,CHEMBL267495,NALFURAFINE,CHEMBL267495
Drug,2029,CHEMBL267744,TICRYNAFEN,CHEMBL267744
Drug,2030,CHEMBL267894,AMOBARBITAL,CHEMBL267894
Drug,2031,CHEMBL267936,MECAMYLAMINE,CHEMBL267936
Drug,2032,CHEMBL268164,CYCLOBARBITAL,CHEMBL268164
Drug,2033,CHEMBL268869,SULFAMETHOXYPYRIDAZINE,CHEMBL268869
Drug,2034,CHEMBL269644,ACETANILIDE,CHEMBL269644
Drug,2035,CHEMBL269732,TACROLIMUS ANHYDROUS,CHEMBL269732
Drug,2036,CHEMBL27,PROPRANOLOL,CHEMBL27
Drug,2037,CHEMBL270190,ALVIMOPAN,CHEMBL270190
Drug,2038,CHEMBL271227,ABIRATERONE ACETATE,CHEMBL271227
Drug,2039,CHEMBL27193,DILEVALOL,CHEMBL27193
Drug,2040,CHEMBL272427,TAURURSODIOL,CHEMBL272427
Drug,2041,CHEMBL273575,NOMIFENSINE,CHEMBL273575
Drug,2042,CHEMBL276520,INDALPINE,CHEMBL276520
Drug,2043,CHEMBL276568,"CEFPROZIL ANHYDROUS, (E)-",CHEMBL276568
Drug,2044,CHEMBL276832,HYDRALAZINE,CHEMBL276832
Drug,2045,CHEMBL277100,TEMAFLOXACIN,CHEMBL277100
Drug,2046,CHEMBL278020,NEOSTIGMINE,CHEMBL278020
Drug,2047,CHEMBL278623,MACIMORELIN,CHEMBL278623
Drug,2048,CHEMBL278819,MINAPRINE,CHEMBL278819
Drug,2049,CHEMBL282042,SAQUINAVIR MESYLATE,CHEMBL282042
Drug,2050,CHEMBL282052,METHAQUALONE,CHEMBL282052
Drug,2051,CHEMBL282468,CHOLINE CHLORIDE,CHEMBL282468
Drug,2052,CHEMBL282724,SITAXENTAN,CHEMBL282724
Drug,2053,CHEMBL28318,PROPYPHENAZONE,CHEMBL28318
Drug,2054,CHEMBL284092,GEPIRONE,CHEMBL284092
Drug,2055,CHEMBL284348,DALFAMPRIDINE,CHEMBL284348
Drug,2056,CHEMBL285674,ESTAZOLAM,CHEMBL285674
Drug,2057,CHEMBL288441,BOSUTINIB,CHEMBL288441
Drug,2058,CHEMBL288470,AMINOPYRINE,CHEMBL288470
Drug,2059,CHEMBL289469,GRANISETRON,CHEMBL289469
Drug,2060,CHEMBL289480,RILMENIDINE,CHEMBL289480
Drug,2061,CHEMBL29,PENICILLIN G,CHEMBL29
Drug,2062,CHEMBL290106,BITHIONOL,CHEMBL290106
Drug,2063,CHEMBL290916,EDARAVONE,CHEMBL290916
Drug,2064,CHEMBL290960,NIFURTIMOX,CHEMBL290960
Drug,2065,CHEMBL291338,"3,3',4',5-TETRACHLOROSALICYLANILIDE",CHEMBL291338
Drug,2066,CHEMBL291657,CRINECERFONT,CHEMBL291657
Drug,2067,CHEMBL294199,CAPSAICIN,CHEMBL294199
Drug,2068,CHEMBL295124,BERBERINE,CHEMBL295124
Drug,2069,CHEMBL295698,LEVOKETOCONAZOLE,CHEMBL295698
Drug,2070,CHEMBL296306,LACTULOSE,CHEMBL296306
Drug,2071,CHEMBL296419,ASTEMIZOLE,CHEMBL296419
Drug,2072,CHEMBL296913,PARECOXIB SODIUM,CHEMBL296913
Drug,2073,CHEMBL298470,TAFENOQUINE,CHEMBL298470
Drug,2074,CHEMBL298734,LONAFARNIB,CHEMBL298734
Drug,2075,CHEMBL299400,BUTORPHANOL TARTRATE,CHEMBL299400
Drug,2076,CHEMBL3,NICOTINE,CHEMBL3
Drug,2077,CHEMBL30,CIMETIDINE,CHEMBL30
Drug,2078,CHEMBL301265,PRAMIPEXOLE,CHEMBL301265
Drug,2079,CHEMBL30219,METHOHEXITAL SODIUM,CHEMBL30219
Drug,2080,CHEMBL3039502,DUVELISIB,CHEMBL3039502
Drug,2081,CHEMBL3039504,NINTEDANIB ESYLATE,CHEMBL3039504
Drug,2082,CHEMBL3039507,SOTAGLIFLOZIN,CHEMBL3039507
Drug,2083,CHEMBL3039508,NALDEMEDINE TOSYLATE,CHEMBL3039508
Drug,2084,CHEMBL3039514,ELBASVIR,CHEMBL3039514
Drug,2085,CHEMBL3039520,LASMIDITAN,CHEMBL3039520
Drug,2086,CHEMBL3039526,LASMIDITAN SUCCINATE,CHEMBL3039526
Drug,2087,CHEMBL3039596,FOSINOPRIL SODIUM,CHEMBL3039596
Drug,2088,CHEMBL3039598,FOSINOPRIL,CHEMBL3039598
Drug,2089,CHEMBL305660,EBASTINE,CHEMBL305660
Drug,2090,CHEMBL306700,VILOXAZINE,CHEMBL306700
Drug,2091,CHEMBL3084748,TROSPIUM CHLORIDE,CHEMBL3084748
Drug,2092,CHEMBL308954,ETRAVIRINE,CHEMBL308954
Drug,2093,CHEMBL3099695,OSILODROSTAT,CHEMBL3099695
Drug,2094,CHEMBL31,GATIFLOXACIN,CHEMBL31
Drug,2095,CHEMBL3112741,RELEBACTAM ANHYDROUS,CHEMBL3112741
Drug,2096,CHEMBL311498,CIANIDANOL,CHEMBL311498
Drug,2097,CHEMBL3127326,OMBITASVIR,CHEMBL3127326
Drug,2098,CHEMBL3137301,SACUBITRIL,CHEMBL3137301
Drug,2099,CHEMBL3137308,PEFICITINIB,CHEMBL3137308
Drug,2100,CHEMBL3137309,VENETOCLAX,CHEMBL3137309
Drug,2101,CHEMBL3137310,BENZHYDROCODONE HYDROCHLORIDE,CHEMBL3137310
Drug,2102,CHEMBL3137312,DASABUVIR,CHEMBL3137312
Drug,2103,CHEMBL3137317,SONIDEGIB PHOSPHATE,CHEMBL3137317
Drug,2104,CHEMBL3137318,TALAZOPARIB TOSYLATE,CHEMBL3137318
Drug,2105,CHEMBL3137320,TALAZOPARIB,CHEMBL3137320
Drug,2106,CHEMBL3137321,BENZHYDROCODONE,CHEMBL3137321
Drug,2107,CHEMBL3137326,DEUTETRABENAZINE,CHEMBL3137326
Drug,2108,CHEMBL3137329,PEFICITINIB HYDROBROMIDE,CHEMBL3137329
Drug,2109,CHEMBL3137330,CABOTEGRAVIR SODIUM,CHEMBL3137330
Drug,2110,CHEMBL3137333,ISAVUCONAZONIUM SULFATE,CHEMBL3137333
Drug,2111,CHEMBL3137358,SIMEPREVIR SODIUM,CHEMBL3137358
Drug,2112,CHEMBL313972,MASOPROCOL,CHEMBL313972
Drug,2113,CHEMBL3140361,ETHAMBUTOL HYDROCHLORIDE,CHEMBL3140361
Drug,2114,CHEMBL3142541,BUTAMBEN PICRATE,CHEMBL3142541
Drug,2115,CHEMBL314854,FINGOLIMOD,CHEMBL314854
Drug,2116,CHEMBL315838,ENCAINIDE,CHEMBL315838
Drug,2117,CHEMBL316157,CEPHALORIDINE,CHEMBL316157
Drug,2118,CHEMBL316561,PROGLUMIDE,CHEMBL316561
Drug,2119,CHEMBL317052,REGADENOSON ANHYDROUS,CHEMBL317052
Drug,2120,CHEMBL317094,IMIDAPRIL,CHEMBL317094
Drug,2121,CHEMBL3181832,METHICILLIN SODIUM,CHEMBL3181832
Drug,2122,CHEMBL3181841,RAMOSETRON HYDROCHLORIDE,CHEMBL3181841
Drug,2123,CHEMBL3181947,BROMFENAC SODIUM,CHEMBL3181947
Drug,2124,CHEMBL3182320,TROXERUTIN,CHEMBL3182320
Drug,2125,CHEMBL3182733,PRAMIPEXOLE DIHYDROCHLORIDE,CHEMBL3182733
Drug,2126,CHEMBL3183075,NIZATIDINE,CHEMBL3183075
Drug,2127,CHEMBL3183184,OCTINOXATE,CHEMBL3183184
Drug,2128,CHEMBL3183193,CEFMENOXIME HYDROCHLORIDE,CHEMBL3183193
Drug,2129,CHEMBL3183409,APALUTAMIDE,CHEMBL3183409
Drug,2130,CHEMBL3183451,GARENOXACIN MESYLATE,CHEMBL3183451
Drug,2131,CHEMBL3183453,NOVOBIOCIN SODIUM,CHEMBL3183453
Drug,2132,CHEMBL3184143,GUANADREL SULFATE,CHEMBL3184143
Drug,2133,CHEMBL3184512,CLINDAMYCIN PHOSPHATE,CHEMBL3184512
Drug,2134,CHEMBL3184791,STREPTOMYCIN SULFATE,CHEMBL3184791
Drug,2135,CHEMBL3184799,MEPHENTERMINE SULFATE,CHEMBL3184799
Drug,2136,CHEMBL3184986,ZINC ACETATE,CHEMBL3184986
Drug,2137,CHEMBL3185229,MAGNESIUM CHLORIDE,CHEMBL3185229
Drug,2138,CHEMBL3185958,CLOMIPHENE CITRATE,CHEMBL3185958
Drug,2139,CHEMBL3186492,ONDANSETRON HYDROCHLORIDE,CHEMBL3186492
Drug,2140,CHEMBL3186993,HYDROXYZINE HYDROCHLORIDE,CHEMBL3186993
Drug,2141,CHEMBL3187246,METHAPYRILENE FUMARATE,CHEMBL3187246
Drug,2142,CHEMBL3187365,ASENAPINE,CHEMBL3187365
Drug,2143,CHEMBL3187723,BINIMETINIB,CHEMBL3187723
Drug,2144,CHEMBL3187985,APOMORPHINE HYDROCHLORIDE,CHEMBL3187985
Drug,2145,CHEMBL3188034,TRIPROLIDINE HYDROCHLORIDE,CHEMBL3188034
Drug,2146,CHEMBL3188267,CAPMATINIB,CHEMBL3188267
Drug,2147,CHEMBL3188576,DIHYDROSTREPTOMYCIN SULFATE,CHEMBL3188576
Drug,2148,CHEMBL3188993,QUETIAPINE FUMARATE,CHEMBL3188993
Drug,2149,CHEMBL3189072,TIROFIBAN HYDROCHLORIDE,CHEMBL3189072
Drug,2150,CHEMBL319144,MINODRONIC ACID,CHEMBL319144
Drug,2151,CHEMBL32,MOXIFLOXACIN,CHEMBL32
Drug,2152,CHEMBL3218576,COPANLISIB,CHEMBL3218576
Drug,2153,CHEMBL3233142,LUMATEPERONE TOSYLATE,CHEMBL3233142
Drug,2154,CHEMBL3237547,CEDAZURIDINE,CHEMBL3237547
Drug,2155,CHEMBL3244648,METHOTREXATE SODIUM,CHEMBL3244648
Drug,2156,CHEMBL32479,BROTIZOLAM,CHEMBL32479
Drug,2157,CHEMBL3261331,RESMETIROM,CHEMBL3261331
Drug,2158,CHEMBL32800,FENOTEROL,CHEMBL32800
Drug,2159,CHEMBL328190,LASOFOXIFENE,CHEMBL328190
Drug,2160,CHEMBL3286830,LORLATINIB,CHEMBL3286830
Drug,2161,CHEMBL3291398,LEFAMULIN,CHEMBL3291398
Drug,2162,CHEMBL329522,EXIFONE,CHEMBL329522
Drug,2163,CHEMBL33,LEVOFLOXACIN ANHYDROUS,CHEMBL33
Drug,2164,CHEMBL3301592,SODIUM ZIRCONIUM CYCLOSILICATE,CHEMBL3301592
Drug,2165,CHEMBL3301594,FOSTEMSAVIR,CHEMBL3301594
Drug,2166,CHEMBL3301597,FERRIC CITRATE,CHEMBL3301597
Drug,2167,CHEMBL3301598,FOSTEMSAVIR TROMETHAMINE,CHEMBL3301598
Drug,2168,CHEMBL3301603,GILTERITINIB FUMARATE,CHEMBL3301603
Drug,2169,CHEMBL3301605,RELEBACTAM,CHEMBL3301605
Drug,2170,CHEMBL3301607,FILGOTINIB,CHEMBL3301607
Drug,2171,CHEMBL3301610,ABEMACICLIB,CHEMBL3301610
Drug,2172,CHEMBL3301611,AMIFAMPRIDINE PHOSPHATE,CHEMBL3301611
Drug,2173,CHEMBL3301612,ENCORAFENIB,CHEMBL3301612
Drug,2174,CHEMBL3301622,GILTERITINIB,CHEMBL3301622
Drug,2175,CHEMBL3301627,TENAPANOR HYDROCHLORIDE,CHEMBL3301627
Drug,2176,CHEMBL3301670,DIFEMERINE HYDROCHLORIDE,CHEMBL3301670
Drug,2177,CHEMBL3304485,TENAPANOR,CHEMBL3304485
Drug,2178,CHEMBL3304486,DIFEMERINE,CHEMBL3304486
Drug,2179,CHEMBL3306803,LUMATEPERONE,CHEMBL3306803
Drug,2180,CHEMBL3311228,OTESECONAZOLE,CHEMBL3311228
Drug,2181,CHEMBL3317857,VABORBACTAM,CHEMBL3317857
Drug,2182,CHEMBL333826,DEQUALINIUM,CHEMBL333826
Drug,2183,CHEMBL3348923,TOVORAFENIB,CHEMBL3348923
Drug,2184,CHEMBL3348963,TELOTRISTAT ETIPRATE,CHEMBL3348963
Drug,2185,CHEMBL334966,CANGRELOR,CHEMBL334966
Drug,2186,CHEMBL3353410,OSIMERTINIB,CHEMBL3353410
Drug,2187,CHEMBL3358920,ETRASIMOD,CHEMBL3358920
Drug,2188,CHEMBL338802,SULFAGUANIDINE,CHEMBL338802
Drug,2189,CHEMBL3391662,PARITAPREVIR,CHEMBL3391662
Drug,2190,CHEMBL339427,TUBOCURARINE,CHEMBL339427
Drug,2191,CHEMBL33986,BUTORPHANOL,CHEMBL33986
Drug,2192,CHEMBL3400972,FLUORODOPA F 18,CHEMBL3400972
Drug,2193,CHEMBL3402762,TEPOTINIB,CHEMBL3402762
Drug,2194,CHEMBL340978,BENOXAPROFEN,CHEMBL340978
Drug,2195,CHEMBL3414621,TAZEMETOSTAT,CHEMBL3414621
Drug,2196,CHEMBL341812,IBUFENAC,CHEMBL341812
Drug,2197,CHEMBL34259,METHOTREXATE,CHEMBL34259
Drug,2198,CHEMBL344159,TOLVAPTAN,CHEMBL344159
Drug,2199,CHEMBL345524,ANTRAFENINE,CHEMBL345524
Drug,2200,CHEMBL346235,DIAMTHAZOLE DIHYDROCHLORIDE,CHEMBL346235
Drug,2201,CHEMBL348000,CINCHOPHEN,CHEMBL348000
Drug,2202,CHEMBL35,FUROSEMIDE,CHEMBL35
Drug,2203,CHEMBL354077,AMIFAMPRIDINE,CHEMBL354077
Drug,2204,CHEMBL3544906,BENZPHETAMINE HYDROCHLORIDE,CHEMBL3544906
Drug,2205,CHEMBL3544908,AZATADINE MALEATE,CHEMBL3544908
Drug,2206,CHEMBL3544909,CALCIFEDIOL,CHEMBL3544909
Drug,2207,CHEMBL3544914,TEZACAFTOR,CHEMBL3544914
Drug,2208,CHEMBL3544971,DEXTROAMPHETAMINE SULFATE,CHEMBL3544971
Drug,2209,CHEMBL3544973,CEFTAROLINE FOSAMIL ACETATE,CHEMBL3544973
Drug,2210,CHEMBL3544974,ASENAPINE MALEATE,CHEMBL3544974
Drug,2211,CHEMBL3544985,DASABUVIR SODIUM MONOHYDRATE,CHEMBL3544985
Drug,2212,CHEMBL3544986,PERINDOPRIL ARGININE,CHEMBL3544986
Drug,2213,CHEMBL3544988,DAPRODUSTAT,CHEMBL3544988
Drug,2214,CHEMBL3545057,ACETYLDIGITOXIN,CHEMBL3545057
Drug,2215,CHEMBL3545058,DEXTROTHYROXINE SODIUM,CHEMBL3545058
Drug,2216,CHEMBL3545059,ALISKIREN FUMARATE,CHEMBL3545059
Drug,2217,CHEMBL3545060,ERYTHROMYCIN GLUCEPTATE,CHEMBL3545060
Drug,2218,CHEMBL3545062,VELPATASVIR,CHEMBL3545062
Drug,2219,CHEMBL3545063,OSIMERTINIB MESYLATE,CHEMBL3545063
Drug,2220,CHEMBL3545068,COPANLISIB HYDROCHLORIDE,CHEMBL3545068
Drug,2221,CHEMBL3545110,RIBOCICLIB,CHEMBL3545110
Drug,2222,CHEMBL3545123,PIBRENTASVIR,CHEMBL3545123
Drug,2223,CHEMBL3545181,TIOTROPIUM BROMIDE,CHEMBL3545181
Drug,2224,CHEMBL3545185,SELINEXOR,CHEMBL3545185
Drug,2225,CHEMBL3545252,DOCETAXEL,CHEMBL3545252
Drug,2226,CHEMBL3545253,FLORTAUCIPIR F 18,CHEMBL3545253
Drug,2227,CHEMBL3545309,LEFAMULIN ACETATE,CHEMBL3545309
Drug,2228,CHEMBL3545311,BRIGATINIB,CHEMBL3545311
Drug,2229,CHEMBL3545313,BEMPEDOIC ACID,CHEMBL3545313
Drug,2230,CHEMBL3545363,GLECAPREVIR,CHEMBL3545363
Drug,2231,CHEMBL3545367,LEMBOREXANT,CHEMBL3545367
Drug,2232,CHEMBL3545368,PANOBINOSTAT LACTATE,CHEMBL3545368
Drug,2233,CHEMBL3545376,ERDAFITINIB,CHEMBL3545376
Drug,2234,CHEMBL354541,LOMITAPIDE,CHEMBL354541
Drug,2235,CHEMBL3545432,IXAZOMIB CITRATE,CHEMBL3545432
Drug,2236,CHEMBL3545985,BENZPHETAMINE,CHEMBL3545985
Drug,2237,CHEMBL3546271,FLORTAUCIPIR,CHEMBL3546271
Drug,2238,CHEMBL3547132,FLUORODOPA,CHEMBL3547132
Drug,2239,CHEMBL3578202,GOZETOTIDE,CHEMBL3578202
Drug,2240,CHEMBL3590187,CLASCOTERONE,CHEMBL3590187
Drug,2241,CHEMBL359744,DOXORUBICIN HYDROCHLORIDE,CHEMBL359744
Drug,2242,CHEMBL36,PYRIMETHAMINE,CHEMBL36
Drug,2243,CHEMBL360055,GALLAMINE,CHEMBL360055
Drug,2244,CHEMBL360328,LORCASERIN,CHEMBL360328
Drug,2245,CHEMBL3608680,FEZOLINETANT,CHEMBL3608680
Drug,2246,CHEMBL361497,ARTESUNATE,CHEMBL361497
Drug,2247,CHEMBL361506,PENTAMIDINE ISETHIONATE,CHEMBL361506
Drug,2248,CHEMBL361812,RAMATROBAN,CHEMBL361812
Drug,2249,CHEMBL3622821,UPADACITINIB,CHEMBL3622821
Drug,2250,CHEMBL363295,TERODILINE,CHEMBL363295
Drug,2251,CHEMBL363392,MARALIXIBAT,CHEMBL363392
Drug,2252,CHEMBL3643413,LENIOLISIB,CHEMBL3643413
Drug,2253,CHEMBL3646221,VADADUSTAT,CHEMBL3646221
Drug,2254,CHEMBL36506,NOVOBIOCIN,CHEMBL36506
Drug,2255,CHEMBL3655081,ABROCITINIB,CHEMBL3655081
Drug,2256,CHEMBL3668014,LINZAGOLIX,CHEMBL3668014
Drug,2257,CHEMBL3701238,FUTIBATINIB,CHEMBL3701238
Drug,2258,CHEMBL370143,PAROMOMYCIN,CHEMBL370143
Drug,2259,CHEMBL3707183,QUINIDINE SULFATE,CHEMBL3707183
Drug,2260,CHEMBL3707223,SOFPIRONIUM BROMIDE,CHEMBL3707223
Drug,2261,CHEMBL3707224,SOFPIRONIUM,CHEMBL3707224
Drug,2262,CHEMBL3707243,GLYCOPYRRONIUM TOSYLATE,CHEMBL3707243
Drug,2263,CHEMBL3707246,OZANIMOD HYDROCHLORIDE,CHEMBL3707246
Drug,2264,CHEMBL3707247,OZANIMOD,CHEMBL3707247
Drug,2265,CHEMBL3707248,VALBENAZINE TOSYLATE,CHEMBL3707248
Drug,2266,CHEMBL3707266,RIBOCICLIB SUCCINATE,CHEMBL3707266
Drug,2267,CHEMBL3707290,SOMAPACITAN,CHEMBL3707290
Drug,2268,CHEMBL3707306,STRONTIUM RANELATE,CHEMBL3707306
Drug,2269,CHEMBL3707310,LOTILANER,CHEMBL3707310
Drug,2270,CHEMBL3707313,TRIFAROTENE,CHEMBL3707313
Drug,2271,CHEMBL3707320,ALECTINIB HYDROCHLORIDE,CHEMBL3707320
Drug,2272,CHEMBL3707330,ROLAPITANT HYDROCHLORIDE,CHEMBL3707330
Drug,2273,CHEMBL3707331,ROLAPITANT,CHEMBL3707331
Drug,2274,CHEMBL3707348,ACALABRUTINIB,CHEMBL3707348
Drug,2275,CHEMBL3707372,VOXILAPREVIR,CHEMBL3707372
Drug,2276,CHEMBL3707377,SEGESTERONE ACETATE,CHEMBL3707377
Drug,2277,CHEMBL3707393,OSILODROSTAT PHOSPHATE,CHEMBL3707393
Drug,2278,CHEMBL3707395,ELAFIBRANOR,CHEMBL3707395
Drug,2279,CHEMBL370805,COCAINE,CHEMBL370805
Drug,2280,CHEMBL3716057,GEFAPIXANT,CHEMBL3716057
Drug,2281,CHEMBL372795,STREPTOMYCIN,CHEMBL372795
Drug,2282,CHEMBL374478,RIFAMPIN,CHEMBL374478
Drug,2283,CHEMBL374731,TELBIVUDINE,CHEMBL374731
Drug,2284,CHEMBL376140,TIGECYCLINE,CHEMBL376140
Drug,2285,CHEMBL376359,ALOGLIPTIN,CHEMBL376359
Drug,2286,CHEMBL376488,BEDAQUILINE,CHEMBL376488
Drug,2287,CHEMBL376897,METHSCOPOLAMINE,CHEMBL376897
Drug,2288,CHEMBL37744,ZIMELDINE,CHEMBL37744
Drug,2289,CHEMBL378544,VINBLASTINE SULFATE,CHEMBL378544
Drug,2290,CHEMBL3786343,OLMUTINIB,CHEMBL3786343
Drug,2291,CHEMBL38,TRETINOIN,CHEMBL38
Drug,2292,CHEMBL3813873,PEXIDARTINIB,CHEMBL3813873
Drug,2293,CHEMBL3833317,FERRIC PYROPHOSPHATE CITRATE,CHEMBL3833317
Drug,2294,CHEMBL3833319,REVEFENACIN,CHEMBL3833319
Drug,2295,CHEMBL3833340,AZTREONAM LYSINE,CHEMBL3833340
Drug,2296,CHEMBL3833368,RUCAPARIB CAMSYLATE,CHEMBL3833368
Drug,2297,CHEMBL384467,DEXAMETHASONE,CHEMBL384467
Drug,2298,CHEMBL385517,SAXAGLIPTIN ANHYDROUS,CHEMBL385517
Drug,2299,CHEMBL386630,TESTOSTERONE,CHEMBL386630
Drug,2300,CHEMBL387675,DAPTOMYCIN,CHEMBL387675
Drug,2301,CHEMBL38827,LUMEFANTRINE,CHEMBL38827
Drug,2302,CHEMBL388590,BENZBROMARONE,CHEMBL388590
Drug,2303,CHEMBL3889654,LAROTRECTINIB,CHEMBL3889654
Drug,2304,CHEMBL3894860,TRILACICLIB,CHEMBL3894860
Drug,2305,CHEMBL389621,HYDROCORTISONE,CHEMBL389621
Drug,2306,CHEMBL393220,ATORVASTATIN CALCIUM,CHEMBL393220
Drug,2307,CHEMBL3936761,ZANUBRUTINIB,CHEMBL3936761
Drug,2308,CHEMBL3940890,ACORAMIDIS,CHEMBL3940890
Drug,2309,CHEMBL3948730,UMBRALISIB,CHEMBL3948730
Drug,2310,CHEMBL395091,ESKETAMINE,CHEMBL395091
Drug,2311,CHEMBL395110,MEPAZINE,CHEMBL395110
Drug,2312,CHEMBL396778,SAFINAMIDE,CHEMBL396778
Drug,2313,CHEMBL39736,BUFORMIN,CHEMBL39736
Drug,2314,CHEMBL398435,TICAGRELOR,CHEMBL398435
Drug,2315,CHEMBL398707,HYDROMORPHONE,CHEMBL398707
Drug,2316,CHEMBL3988900,ZINC OXIDE,CHEMBL3988900
Drug,2317,CHEMBL3989401,PAMIDRONATE DISODIUM,CHEMBL3989401
Drug,2318,CHEMBL3989402,PERAMIVIR,CHEMBL3989402
Drug,2319,CHEMBL3989403,ZOMEPIRAC SODIUM,CHEMBL3989403
Drug,2320,CHEMBL3989406,ENALAPRILAT,CHEMBL3989406
Drug,2321,CHEMBL3989408,IBUPROFEN SODIUM,CHEMBL3989408
Drug,2322,CHEMBL3989410,INDOMETHACIN SODIUM,CHEMBL3989410
Drug,2323,CHEMBL3989461,ROSE BENGAL SODIUM I 131,CHEMBL3989461
Drug,2324,CHEMBL3989478,THIETHYLPERAZINE MALEATE,CHEMBL3989478
Drug,2325,CHEMBL3989507,EDETATE DISODIUM,CHEMBL3989507
Drug,2326,CHEMBL3989509,PENTAZOCINE LACTATE,CHEMBL3989509
Drug,2327,CHEMBL3989510,PENTAZOCINE HYDROCHLORIDE,CHEMBL3989510
Drug,2328,CHEMBL3989511,IOBENGUANE SULFATE I 131,CHEMBL3989511
Drug,2329,CHEMBL3989514,IRINOTECAN HYDROCHLORIDE,CHEMBL3989514
Drug,2330,CHEMBL3989515,PENICILLIN G BENZATHINE,CHEMBL3989515
Drug,2331,CHEMBL3989516,FOSTAMATINIB DISODIUM,CHEMBL3989516
Drug,2332,CHEMBL3989517,IOFLUPANE I 123,CHEMBL3989517
Drug,2333,CHEMBL3989519,DOXAPRAM HYDROCHLORIDE,CHEMBL3989519
Drug,2334,CHEMBL3989520,HISTAMINE PHOSPHATE,CHEMBL3989520
Drug,2335,CHEMBL3989521,ISOPROTERENOL SULFATE,CHEMBL3989521
Drug,2336,CHEMBL3989522,EDETATE CALCIUM DISODIUM MONOHYDRATE,CHEMBL3989522
Drug,2337,CHEMBL3989523,IOBENGUANE SULFATE I 123,CHEMBL3989523
Drug,2338,CHEMBL3989529,ETHANOLAMINE OLEATE,CHEMBL3989529
Drug,2339,CHEMBL3989551,LINCOMYCIN HYDROCHLORIDE,CHEMBL3989551
Drug,2340,CHEMBL3989555,MECLIZINE HYDROCHLORIDE,CHEMBL3989555
Drug,2341,CHEMBL3989556,REMOXIPRIDE HYDROCHLORIDE,CHEMBL3989556
Drug,2342,CHEMBL3989559,PANTOPRAZOLE SODIUM,CHEMBL3989559
Drug,2343,CHEMBL3989562,TERAZOSIN HYDROCHLORIDE,CHEMBL3989562
Drug,2344,CHEMBL3989564,TOBRAMYCIN SULFATE,CHEMBL3989564
Drug,2345,CHEMBL3989566,METOPROLOL FUMARATE,CHEMBL3989566
Drug,2346,CHEMBL3989567,OXACILLIN SODIUM,CHEMBL3989567
Drug,2347,CHEMBL3989568,OXYTETRACYCLINE CALCIUM,CHEMBL3989568
Drug,2348,CHEMBL3989569,IBANDRONATE SODIUM,CHEMBL3989569
Drug,2349,CHEMBL3989571,SPECTINOMYCIN HYDROCHLORIDE,CHEMBL3989571
Drug,2350,CHEMBL3989676,OXYPHENBUTAZONE,CHEMBL3989676
Drug,2351,CHEMBL3989677,HYDROCODONE BITARTRATE,CHEMBL3989677
Drug,2352,CHEMBL3989678,PIPERAZINE CITRATE,CHEMBL3989678
Drug,2353,CHEMBL3989691,ELTROMBOPAG OLAMINE,CHEMBL3989691
Drug,2354,CHEMBL3989693,LEVALBUTEROL TARTRATE,CHEMBL3989693
Drug,2355,CHEMBL3989694,OLANZAPINE PAMOATE,CHEMBL3989694
Drug,2356,CHEMBL3989695,REGADENOSON,CHEMBL3989695
Drug,2357,CHEMBL3989697,RIBOFLAVIN 5'-PHOSPHATE SODIUM,CHEMBL3989697
Drug,2358,CHEMBL3989698,TRANYLCYPROMINE SULFATE,CHEMBL3989698
Drug,2359,CHEMBL3989715,MUPIROCIN CALCIUM,CHEMBL3989715
Drug,2360,CHEMBL3989716,PROPOXYPHENE NAPSYLATE,CHEMBL3989716
Drug,2361,CHEMBL3989724,FLURAZEPAM HYDROCHLORIDE,CHEMBL3989724
Drug,2362,CHEMBL3989725,LODOXAMIDE TROMETHAMINE,CHEMBL3989725
Drug,2363,CHEMBL3989728,MENADIOL SODIUM DIPHOSPHATE,CHEMBL3989728
Drug,2364,CHEMBL3989740,DOXYCYCLINE HYCLATE,CHEMBL3989740
Drug,2365,CHEMBL3989754,FLURBIPROFEN SODIUM,CHEMBL3989754
Drug,2366,CHEMBL3989756,TALC,CHEMBL3989756
Drug,2367,CHEMBL3989766,ORITAVANCIN DIPHOSPHATE,CHEMBL3989766
Drug,2368,CHEMBL3989768,LEVORPHANOL TARTRATE,CHEMBL3989768
Drug,2369,CHEMBL3989777,TRIENTINE HYDROCHLORIDE,CHEMBL3989777
Drug,2370,CHEMBL3989798,FORMOTEROL FUMARATE,CHEMBL3989798
Drug,2371,CHEMBL3989803,DIPYRONE,CHEMBL3989803
Drug,2372,CHEMBL3989806,IODIPAMIDE MEGLUMINE,CHEMBL3989806
Drug,2373,CHEMBL3989820,ZOLPIDEM TARTRATE,CHEMBL3989820
Drug,2374,CHEMBL3989821,TUBOCURARINE CHLORIDE,CHEMBL3989821
Drug,2375,CHEMBL3989822,POTASSIUM CITRATE,CHEMBL3989822
Drug,2376,CHEMBL3989824,THIOTHIXENE HYDROCHLORIDE,CHEMBL3989824
Drug,2377,CHEMBL3989826,OXYCODONE TEREPHTHALATE,CHEMBL3989826
Drug,2378,CHEMBL3989829,NETILMICIN SULFATE,CHEMBL3989829
Drug,2379,CHEMBL3989830,SIBUTRAMINE HYDROCHLORIDE,CHEMBL3989830
Drug,2380,CHEMBL3989833,ZIPRASIDONE MESYLATE,CHEMBL3989833
Drug,2381,CHEMBL3989843,TRANYLCYPROMINE,CHEMBL3989843
Drug,2382,CHEMBL3989844,DEXTROAMPHETAMINE SACCHARATE,CHEMBL3989844
Drug,2383,CHEMBL3989845,IMIPRAMINE PAMOATE,CHEMBL3989845
Drug,2384,CHEMBL3989850,ECAMSULE,CHEMBL3989850
Drug,2385,CHEMBL3989855,PSEUDOEPHEDRINE SULFATE,CHEMBL3989855
Drug,2386,CHEMBL3989856,SODIUM SULFATE,CHEMBL3989856
Drug,2387,CHEMBL3989857,MAGNESIUM SULFATE,CHEMBL3989857
Drug,2388,CHEMBL3989858,MAGNESIUM ACETATE TETRAHYDRATE,CHEMBL3989858
Drug,2389,CHEMBL3989859,TOCOPHEROL ACETATE,CHEMBL3989859
Drug,2390,CHEMBL3989861,DESVENLAFAXINE FUMARATE,CHEMBL3989861
Drug,2391,CHEMBL3989866,BICTEGRAVIR,CHEMBL3989866
Drug,2392,CHEMBL3989867,BICTEGRAVIR SODIUM,CHEMBL3989867
Drug,2393,CHEMBL3989868,TUCATINIB,CHEMBL3989868
Drug,2394,CHEMBL3989869,UMBRALISIB TOSYLATE,CHEMBL3989869
Drug,2395,CHEMBL3989871,AVACOPAN,CHEMBL3989871
Drug,2396,CHEMBL3989885,TRIMEPRAZINE TARTRATE,CHEMBL3989885
Drug,2397,CHEMBL3989887,TACROLIMUS,CHEMBL3989887
Drug,2398,CHEMBL3989908,ENASIDENIB,CHEMBL3989908
Drug,2399,CHEMBL3989909,LENIOLISIB PHOSPHATE,CHEMBL3989909
Drug,2400,CHEMBL3989917,FOSNETUPITANT,CHEMBL3989917
Drug,2401,CHEMBL3989919,FOSNETUPITANT CHLORIDE HYDROCHLORIDE,CHEMBL3989919
Drug,2402,CHEMBL3989920,PITAVASTATIN SODIUM,CHEMBL3989920
Drug,2403,CHEMBL3989921,NERATINIB MALEATE,CHEMBL3989921
Drug,2404,CHEMBL3989922,NIRAPARIB TOSYLATE MONOHYDRATE,CHEMBL3989922
Drug,2405,CHEMBL3989923,PITAVASTATIN MAGNESIUM,CHEMBL3989923
Drug,2406,CHEMBL3989928,REZAFUNGIN ACETATE,CHEMBL3989928
Drug,2407,CHEMBL3989931,ENASIDENIB MESYLATE,CHEMBL3989931
Drug,2408,CHEMBL3989933,ETRASIMOD ARGININE,CHEMBL3989933
Drug,2409,CHEMBL3989937,CAPMATINIB HYDROCHLORIDE,CHEMBL3989937
Drug,2410,CHEMBL3989939,LAROTRECTINIB SULFATE,CHEMBL3989939
Drug,2411,CHEMBL3989944,DIROXIMEL FUMARATE,CHEMBL3989944
Drug,2412,CHEMBL3989945,REZAFUNGIN,CHEMBL3989945
Drug,2413,CHEMBL3989949,CENOBAMATE,CHEMBL3989949
Drug,2414,CHEMBL3989958,IVOSIDENIB,CHEMBL3989958
Drug,2415,CHEMBL3989960,SELADELPAR LYSINE,CHEMBL3989960
Drug,2416,CHEMBL3989962,PEMETREXED TROMETHAMINE,CHEMBL3989962
Drug,2417,CHEMBL3989973,PEXIDARTINIB HYDROCHLORIDE,CHEMBL3989973
Drug,2418,CHEMBL3989974,CEFIDEROCOL,CHEMBL3989974
Drug,2419,CHEMBL3990047,OZENOXACIN,CHEMBL3990047
Drug,2420,CHEMBL3990276,TALC ANHYDROUS,CHEMBL3990276
Drug,2421,CHEMBL3990694,PIPERAZINE CITRATE ANHYDROUS,CHEMBL3990694
Drug,2422,CHEMBL3991065,ATOGEPANT,CHEMBL3991065
Drug,2423,CHEMBL3991241,FERRIC CITRATE ANHYDROUS,CHEMBL3991241
Drug,2424,CHEMBL4,OFLOXACIN,CHEMBL4
Drug,2425,CHEMBL40,PHENOBARBITAL,CHEMBL40
Drug,2426,CHEMBL400599,BENFLUOREX,CHEMBL400599
Drug,2427,CHEMBL403,SULBACTAM,CHEMBL403
Drug,2428,CHEMBL404,TAZOBACTAM,CHEMBL404
Drug,2429,CHEMBL404108,LUMIRACOXIB,CHEMBL404108
Drug,2430,CHEMBL404520,CHLORTETRACYCLINE,CHEMBL404520
Drug,2431,CHEMBL404849,SULOCTIDIL,CHEMBL404849
Drug,2432,CHEMBL405,AMPHETAMINE,CHEMBL405
Drug,2433,CHEMBL405110,METHYLENE BLUE ANHYDROUS,CHEMBL405110
Drug,2434,CHEMBL406,INDAPAMIDE,CHEMBL406
Drug,2435,CHEMBL406393,DEOXYCHOLIC ACID,CHEMBL406393
Drug,2436,CHEMBL4065616,REMDESIVIR,CHEMBL4065616
Drug,2437,CHEMBL4066936,VERICIGUAT,CHEMBL4066936
Drug,2438,CHEMBL407,FLUMAZENIL,CHEMBL407
Drug,2439,CHEMBL4071161,TIRABRUTINIB,CHEMBL4071161
Drug,2440,CHEMBL408,TROGLITAZONE,CHEMBL408
Drug,2441,CHEMBL408513,BELINOSTAT,CHEMBL408513
Drug,2442,CHEMBL4085457,RITLECITINIB,CHEMBL4085457
Drug,2443,CHEMBL409,BICALUTAMIDE,CHEMBL409
Drug,2444,CHEMBL41,FLUOXETINE,CHEMBL41
Drug,2445,CHEMBL4101807,VOXELOTOR,CHEMBL4101807
Drug,2446,CHEMBL4105630,ZURANOLONE,CHEMBL4105630
Drug,2447,CHEMBL411,DIETHYLSTILBESTROL,CHEMBL411
Drug,2448,CHEMBL4113131,ENSARTINIB,CHEMBL4113131
Drug,2449,CHEMBL413,SIROLIMUS,CHEMBL413
Drug,2450,CHEMBL41355,EZOGABINE,CHEMBL41355
Drug,2451,CHEMBL414804,OXALIPLATIN,CHEMBL414804
Drug,2452,CHEMBL415,CLOMIPRAMINE,CHEMBL415
Drug,2453,CHEMBL416,METHOXSALEN,CHEMBL416
Drug,2454,CHEMBL416146,ETORICOXIB,CHEMBL416146
Drug,2455,CHEMBL4164059,PITOLISANT HYDROCHLORIDE,CHEMBL4164059
Drug,2456,CHEMBL416956,MEFLOQUINE,CHEMBL416956
Drug,2457,CHEMBL417,EPIRUBICIN,CHEMBL417
Drug,2458,CHEMBL4173394,BRILLIANT BLUE G,CHEMBL4173394
Drug,2459,CHEMBL418995,AMINEPTINE,CHEMBL418995
Drug,2460,CHEMBL419,MAFENIDE,CHEMBL419
Drug,2461,CHEMBL419213,LISINOPRIL,CHEMBL419213
Drug,2462,CHEMBL42,CLOZAPINE,CHEMBL42
Drug,2463,CHEMBL420,GUANABENZ,CHEMBL420
Drug,2464,CHEMBL4204794,AVAPRITINIB,CHEMBL4204794
Drug,2465,CHEMBL420762,MOZAVAPTAN,CHEMBL420762
Drug,2466,CHEMBL4208229,ASCIMINIB,CHEMBL4208229
Drug,2467,CHEMBL4208954,AMIKACIN SULFATE,CHEMBL4208954
Drug,2468,CHEMBL421,SULFASALAZINE,CHEMBL421
Drug,2469,CHEMBL4216467,RIPRETINIB,CHEMBL4216467
Drug,2470,CHEMBL421701,DITHIAZANINE IODIDE,CHEMBL421701
Drug,2471,CHEMBL422,TRIFLUOPERAZINE,CHEMBL422
Drug,2472,CHEMBL423,BETAXOLOL,CHEMBL423
Drug,2473,CHEMBL425,OLSALAZINE,CHEMBL425
Drug,2474,CHEMBL4250860,DANICOPAN,CHEMBL4250860
Drug,2475,CHEMBL426084,SAMIDORPHAN,CHEMBL426084
Drug,2476,CHEMBL426559,LAROPIPRANT,CHEMBL426559
Drug,2477,CHEMBL427,MECHLORETHAMINE,CHEMBL427
Drug,2478,CHEMBL4279047,VORASIDENIB,CHEMBL4279047
Drug,2479,CHEMBL428,TROVAFLOXACIN,CHEMBL428
Drug,2480,CHEMBL428647,PACLITAXEL,CHEMBL428647
Drug,2481,CHEMBL428880,CROMOLYN,CHEMBL428880
Drug,2482,CHEMBL429,LABETALOL,CHEMBL429
Drug,2483,CHEMBL4297064,MILNACIPRAN HYDROCHLORIDE,CHEMBL4297064
Drug,2484,CHEMBL4297065,SPINOSAD,CHEMBL4297065
Drug,2485,CHEMBL4297088,CHLORHEXIDINE GLUCONATE,CHEMBL4297088
Drug,2486,CHEMBL4297091,CODEINE SULFATE,CHEMBL4297091
Drug,2487,CHEMBL4297101,CEFTOBIPROLE MEDOCARIL SODIUM,CHEMBL4297101
Drug,2488,CHEMBL4297147,HALOPERIDOL LACTATE,CHEMBL4297147
Drug,2489,CHEMBL4297165,CHLOROQUINE HYDROCHLORIDE,CHEMBL4297165
Drug,2490,CHEMBL4297185,DAROLUTAMIDE,CHEMBL4297185
Drug,2491,CHEMBL4297211,CEFIDEROCOL SULFATE TOSYLATE,CHEMBL4297211
Drug,2492,CHEMBL4297212,SOLRIAMFETOL HYDROCHLORIDE,CHEMBL4297212
Drug,2493,CHEMBL4297216,FEDRATINIB HYDROCHLORIDE,CHEMBL4297216
Drug,2494,CHEMBL4297220,ASCIMINIB HYDROCHLORIDE,CHEMBL4297220
Drug,2495,CHEMBL4297223,MITAPIVAT SULFATE,CHEMBL4297223
Drug,2496,CHEMBL4297334,PIFLUFOLASTAT F18,CHEMBL4297334
Drug,2497,CHEMBL4297378,DURLOBACTAM SODIUM,CHEMBL4297378
Drug,2498,CHEMBL4297403,MELPHALAN FLUFENAMIDE HYDROCHLORIDE,CHEMBL4297403
Drug,2499,CHEMBL4297412,PAFOLACIANINE,CHEMBL4297412
Drug,2500,CHEMBL4297503,BALOXAVIR MARBOXIL,CHEMBL4297503
Drug,2501,CHEMBL4297509,ELACESTRANT,CHEMBL4297509
Drug,2502,CHEMBL4297513,IBREXAFUNGERP,CHEMBL4297513
Drug,2503,CHEMBL4297516,LURBINECTEDIN,CHEMBL4297516
Drug,2504,CHEMBL4297517,MAVACAMTEN,CHEMBL4297517
Drug,2505,CHEMBL4297522,PEMIGATINIB,CHEMBL4297522
Drug,2506,CHEMBL4297526,REMIMAZOLAM,CHEMBL4297526
Drug,2507,CHEMBL4297528,RISDIPLAM,CHEMBL4297528
Drug,2508,CHEMBL4297534,GLASDEGIB MALEATE,CHEMBL4297534
Drug,2509,CHEMBL4297585,TRIHEPTANOIN,CHEMBL4297585
Drug,2510,CHEMBL4297588,ODEVIXIBAT,CHEMBL4297588
Drug,2511,CHEMBL4297590,DARIDOREXANT,CHEMBL4297590
Drug,2512,CHEMBL4297592,AMENAMEVIR,CHEMBL4297592
Drug,2513,CHEMBL4297603,DEUTIVACAFTOR,CHEMBL4297603
Drug,2514,CHEMBL4297610,OLUTASIDENIB,CHEMBL4297610
Drug,2515,CHEMBL4297620,SOLRIAMFETOL,CHEMBL4297620
Drug,2516,CHEMBL4297634,GADOPICLENOL,CHEMBL4297634
Drug,2517,CHEMBL4297666,OMIDENEPAG ISOPROPYL,CHEMBL4297666
Drug,2518,CHEMBL4298064,BERDAZIMER SODIUM,CHEMBL4298064
Drug,2519,CHEMBL4298110,FERRIC MALTOL,CHEMBL4298110
Drug,2520,CHEMBL4298128,ELEXACAFTOR,CHEMBL4298128
Drug,2521,CHEMBL4298137,DURLOBACTAM,CHEMBL4298137
Drug,2522,CHEMBL4298138,REPOTRECTINIB,CHEMBL4298138
Drug,2523,CHEMBL4298139,SERDEXMETHYLPHENIDATE CHLORIDE,CHEMBL4298139
Drug,2524,CHEMBL4298149,ARIMOCLOMOL CITRATE,CHEMBL4298149
Drug,2525,CHEMBL4298150,SIPONIMOD FUMARIC ACID,CHEMBL4298150
Drug,2526,CHEMBL4298153,NIROGACESTAT HYDROBROMIDE,CHEMBL4298153
Drug,2527,CHEMBL4298167,FILGOTINIB MALEATE,CHEMBL4298167
Drug,2528,CHEMBL4298168,IBREXAFUNGERP CITRATE,CHEMBL4298168
Drug,2529,CHEMBL4298171,LINZAGOLIX CHOLINE,CHEMBL4298171
Drug,2530,CHEMBL429910,DAPAGLIFLOZIN,CHEMBL429910
Drug,2531,CHEMBL4299851,PIFLUFOLASTAT,CHEMBL4299851
Drug,2532,CHEMBL4299940,MITAPIVAT,CHEMBL4299940
Drug,2533,CHEMBL43,AMSACRINE,CHEMBL43
Drug,2534,CHEMBL430,GEMIFLOXACIN,CHEMBL430
Drug,2535,CHEMBL4301162,SERDEXMETHYLPHENIDATE,CHEMBL4301162
Drug,2536,CHEMBL4301175,FERRIC AMMONIUM CITRATE,CHEMBL4301175
Drug,2537,CHEMBL4301898,BRILLIANT BLUE G FREE ACID,CHEMBL4301898
Drug,2538,CHEMBL4302512,THALLOUS CHLORIDE,CHEMBL4302512
Drug,2539,CHEMBL4303060,MELPHALAN FLUFENAMIDE,CHEMBL4303060
Drug,2540,CHEMBL4303214,FRUQUINTINIB,CHEMBL4303214
Drug,2541,CHEMBL4303232,CEFOTIAM HYDROCHLORIDE,CHEMBL4303232
Drug,2542,CHEMBL4303288,ABACAVIR SULFATE,CHEMBL4303288
Drug,2543,CHEMBL4303454,DORIPENEM MONOHYDRATE,CHEMBL4303454
Drug,2544,CHEMBL4303525,OMAVELOXOLONE,CHEMBL4303525
Drug,2545,CHEMBL4303669,ZOLEDRONIC ACID,CHEMBL4303669
Drug,2546,CHEMBL431,SPIRAPRIL,CHEMBL431
Drug,2547,CHEMBL43128,PRIMAQUINE PHOSPHATE,CHEMBL43128
Drug,2548,CHEMBL431770,ISTRADEFYLLINE,CHEMBL431770
Drug,2549,CHEMBL433,VALPROATE SODIUM,CHEMBL433
Drug,2550,CHEMBL434,ISOPROTERENOL,CHEMBL434
Drug,2551,CHEMBL434394,NEBIVOLOL,CHEMBL434394
Drug,2552,CHEMBL43452,POMALIDOMIDE,CHEMBL43452
Drug,2553,CHEMBL435,HYDROCHLOROTHIAZIDE,CHEMBL435
Drug,2554,CHEMBL435298,ESFLURBIPROFEN,CHEMBL435298
Drug,2555,CHEMBL436,TOLRESTAT,CHEMBL436
Drug,2556,CHEMBL437,SULFATHIAZOLE,CHEMBL437
Drug,2557,CHEMBL43708,IMIPENEM,CHEMBL43708
Drug,2558,CHEMBL437765,RIFAMYCIN,CHEMBL437765
Drug,2559,CHEMBL438,SULFAMERAZINE,CHEMBL438
Drug,2560,CHEMBL439,SULFADIAZINE,CHEMBL439
Drug,2561,CHEMBL439849,VILAZODONE,CHEMBL439849
Drug,2562,CHEMBL440,THIAMYLAL,CHEMBL440
Drug,2563,CHEMBL441,THIOPENTAL,CHEMBL441
Drug,2564,CHEMBL442,ERGOTAMINE,CHEMBL442
Drug,2565,CHEMBL443,SULFAMETHOXAZOLE,CHEMBL443
Drug,2566,CHEMBL443052,TAVABOROLE,CHEMBL443052
Drug,2567,CHEMBL4435170,DEUCRAVACITINIB,CHEMBL4435170
Drug,2568,CHEMBL44354,CEFTAZIDIME,CHEMBL44354
Drug,2569,CHEMBL444436,CUPRIC CHLORIDE,CHEMBL444436
Drug,2570,CHEMBL444633,RIFABUTIN,CHEMBL444633
Drug,2571,CHEMBL445,NORTRIPTYLINE,CHEMBL445
Drug,2572,CHEMBL4458276,ENMETAZOBACTAM,CHEMBL4458276
Drug,2573,CHEMBL446,SULFAMETHAZINE,CHEMBL446
Drug,2574,CHEMBL44618,CHLOROFORM,CHEMBL44618
Drug,2575,CHEMBL44657,ETOPOSIDE,CHEMBL44657
Drug,2576,CHEMBL447,SECOBARBITAL,CHEMBL447
Drug,2577,CHEMBL448,PENTOBARBITAL,CHEMBL448
Drug,2578,CHEMBL44884,ETHAMBUTOL,CHEMBL44884
Drug,2579,CHEMBL449,BUTABARBITAL,CHEMBL449
Drug,2580,CHEMBL45,MELATONIN,CHEMBL45
Drug,2581,CHEMBL450,METHARBITAL,CHEMBL450
Drug,2582,CHEMBL450449,TRABECTEDIN,CHEMBL450449
Drug,2583,CHEMBL451,CHLORDIAZEPOXIDE,CHEMBL451
Drug,2584,CHEMBL451930,PLITIDEPSIN,CHEMBL451930
Drug,2585,CHEMBL452,CLONAZEPAM,CHEMBL452
Drug,2586,CHEMBL452231,TENIPOSIDE,CHEMBL452231
Drug,2587,CHEMBL453,SULFISOXAZOLE,CHEMBL453
Drug,2588,CHEMBL4535757,SOTORASIB,CHEMBL4535757
Drug,2589,CHEMBL454,BUTALBITAL,CHEMBL454
Drug,2590,CHEMBL454446,CEFDITOREN PIVOXIL,CHEMBL454446
Drug,2591,CHEMBL454950,TETRACYCLINE HYDROCHLORIDE,CHEMBL454950
Drug,2592,CHEMBL455,SULFACETAMIDE,CHEMBL455
Drug,2593,CHEMBL455186,TREOSULFAN,CHEMBL455186
Drug,2594,CHEMBL4558324,LAZERTINIB,CHEMBL4558324
Drug,2595,CHEMBL4559134,SELPERCATINIB,CHEMBL4559134
Drug,2596,CHEMBL456,ETHACRYNIC ACID,CHEMBL456
Drug,2597,CHEMBL457,GEMFIBROZIL,CHEMBL457
Drug,2598,CHEMBL457547,MICAFUNGIN,CHEMBL457547
Drug,2599,CHEMBL45816,MIBEFRADIL,CHEMBL45816
Drug,2600,CHEMBL4582651,PRALSETINIB,CHEMBL4582651
Drug,2601,CHEMBL4585668,BELZUTIFAN,CHEMBL4585668
Drug,2602,CHEMBL459,METHYLDOPA,CHEMBL459
Drug,2603,CHEMBL459265,HEXAMETHYL PARAROSANILINE,CHEMBL459265
Drug,2604,CHEMBL4594217,CANAGLIFLOZIN,CHEMBL4594217
Drug,2605,CHEMBL4594222,TECHNETIUM TC 99M TEBOROXIME,CHEMBL4594222
Drug,2606,CHEMBL4594231,IODOXAMATE MEGLUMINE,CHEMBL4594231
Drug,2607,CHEMBL4594246,SULOPENEM ETZADROXIL,CHEMBL4594246
Drug,2608,CHEMBL4594250,NETARSUDIL,CHEMBL4594250
Drug,2609,CHEMBL4594251,NETARSUDIL DIMESYLATE,CHEMBL4594251
Drug,2610,CHEMBL4594260,TAZEMETOSTAT HYDROBROMIDE,CHEMBL4594260
Drug,2611,CHEMBL4594261,FLUOROESTRADIOL F-18,CHEMBL4594261
Drug,2612,CHEMBL4594262,AMLODIPINE BENZOATE,CHEMBL4594262
Drug,2613,CHEMBL4594264,AIR POLYMER-TYPE A,CHEMBL4594264
Drug,2614,CHEMBL4594273,ELACESTRANT HYDROCHLORIDE,CHEMBL4594273
Drug,2615,CHEMBL4594278,GEFAPIXANT CITRATE,CHEMBL4594278
Drug,2616,CHEMBL4594285,PADELIPORFIN POTASSIUM,CHEMBL4594285
Drug,2617,CHEMBL4594287,ENSIFENTRINE,CHEMBL4594287
Drug,2618,CHEMBL4594288,LEVAMLODIPINE MALEATE,CHEMBL4594288
Drug,2619,CHEMBL4594292,TEPOTINIB HYDROCHLORIDE,CHEMBL4594292
Drug,2620,CHEMBL4594293,ACALABRUTINIB MALEATE,CHEMBL4594293
Drug,2621,CHEMBL4594300,FOSDENOPTERIN HYDROBROMIDE,CHEMBL4594300
Drug,2622,CHEMBL4594301,REMIMAZOLAM BESYLATE,CHEMBL4594301
Drug,2623,CHEMBL4594345,PEGULICIANINE ACETATE,CHEMBL4594345
Drug,2624,CHEMBL4594350,ADAGRASIB,CHEMBL4594350
Drug,2625,CHEMBL4594379,FOSLEVODOPA,CHEMBL4594379
Drug,2626,CHEMBL4594382,DEURUXOLITINIB PHOSPHATE,CHEMBL4594382
Drug,2627,CHEMBL4594383,PAFOLACIANINE SODIUM,CHEMBL4594383
Drug,2628,CHEMBL4594393,CALCIUM OXYBATE,CHEMBL4594393
Drug,2629,CHEMBL4594394,MAGNESIUM OXYBATE,CHEMBL4594394
Drug,2630,CHEMBL4594395,POTASSIUM OXYBATE,CHEMBL4594395
Drug,2631,CHEMBL4594411,"XENON XE-129, HYPERPOLARIZED",CHEMBL4594411
Drug,2632,CHEMBL4594438,LENACAPAVIR,CHEMBL4594438
Drug,2633,CHEMBL4594448,IPTACOPAN,CHEMBL4594448
Drug,2634,CHEMBL4596392,CRAVACITINIB,CHEMBL4596392
Drug,2635,CHEMBL4597194,TECHNETIUM BICISATE,CHEMBL4597194
Drug,2636,CHEMBL4597794,TECHNETIUM TEBOROXIME,CHEMBL4597794
Drug,2637,CHEMBL46,ONDANSETRON,CHEMBL46
Drug,2638,CHEMBL460,MOLINDONE,CHEMBL460
Drug,2639,CHEMBL461101,ELTROMBOPAG,CHEMBL461101
Drug,2640,CHEMBL461522,METAMIZOLE,CHEMBL461522
Drug,2641,CHEMBL462394,METRIZAMIDE,CHEMBL462394
Drug,2642,CHEMBL462547,URETHANE,CHEMBL462547
Drug,2643,CHEMBL462605,PITOLISANT,CHEMBL462605
Drug,2644,CHEMBL46286,OMACETAXINE MEPESUCCINATE,CHEMBL46286
Drug,2645,CHEMBL463,AMINOHIPPURIC ACID,CHEMBL463
Drug,2646,CHEMBL464,ETRETINATE,CHEMBL464
Drug,2647,CHEMBL465,DRONABINOL,CHEMBL465
Drug,2648,CHEMBL4650215,INAVOLISIB,CHEMBL4650215
Drug,2649,CHEMBL4650216,DARIDOREXANT HYDROCHLORIDE,CHEMBL4650216
Drug,2650,CHEMBL4650220,ZAVEGEPANT HYDROCHLORIDE,CHEMBL4650220
Drug,2651,CHEMBL4650226,ACORAMIDIS HYDROCHLORIDE,CHEMBL4650226
Drug,2652,CHEMBL4650246,BIRCH TRITERPENES,CHEMBL4650246
Drug,2653,CHEMBL4650272,TRILACICLIB DIHYDROCHLORIDE,CHEMBL4650272
Drug,2654,CHEMBL4650319,MOBOCERTINIB,CHEMBL4650319
Drug,2655,CHEMBL4650485,PIRTOBRUTINIB,CHEMBL4650485
Drug,2656,CHEMBL4650827,REVUMENIB,CHEMBL4650827
Drug,2657,CHEMBL467,HYDROXYUREA,CHEMBL467
Drug,2658,CHEMBL467058,LANINAMIVIR OCTANOATE,CHEMBL467058
Drug,2659,CHEMBL46740,BAZEDOXIFENE,CHEMBL46740
Drug,2660,CHEMBL468,THALIDOMIDE,CHEMBL468
Drug,2661,CHEMBL468837,HEPTABARBITAL,CHEMBL468837
Drug,2662,CHEMBL469,KETOROLAC,CHEMBL469
Drug,2663,CHEMBL46917,CARBARIL,CHEMBL46917
Drug,2664,CHEMBL471,SOTALOL,CHEMBL471
Drug,2665,CHEMBL471737,IVABRADINE,CHEMBL471737
Drug,2666,CHEMBL472,GLYBURIDE,CHEMBL472
Drug,2667,CHEMBL473,DOFETILIDE,CHEMBL473
Drug,2668,CHEMBL473417,VISMODEGIB,CHEMBL473417
Drug,2669,CHEMBL474579,CEFOTETAN,CHEMBL474579
Drug,2670,CHEMBL476,DACARBAZINE,CHEMBL476
Drug,2671,CHEMBL476960,VOGLIBOSE,CHEMBL476960
Drug,2672,CHEMBL477,ADENOSINE,CHEMBL477
Drug,2673,CHEMBL477772,PAZOPANIB,CHEMBL477772
Drug,2674,CHEMBL479,THIORIDAZINE,CHEMBL479
Drug,2675,CHEMBL480,LANSOPRAZOLE,CHEMBL480
Drug,2676,CHEMBL4802130,BELUMOSUDIL MESYLATE,CHEMBL4802130
Drug,2677,CHEMBL4802135,NIRMATRELVIR,CHEMBL4802135
Drug,2678,CHEMBL4802224,FERRIC OXYHYDROXIDE,CHEMBL4802224
Drug,2679,CHEMBL4802239,MOBOCERTINIB SUCCINATE,CHEMBL4802239
Drug,2680,CHEMBL4802240,FOSCARBIDOPA,CHEMBL4802240
Drug,2681,CHEMBL4802249,LENACAPAVIR SODIUM,CHEMBL4802249
Drug,2682,CHEMBL481,IRINOTECAN,CHEMBL481
Drug,2683,CHEMBL483254,PANOBINOSTAT,CHEMBL483254
Drug,2684,CHEMBL48449,CANTHARIDIN,CHEMBL48449
Drug,2685,CHEMBL484785,CRISABOROLE,CHEMBL484785
Drug,2686,CHEMBL485,CODEINE,CHEMBL485
Drug,2687,CHEMBL485696,SULFISOMIDINE,CHEMBL485696
Drug,2688,CHEMBL48582,SAFINAMIDE MESYLATE,CHEMBL48582
Drug,2689,CHEMBL487253,BENDAMUSTINE,CHEMBL487253
Drug,2690,CHEMBL488,AMINOGLUTETHIMIDE,CHEMBL488
Drug,2691,CHEMBL488093,PYRITINOL,CHEMBL488093
Drug,2692,CHEMBL49,BUSPIRONE,CHEMBL49
Drug,2693,CHEMBL490,PAROXETINE,CHEMBL490
Drug,2694,CHEMBL490665,NALFURAFINE HYDROCHLORIDE,CHEMBL490665
Drug,2695,CHEMBL491571,DORIPENEM,CHEMBL491571
Drug,2696,CHEMBL492,ETIDOCAINE,CHEMBL492
Drug,2697,CHEMBL493,BROMOCRIPTINE,CHEMBL493
Drug,2698,CHEMBL493982,VORAPAXAR,CHEMBL493982
Drug,2699,CHEMBL494,ILOPROST,CHEMBL494
Drug,2700,CHEMBL494622,FLURPIRIDAZ,CHEMBL494622
Drug,2701,CHEMBL494753,ESTRONE SULFURIC ACID,CHEMBL494753
Drug,2702,CHEMBL495,ALPROSTADIL,CHEMBL495
Drug,2703,CHEMBL496,HEXACHLOROPHENE,CHEMBL496
Drug,2704,CHEMBL497,CLIOQUINOL,CHEMBL497
Drug,2705,CHEMBL498,CHLORPROPAMIDE,CHEMBL498
Drug,2706,CHEMBL498847,SECNIDAZOLE,CHEMBL498847
Drug,2707,CHEMBL499,TIMOLOL,CHEMBL499
Drug,2708,CHEMBL5,NALIDIXIC ACID,CHEMBL5
Drug,2709,CHEMBL500,PINDOLOL,CHEMBL500
Drug,2710,CHEMBL500576,TEMOPORFIN,CHEMBL500576
Drug,2711,CHEMBL501,AMPHETAMINE SULFATE,CHEMBL501
Drug,2712,CHEMBL501122,CEFTAROLINE FOSAMIL,CHEMBL501122
Drug,2713,CHEMBL501849,SIMEPREVIR,CHEMBL501849
Drug,2714,CHEMBL501867,VINCRISTINE SULFATE,CHEMBL501867
Drug,2715,CHEMBL502,DONEPEZIL,CHEMBL502
Drug,2716,CHEMBL502182,ELAGOLIX SODIUM,CHEMBL502182
Drug,2717,CHEMBL502835,NINTEDANIB,CHEMBL502835
Drug,2718,CHEMBL503,LOVASTATIN,CHEMBL503
Drug,2719,CHEMBL503565,VINBARBITAL,CHEMBL503565
Drug,2720,CHEMBL504,DIMETHYL SULFOXIDE,CHEMBL504
Drug,2721,CHEMBL505,CHLORPHENIRAMINE,CHEMBL505
Drug,2722,CHEMBL50588,EMETINE,CHEMBL50588
Drug,2723,CHEMBL506,PRIMAQUINE,CHEMBL506
Drug,2724,CHEMBL507674,CEFOPERAZONE,CHEMBL507674
Drug,2725,CHEMBL509,MECLOFENAMIC ACID,CHEMBL509
Drug,2726,CHEMBL5095039,GALLIUM GA 68 GOZETOTIDE,CHEMBL5095039
Drug,2727,CHEMBL5095048,AMPHETAMINE ASPARTATE/DEXTROAMPHETAMINE SULFATE,CHEMBL5095048
Drug,2728,CHEMBL5095049,PACRITINIB CITRATE,CHEMBL5095049
Drug,2729,CHEMBL5095050,FINGOLIMOD LAURYL SULFATE,CHEMBL5095050
Drug,2730,CHEMBL5095051,VENLAFAXINE BESYLATE,CHEMBL5095051
Drug,2731,CHEMBL5095056,BENZGALANTAMINE,CHEMBL5095056
Drug,2732,CHEMBL5095401,IPTACOPAN HYDROCHLORIDE,CHEMBL5095401
Drug,2733,CHEMBL5095420,TRIENTINE TETRAHYDROCHLORIDE,CHEMBL5095420
Drug,2734,CHEMBL5095505,AMPHETAMINE/DEXTROAMPHETAMINE,CHEMBL5095505
Drug,2735,CHEMBL511,PYRILAMINE,CHEMBL511
Drug,2736,CHEMBL511142,BUPRENORPHINE,CHEMBL511142
Drug,2737,CHEMBL512351,BETRIXABAN,CHEMBL512351
Drug,2738,CHEMBL513,CARMUSTINE,CHEMBL513
Drug,2739,CHEMBL514,LOMUSTINE,CHEMBL514
Drug,2740,CHEMBL514800,APREMILAST,CHEMBL514800
Drug,2741,CHEMBL515,CHLORAMBUCIL,CHEMBL515
Drug,2742,CHEMBL515387,GOSOGLIPTIN,CHEMBL515387
Drug,2743,CHEMBL515408,MARIBAVIR,CHEMBL515408
Drug,2744,CHEMBL515914,AZARIBINE,CHEMBL515914
Drug,2745,CHEMBL516,CYPROHEPTADINE,CHEMBL516
Drug,2746,CHEMBL517,DISOPYRAMIDE,CHEMBL517
Drug,2747,CHEMBL517712,ATROPINE,CHEMBL517712
Drug,2748,CHEMBL518520,RALTEGRAVIR POTASSIUM,CHEMBL518520
Drug,2749,CHEMBL518924,MAVORIXAFOR,CHEMBL518924
Drug,2750,CHEMBL5189739,BEROTRALSTAT,CHEMBL5189739
Drug,2751,CHEMBL521,IBUPROFEN,CHEMBL521
Drug,2752,CHEMBL521606,NADOLOL,CHEMBL521606
Drug,2753,CHEMBL521686,OLAPARIB,CHEMBL521686
Drug,2754,CHEMBL522038,XIMELAGATRAN,CHEMBL522038
Drug,2755,CHEMBL523299,UMECLIDINIUM BROMIDE,CHEMBL523299
Drug,2756,CHEMBL524,METHOXAMINE,CHEMBL524
Drug,2757,CHEMBL524004,MEPENZOLATE,CHEMBL524004
Drug,2758,CHEMBL52440,DEXTROMETHORPHAN,CHEMBL52440
Drug,2759,CHEMBL526,PROPOFOL,CHEMBL526
Drug,2760,CHEMBL527,PIROXICAM,CHEMBL527
Drug,2761,CHEMBL528,CEFTIZOXIME,CHEMBL528
Drug,2762,CHEMBL529,AZITHROMYCIN,CHEMBL529
Drug,2763,CHEMBL529437,COCAINE HYDROCHLORIDE,CHEMBL529437
Drug,2764,CHEMBL53,APOMORPHINE,CHEMBL53
Drug,2765,CHEMBL530,AMDINOCILLIN,CHEMBL530
Drug,2766,CHEMBL531,PERGOLIDE,CHEMBL531
Drug,2767,CHEMBL5314346,VERTEPORFIN,CHEMBL5314346
Drug,2768,CHEMBL5314347,SEVELAMER CARBONATE,CHEMBL5314347
Drug,2769,CHEMBL5314349,SEVELAMER,CHEMBL5314349
Drug,2770,CHEMBL5314362,ENTECAVIR,CHEMBL5314362
Drug,2771,CHEMBL5314365,MONENSIN SODIUM,CHEMBL5314365
Drug,2772,CHEMBL5314366,ESOMEPRAZOLE MAGNESIUM,CHEMBL5314366
Drug,2773,CHEMBL5314371,MANGANESE CHLORIDE,CHEMBL5314371
Drug,2774,CHEMBL5314373,"CEFPROZIL, (E)-",CHEMBL5314373
Drug,2775,CHEMBL5314375,CIDOFOVIR,CHEMBL5314375
Drug,2776,CHEMBL5314378,CASPOFUNGIN ACETATE,CHEMBL5314378
Drug,2777,CHEMBL5314559,FLOTUFOLASTAT F-18 GALLIUM,CHEMBL5314559
Drug,2778,CHEMBL5314588,PERFLUOROHEXYLOCTANE,CHEMBL5314588
Drug,2779,CHEMBL5314600,TIRABRUTINIB HYDROCHLORIDE,CHEMBL5314600
Drug,2780,CHEMBL5314649,RITLECITINIB TOSYLATE,CHEMBL5314649
Drug,2781,CHEMBL5314934,VANZACAFTOR,CHEMBL5314934
Drug,2782,CHEMBL5315049,SITAGLIPTIN FUMARATE,CHEMBL5315049
Drug,2783,CHEMBL5315051,YTTRIUM CHLORIDE Y-90,CHEMBL5315051
Drug,2784,CHEMBL5315053,PEMETREXED MONOHYDRATE,CHEMBL5315053
Drug,2785,CHEMBL5315054,ERTUGLIFLOZIN PIDOLATE,CHEMBL5315054
Drug,2786,CHEMBL5315055,NALMEFENE HYDROCHLORIDE DIHYDRATE,CHEMBL5315055
Drug,2787,CHEMBL5315056,NALOXONE HYDROCHLORIDE DIHYDRATE,CHEMBL5315056
Drug,2788,CHEMBL5315062,LUTETIUM CHLORIDE LU-177,CHEMBL5315062
Drug,2789,CHEMBL5315077,TILMANOCEPT,CHEMBL5315077
Drug,2790,CHEMBL5315079,DEPREOTIDE TRIFLUOROACETATE,CHEMBL5315079
Drug,2791,CHEMBL5315081,PATIROMER SORBITEX CALCIUM,CHEMBL5315081
Drug,2792,CHEMBL5315117,ZANAMIVIR HYDRATE,CHEMBL5315117
Drug,2793,CHEMBL5315118,ILOPROST TROMETHAMINE,CHEMBL5315118
Drug,2794,CHEMBL5315119,UPADACITINIB HEMIHYDRATE,CHEMBL5315119
Drug,2795,CHEMBL5315120,ODEVIXIBAT SESQUIHYDRATE,CHEMBL5315120
Drug,2796,CHEMBL5315121,TECOVIRIMAT MONOHYDRATE,CHEMBL5315121
Drug,2797,CHEMBL5315122,BORTEZOMIB D-MANNITOL,CHEMBL5315122
Drug,2798,CHEMBL5315124,LEVOFLOXACIN,CHEMBL5315124
Drug,2799,CHEMBL5315125,DUVELISIB MONOHYDRATE,CHEMBL5315125
Drug,2800,CHEMBL5316156,FLOTUFOLASTAT GALLIUM,CHEMBL5316156
Drug,2801,CHEMBL5316164,YTTRIUM CHLORIDE,CHEMBL5316164
Drug,2802,CHEMBL5316165,LUTETIUM CHLORIDE,CHEMBL5316165
Drug,2803,CHEMBL532,ERYTHROMYCIN,CHEMBL532
Drug,2804,CHEMBL53292,ISOXICAM,CHEMBL53292
Drug,2805,CHEMBL533,IBUTILIDE,CHEMBL533
Drug,2806,CHEMBL534,KETOTIFEN,CHEMBL534
Drug,2807,CHEMBL53418,DANTHRON,CHEMBL53418
Drug,2808,CHEMBL53463,DOXORUBICIN,CHEMBL53463
Drug,2809,CHEMBL535,SUNITINIB,CHEMBL535
Drug,2810,CHEMBL535396,RIMANTADINE HYDROCHLORIDE,CHEMBL535396
Drug,2811,CHEMBL535650,MEFLOQUINE HYDROCHLORIDE,CHEMBL535650
Drug,2812,CHEMBL537,HYDROQUINONE,CHEMBL537
Drug,2813,CHEMBL538943,VINORELBINE TARTRATE,CHEMBL538943
Drug,2814,CHEMBL539,ACETIC ACID,CHEMBL539
Drug,2815,CHEMBL539423,SPARSENTAN,CHEMBL539423
Drug,2816,CHEMBL539697,DABIGATRAN ETEXILATE,CHEMBL539697
Drug,2817,CHEMBL539770,TERODILINE HYDROCHLORIDE,CHEMBL539770
Drug,2818,CHEMBL54,HALOPERIDOL,CHEMBL54
Drug,2819,CHEMBL5416410,DASATINIB,CHEMBL5416410
Drug,2820,CHEMBL542541,HYDRALAZINE HYDROCHLORIDE,CHEMBL542541
Drug,2821,CHEMBL54349,ALPIDEM,CHEMBL54349
Drug,2822,CHEMBL544,MEQUINOL,CHEMBL544
Drug,2823,CHEMBL544665,FINGOLIMOD HYDROCHLORIDE,CHEMBL544665
Drug,2824,CHEMBL545,ALCOHOL,CHEMBL545
Drug,2825,CHEMBL546,OXPRENOLOL,CHEMBL546
Drug,2826,CHEMBL547,ISOTRETINOIN,CHEMBL547
Drug,2827,CHEMBL548,DINOPROSTONE,CHEMBL548
Drug,2828,CHEMBL5483015,ARSENIC TRIOXIDE,CHEMBL5483015
Drug,2829,CHEMBL549,CITALOPRAM,CHEMBL549
Drug,2830,CHEMBL54976,TRYPTOPHAN,CHEMBL54976
Drug,2831,CHEMBL55,PENTAMIDINE,CHEMBL55
Drug,2832,CHEMBL550,PILOCARPINE,CHEMBL550
Drug,2833,CHEMBL550348,DEFERASIROX,CHEMBL550348
Drug,2834,CHEMBL550495,METHYLENE BLUE,CHEMBL550495
Drug,2835,CHEMBL550755,FORODESINE HYDROCHLORIDE,CHEMBL550755
Drug,2836,CHEMBL551466,ACLIDINIUM BROMIDE,CHEMBL551466
Drug,2837,CHEMBL553,ERLOTINIB,CHEMBL553
Drug,2838,CHEMBL553025,VINORELBINE,CHEMBL553025
Drug,2839,CHEMBL554,LAPATINIB,CHEMBL554
Drug,2840,CHEMBL556,DEFEROXAMINE,CHEMBL556
Drug,2841,CHEMBL55643,COPPER,CHEMBL55643
Drug,2842,CHEMBL557555,CIPROFIBRATE,CHEMBL557555
Drug,2843,CHEMBL558,MEXILETINE,CHEMBL558
Drug,2844,CHEMBL559,DEXTROTHYROXINE,CHEMBL559
Drug,2845,CHEMBL56021,LEVACETYLLEUCINE,CHEMBL56021
Drug,2846,CHEMBL561,LOMEFLOXACIN,CHEMBL561
Drug,2847,CHEMBL561157,TREPROSTINIL SODIUM,CHEMBL561157
Drug,2848,CHEMBL562,GRISEOFULVIN,CHEMBL562
Drug,2849,CHEMBL563,FLURBIPROFEN,CHEMBL563
Drug,2850,CHEMBL56337,EPALRESTAT,CHEMBL56337
Drug,2851,CHEMBL56367,NIMESULIDE,CHEMBL56367
Drug,2852,CHEMBL564,PROMAZINE,CHEMBL564
Drug,2853,CHEMBL564085,TROLEANDOMYCIN,CHEMBL564085
Drug,2854,CHEMBL565,CLOFIBRATE,CHEMBL565
Drug,2855,CHEMBL566315,OBETICHOLIC ACID,CHEMBL566315
Drug,2856,CHEMBL566534,ARTEMETHER,CHEMBL566534
Drug,2857,CHEMBL567,PERPHENAZINE,CHEMBL567
Drug,2858,CHEMBL568,OXAZEPAM,CHEMBL568
Drug,2859,CHEMBL569,PROCAINE,CHEMBL569
Drug,2860,CHEMBL569713,SCOPOLAMINE,CHEMBL569713
Drug,2861,CHEMBL57,NEVIRAPINE,CHEMBL57
Drug,2862,CHEMBL570,TRIFLUPROMAZINE,CHEMBL570
Drug,2863,CHEMBL571,KETOPROFEN,CHEMBL571
Drug,2864,CHEMBL571546,TIRBANIBULIN,CHEMBL571546
Drug,2865,CHEMBL572,NITROFURANTOIN,CHEMBL572
Drug,2866,CHEMBL5723563,ELIGLUSTAT TARTRATE,CHEMBL5723563
Drug,2867,CHEMBL573,NIACIN,CHEMBL573
Drug,2868,CHEMBL575,METHICILLIN,CHEMBL575
Drug,2869,CHEMBL576127,FENSPIRIDE,CHEMBL576127
Drug,2870,CHEMBL576982,QUIZARTINIB,CHEMBL576982
Drug,2871,CHEMBL577,ENALAPRILAT ANHYDROUS,CHEMBL577
Drug,2872,CHEMBL578,ENALAPRIL,CHEMBL578
Drug,2873,CHEMBL578767,FLUMEXADOL,CHEMBL578767
Drug,2874,CHEMBL579205,FLUTEMETAMOL,CHEMBL579205
Drug,2875,CHEMBL58,MITOXANTRONE,CHEMBL58
Drug,2876,CHEMBL580,LORAZEPAM,CHEMBL580
Drug,2877,CHEMBL582,ISOPROPYL ALCOHOL,CHEMBL582
Drug,2878,CHEMBL583,GREPAFLOXACIN,CHEMBL583
Drug,2879,CHEMBL58323,LACOSAMIDE,CHEMBL58323
Drug,2880,CHEMBL584,NELFINAVIR,CHEMBL584
Drug,2881,CHEMBL585,TRIAMTERENE,CHEMBL585
Drug,2882,CHEMBL58510,CHLOROQUINE PHOSPHATE,CHEMBL58510
Drug,2883,CHEMBL588,FENOLDOPAM,CHEMBL588
Drug,2884,CHEMBL589,ROPINIROLE,CHEMBL589
Drug,2885,CHEMBL589586,MONOMETHYL FUMARATE,CHEMBL589586
Drug,2886,CHEMBL59,DOPAMINE,CHEMBL59
Drug,2887,CHEMBL590,MENADIONE,CHEMBL590
Drug,2888,CHEMBL591,ETHCHLORVYNOL,CHEMBL591
Drug,2889,CHEMBL591665,SODIUM ASCORBATE,CHEMBL591665
Drug,2890,CHEMBL592,LEVORPHANOL,CHEMBL592
Drug,2891,CHEMBL593,DELAVIRDINE,CHEMBL593
Drug,2892,CHEMBL594,EMEDASTINE,CHEMBL594
Drug,2893,CHEMBL595,PIOGLITAZONE,CHEMBL595
Drug,2894,CHEMBL596,FENTANYL,CHEMBL596
Drug,2895,CHEMBL597,PHENTOLAMINE,CHEMBL597
Drug,2896,CHEMBL599,MELOXICAM,CHEMBL599
Drug,2897,CHEMBL6,INDOMETHACIN,CHEMBL6
Drug,2898,CHEMBL600,ACETYLCYSTEINE,CHEMBL600
Drug,2899,CHEMBL601,AMINOLEVULINIC ACID,CHEMBL601
Drug,2900,CHEMBL601719,CRIZOTINIB,CHEMBL601719
Drug,2901,CHEMBL602,CYSTEAMINE,CHEMBL602
Drug,2902,CHEMBL603,ZAFIRLUKAST,CHEMBL603
Drug,2903,CHEMBL604,CUPRIC SULFATE,CHEMBL604
Drug,2904,CHEMBL605,PROCAINAMIDE HYDROCHLORIDE,CHEMBL605
Drug,2905,CHEMBL605846,OLODATEROL,CHEMBL605846
Drug,2906,CHEMBL606,MISOPROSTOL,CHEMBL606
Drug,2907,CHEMBL606260,CARBENICILLIN DISODIUM,CHEMBL606260
Drug,2908,CHEMBL6067484,GENTAMICIN SULFATE,CHEMBL6067484
Drug,2909,CHEMBL6067485,GENTAMICIN,CHEMBL6067485
Drug,2910,CHEMBL6067642,CODEINE PHOSPHATE,CHEMBL6067642
Drug,2911,CHEMBL6067650,PAROXETINE HYDROCHLORIDE,CHEMBL6067650
Drug,2912,CHEMBL6067656,CEFTRIAXONE SODIUM,CHEMBL6067656
Drug,2913,CHEMBL6067961,POLIDOCANOL,CHEMBL6067961
Drug,2914,CHEMBL6067972,VARENICLINE TARTRATE,CHEMBL6067972
Drug,2915,CHEMBL6067977,TECHNETIUM TC 99M SESTAMIBI,CHEMBL6067977
Drug,2916,CHEMBL6067988,RASAGILINE TARTRATE,CHEMBL6067988
Drug,2917,CHEMBL6067989,CUPRIC CHLORIDE CU-64,CHEMBL6067989
Drug,2918,CHEMBL6067995,BEROTRALSTAT HYDROCHLORIDE,CHEMBL6067995
Drug,2919,CHEMBL6067998,LASOFOXIFENE TARTRATE,CHEMBL6067998
Drug,2920,CHEMBL6068327,ACETYLCYSTEINE LYSINE,CHEMBL6068327
Drug,2921,CHEMBL6068328,ELTROMBOPAG CHOLINE,CHEMBL6068328
Drug,2922,CHEMBL6068329,PEMETREXED DIPOTASSIUM,CHEMBL6068329
Drug,2923,CHEMBL6068332,TENOFOVIR DISOPROXIL MALEATE,CHEMBL6068332
Drug,2924,CHEMBL6068333,CLOPIDOGREL BESILATE,CHEMBL6068333
Drug,2925,CHEMBL6068334,SITAGLIPTIN HYDROCHLORIDE MONOHYDRATE,CHEMBL6068334
Drug,2926,CHEMBL6068335,PEMETREXED DISODIUM HEMIPENTAHYDRATE,CHEMBL6068335
Drug,2927,CHEMBL6068336,MOMELOTINIB DIHYDROCHLORIDE MONOHYDRATE,CHEMBL6068336
Drug,2928,CHEMBL6068337,LENALIDOMIDE HYDROCHLORIDE MONOHYDRATE,CHEMBL6068337
Drug,2929,CHEMBL6068338,CLOPIDOGREL HYDROCHLORIDE,CHEMBL6068338
Drug,2930,CHEMBL6068339,IRBESARTAN HYDROCHLORIDE,CHEMBL6068339
Drug,2931,CHEMBL6068340,PRASUGREL BESYLATE,CHEMBL6068340
Drug,2932,CHEMBL6068341,TENOFOVIR DISOPROXIL PHOSPHATE,CHEMBL6068341
Drug,2933,CHEMBL6068343,CLOPIDOGREL HYDROBROMIDE,CHEMBL6068343
Drug,2934,CHEMBL6068395,REVUMENIB CITRATE,CHEMBL6068395
Drug,2935,CHEMBL6068400,GIVINOSTAT HYDROCHLORIDE,CHEMBL6068400
Drug,2936,CHEMBL6068423,ESTETROL,CHEMBL6068423
Drug,2937,CHEMBL6068431,BENZGALANTAMINE GLUCONATE,CHEMBL6068431
Drug,2938,CHEMBL6068478,LAZERTINIB MESYLATE,CHEMBL6068478
Drug,2939,CHEMBL6069485,TECHNETIUM SESTAMIBI,CHEMBL6069485
Drug,2940,CHEMBL607,MEPERIDINE,CHEMBL607
Drug,2941,CHEMBL607400,BRIVARACETAM,CHEMBL607400
Drug,2942,CHEMBL607710,CHLORPHENESIN CARBAMATE,CHEMBL607710
Drug,2943,CHEMBL608,PROBUCOL,CHEMBL608
Drug,2944,CHEMBL608533,MIDOSTAURIN,CHEMBL608533
Drug,2945,CHEMBL609,TRIENTINE,CHEMBL609
Drug,2946,CHEMBL61,PODOFILOX,CHEMBL61
Drug,2947,CHEMBL61006,PHENYLPROPANOLAMINE,CHEMBL61006
Drug,2948,CHEMBL611,TERAZOSIN,CHEMBL611
Drug,2949,CHEMBL612,DEXTROAMPHETAMINE,CHEMBL612
Drug,2950,CHEMBL614,PYRAZINAMIDE,CHEMBL614
Drug,2951,CHEMBL615,PENICILLIN V,CHEMBL615
Drug,2952,CHEMBL61593,CYCLOTHIAZIDE,CHEMBL61593
Drug,2953,CHEMBL617,CEPHALOTHIN,CHEMBL617
Drug,2954,CHEMBL620,CLIDINIUM,CHEMBL620
Drug,2955,CHEMBL621,TRAZODONE,CHEMBL621
Drug,2956,CHEMBL62193,SULFADIMETHOXINE,CHEMBL62193
Drug,2957,CHEMBL622,ETODOLAC,CHEMBL622
Drug,2958,CHEMBL623,NEFAZODONE,CHEMBL623
Drug,2959,CHEMBL625,THIABENDAZOLE,CHEMBL625
Drug,2960,CHEMBL626,NAFTIFINE,CHEMBL626
Drug,2961,CHEMBL628,PENTOXIFYLLINE,CHEMBL628
Drug,2962,CHEMBL629,AMITRIPTYLINE,CHEMBL629
Drug,2963,CHEMBL631,PROPAFENONE,CHEMBL631
Drug,2964,CHEMBL632,BETAMETHASONE,CHEMBL632
Drug,2965,CHEMBL633,AMIODARONE,CHEMBL633
Drug,2966,CHEMBL634,ALFENTANIL,CHEMBL634
Drug,2967,CHEMBL635,PREDNISONE,CHEMBL635
Drug,2968,CHEMBL636,RIVASTIGMINE,CHEMBL636
Drug,2969,CHEMBL637,VENLAFAXINE,CHEMBL637
Drug,2970,CHEMBL638,VORICONAZOLE,CHEMBL638
Drug,2971,CHEMBL63857,PHENOLPHTHALEIN,CHEMBL63857
Drug,2972,CHEMBL639,AZELASTINE,CHEMBL639
Drug,2973,CHEMBL64,ISONIAZID,CHEMBL64
Drug,2974,CHEMBL640,PROCAINAMIDE,CHEMBL640
Drug,2975,CHEMBL641,ATOMOXETINE,CHEMBL641
Drug,2976,CHEMBL642,ACEBUTOLOL,CHEMBL642
Drug,2977,CHEMBL643,PROMETHAZINE,CHEMBL643
Drug,2978,CHEMBL6437,MIANSERIN,CHEMBL6437
Drug,2979,CHEMBL64391,ITRACONAZOLE,CHEMBL64391
Drug,2980,CHEMBL644,TRIMIPRAMINE,CHEMBL644
Drug,2981,CHEMBL645,BISOPROLOL,CHEMBL645
Drug,2982,CHEMBL646,TRIAZOLAM,CHEMBL646
Drug,2983,CHEMBL6466,COUMARIN,CHEMBL6466
Drug,2984,CHEMBL647,APRACLONIDINE,CHEMBL647
Drug,2985,CHEMBL648,CYCLIZINE,CHEMBL648
Drug,2986,CHEMBL64894,GENTIAN VIOLET,CHEMBL64894
Drug,2987,CHEMBL650,METHYLPREDNISOLONE,CHEMBL650
Drug,2988,CHEMBL651,METHADONE,CHEMBL651
Drug,2989,CHEMBL652,FLECAINIDE,CHEMBL652
Drug,2990,CHEMBL65375,TIPIRACIL HYDROCHLORIDE,CHEMBL65375
Drug,2991,CHEMBL654,MIRTAZAPINE,CHEMBL654
Drug,2992,CHEMBL655,MIDAZOLAM,CHEMBL655
Drug,2993,CHEMBL656,OXYCODONE,CHEMBL656
Drug,2994,CHEMBL657,DIPHENHYDRAMINE,CHEMBL657
Drug,2995,CHEMBL658,SUFENTANIL,CHEMBL658
Drug,2996,CHEMBL659,GALANTAMINE,CHEMBL659
Drug,2997,CHEMBL660,AMANTADINE,CHEMBL660
Drug,2998,CHEMBL661,ALPRAZOLAM,CHEMBL661
Drug,2999,CHEMBL6622,ISOSORBIDE DINITRATE,CHEMBL6622
Drug,3000,CHEMBL666,FOSCARNET,CHEMBL666
Drug,3001,CHEMBL667,ACETYLCHOLINE,CHEMBL667
Drug,3002,CHEMBL668,PROTRIPTYLINE,CHEMBL668
Drug,3003,CHEMBL669,CYCLOBENZAPRINE,CHEMBL669
Drug,3004,CHEMBL671,THIOTEPA,CHEMBL671
Drug,3005,CHEMBL672,FENOFIBRATE,CHEMBL672
Drug,3006,CHEMBL673,PARGYLINE,CHEMBL673
Drug,3007,CHEMBL675,ALENDRONATE SODIUM,CHEMBL675
Drug,3008,CHEMBL677,LEVONORDEFRIN,CHEMBL677
Drug,3009,CHEMBL679,EPINEPHRINE,CHEMBL679
Drug,3010,CHEMBL680,CEFACLOR ANHYDROUS,CHEMBL680
Drug,3011,CHEMBL681,ETOMIDATE,CHEMBL681
Drug,3012,CHEMBL682,AMODIAQUINE,CHEMBL682
Drug,3013,CHEMBL684,DIETHYLCARBAMAZINE,CHEMBL684
Drug,3014,CHEMBL685,MEBENDAZOLE,CHEMBL685
Drug,3015,CHEMBL686,MEFENAMIC ACID,CHEMBL686
Drug,3016,CHEMBL688,FENTANYL CITRATE,CHEMBL688
Drug,3017,CHEMBL689,MANNITOL,CHEMBL689
Drug,3018,CHEMBL690,PRAVASTATIN SODIUM,CHEMBL690
Drug,3019,CHEMBL691,ETHINYL ESTRADIOL,CHEMBL691
Drug,3020,CHEMBL692,GLYCERIN,CHEMBL692
Drug,3021,CHEMBL695,TRIMETHADIONE,CHEMBL695
Drug,3022,CHEMBL696,ETHOSUXIMIDE,CHEMBL696
Drug,3023,CHEMBL6966,VERAPAMIL,CHEMBL6966
Drug,3024,CHEMBL697,METHSUXIMIDE,CHEMBL697
Drug,3025,CHEMBL698,TETRACAINE,CHEMBL698
Drug,3026,CHEMBL6995,PRACTOLOL,CHEMBL6995
Drug,3027,CHEMBL70,MORPHINE,CHEMBL70
Drug,3028,CHEMBL700,SULFAPYRIDINE,CHEMBL700
Drug,3029,CHEMBL70046,SORIVUDINE,CHEMBL70046
Drug,3030,CHEMBL701,BACLOFEN,CHEMBL701
Drug,3031,CHEMBL702,PIPERACILLIN,CHEMBL702
Drug,3032,CHEMBL703,SUXAMETHONIUM,CHEMBL703
Drug,3033,CHEMBL704,MESALAMINE,CHEMBL704
Drug,3034,CHEMBL70418,CLOBAZAM,CHEMBL70418
Drug,3035,CHEMBL705,ALITRETINOIN,CHEMBL705
Drug,3036,CHEMBL706,CETYL ALCOHOL,CHEMBL706
Drug,3037,CHEMBL707,DOXAZOSIN,CHEMBL707
Drug,3038,CHEMBL708,ZIPRASIDONE,CHEMBL708
Drug,3039,CHEMBL709,ALFUZOSIN,CHEMBL709
Drug,3040,CHEMBL70927,DEFERIPRONE,CHEMBL70927
Drug,3041,CHEMBL70972,SERATRODAST,CHEMBL70972
Drug,3042,CHEMBL71,CHLORPROMAZINE,CHEMBL71
Drug,3043,CHEMBL710,FINASTERIDE,CHEMBL710
Drug,3044,CHEMBL711,PHENINDIONE,CHEMBL711
Drug,3045,CHEMBL712,ANISINDIONE,CHEMBL712
Drug,3046,CHEMBL713,ENTECAVIR ANHYDROUS,CHEMBL713
Drug,3047,CHEMBL714,ALBUTEROL,CHEMBL714
Drug,3048,CHEMBL715,OLANZAPINE,CHEMBL715
Drug,3049,CHEMBL71595,HYDROGEN PEROXIDE,CHEMBL71595
Drug,3050,CHEMBL716,QUETIAPINE,CHEMBL716
Drug,3051,CHEMBL717,MEDROXYPROGESTERONE ACETATE,CHEMBL717
Drug,3052,CHEMBL719,MUPIROCIN,CHEMBL719
Drug,3053,CHEMBL72,DESIPRAMINE,CHEMBL72
Drug,3054,CHEMBL720,BENZYL ALCOHOL,CHEMBL720
Drug,3055,CHEMBL723,CARVEDILOL,CHEMBL723
Drug,3056,CHEMBL726,FLUPHENAZINE,CHEMBL726
Drug,3057,CHEMBL727,THIOGUANINE,CHEMBL727
Drug,3058,CHEMBL728,PROCHLORPERAZINE,CHEMBL728
Drug,3059,CHEMBL729,LOPINAVIR,CHEMBL729
Drug,3060,CHEMBL730,NITROGLYCERIN,CHEMBL730
Drug,3061,CHEMBL73234,CARBETAPENTANE,CHEMBL73234
Drug,3062,CHEMBL734,ACETOHYDROXAMIC ACID,CHEMBL734
Drug,3063,CHEMBL738,THIOPENTAL SODIUM,CHEMBL738
Drug,3064,CHEMBL74,CROMOLYN SODIUM,CHEMBL74
Drug,3065,CHEMBL741,LAMOTRIGINE,CHEMBL741
Drug,3066,CHEMBL7413,METHOHEXITAL,CHEMBL7413
Drug,3067,CHEMBL742,KETAMINE,CHEMBL742
Drug,3068,CHEMBL744,RILUZOLE,CHEMBL744
Drug,3069,CHEMBL746,NEDOCROMIL,CHEMBL746
Drug,3070,CHEMBL74632,MOXALACTAM,CHEMBL74632
Drug,3071,CHEMBL748,PRALIDOXIME CHLORIDE,CHEMBL748
Drug,3072,CHEMBL750,ZONISAMIDE,CHEMBL750
Drug,3073,CHEMBL752,ADENOSINE PHOSPHATE,CHEMBL752
Drug,3074,CHEMBL753,PHENOXYBENZAMINE,CHEMBL753
Drug,3075,CHEMBL754,FOSCARNET SODIUM,CHEMBL754
Drug,3076,CHEMBL75435,DEXKETOPROFEN,CHEMBL75435
Drug,3077,CHEMBL7568,QUINACRINE,CHEMBL7568
Drug,3078,CHEMBL75880,PERHEXILINE,CHEMBL75880
Drug,3079,CHEMBL76,CHLOROQUINE,CHEMBL76
Drug,3080,CHEMBL760,ANAGRELIDE,CHEMBL760
Drug,3081,CHEMBL761,NAPHAZOLINE,CHEMBL761
Drug,3082,CHEMBL762,OXYMETAZOLINE,CHEMBL762
Drug,3083,CHEMBL76370,TEGASEROD,CHEMBL76370
Drug,3084,CHEMBL765,GUANETHIDINE,CHEMBL765
Drug,3085,CHEMBL766,CILASTATIN,CHEMBL766
Drug,3086,CHEMBL768,ESMOLOL,CHEMBL768
Drug,3087,CHEMBL770,TOLAZOLINE,CHEMBL770
Drug,3088,CHEMBL771,CYCLOSERINE,CHEMBL771
Drug,3089,CHEMBL772,RESERPINE,CHEMBL772
Drug,3090,CHEMBL7728,HEXOBARBITAL,CHEMBL7728
Drug,3091,CHEMBL773,GLYCINE,CHEMBL773
Drug,3092,CHEMBL776,METAPROTERENOL,CHEMBL776
Drug,3093,CHEMBL777,CLAVULANIC ACID,CHEMBL777
Drug,3094,CHEMBL778,DEXMEDETOMIDINE,CHEMBL778
Drug,3095,CHEMBL779,TADALAFIL,CHEMBL779
Drug,3096,CHEMBL780,PENTETIC ACID,CHEMBL780
Drug,3097,CHEMBL781,MAZINDOL,CHEMBL781
Drug,3098,CHEMBL782,TOLBUTAMIDE,CHEMBL782
Drug,3099,CHEMBL783,NATEGLINIDE,CHEMBL783
Drug,3100,CHEMBL786,TAMOXIFEN CITRATE,CHEMBL786
Drug,3101,CHEMBL7863,APROBARBITAL,CHEMBL7863
Drug,3102,CHEMBL787,MONTELUKAST,CHEMBL787
Drug,3103,CHEMBL788,IDOXURIDINE,CHEMBL788
Drug,3104,CHEMBL79,LIDOCAINE,CHEMBL79
Drug,3105,CHEMBL790,CHLORHEXIDINE,CHEMBL790
Drug,3106,CHEMBL796,METHYLPHENIDATE,CHEMBL796
Drug,3107,CHEMBL797,PHENSUXIMIDE,CHEMBL797
Drug,3108,CHEMBL799,CILOSTAZOL,CHEMBL799
Drug,3109,CHEMBL8,CIPROFLOXACIN,CHEMBL8
Drug,3110,CHEMBL80,NALOXONE,CHEMBL80
Drug,3111,CHEMBL802,MINOXIDIL,CHEMBL802
Drug,3112,CHEMBL803,CYTARABINE,CHEMBL803
Drug,3113,CHEMBL806,FLUTAMIDE,CHEMBL806
Drug,3114,CHEMBL807,MEMANTINE,CHEMBL807
Drug,3115,CHEMBL808,ECONAZOLE,CHEMBL808
Drug,3116,CHEMBL809,SERTRALINE,CHEMBL809
Drug,3117,CHEMBL81,RALOXIFENE,CHEMBL81
Drug,3118,CHEMBL810,TEMOZOLOMIDE,CHEMBL810
Drug,3119,CHEMBL811,BROMPHENIRAMINE,CHEMBL811
Drug,3120,CHEMBL812,PYRIDOSTIGMINE BROMIDE,CHEMBL812
Drug,3121,CHEMBL813,EPROSARTAN,CHEMBL813
Drug,3122,CHEMBL814,FLUVOXAMINE,CHEMBL814
Drug,3123,CHEMBL815,DINOPROST,CHEMBL815
Drug,3124,CHEMBL817,TOLAZAMIDE,CHEMBL817
Drug,3125,CHEMBL818,IOBENGUANE,CHEMBL818
Drug,3126,CHEMBL819,OXACILLIN,CHEMBL819
Drug,3127,CHEMBL820,BUSULFAN,CHEMBL820
Drug,3128,CHEMBL821,GUANIDINE,CHEMBL821
Drug,3129,CHEMBL822,TERBINAFINE,CHEMBL822
Drug,3130,CHEMBL826,ENOXACIN,CHEMBL826
Drug,3131,CHEMBL827,DEXMETHYLPHENIDATE,CHEMBL827
Drug,3132,CHEMBL829,METHYLPROMAZINE,CHEMBL829
Drug,3133,CHEMBL83,TAMOXIFEN,CHEMBL83
Drug,3134,CHEMBL830,EFLORNITHINE,CHEMBL830
Drug,3135,CHEMBL83063,RITODRINE,CHEMBL83063
Drug,3136,CHEMBL831,LOXAPINE,CHEMBL831
Drug,3137,CHEMBL832,SULFINPYRAZONE,CHEMBL832
Drug,3138,CHEMBL833,TICLOPIDINE,CHEMBL833
Drug,3139,CHEMBL834,PAMIDRONIC ACID,CHEMBL834
Drug,3140,CHEMBL836,TAMSULOSIN,CHEMBL836
Drug,3141,CHEMBL838,BENAZEPRIL,CHEMBL838
Drug,3142,CHEMBL839,CARTEOLOL,CHEMBL839
Drug,3143,CHEMBL84,TOPOTECAN,CHEMBL84
Drug,3144,CHEMBL841,LOPERAMIDE,CHEMBL841
Drug,3145,CHEMBL842,CHLOROTHIAZIDE,CHEMBL842
Drug,3146,CHEMBL843,ROSIGLITAZONE MALEATE,CHEMBL843
Drug,3147,CHEMBL844,BRIMONIDINE,CHEMBL844
Drug,3148,CHEMBL846,CALCITRIOL,CHEMBL846
Drug,3149,CHEMBL847,OXAMNIQUINE,CHEMBL847
Drug,3150,CHEMBL848,LENALIDOMIDE,CHEMBL848
Drug,3151,CHEMBL849,TRICLOSAN,CHEMBL849
Drug,3152,CHEMBL85,RISPERIDONE,CHEMBL85
Drug,3153,CHEMBL850,SPARFLOXACIN,CHEMBL850
Drug,3154,CHEMBL852,MELPHALAN,CHEMBL852
Drug,3155,CHEMBL85231,MEDIFOXAMINE,CHEMBL85231
Drug,3156,CHEMBL853,ZALCITABINE,CHEMBL853
Drug,3157,CHEMBL855,TRIPROLIDINE,CHEMBL855
Drug,3158,CHEMBL856,PRIMIDONE,CHEMBL856
Drug,3159,CHEMBL857,BIOTIN,CHEMBL857
Drug,3160,CHEMBL86,METOCLOPRAMIDE,CHEMBL86
Drug,3161,CHEMBL861,MEPHENYTOIN,CHEMBL861
Drug,3162,CHEMBL862,GUANFACINE,CHEMBL862
Drug,3163,CHEMBL863,CYSTEINE,CHEMBL863
Drug,3164,CHEMBL86304,MOCLOBEMIDE,CHEMBL86304
Drug,3165,CHEMBL864,CARBINOXAMINE,CHEMBL864
Drug,3166,CHEMBL865,VALDECOXIB,CHEMBL865
Drug,3167,CHEMBL866,MYCOPHENOLIC ACID,CHEMBL866
Drug,3168,CHEMBL867,IOPANOIC ACID,CHEMBL867
Drug,3169,CHEMBL86715,PROCYCLIDINE,CHEMBL86715
Drug,3170,CHEMBL869,NITROFURAZONE,CHEMBL869
Drug,3171,CHEMBL870,ALENDRONIC ACID,CHEMBL870
Drug,3172,CHEMBL871,ETIDRONIC ACID,CHEMBL871
Drug,3173,CHEMBL87493,FENFLURAMINE,CHEMBL87493
Drug,3174,CHEMBL877,TRANEXAMIC ACID,CHEMBL877
Drug,3175,CHEMBL878,METOLAZONE,CHEMBL878
Drug,3176,CHEMBL87992,ESLICARBAZEPINE ACETATE,CHEMBL87992
Drug,3177,CHEMBL88,CYCLOPHOSPHAMIDE ANHYDROUS,CHEMBL88
Drug,3178,CHEMBL880,FAMCICLOVIR,CHEMBL880
Drug,3179,CHEMBL885,EMTRICITABINE,CHEMBL885
Drug,3180,CHEMBL887,RASAGILINE,CHEMBL887
Drug,3181,CHEMBL888,GEMCITABINE,CHEMBL888
Drug,3182,CHEMBL891,CLOXACILLIN,CHEMBL891
Drug,3183,CHEMBL893,DICLOXACILLIN,CHEMBL893
Drug,3184,CHEMBL894,BUPROPION,CHEMBL894
Drug,3185,CHEMBL895,NALBUPHINE,CHEMBL895
Drug,3186,CHEMBL89598,VIGABATRIN,CHEMBL89598
Drug,3187,CHEMBL896,HYDROXYZINE,CHEMBL896
Drug,3188,CHEMBL897,PROBENECID,CHEMBL897
Drug,3189,CHEMBL898,DIFLUNISAL,CHEMBL898
Drug,3190,CHEMBL9,NORFLOXACIN,CHEMBL9
Drug,3191,CHEMBL90,HISTAMINE,CHEMBL90
Drug,3192,CHEMBL900,ORPHENADRINE,CHEMBL900
Drug,3193,CHEMBL902,FAMOTIDINE,CHEMBL902
Drug,3194,CHEMBL904,DEXMETHYLPHENIDATE HYDROCHLORIDE,CHEMBL904
Drug,3195,CHEMBL905,RIZATRIPTAN,CHEMBL905
Drug,3196,CHEMBL90555,VINCRISTINE,CHEMBL90555
Drug,3197,CHEMBL90593,PRASTERONE,CHEMBL90593
Drug,3198,CHEMBL908,CHLORPROTHIXENE,CHEMBL908
Drug,3199,CHEMBL91,MICONAZOLE,CHEMBL91
Drug,3200,CHEMBL911,ZOLPIDEM,CHEMBL911
Drug,3201,CHEMBL91397,RUPATADINE,CHEMBL91397
Drug,3202,CHEMBL914,FEXOFENADINE,CHEMBL914
Drug,3203,CHEMBL915,NEDOCROMIL SODIUM,CHEMBL915
Drug,3204,CHEMBL916,TIROFIBAN,CHEMBL916
Drug,3205,CHEMBL917,FLOXURIDINE,CHEMBL917
Drug,3206,CHEMBL918,PHENACEMIDE,CHEMBL918
Drug,3207,CHEMBL919,FOSPHENYTOIN SODIUM,CHEMBL919
Drug,3208,CHEMBL92,DOCETAXEL ANHYDROUS,CHEMBL92
Drug,3209,CHEMBL922,ADEFOVIR DIPIVOXIL,CHEMBL922
Drug,3210,CHEMBL9225,HEXESTROL,CHEMBL9225
Drug,3211,CHEMBL923,RISEDRONIC ACID,CHEMBL923
Drug,3212,CHEMBL924,ZOLEDRONIC ACID ANHYDROUS,CHEMBL924
Drug,3213,CHEMBL925,TYROSINE,CHEMBL925
Drug,3214,CHEMBL926,DOBUTAMINE,CHEMBL926
Drug,3215,CHEMBL927,CEFDINIR,CHEMBL927
Drug,3216,CHEMBL928,DANTROLENE SODIUM,CHEMBL928
Drug,3217,CHEMBL929,DELAVIRDINE MESYLATE,CHEMBL929
Drug,3218,CHEMBL93,ZILEUTON,CHEMBL93
Drug,3219,CHEMBL930,GLUTAMINE,CHEMBL930
Drug,3220,CHEMBL931,HALOTHANE,CHEMBL931
Drug,3221,CHEMBL932,DIPYRIDAMOLE,CHEMBL932
Drug,3222,CHEMBL93268,SODIUM NITRITE,CHEMBL93268
Drug,3223,CHEMBL934,METYRAPONE,CHEMBL934
Drug,3224,CHEMBL936,DIPHENIDOL,CHEMBL936
Drug,3225,CHEMBL937,DIETHYLCARBAMAZINE CITRATE,CHEMBL937
Drug,3226,CHEMBL939,GEFITINIB,CHEMBL939
Drug,3227,CHEMBL940,GABAPENTIN,CHEMBL940
Drug,3228,CHEMBL94081,ALCLOFENAC,CHEMBL94081
Drug,3229,CHEMBL941,IMATINIB,CHEMBL941
Drug,3230,CHEMBL942,BISACODYL,CHEMBL942
Drug,3231,CHEMBL94394,BUFEXAMAC,CHEMBL94394
Drug,3232,CHEMBL944,CHLOROPROCAINE HYDROCHLORIDE,CHEMBL944
Drug,3233,CHEMBL94454,MIZOLASTINE,CHEMBL94454
Drug,3234,CHEMBL945,AMILORIDE,CHEMBL945
Drug,3235,CHEMBL946,AZATADINE,CHEMBL946
Drug,3236,CHEMBL95,TACRINE,CHEMBL95
Drug,3237,CHEMBL951,IOPHENDYLATE,CHEMBL951
Drug,3238,CHEMBL953,ENTACAPONE,CHEMBL953
Drug,3239,CHEMBL956,SUPROFEN,CHEMBL956
Drug,3240,CHEMBL957,BOSENTAN,CHEMBL957
Drug,3241,CHEMBL95889,BETAINE,CHEMBL95889
Drug,3242,CHEMBL959,RIMANTADINE,CHEMBL959
Drug,3243,CHEMBL960,LEFLUNOMIDE,CHEMBL960
Drug,3244,CHEMBL962,EPOPROSTENOL SODIUM,CHEMBL962
Drug,3245,CHEMBL963,OXYMORPHONE,CHEMBL963
Drug,3246,CHEMBL964,DISULFIRAM,CHEMBL964
Drug,3247,CHEMBL965,CARBAMOYLCHOLINE,CHEMBL965
Drug,3248,CHEMBL967,TEMAZEPAM,CHEMBL967
Drug,3249,CHEMBL968,FLURAZEPAM,CHEMBL968
Drug,3250,CHEMBL969,PRAZEPAM,CHEMBL969
Drug,3251,CHEMBL970,HALAZEPAM,CHEMBL970
Drug,3252,CHEMBL971,PENTOBARBITAL SODIUM,CHEMBL971
Drug,3253,CHEMBL972,SELEGILINE,CHEMBL972
Drug,3254,CHEMBL973,TERIFLUNOMIDE,CHEMBL973
Drug,3255,CHEMBL975,MESNA,CHEMBL975
Drug,3256,CHEMBL976,PRAZIQUANTEL,CHEMBL976
Drug,3257,CHEMBL977,HYDROCORTISONE HEMISUCCINATE ANHYDROUS,CHEMBL977
Drug,3258,CHEMBL978,METHACHOLINE,CHEMBL978
Drug,3259,CHEMBL979,MEPROBAMATE,CHEMBL979
Drug,3260,CHEMBL98,VORINOSTAT,CHEMBL98
Drug,3261,CHEMBL980,GUAIFENESIN,CHEMBL980
Drug,3262,CHEMBL981,FENOFIBRIC ACID,CHEMBL981
Drug,3263,CHEMBL982,NALMEFENE,CHEMBL982
Drug,3264,CHEMBL983,SUCCINYLCHOLINE CHLORIDE,CHEMBL983
Drug,3265,CHEMBL984,MIVACURIUM CHLORIDE,CHEMBL984
Drug,3266,CHEMBL985,UREA,CHEMBL985
Drug,3267,CHEMBL986,RETINOL,CHEMBL986
Drug,3268,CHEMBL989,FLUOCINOLONE ACETONIDE,CHEMBL989
Drug,3269,CHEMBL990,BUTENAFINE,CHEMBL990
Drug,3270,CHEMBL991,STAVUDINE,CHEMBL991
Drug,3271,CHEMBL995,LOSARTAN POTASSIUM,CHEMBL995
Drug,3272,CHEMBL996,CEFOXITIN,CHEMBL996
Drug,3273,CHEMBL997,IBANDRONIC ACID,CHEMBL997
Drug,3274,CHEMBL998,LORATADINE,CHEMBL998
Drug,3275,CHEMBL99946,LEVOMILNACIPRAN,CHEMBL99946
Drug,3276,name:AG-013,AG-013,
Drug,3277,name:Chlorhexidine,Chlorhexidine,DB00878
Drug,3278,name:Diphenhydramine,Diphenhydramine,DB01075
Drug,3279,name:Hebervis,Hebervis,
Drug,3280,name:Lactermin,Lactermin,
Drug,3281,name:Palifermin,Palifermin,DB00039
Formulation,0,Panchathikthaka Ghrita,Panchathikthaka Ghrita,
Formulation,1,Sapthachadadi Kashayam,Sapthachadadi Kashayam,
Gene,0,12,12,
Gene,1,2610318N02Rikl,2610318N02Rikl,
Gene,2,6430548M08Rikl,6430548M08Rikl,
Gene,3,9,9,
Gene,4,A1BG,A1BG,
Gene,5,A1CF,A1CF,
Gene,6,A2M,A2M,
Gene,7,A2ML1,A2ML1,
Gene,8,A3GALT2,A3GALT2,
Gene,9,A4GALT,A4GALT,
Gene,10,AAAS,AAAS,
Gene,11,AACS,AACS,
Gene,12,AADACL2,AADACL2,
Gene,13,AADACL3,AADACL3,
Gene,14,AADACL4,AADACL4,
Gene,15,AADAT,AADAT,
Gene,16,AAGAB,AAGAB,
Gene,17,AAK1,AAK1,
Gene,18,AAMP,AAMP,
Gene,19,AANAT,AANAT,
Gene,20,AARD,AARD,
Gene,21,AARS1,AARS1,
Gene,22,AASDH,AASDH,
Gene,23,AASS,AASS,
Gene,24,AATF,AATF,
Gene,25,AATK,AATK,
Gene,26,ABAT,ABAT,
Gene,27,ABCA1,ABCA1,
Gene,28,ABCA10,ABCA10,
Gene,29,ABCA12,ABCA12,
Gene,30,ABCA2,ABCA2,
Gene,31,ABCA4,ABCA4,
Gene,32,ABCA5,ABCA5,
Gene,33,ABCA6,ABCA6,
Gene,34,ABCA7,ABCA7,
Gene,35,ABCA8,ABCA8,
Gene,36,ABCB1,ABCB1,5243
Gene,37,ABCB10,ABCB10,
Gene,38,ABCB11,ABCB11,
Gene,39,ABCB4,ABCB4,
Gene,40,ABCB6,ABCB6,
Gene,41,ABCB8,ABCB8,
Gene,42,ABCB9,ABCB9,
Gene,43,ABCC1,ABCC1,
Gene,44,ABCC11,ABCC11,
Gene,45,ABCC13,ABCC13,
Gene,46,ABCC2,ABCC2,
Gene,47,ABCC3,ABCC3,
Gene,48,ABCC4,ABCC4,
Gene,49,ABCC5,ABCC5,
Gene,50,ABCC6,ABCC6,
Gene,51,ABCC6P1,ABCC6P1,
Gene,52,ABCC8,ABCC8,
Gene,53,ABCC9,ABCC9,
Gene,54,ABCD2,ABCD2,
Gene,55,ABCD3,ABCD3,
Gene,56,ABCE1,ABCE1,
Gene,57,ABCF1,ABCF1,
Gene,58,ABCF2,ABCF2,
Gene,59,ABCG1,ABCG1,
Gene,60,ABCG2,ABCG2,9429
Gene,61,ABCG4,ABCG4,
Gene,62,ABCG5,ABCG5,
Gene,63,ABCG8,ABCG8,
Gene,64,ABHD11,ABHD11,
Gene,65,ABHD12,ABHD12,
Gene,66,ABHD14A,ABHD14A,
Gene,67,ABHD14B,ABHD14B,
Gene,68,ABHD16A,ABHD16A,
Gene,69,ABHD17A,ABHD17A,
Gene,70,ABHD2,ABHD2,
Gene,71,ABHD3,ABHD3,
Gene,72,ABHD4,ABHD4,
Gene,73,ABHD5,ABHD5,
Gene,74,ABHD6,ABHD6,
Gene,75,ABHD8,ABHD8,
Gene,76,ABI1,ABI1,
Gene,77,ABI3,ABI3,
Gene,78,ABI3BP,ABI3BP,
Gene,79,ABL1,ABL1,
Gene,80,ABL2,ABL2,
Gene,81,ABLIM1,ABLIM1,
Gene,82,ABLIM3,ABLIM3,
Gene,83,ABO,ABO,
Gene,84,ABR,ABR,
Gene,85,ABRACL,ABRACL,
Gene,86,ABRAXAS1,ABRAXAS1,
Gene,87,ABTB2,ABTB2,
Gene,88,ABTB3,ABTB3,
Gene,89,ACAA1,ACAA1,
Gene,90,ACAA2,ACAA2,
Gene,91,ACACA,ACACA,
Gene,92,ACACB,ACACB,
Gene,93,ACAD10,ACAD10,
Gene,94,ACAD11,ACAD11,
Gene,95,ACAD9,ACAD9,
Gene,96,ACADL,ACADL,
Gene,97,ACADM,ACADM,
Gene,98,ACADS,ACADS,
Gene,99,ACADSB,ACADSB,
Gene,100,ACADVL,ACADVL,
Gene,101,ACAN,ACAN,
Gene,102,ACAP2,ACAP2,
Gene,103,ACAP3,ACAP3,
Gene,104,ACAT1,ACAT1,
Gene,105,ACAT2,ACAT2,
Gene,106,ACBD3,ACBD3,
Gene,107,ACBD4,ACBD4,
Gene,108,ACBD6,ACBD6,
Gene,109,ACBD7,ACBD7,
Gene,110,ACD,ACD,
Gene,111,ACE,ACE,
Gene,112,ACE2,ACE2,
Gene,113,ACER3,ACER3,
Gene,114,ACHE,ACHE,
Gene,115,ACIN1,ACIN1,
Gene,116,ACKR1,ACKR1,
Gene,117,ACKR2,ACKR2,
Gene,118,ACKR3,ACKR3,
Gene,119,ACLY,ACLY,
Gene,120,ACMSD,ACMSD,
Gene,121,ACNATP,ACNATP,
Gene,122,ACO1,ACO1,
Gene,123,ACO2,ACO2,
Gene,124,ACOD1,ACOD1,
Gene,125,ACOT1,ACOT1,
Gene,126,ACOT11,ACOT11,
Gene,127,ACOT12,ACOT12,
Gene,128,ACOT13,ACOT13,
Gene,129,ACOT2,ACOT2,
Gene,130,ACOT4,ACOT4,
Gene,131,ACOT6,ACOT6,
Gene,132,ACOT7,ACOT7,
Gene,133,ACOT8,ACOT8,
Gene,134,ACOT9,ACOT9,
Gene,135,ACOX1,ACOX1,
Gene,136,ACOX2,ACOX2,
Gene,137,ACOX3,ACOX3,
Gene,138,ACOXL,ACOXL,
Gene,139,ACP1,ACP1,
Gene,140,ACP3,ACP3,
Gene,141,ACP5,ACP5,
Gene,142,ACR,ACR,
Gene,143,ACRV1,ACRV1,
Gene,144,ACSBG1,ACSBG1,
Gene,145,ACSBG2,ACSBG2,
Gene,146,ACSF2,ACSF2,
Gene,147,ACSL1,ACSL1,
Gene,148,ACSL3,ACSL3,
Gene,149,ACSL4,ACSL4,
Gene,150,ACSL5,ACSL5,
Gene,151,ACSL6,ACSL6,
Gene,152,ACSM1,ACSM1,
Gene,153,ACSM2A,ACSM2A,
Gene,154,ACSM2B,ACSM2B,
Gene,155,ACSM3,ACSM3,
Gene,156,ACSM4,ACSM4,
Gene,157,ACSM5,ACSM5,
Gene,158,ACSS1,ACSS1,
Gene,159,ACSS2,ACSS2,
Gene,160,ACSS3,ACSS3,
Gene,161,ACTA1,ACTA1,
Gene,162,ACTA2,ACTA2,
Gene,163,ACTB,ACTB,
Gene,164,ACTBL2,ACTBL2,
Gene,165,ACTC1,ACTC1,
Gene,166,ACTG1,ACTG1,
Gene,167,ACTG2,ACTG2,
Gene,168,ACTL10,ACTL10,
Gene,169,ACTL6A,ACTL6A,
Gene,170,ACTN1,ACTN1,
Gene,171,ACTN2,ACTN2,
Gene,172,ACTN3,ACTN3,
Gene,173,ACTN4,ACTN4,
Gene,174,ACTR1A,ACTR1A,
Gene,175,ACTR1B,ACTR1B,
Gene,176,ACTR2,ACTR2,
Gene,177,ACTR3,ACTR3,
Gene,178,ACTR6,ACTR6,
Gene,179,ACTR8,ACTR8,
Gene,180,ACTRT3,ACTRT3,
Gene,181,ACVR1,ACVR1,
Gene,182,ACVR2A,ACVR2A,
Gene,183,ACY1,ACY1,
Gene,184,ACYP1,ACYP1,
Gene,185,ACYP2,ACYP2,
Gene,186,ADA,ADA,
Gene,187,ADAD2,ADAD2,
Gene,188,ADAL,ADAL,
Gene,189,ADAM10,ADAM10,
Gene,190,ADAM12,ADAM12,
Gene,191,ADAM15,ADAM15,
Gene,192,ADAM17,ADAM17,
Gene,193,ADAM18,ADAM18,
Gene,194,ADAM19,ADAM19,
Gene,195,ADAM1A,ADAM1A,
Gene,196,ADAM32,ADAM32,
Gene,197,ADAM33,ADAM33,
Gene,198,ADAM7,ADAM7,
Gene,199,ADAM8,ADAM8,
Gene,200,ADAM9,ADAM9,
Gene,201,ADAMDEC1,ADAMDEC1,
Gene,202,ADAMTS1,ADAMTS1,
Gene,203,ADAMTS15,ADAMTS15,
Gene,204,ADAMTS17,ADAMTS17,
Gene,205,ADAMTS19,ADAMTS19,
Gene,206,ADAMTS2,ADAMTS2,
Gene,207,ADAMTS3,ADAMTS3,
Gene,208,ADAMTS4,ADAMTS4,
Gene,209,ADAMTS5,ADAMTS5,
Gene,210,ADAMTS6,ADAMTS6,
Gene,211,ADAMTS7,ADAMTS7,
Gene,212,ADAMTS9,ADAMTS9,
Gene,213,ADAMTSL3,ADAMTSL3,
Gene,214,ADAMTSL4,ADAMTSL4,
Gene,215,ADAP1,ADAP1,
Gene,216,ADAP2,ADAP2,
Gene,217,ADAR,ADAR,
Gene,218,ADARB1,ADARB1,
Gene,219,ADARB2,ADARB2,
Gene,220,ADAT3,ADAT3,
Gene,221,ADCK1,ADCK1,
Gene,222,ADCK5,ADCK5,
Gene,223,ADCY1,ADCY1,
Gene,224,ADCY10,ADCY10,
Gene,225,ADCY2,ADCY2,
Gene,226,ADCY3,ADCY3,
Gene,227,ADCY4,ADCY4,
Gene,228,ADCY5,ADCY5,
Gene,229,ADCY6,ADCY6,
Gene,230,ADCY7,ADCY7,
Gene,231,ADCY8,ADCY8,
Gene,232,ADCY9,ADCY9,
Gene,233,ADCYAP1,ADCYAP1,
Gene,234,ADCYAP1R1,ADCYAP1R1,
Gene,235,ADD1,ADD1,
Gene,236,ADD2,ADD2,
Gene,237,ADD3,ADD3,
Gene,238,ADGRA1,ADGRA1,
Gene,239,ADGRA3,ADGRA3,
Gene,240,ADGRB1,ADGRB1,
Gene,241,ADGRB2,ADGRB2,
Gene,242,ADGRD1,ADGRD1,
Gene,243,ADGRE1,ADGRE1,
Gene,244,ADGRE2,ADGRE2,
Gene,245,ADGRE5,ADGRE5,
Gene,246,ADGRF1,ADGRF1,
Gene,247,ADGRF4,ADGRF4,
Gene,248,ADGRG1,ADGRG1,
Gene,249,ADGRG2,ADGRG2,
Gene,250,ADGRG3,ADGRG3,
Gene,251,ADGRG4,ADGRG4,
Gene,252,ADGRG6,ADGRG6,
Gene,253,ADGRG7,ADGRG7,
Gene,254,ADGRL1,ADGRL1,
Gene,255,ADGRL2,ADGRL2,
Gene,256,ADGRL3,ADGRL3,
Gene,257,ADGRV1,ADGRV1,
Gene,258,ADH1A,ADH1A,
Gene,259,ADH1B,ADH1B,
Gene,260,ADH1C,ADH1C,
Gene,261,ADH4,ADH4,
Gene,262,ADH5,ADH5,
Gene,263,ADH6,ADH6,
Gene,264,ADH7,ADH7,
Gene,265,ADHFE1,ADHFE1,
Gene,266,ADI1,ADI1,
Gene,267,ADIPOQ,ADIPOQ,
Gene,268,ADIPOR1,ADIPOR1,
Gene,269,ADIPOR2,ADIPOR2,
Gene,270,ADIRF,ADIRF,
Gene,271,ADISSP,ADISSP,
Gene,272,ADK,ADK,
Gene,273,ADM,ADM,
Gene,274,ADM2,ADM2,
Gene,275,ADNP,ADNP,
Gene,276,ADNP2,ADNP2,
Gene,277,ADO,ADO,
Gene,278,ADORA1,ADORA1,
Gene,279,ADORA2A,ADORA2A,
Gene,280,ADORA2B,ADORA2B,
Gene,281,ADORA3,ADORA3,
Gene,282,ADPGK,ADPGK,
Gene,283,ADPRM,ADPRM,
Gene,284,ADRA1A,ADRA1A,
Gene,285,ADRA1B,ADRA1B,
Gene,286,ADRA1D,ADRA1D,
Gene,287,ADRA2A,ADRA2A,
Gene,288,ADRA2B,ADRA2B,
Gene,289,ADRA2C,ADRA2C,
Gene,290,ADRB1,ADRB1,
Gene,291,ADRB2,ADRB2,
Gene,292,ADRB3,ADRB3,
Gene,293,ADRM1,ADRM1,
Gene,294,ADSL,ADSL,
Gene,295,ADSS1,ADSS1,
Gene,296,ADTRP,ADTRP,
Gene,297,AEBP1,AEBP1,
Gene,298,AEBP2,AEBP2,
Gene,299,AEN,AEN,
Gene,300,AFAP1,AFAP1,
Gene,301,AFDN,AFDN,
Gene,302,AFDN-DT,AFDN-DT,
Gene,303,AFF1,AFF1,
Gene,304,AFF2,AFF2,
Gene,305,AFF3,AFF3,
Gene,306,AFF4,AFF4,
Gene,307,AFG1L,AFG1L,
Gene,308,AFG2A,AFG2A,
Gene,309,AFG3L2,AFG3L2,
Gene,310,AFM,AFM,
Gene,311,AFMID,AFMID,
Gene,312,AFP,AFP,
Gene,313,AFTPH,AFTPH,
Gene,314,AFUA_2G07680,AFUA_2G07680,
Gene,315,AGA,AGA,
Gene,316,AGAP3,AGAP3,
Gene,317,AGAP4,AGAP4,
Gene,318,AGBL1,AGBL1,
Gene,319,AGBL2,AGBL2,
Gene,320,AGBL4,AGBL4,
Gene,321,AGBL5,AGBL5,
Gene,322,AGBL5-AS1,AGBL5-AS1,
Gene,323,AGER,AGER,
Gene,324,AGFG1,AGFG1,
Gene,325,AGK,AGK,
Gene,326,AGL,AGL,
Gene,327,AGMAT,AGMAT,
Gene,328,AGMO,AGMO,
Gene,329,AGO1,AGO1,
Gene,330,AGO2,AGO2,
Gene,331,AGO4,AGO4,
Gene,332,AGPAT1,AGPAT1,
Gene,333,AGPAT2,AGPAT2,
Gene,334,AGPAT3,AGPAT3,
Gene,335,AGPAT5,AGPAT5,
Gene,336,AGPS,AGPS,
Gene,337,AGR2,AGR2,
Gene,338,AGRN,AGRN,
Gene,339,AGRP,AGRP,
Gene,340,AGT,AGT,183
Gene,341,AGTPBP1,AGTPBP1,
Gene,342,AGTR1,AGTR1,
Gene,343,AGTR2,AGTR2,
Gene,344,AGTRAP,AGTRAP,
Gene,345,AGXT,AGXT,
Gene,346,AGXT2,AGXT2,
Gene,347,AHCTF1,AHCTF1,
Gene,348,AHCY,AHCY,
Gene,349,AHCYL1,AHCYL1,
Gene,350,AHCYL2,AHCYL2,
Gene,351,AHDC1,AHDC1,
Gene,352,AHI1,AHI1,
Gene,353,AHNAK,AHNAK,
Gene,354,AHNAK2,AHNAK2,
Gene,355,AHR,AHR,
Gene,356,AHRR,AHRR,
Gene,357,AHSA1,AHSA1,
Gene,358,AHSG,AHSG,
Gene,359,AHSP,AHSP,
Gene,360,AICDA,AICDA,
Gene,361,AIF1,AIF1,
Gene,362,AIF1L,AIF1L,
Gene,363,AIFM1,AIFM1,
Gene,364,AIFM2,AIFM2,
Gene,365,AIFM3,AIFM3,
Gene,366,AIG1,AIG1,
Gene,367,AIM2,AIM2,
Gene,368,AIMP1,AIMP1,
Gene,369,AIMP2,AIMP2,
Gene,370,AIP,AIP,
Gene,371,AIR,AIR,
Gene,372,AIRE,AIRE,
Gene,373,AIRIM,AIRIM,
Gene,374,AIRN,AIRN,
Gene,375,AJAP1,AJAP1,
Gene,376,AJUBA,AJUBA,
Gene,377,AK1,AK1,
Gene,378,AK2,AK2,
Gene,379,AK3,AK3,
Gene,380,AK4,AK4,
Gene,381,AK5,AK5,
Gene,382,AKAP1,AKAP1,
Gene,383,AKAP11,AKAP11,
Gene,384,AKAP12,AKAP12,
Gene,385,AKAP13,AKAP13,
Gene,386,AKAP17A,AKAP17A,
Gene,387,AKAP5,AKAP5,
Gene,388,AKAP6,AKAP6,
Gene,389,AKAP7,AKAP7,
Gene,390,AKAP8,AKAP8,
Gene,391,AKAP8L,AKAP8L,
Gene,392,AKIP1,AKIP1,
Gene,393,AKIRIN1,AKIRIN1,
Gene,394,AKIRIN2,AKIRIN2,
Gene,395,AKR1A1,AKR1A1,
Gene,396,AKR1B1,AKR1B1,
Gene,397,AKR1B10,AKR1B10,
Gene,398,AKR1B15,AKR1B15,
Gene,399,AKR1C1,AKR1C1,
Gene,400,AKR1C2,AKR1C2,
Gene,401,AKR1C3,AKR1C3,
Gene,402,AKR1C3l1,AKR1C3l1,
Gene,403,AKR1C4,AKR1C4,
Gene,404,AKR1C6P,AKR1C6P,
Gene,405,AKR1D1,AKR1D1,
Gene,406,AKR1E2,AKR1E2,
Gene,407,AKR7A2,AKR7A2,
Gene,408,AKR7A3,AKR7A3,
Gene,409,AKR7L,AKR7L,
Gene,410,AKT1,AKT1,
Gene,411,AKT1S1,AKT1S1,
Gene,412,AKT2,AKT2,
Gene,413,AKT3,AKT3,
Gene,414,AKTIP,AKTIP,
Gene,415,ALAD,ALAD,
Gene,416,ALAS1,ALAS1,
Gene,417,ALAS2,ALAS2,
Gene,418,ALB,ALB,213
Gene,419,ALCAM,ALCAM,
Gene,420,ALDH16A1,ALDH16A1,
Gene,421,ALDH18A1,ALDH18A1,
Gene,422,ALDH1A1,ALDH1A1,
Gene,423,ALDH1A2,ALDH1A2,
Gene,424,ALDH1A3,ALDH1A3,
Gene,425,ALDH1B1,ALDH1B1,
Gene,426,ALDH1L1,ALDH1L1,
Gene,427,ALDH1L2,ALDH1L2,
Gene,428,ALDH2,ALDH2,
Gene,429,ALDH3A1,ALDH3A1,
Gene,430,ALDH3A2,ALDH3A2,
Gene,431,ALDH3B1,ALDH3B1,
Gene,432,ALDH4A1,ALDH4A1,
Gene,433,ALDH5A1,ALDH5A1,
Gene,434,ALDH6A1,ALDH6A1,
Gene,435,ALDH7A1,ALDH7A1,
Gene,436,ALDH8A1,ALDH8A1,
Gene,437,ALDH9A1,ALDH9A1,
Gene,438,ALDOA,ALDOA,
Gene,439,ALDOB,ALDOB,
Gene,440,ALDOC,ALDOC,
Gene,441,ALG1,ALG1,
Gene,442,ALG10,ALG10,
Gene,443,ALG11,ALG11,
Gene,444,ALG13,ALG13,
Gene,445,ALG14,ALG14,
Gene,446,ALG2,ALG2,
Gene,447,ALG3,ALG3,
Gene,448,ALG6,ALG6,
Gene,449,ALG8,ALG8,
Gene,450,ALG9,ALG9,
Gene,451,ALK,ALK,
Gene,452,ALKAL2,ALKAL2,
Gene,453,ALKBH1,ALKBH1,
Gene,454,ALKBH2,ALKBH2,
Gene,455,ALKBH3,ALKBH3,
Gene,456,ALKBH4,ALKBH4,
Gene,457,ALKBH5,ALKBH5,
Gene,458,ALKBH6,ALKBH6,
Gene,459,ALKBH7,ALKBH7,
Gene,460,ALKBH8,ALKBH8,
Gene,461,ALLC,ALLC,
Gene,462,ALMS1,ALMS1,
Gene,463,ALOX12,ALOX12,
Gene,464,ALOX15,ALOX15,
Gene,465,ALOX15B,ALOX15B,
Gene,466,ALOX5,ALOX5,
Gene,467,ALOX5AP,ALOX5AP,
Gene,468,ALOXE3,ALOXE3,
Gene,469,ALPG,ALPG,
Gene,470,ALPI,ALPI,
Gene,471,ALPK1,ALPK1,
Gene,472,ALPK2,ALPK2,
Gene,473,ALPK3,ALPK3,
Gene,474,ALPL,ALPL,
Gene,475,ALPP,ALPP,
Gene,476,ALS2,ALS2,
Gene,477,ALX1,ALX1,
Gene,478,ALX3,ALX3,
Gene,479,ALX4,ALX4,
Gene,480,ALYREF,ALYREF,
Gene,481,AMACR,AMACR,
Gene,482,AMBP,AMBP,
Gene,483,AMBRA1,AMBRA1,
Gene,484,AMD1,AMD1,
Gene,485,AMDHD1,AMDHD1,
Gene,486,AMDHD2,AMDHD2,
Gene,487,AMER2,AMER2,
Gene,488,AMER3,AMER3,
Gene,489,AMFR,AMFR,
Gene,490,AMH,AMH,
Gene,491,AMHR2,AMHR2,
Gene,492,AMIGO2,AMIGO2,
Gene,493,AMMECR1,AMMECR1,
Gene,494,AMMECR1L,AMMECR1L,
Gene,495,AMN1,AMN1,
Gene,496,AMOTL1,AMOTL1,
Gene,497,AMOTL2,AMOTL2,
Gene,498,AMPD1,AMPD1,
Gene,499,AMPD2,AMPD2,
Gene,500,AMPD3,AMPD3,
Gene,501,AMPH,AMPH,
Gene,502,AMT,AMT,
Gene,503,AMY1A,AMY1A,
Gene,504,AMY1B,AMY1B,
Gene,505,AMY1C,AMY1C,
Gene,506,AMY2A,AMY2A,
Gene,507,AMY2B,AMY2B,
Gene,508,AMZ2,AMZ2,
Gene,509,AMZ2P1,AMZ2P1,
Gene,510,ANAPC1,ANAPC1,
Gene,511,ANAPC10,ANAPC10,
Gene,512,ANAPC11,ANAPC11,
Gene,513,ANAPC15,ANAPC15,
Gene,514,ANAPC16,ANAPC16,
Gene,515,ANAPC2,ANAPC2,
Gene,516,ANAPC4,ANAPC4,
Gene,517,ANAPC5,ANAPC5,
Gene,518,ANG,ANG,
Gene,519,ANGPT1,ANGPT1,
Gene,520,ANGPT2,ANGPT2,
Gene,521,ANGPTL1,ANGPTL1,
Gene,522,ANGPTL2,ANGPTL2,
Gene,523,ANGPTL3,ANGPTL3,
Gene,524,ANGPTL4,ANGPTL4,
Gene,525,ANGPTL8,ANGPTL8,
Gene,526,ANK1,ANK1,
Gene,527,ANK2,ANK2,
Gene,528,ANK3,ANK3,
Gene,529,ANKAR,ANKAR,
Gene,530,ANKEF1,ANKEF1,
Gene,531,ANKFY1,ANKFY1,
Gene,532,ANKH,ANKH,
Gene,533,ANKHD1,ANKHD1,
Gene,534,ANKHD1-EIF4EBP3,ANKHD1-EIF4EBP3,
Gene,535,ANKIB1,ANKIB1,
Gene,536,ANKK1,ANKK1,
Gene,537,ANKMY1,ANKMY1,
Gene,538,ANKMY2,ANKMY2,
Gene,539,ANKRA2,ANKRA2,
Gene,540,ANKRD1,ANKRD1,
Gene,541,ANKRD10,ANKRD10,
Gene,542,ANKRD11,ANKRD11,
Gene,543,ANKRD12,ANKRD12,
Gene,544,ANKRD13A,ANKRD13A,
Gene,545,ANKRD13C,ANKRD13C,
Gene,546,ANKRD13C-DT,ANKRD13C-DT,
Gene,547,ANKRD13D,ANKRD13D,
Gene,548,ANKRD16,ANKRD16,
Gene,549,ANKRD17,ANKRD17,
Gene,550,ANKRD2,ANKRD2,
Gene,551,ANKRD20A20P,ANKRD20A20P,
Gene,552,ANKRD24,ANKRD24,
Gene,553,ANKRD26,ANKRD26,
Gene,554,ANKRD28,ANKRD28,
Gene,555,ANKRD29,ANKRD29,
Gene,556,ANKRD30A,ANKRD30A,
Gene,557,ANKRD35,ANKRD35,
Gene,558,ANKRD36,ANKRD36,
Gene,559,ANKRD36B,ANKRD36B,
Gene,560,ANKRD37,ANKRD37,
Gene,561,ANKRD39,ANKRD39,
Gene,562,ANKRD42,ANKRD42,
Gene,563,ANKRD46,ANKRD46,
Gene,564,ANKRD49,ANKRD49,
Gene,565,ANKRD53,ANKRD53,
Gene,566,ANKRD54,ANKRD54,
Gene,567,ANKRD55,ANKRD55,
Gene,568,ANKRD6,ANKRD6,
Gene,569,ANKS1A,ANKS1A,
Gene,570,ANKS1B,ANKS1B,
Gene,571,ANKS3,ANKS3,
Gene,572,ANKS4B,ANKS4B,
Gene,573,ANKZF1,ANKZF1,
Gene,574,ANLN,ANLN,
Gene,575,ANO1,ANO1,
Gene,576,ANO10,ANO10,
Gene,577,ANO2,ANO2,
Gene,578,ANO4,ANO4,
Gene,579,ANO6,ANO6,
Gene,580,ANO7,ANO7,
Gene,581,ANP32A,ANP32A,
Gene,582,ANP32B,ANP32B,
Gene,583,ANP32E,ANP32E,
Gene,584,ANPEP,ANPEP,
Gene,585,ANTKMT,ANTKMT,
Gene,586,ANTXR1,ANTXR1,
Gene,587,ANTXR2,ANTXR2,
Gene,588,ANXA1,ANXA1,
Gene,589,ANXA10,ANXA10,
Gene,590,ANXA11,ANXA11,
Gene,591,ANXA13,ANXA13,
Gene,592,ANXA2,ANXA2,
Gene,593,ANXA2P3,ANXA2P3,
Gene,594,ANXA2R,ANXA2R,
Gene,595,ANXA3,ANXA3,
Gene,596,ANXA4,ANXA4,
Gene,597,ANXA5,ANXA5,
Gene,598,ANXA6,ANXA6,
Gene,599,ANXA7,ANXA7,
Gene,600,ANXA8,ANXA8,
Gene,601,ANXA9,ANXA9,
Gene,602,AOC1,AOC1,
Gene,603,AOC2,AOC2,
Gene,604,AOC3,AOC3,
Gene,605,AOC4P,AOC4P,
Gene,606,AOPEP,AOPEP,
Gene,607,AOX1,AOX1,
Gene,608,AOX2P,AOX2P,
Gene,609,AP1AR,AP1AR,
Gene,610,AP1B1,AP1B1,
Gene,611,AP1G1,AP1G1,
Gene,612,AP1G2,AP1G2,
Gene,613,AP1M1,AP1M1,
Gene,614,AP1M2,AP1M2,
Gene,615,AP1S1,AP1S1,
Gene,616,AP1S2,AP1S2,
Gene,617,AP1S3,AP1S3,
Gene,618,AP2A1,AP2A1,
Gene,619,AP2A2,AP2A2,
Gene,620,AP2B1,AP2B1,
Gene,621,AP2M1,AP2M1,
Gene,622,AP2S1,AP2S1,
Gene,623,AP3B2,AP3B2,
Gene,624,AP3D1,AP3D1,
Gene,625,AP3M1,AP3M1,
Gene,626,AP3M2,AP3M2,
Gene,627,AP3S1,AP3S1,
Gene,628,AP3S2,AP3S2,
Gene,629,AP4E1,AP4E1,
Gene,630,AP5M1,AP5M1,
Gene,631,AP5Z1,AP5Z1,
Gene,632,APAF1,APAF1,
Gene,633,APBA1,APBA1,
Gene,634,APBA2,APBA2,
Gene,635,APBA3,APBA3,
Gene,636,APBB1,APBB1,
Gene,637,APBB1IP,APBB1IP,
Gene,638,APBB2,APBB2,
Gene,639,APBB3,APBB3,
Gene,640,APC,APC,
Gene,641,APC2,APC2,
Gene,642,APCDD1L,APCDD1L,
Gene,643,APCDD1L-DT,APCDD1L-DT,
Gene,644,APCS,APCS,
Gene,645,APEH,APEH,327
Gene,646,APEX1,APEX1,
Gene,647,APEX2,APEX2,
Gene,648,APH1A,APH1A,
Gene,649,APH1B,APH1B,
Gene,650,API5,API5,
Gene,651,APIP,APIP,
Gene,652,APLF,APLF,
Gene,653,APLN,APLN,
Gene,654,APLNR,APLNR,
Gene,655,APLP1,APLP1,
Gene,656,APLP2,APLP2,
Gene,657,APMAP,APMAP,
Gene,658,APOA1,APOA1,
Gene,659,APOA4,APOA4,
Gene,660,APOA5,APOA5,
Gene,661,APOB,APOB,
Gene,662,APOBEC2,APOBEC2,
Gene,663,APOBEC3B,APOBEC3B,
Gene,664,APOBEC3C,APOBEC3C,
Gene,665,APOBEC3G,APOBEC3G,
Gene,666,APOBR,APOBR,
Gene,667,APOC1,APOC1,
Gene,668,APOC2,APOC2,
Gene,669,APOC3,APOC3,
Gene,670,APOC4,APOC4,
Gene,671,APOD,APOD,
Gene,672,APOE,APOE,
Gene,673,APOF,APOF,
Gene,674,APOH,APOH,
Gene,675,APOL1,APOL1,
Gene,676,APOL3,APOL3,
Gene,677,APOL6,APOL6,
Gene,678,APOLD1,APOLD1,
Gene,679,APOM,APOM,
Gene,680,APOV1,APOV1,
Gene,681,APP,APP,
Gene,682,APPBP2,APPBP2,
Gene,683,APPL1,APPL1,
Gene,684,APPL2,APPL2,
Gene,685,APRG1,APRG1,
Gene,686,APRT,APRT,
Gene,687,APTX,APTX,
Gene,688,AQP1,AQP1,
Gene,689,AQP10,AQP10,
Gene,690,AQP11,AQP11,
Gene,691,AQP2,AQP2,
Gene,692,AQP3,AQP3,
Gene,693,AQP4,AQP4,
Gene,694,AQP4-AS1,AQP4-AS1,
Gene,695,AQP5,AQP5,
Gene,696,AQP6,AQP6,
Gene,697,AQP7,AQP7,
Gene,698,AQP7P1,AQP7P1,
Gene,699,AQP7P2,AQP7P2,
Gene,700,AQP7P4,AQP7P4,
Gene,701,AQP8,AQP8,
Gene,702,AQP9,AQP9,
Gene,703,AQR,AQR,
Gene,704,AR,AR,
Gene,705,ARAF,ARAF,
Gene,706,ARAP1,ARAP1,
Gene,707,ARAP2,ARAP2,
Gene,708,ARAP3,ARAP3,
Gene,709,ARB2A,ARB2A,
Gene,710,ARC,ARC,
Gene,711,ARCN1,ARCN1,
Gene,712,AREG,AREG,
Gene,713,AREL1,AREL1,
Gene,714,ARF1,ARF1,
Gene,715,ARF3,ARF3,
Gene,716,ARF4,ARF4,
Gene,717,ARF5,ARF5,
Gene,718,ARF6,ARF6,
Gene,719,ARFGAP1,ARFGAP1,
Gene,720,ARFGAP2,ARFGAP2,
Gene,721,ARFGAP3,ARFGAP3,
Gene,722,ARFGEF1,ARFGEF1,
Gene,723,ARFGEF2,ARFGEF2,
Gene,724,ARFGEF3,ARFGEF3,
Gene,725,ARFIP1,ARFIP1,
Gene,726,ARFIP2,ARFIP2,
Gene,727,ARG1,ARG1,
Gene,728,ARG2,ARG2,
Gene,729,ARGLU1,ARGLU1,
Gene,730,ARHGAP1,ARHGAP1,
Gene,731,ARHGAP10,ARHGAP10,
Gene,732,ARHGAP11A,ARHGAP11A,
Gene,733,ARHGAP12,ARHGAP12,
Gene,734,ARHGAP15,ARHGAP15,
Gene,735,ARHGAP17,ARHGAP17,
Gene,736,ARHGAP18,ARHGAP18,
Gene,737,ARHGAP19,ARHGAP19,
Gene,738,ARHGAP21,ARHGAP21,
Gene,739,ARHGAP22,ARHGAP22,
Gene,740,ARHGAP23,ARHGAP23,
Gene,741,ARHGAP26,ARHGAP26,
Gene,742,ARHGAP27,ARHGAP27,
Gene,743,ARHGAP29,ARHGAP29,
Gene,744,ARHGAP32,ARHGAP32,
Gene,745,ARHGAP35,ARHGAP35,
Gene,746,ARHGAP4,ARHGAP4,
Gene,747,ARHGAP44,ARHGAP44,
Gene,748,ARHGAP45,ARHGAP45,
Gene,749,ARHGAP5,ARHGAP5,
Gene,750,ARHGAP5-AS1,ARHGAP5-AS1,
Gene,751,ARHGAP6,ARHGAP6,
Gene,752,ARHGAP8,ARHGAP8,
Gene,753,ARHGDIA,ARHGDIA,
Gene,754,ARHGDIB,ARHGDIB,
Gene,755,ARHGEF1,ARHGEF1,
Gene,756,ARHGEF10,ARHGEF10,
Gene,757,ARHGEF11,ARHGEF11,
Gene,758,ARHGEF12,ARHGEF12,
Gene,759,ARHGEF15,ARHGEF15,
Gene,760,ARHGEF16,ARHGEF16,
Gene,761,ARHGEF17,ARHGEF17,
Gene,762,ARHGEF18,ARHGEF18,
Gene,763,ARHGEF19,ARHGEF19,
Gene,764,ARHGEF2,ARHGEF2,
Gene,765,ARHGEF25,ARHGEF25,
Gene,766,ARHGEF26,ARHGEF26,
Gene,767,ARHGEF28,ARHGEF28,
Gene,768,ARHGEF3,ARHGEF3,
Gene,769,ARHGEF33,ARHGEF33,
Gene,770,ARHGEF37,ARHGEF37,
Gene,771,ARHGEF4,ARHGEF4,
Gene,772,ARHGEF5,ARHGEF5,
Gene,773,ARHGEF9,ARHGEF9,
Gene,774,ARID1A,ARID1A,
Gene,775,ARID1B,ARID1B,
Gene,776,ARID2,ARID2,
Gene,777,ARID3A,ARID3A,
Gene,778,ARID3B,ARID3B,
Gene,779,ARID4A,ARID4A,
Gene,780,ARID4B,ARID4B,
Gene,781,ARID5A,ARID5A,
Gene,782,ARID5B,ARID5B,
Gene,783,ARIH1,ARIH1,
Gene,784,ARIH2,ARIH2,
Gene,785,ARK2C,ARK2C,
Gene,786,ARK2N,ARK2N,
Gene,787,ARL13B,ARL13B,
Gene,788,ARL14,ARL14,
Gene,789,ARL15,ARL15,
Gene,790,ARL2,ARL2,
Gene,791,ARL2BP,ARL2BP,
Gene,792,ARL3,ARL3,
Gene,793,ARL4A,ARL4A,
Gene,794,ARL4C,ARL4C,
Gene,795,ARL4D,ARL4D,
Gene,796,ARL5A,ARL5A,
Gene,797,ARL5B,ARL5B,
Gene,798,ARL5C,ARL5C,
Gene,799,ARL6,ARL6,
Gene,800,ARL6IP1,ARL6IP1,
Gene,801,ARL6IP4,ARL6IP4,
Gene,802,ARL6IP5,ARL6IP5,
Gene,803,ARL6IP6,ARL6IP6,
Gene,804,ARL8B,ARL8B,
Gene,805,ARMC1,ARMC1,
Gene,806,ARMC10,ARMC10,
Gene,807,ARMC12,ARMC12,
Gene,808,ARMC2,ARMC2,
Gene,809,ARMC6,ARMC6,
Gene,810,ARMC8,ARMC8,
Gene,811,ARMC9,ARMC9,
Gene,812,ARMCX2,ARMCX2,
Gene,813,ARMCX3,ARMCX3,
Gene,814,ARMCX5,ARMCX5,
Gene,815,ARMCX6,ARMCX6,
Gene,816,ARMH4,ARMH4,
Gene,817,ARMS2,ARMS2,
Gene,818,ARMT1,ARMT1,
Gene,819,ARNT,ARNT,
Gene,820,ARNT2,ARNT2,
Gene,821,ARPC1A,ARPC1A,
Gene,822,ARPC1B,ARPC1B,
Gene,823,ARPC2,ARPC2,
Gene,824,ARPC3,ARPC3,
Gene,825,ARPC4,ARPC4,
Gene,826,ARPC5,ARPC5,
Gene,827,ARPC5L,ARPC5L,
Gene,828,ARPIN,ARPIN,
Gene,829,ARPIN-AP3S2,ARPIN-AP3S2,
Gene,830,ARPP19,ARPP19,
Gene,831,ARR3,ARR3,
Gene,832,ARRB1,ARRB1,
Gene,833,ARRB2,ARRB2,
Gene,834,ARRDC2,ARRDC2,
Gene,835,ARRDC3,ARRDC3,
Gene,836,ARRDC4,ARRDC4,
Gene,837,ARRDC5,ARRDC5,
Gene,838,ARSA,ARSA,
Gene,839,ARSB,ARSB,
Gene,840,ARSD,ARSD,
Gene,841,ARSF,ARSF,
Gene,842,ARSG,ARSG,
Gene,843,ARSI,ARSI,
Gene,844,ARSJ,ARSJ,
Gene,845,ARSK,ARSK,
Gene,846,ARSL,ARSL,
Gene,847,ART1,ART1,
Gene,848,ART3,ART3,
Gene,849,ART4,ART4,
Gene,850,ART5,ART5,
Gene,851,ARTN,ARTN,
Gene,852,ARV1,ARV1,
Gene,853,ARVCF,ARVCF,
Gene,854,ARX,ARX,
Gene,855,AS3MT,AS3MT,
Gene,856,ASAH1,ASAH1,
Gene,857,ASAH2,ASAH2,
Gene,858,ASAP2,ASAP2,
Gene,859,ASAP3,ASAP3,
Gene,860,ASB1,ASB1,
Gene,861,ASB10,ASB10,
Gene,862,ASB12,ASB12,
Gene,863,ASB14,ASB14,
Gene,864,ASB16,ASB16,
Gene,865,ASB16-AS1,ASB16-AS1,
Gene,866,ASB18,ASB18,
Gene,867,ASB2,ASB2,
Gene,868,ASB4,ASB4,
Gene,869,ASB6,ASB6,
Gene,870,ASB7,ASB7,
Gene,871,ASB9,ASB9,
Gene,872,ASCC1,ASCC1,
Gene,873,ASCC3,ASCC3,
Gene,874,ASCL1,ASCL1,
Gene,875,ASCL2,ASCL2,
Gene,876,ASF1A,ASF1A,
Gene,877,ASF1B,ASF1B,
Gene,878,ASGR1,ASGR1,
Gene,879,ASH1L,ASH1L,
Gene,880,ASH2L,ASH2L,
Gene,881,ASIC1,ASIC1,
Gene,882,ASIC3,ASIC3,
Gene,883,ASIC4,ASIC4,
Gene,884,ASL,ASL,
Gene,885,ASMT,ASMT,
Gene,886,ASMTL,ASMTL,
Gene,887,ASNS,ASNS,
Gene,888,ASNSD1,ASNSD1,
Gene,889,ASPA,ASPA,
Gene,890,ASPDH,ASPDH,
Gene,891,ASPG,ASPG,
Gene,892,ASPH,ASPH,
Gene,893,ASPHD1,ASPHD1,
Gene,894,ASPM,ASPM,
Gene,895,ASPN,ASPN,
Gene,896,ASPRV1,ASPRV1,
Gene,897,ASPSCR1,ASPSCR1,
Gene,898,ASRGL1,ASRGL1,
Gene,899,ASS1,ASS1,
Gene,900,ASS1P11,ASS1P11,
Gene,901,ASTE1,ASTE1,
Gene,902,ASTL,ASTL,
Gene,903,ASTN1,ASTN1,
Gene,904,ASTN2,ASTN2,
Gene,905,ASXL1,ASXL1,
Gene,906,ASXL2,ASXL2,
Gene,907,ASXL3,ASXL3,
Gene,908,ASZ1,ASZ1,
Gene,909,ATAD1,ATAD1,
Gene,910,ATAD2,ATAD2,
Gene,911,ATAD2B,ATAD2B,
Gene,912,ATAD3A,ATAD3A,
Gene,913,ATAD5,ATAD5,
Gene,914,ATAT1,ATAT1,
Gene,915,ATCAY,ATCAY,
Gene,916,ATE1,ATE1,
Gene,917,ATF1,ATF1,
Gene,918,ATF2,ATF2,
Gene,919,ATF3,ATF3,
Gene,920,ATF4,ATF4,
Gene,921,ATF5,ATF5,
Gene,922,ATF6,ATF6,
Gene,923,ATF6B,ATF6B,
Gene,924,ATF7,ATF7,
Gene,925,ATF7IP,ATF7IP,
Gene,926,ATF7IP2,ATF7IP2,
Gene,927,ATG10,ATG10,
Gene,928,ATG12,ATG12,
Gene,929,ATG13,ATG13,
Gene,930,ATG14,ATG14,
Gene,931,ATG16L1,ATG16L1,
Gene,932,ATG16L2,ATG16L2,
Gene,933,ATG2A,ATG2A,
Gene,934,ATG2B,ATG2B,
Gene,935,ATG3,ATG3,
Gene,936,ATG4B,ATG4B,
Gene,937,ATG5,ATG5,
Gene,938,ATG7,ATG7,
Gene,939,ATG9A,ATG9A,
Gene,940,ATG9B,ATG9B,
Gene,941,ATIC,ATIC,
Gene,942,ATL1,ATL1,
Gene,943,ATL2,ATL2,
Gene,944,ATL3,ATL3,
Gene,945,ATM,ATM,
Gene,946,ATMIN,ATMIN,
Gene,947,ATN1,ATN1,
Gene,948,ATOH7,ATOH7,
Gene,949,ATOH8,ATOH8,
Gene,950,ATOSA,ATOSA,
Gene,951,ATOSB,ATOSB,
Gene,952,ATOX1,ATOX1,
Gene,953,ATP10A,ATP10A,
Gene,954,ATP11B,ATP11B,
Gene,955,ATP11C,ATP11C,
Gene,956,ATP13A1,ATP13A1,
Gene,957,ATP13A2,ATP13A2,
Gene,958,ATP13A3,ATP13A3,
Gene,959,ATP13A4,ATP13A4,
Gene,960,ATP1A1,ATP1A1,
Gene,961,ATP1A2,ATP1A2,
Gene,962,ATP1A3,ATP1A3,
Gene,963,ATP1A4,ATP1A4,
Gene,964,ATP1B1,ATP1B1,
Gene,965,ATP1B2,ATP1B2,
Gene,966,ATP1B3,ATP1B3,
Gene,967,ATP23,ATP23,
Gene,968,ATP2A1,ATP2A1,
Gene,969,ATP2A2,ATP2A2,
Gene,970,ATP2A3,ATP2A3,
Gene,971,ATP2B1,ATP2B1,
Gene,972,ATP2B2,ATP2B2,
Gene,973,ATP2B3,ATP2B3,
Gene,974,ATP2B4,ATP2B4,
Gene,975,ATP2C1,ATP2C1,
Gene,976,ATP2C2,ATP2C2,
Gene,977,ATP4A,ATP4A,
Gene,978,ATP4B,ATP4B,
Gene,979,ATP5F1A,ATP5F1A,
Gene,980,ATP5F1B,ATP5F1B,
Gene,981,ATP5F1C,ATP5F1C,
Gene,982,ATP5F1D,ATP5F1D,
Gene,983,ATP5F1E,ATP5F1E,
Gene,984,ATP5IF1,ATP5IF1,
Gene,985,ATP5MC1,ATP5MC1,
Gene,986,ATP5MC2,ATP5MC2,
Gene,987,ATP5MC3,ATP5MC3,
Gene,988,ATP5ME,ATP5ME,
Gene,989,ATP5MF,ATP5MF,
Gene,990,ATP5MG,ATP5MG,
Gene,991,ATP5MJ,ATP5MJ,
Gene,992,ATP5MK,ATP5MK,
Gene,993,ATP5PB,ATP5PB,
Gene,994,ATP5PD,ATP5PD,
Gene,995,ATP5PF,ATP5PF,
Gene,996,ATP5PO,ATP5PO,
Gene,997,ATP6,ATP6,
Gene,998,ATP6AP1,ATP6AP1,
Gene,999,ATP6AP1L,ATP6AP1L,
Gene,1000,ATP6AP2,ATP6AP2,
Gene,1001,ATP6V0A1,ATP6V0A1,
Gene,1002,ATP6V0A2,ATP6V0A2,
Gene,1003,ATP6V0A4,ATP6V0A4,
Gene,1004,ATP6V0B,ATP6V0B,
Gene,1005,ATP6V0C,ATP6V0C,
Gene,1006,ATP6V0D1,ATP6V0D1,
Gene,1007,ATP6V0D2,ATP6V0D2,
Gene,1008,ATP6V0E2,ATP6V0E2,
Gene,1009,ATP6V1A,ATP6V1A,
Gene,1010,ATP6V1B2,ATP6V1B2,
Gene,1011,ATP6V1C1,ATP6V1C1,
Gene,1012,ATP6V1C2,ATP6V1C2,
Gene,1013,ATP6V1D,ATP6V1D,
Gene,1014,ATP6V1E2,ATP6V1E2,
Gene,1015,ATP6V1F,ATP6V1F,
Gene,1016,ATP6V1G2,ATP6V1G2,
Gene,1017,ATP6V1G3,ATP6V1G3,
Gene,1018,ATP7A,ATP7A,
Gene,1019,ATP7B,ATP7B,
Gene,1020,ATP8,ATP8,
Gene,1021,ATP8A1,ATP8A1,
Gene,1022,ATP8B1,ATP8B1,
Gene,1023,ATP8B2,ATP8B2,
Gene,1024,ATP8B4,ATP8B4,
Gene,1025,ATP9A,ATP9A,
Gene,1026,ATP9B,ATP9B,
Gene,1027,ATPAF1,ATPAF1,
Gene,1028,ATPAF2,ATPAF2,
Gene,1029,ATPSCKMT,ATPSCKMT,
Gene,1030,ATR,ATR,
Gene,1031,ATRAID,ATRAID,
Gene,1032,ATRN,ATRN,
Gene,1033,ATRNL1,ATRNL1,
Gene,1034,ATRX,ATRX,
Gene,1035,ATXN1,ATXN1,
Gene,1036,ATXN10,ATXN10,
Gene,1037,ATXN1L,ATXN1L,
Gene,1038,ATXN2,ATXN2,
Gene,1039,ATXN2L,ATXN2L,
Gene,1040,ATXN3,ATXN3,
Gene,1041,ATXN7,ATXN7,
Gene,1042,ATXN7L1,ATXN7L1,
Gene,1043,ATXN7L3,ATXN7L3,
Gene,1044,AUH,AUH,
Gene,1045,AUP1,AUP1,
Gene,1046,AURKA,AURKA,
Gene,1047,AURKAIP1,AURKAIP1,
Gene,1048,AURKB,AURKB,
Gene,1049,AURKC,AURKC,
Gene,1050,AUTS2,AUTS2,
Gene,1051,AVIL,AVIL,
Gene,1052,AVL9,AVL9,
Gene,1053,AVP,AVP,
Gene,1054,AVPR1A,AVPR1A,
Gene,1055,AVPR1B,AVPR1B,
Gene,1056,AVPR2,AVPR2,
Gene,1057,AWAT1,AWAT1,
Gene,1058,AWAT2,AWAT2,
Gene,1059,AXIN1,AXIN1,
Gene,1060,AXIN2,AXIN2,
Gene,1061,AXL,AXL,
Gene,1062,AZGP1,AZGP1,
Gene,1063,AZGP1P1,AZGP1P1,
Gene,1064,AZGP1P2,AZGP1P2,
Gene,1065,AZI2,AZI2,
Gene,1066,AZIN1,AZIN1,
Gene,1067,AZIN2,AZIN2,
Gene,1068,AZU1,AZU1,
Gene,1069,Aadacl2fm3,Aadacl2fm3,
Gene,1070,Abca17,Abca17,
Gene,1071,Abca8a,Abca8a,
Gene,1072,Abca8b,Abca8b,
Gene,1073,Abcb1a,Abcb1a,
Gene,1074,Abcb1b,Abcb1b,
Gene,1075,Acaa1a,Acaa1a,
Gene,1076,Acaa1b,Acaa1b,
Gene,1077,Ache,Ache,
Gene,1078,Acnat2,Acnat2,
Gene,1079,Acot3,Acot3,
Gene,1080,Acot5,Acot5,
Gene,1081,Acph-1,Acph-1,
Gene,1082,Acsbg3,Acsbg3,
Gene,1083,Acsm2,Acsm2,
Gene,1084,Actl11,Actl11,
Gene,1085,Adam3,Adam3,
Gene,1086,Adam6a,Adam6a,
Gene,1087,Adgre4,Adgre4,
Gene,1088,Adh1,Adh1,
Gene,1089,Adh6a,Adh6a,
Gene,1090,Adora1,Adora1,
Gene,1091,Afg3l1,Afg3l1,
Gene,1092,Agtr1a,Agtr1a,
Gene,1093,Agtr1b,Agtr1b,
Gene,1094,Akap17b,Akap17b,
Gene,1095,Akr1b7,Akr1b7,
Gene,1096,Akr1b8,Akr1b8,
Gene,1097,Akr1c12,Akr1c12,
Gene,1098,Akr1c14,Akr1c14,
Gene,1099,Akr1c18,Akr1c18,
Gene,1100,Akr1c19,Akr1c19,
Gene,1101,Akr1c6,Akr1c6,
Gene,1102,Akr7a5,Akr7a5,
Gene,1103,Akt,Akt,
Gene,1104,Aldh1a7,Aldh1a7,
Gene,1105,Aldh3b3,Aldh3b3,
Gene,1106,Alox12e,Alox12e,
Gene,1107,Alox8,Alox8,
Gene,1108,Amy2a3,Amy2a3,
Gene,1109,Andpro,Andpro,
Gene,1110,Ank,Ank,
Gene,1111,Aox1,Aox1,
Gene,1112,Aox3,Aox3,
Gene,1113,Aox4,Aox4,
Gene,1114,Apeg3,Apeg3,
Gene,1115,Apex2l1,Apex2l1,
Gene,1116,Apobec3,Apobec3,
Gene,1117,Apol10b,Apol10b,
Gene,1118,Apol7a,Apol7a,
Gene,1119,Apol7c,Apol7c,
Gene,1120,Apol7e,Apol7e,
Gene,1121,Apol9a,Apol9a,
Gene,1122,Apol9b,Apol9b,
Gene,1123,Apoo-ps,Apoo-ps,
Gene,1124,Aqp12,Aqp12,
Gene,1125,Arhgap20os,Arhgap20os,
Gene,1126,Arhgap33os,Arhgap33os,
Gene,1127,Arl4aos,Arl4aos,
Gene,1128,Art2b,Art2b,
Gene,1129,Arxes1,Arxes1,
Gene,1130,Astx6,Astx6,
Gene,1131,Atg1,Atg1,
Gene,1132,Axud1,Axud1,
Gene,1133,B0285.3,B0285.3,
Gene,1134,B0391.14,B0391.14,
Gene,1135,B0511.11,B0511.11,
Gene,1136,B2M,B2M,
Gene,1137,B3GALNT1,B3GALNT1,
Gene,1138,B3GALT1,B3GALT1,
Gene,1139,B3GALT2,B3GALT2,
Gene,1140,B3GALT4,B3GALT4,
Gene,1141,B3GALT5,B3GALT5,
Gene,1142,B3GALT6,B3GALT6,
Gene,1143,B3GAT1,B3GAT1,
Gene,1144,B3GAT2,B3GAT2,
Gene,1145,B3GAT3,B3GAT3,
Gene,1146,B3GLCT,B3GLCT,
Gene,1147,B3GNT2,B3GNT2,
Gene,1148,B3GNT3,B3GNT3,
Gene,1149,B3GNT4,B3GNT4,
Gene,1150,B3GNT6,B3GNT6,
Gene,1151,B3GNT7,B3GNT7,
Gene,1152,B3GNT8,B3GNT8,
Gene,1153,B3GNTL1,B3GNTL1,
Gene,1154,B4GALNT1,B4GALNT1,
Gene,1155,B4GALNT3,B4GALNT3,
Gene,1156,B4GALNT4,B4GALNT4,
Gene,1157,B4GALT1,B4GALT1,
Gene,1158,B4GALT2,B4GALT2,
Gene,1159,B4GALT4,B4GALT4,
Gene,1160,B4GALT5,B4GALT5,
Gene,1161,B4GALT6,B4GALT6,
Gene,1162,B4GALT7,B4GALT7,
Gene,1163,B4GAT1,B4GAT1,
Gene,1164,B9d1os,B9d1os,
Gene,1165,BAALC,BAALC,
Gene,1166,BAAT,BAAT,
Gene,1167,BABAM1,BABAM1,
Gene,1168,BABAM2,BABAM2,
Gene,1169,BACE1,BACE1,
Gene,1170,BACE2,BACE2,
Gene,1171,BACH1,BACH1,
Gene,1172,BACH2,BACH2,
Gene,1173,BAD,BAD,
Gene,1174,BAG1,BAG1,
Gene,1175,BAG2,BAG2,
Gene,1176,BAG3,BAG3,
Gene,1177,BAG4,BAG4,
Gene,1178,BAG5,BAG5,
Gene,1179,BAG6,BAG6,
Gene,1180,BAIAP2,BAIAP2,
Gene,1181,BAIAP2-DT,BAIAP2-DT,
Gene,1182,BAIAP2L1,BAIAP2L1,
Gene,1183,BAIAP2L2,BAIAP2L2,
Gene,1184,BAIAP3,BAIAP3,
Gene,1185,BAK1,BAK1,
Gene,1186,BAMBI,BAMBI,
Gene,1187,BANF1,BANF1,
Gene,1188,BANF1P2,BANF1P2,
Gene,1189,BANF2,BANF2,
Gene,1190,BANK1,BANK1,
Gene,1191,BANP,BANP,
Gene,1192,BAP1,BAP1,
Gene,1193,BARD1,BARD1,
Gene,1194,BARHL1,BARHL1,
Gene,1195,BARHL2,BARHL2,
Gene,1196,BARX2,BARX2,
Gene,1197,BAS,BAS,
Gene,1198,BASP1,BASP1,
Gene,1199,BATF,BATF,
Gene,1200,BATF2,BATF2,
Gene,1201,BATF3,BATF3,
Gene,1202,BAX,BAX,
Gene,1203,BAZ1A,BAZ1A,
Gene,1204,BAZ1B,BAZ1B,
Gene,1205,BAZ2A,BAZ2A,
Gene,1206,BAZ2B,BAZ2B,
Gene,1207,BBC3,BBC3,
Gene,1208,BBLN,BBLN,
Gene,1209,BBOX1,BBOX1,
Gene,1210,BBS12,BBS12,
Gene,1211,BBS2,BBS2,
Gene,1212,BBS4,BBS4,
Gene,1213,BBS5,BBS5,
Gene,1214,BBS9,BBS9,
Gene,1215,BBX,BBX,
Gene,1216,BCAM,BCAM,
Gene,1217,BCAN,BCAN,
Gene,1218,BCAP29,BCAP29,
Gene,1219,BCAP31,BCAP31,
Gene,1220,BCAR1,BCAR1,
Gene,1221,BCAR3,BCAR3,
Gene,1222,BCAS1,BCAS1,
Gene,1223,BCAS2,BCAS2,
Gene,1224,BCAS3,BCAS3,
Gene,1225,BCAT1,BCAT1,
Gene,1226,BCAT2,BCAT2,
Gene,1227,BCHE,BCHE,590
Gene,1228,BCKDHA,BCKDHA,
Gene,1229,BCKDHB,BCKDHB,
Gene,1230,BCKDK,BCKDK,
Gene,1231,BCL10,BCL10,
Gene,1232,BCL11A,BCL11A,
Gene,1233,BCL11B,BCL11B,
Gene,1234,BCL2,BCL2,
Gene,1235,BCL2A1,BCL2A1,
Gene,1236,BCL2L1,BCL2L1,
Gene,1237,BCL2L10,BCL2L10,
Gene,1238,BCL2L11,BCL2L11,
Gene,1239,BCL2L12,BCL2L12,
Gene,1240,BCL2L13,BCL2L13,
Gene,1241,BCL2L14,BCL2L14,
Gene,1242,BCL2L15,BCL2L15,
Gene,1243,BCL2L2,BCL2L2,
Gene,1244,BCL3,BCL3,
Gene,1245,BCL6,BCL6,
Gene,1246,BCL7B,BCL7B,
Gene,1247,BCL7C,BCL7C,
Gene,1248,BCL9,BCL9,
Gene,1249,BCL9L,BCL9L,
Gene,1250,BCLAF1,BCLAF1,
Gene,1251,BCLAF3,BCLAF3,
Gene,1252,BCO1,BCO1,
Gene,1253,BCO2,BCO2,
Gene,1254,BCOR,BCOR,
Gene,1255,BCORL1,BCORL1,
Gene,1256,BCR,BCR,
Gene,1257,BDH1,BDH1,
Gene,1258,BDH2,BDH2,
Gene,1259,BDKRB1,BDKRB1,
Gene,1260,BDKRB2,BDKRB2,
Gene,1261,BDNF,BDNF,
Gene,1262,BDNF-AS,BDNF-AS,
Gene,1263,BDP1,BDP1,
Gene,1264,BEAN1,BEAN1,
Gene,1265,BECN1,BECN1,
Gene,1266,BEGAIN,BEGAIN,
Gene,1267,BEND5,BEND5,
Gene,1268,BEND6,BEND6,
Gene,1269,BEST1,BEST1,
Gene,1270,BEST2,BEST2,
Gene,1271,BET1,BET1,
Gene,1272,BET1L,BET1L,
Gene,1273,BEVgp1,BEVgp1,
Gene,1274,BEX1,BEX1,
Gene,1275,BEX2,BEX2,
Gene,1276,BEX3,BEX3,
Gene,1277,BEX4,BEX4,
Gene,1278,BFAR,BFAR,
Gene,1279,BFSP2,BFSP2,
Gene,1280,BGLAP,BGLAP,
Gene,1281,BGN,BGN,
Gene,1282,BHLHA15,BHLHA15,
Gene,1283,BHLHA9,BHLHA9,
Gene,1284,BHLHE22,BHLHE22,
Gene,1285,BHLHE23,BHLHE23,
Gene,1286,BHLHE40,BHLHE40,
Gene,1287,BHLHE40-AS1,BHLHE40-AS1,
Gene,1288,BHLHE41,BHLHE41,
Gene,1289,BHMT,BHMT,
Gene,1290,BHMT2,BHMT2,
Gene,1291,BICC1,BICC1,
Gene,1292,BICD1,BICD1,
Gene,1293,BICD2,BICD2,
Gene,1294,BICDL1,BICDL1,
Gene,1295,BICDL2,BICDL2,
Gene,1296,BID,BID,
Gene,1297,BIK,BIK,
Gene,1298,BIN1,BIN1,
Gene,1299,BIN2,BIN2,
Gene,1300,BIRC2,BIRC2,
Gene,1301,BIRC3,BIRC3,
Gene,1302,BIRC5,BIRC5,
Gene,1303,BIRC6,BIRC6,
Gene,1304,BIVM,BIVM,
Gene,1305,BLCAP,BLCAP,
Gene,1306,BLM,BLM,
Gene,1307,BLNK,BLNK,
Gene,1308,BLOC1S2,BLOC1S2,
Gene,1309,BLOC1S5,BLOC1S5,
Gene,1310,BLOC1S5-TXNDC5,BLOC1S5-TXNDC5,
Gene,1311,BLTP1,BLTP1,
Gene,1312,BLTP2,BLTP2,
Gene,1313,BLTP3B,BLTP3B,
Gene,1314,BLVRA,BLVRA,
Gene,1315,BLVRB,BLVRB,
Gene,1316,BLZF1,BLZF1,
Gene,1317,BMAL1,BMAL1,
Gene,1318,BMAL2,BMAL2,
Gene,1319,BMERB1,BMERB1,
Gene,1320,BMF,BMF,
Gene,1321,BMI1,BMI1,
Gene,1322,BMP1,BMP1,
Gene,1323,BMP10,BMP10,
Gene,1324,BMP15,BMP15,
Gene,1325,BMP2,BMP2,
Gene,1326,BMP2K,BMP2K,
Gene,1327,BMP3,BMP3,
Gene,1328,BMP4,BMP4,
Gene,1329,BMP5,BMP5,
Gene,1330,BMP6,BMP6,
Gene,1331,BMP7,BMP7,
Gene,1332,BMP8A,BMP8A,
Gene,1333,BMP8B,BMP8B,
Gene,1334,BMPER,BMPER,
Gene,1335,BMPR1A,BMPR1A,
Gene,1336,BMPR1B,BMPR1B,
Gene,1337,BMPR2,BMPR2,
Gene,1338,BMS1,BMS1,
Gene,1339,BMT2,BMT2,
Gene,1340,BNC1,BNC1,
Gene,1341,BNC2,BNC2,
Gene,1342,BNIP1,BNIP1,
Gene,1343,BNIP2,BNIP2,
Gene,1344,BNIP3,BNIP3,
Gene,1345,BNIP3L,BNIP3L,
Gene,1346,BOD1,BOD1,
Gene,1347,BOD1L1,BOD1L1,
Gene,1348,BOK,BOK,
Gene,1349,BOLA1,BOLA1,
Gene,1350,BOLA3,BOLA3,
Gene,1351,BOP1,BOP1,
Gene,1352,BORA,BORA,
Gene,1353,BORCS7,BORCS7,
Gene,1354,BPGM,BPGM,
Gene,1355,BPHL,BPHL,
Gene,1356,BPIFA2,BPIFA2,
Gene,1357,BPIFA3,BPIFA3,
Gene,1358,BPIFB1,BPIFB1,
Gene,1359,BPIFB2,BPIFB2,
Gene,1360,BPIFB3,BPIFB3,
Gene,1361,BPTF,BPTF,
Gene,1362,BRAF,BRAF,
Gene,1363,BRAP,BRAP,
Gene,1364,BRAT1,BRAT1,
Gene,1365,BRCA1,BRCA1,
Gene,1366,BRCA2,BRCA2,
Gene,1367,BRCC3,BRCC3,
Gene,1368,BRD1,BRD1,
Gene,1369,BRD2,BRD2,
Gene,1370,BRD3,BRD3,
Gene,1371,BRD4,BRD4,
Gene,1372,BRD7,BRD7,
Gene,1373,BRD8,BRD8,
Gene,1374,BRD9,BRD9,
Gene,1375,BRDT,BRDT,
Gene,1376,BRF1,BRF1,
Gene,1377,BRF2,BRF2,
Gene,1378,BRINP1,BRINP1,
Gene,1379,BRINP2,BRINP2,
Gene,1380,BRINP3,BRINP3,
Gene,1381,BRIP1,BRIP1,
Gene,1382,BRIX1,BRIX1,
Gene,1383,BRK1,BRK1,
Gene,1384,BRMS1,BRMS1,
Gene,1385,BRMS1L,BRMS1L,
Gene,1386,BROX,BROX,
Gene,1387,BRPF1,BRPF1,
Gene,1388,BRSK2,BRSK2,
Gene,1389,BRWD1,BRWD1,
Gene,1390,BSCL2,BSCL2,
Gene,1391,BSDC1,BSDC1,
Gene,1392,BSG,BSG,
Gene,1393,BSN,BSN,
Gene,1394,BSPRY,BSPRY,
Gene,1395,BST1,BST1,
Gene,1396,BST2,BST2,
Gene,1397,BTAF1,BTAF1,
Gene,1398,BTBD10,BTBD10,
Gene,1399,BTBD16,BTBD16,
Gene,1400,BTBD17,BTBD17,
Gene,1401,BTBD2,BTBD2,
Gene,1402,BTBD3,BTBD3,
Gene,1403,BTBD7,BTBD7,
Gene,1404,BTBD8,BTBD8,
Gene,1405,BTBD9,BTBD9,
Gene,1406,BTC,BTC,
Gene,1407,BTF3,BTF3,
Gene,1408,BTF3L4,BTF3L4,
Gene,1409,BTG1,BTG1,
Gene,1410,BTG2,BTG2,
Gene,1411,BTG3,BTG3,
Gene,1412,BTG4,BTG4,
Gene,1413,BTLA,BTLA,
Gene,1414,BTN2A2,BTN2A2,
Gene,1415,BTN3A1,BTN3A1,
Gene,1416,BTRC,BTRC,
Gene,1417,BUB1,BUB1,
Gene,1418,BUB1B,BUB1B,
Gene,1419,BUB3,BUB3,
Gene,1420,BUD13,BUD13,
Gene,1421,BUD31,BUD31,
Gene,1422,BYSL,BYSL,
Gene,1423,BZW1,BZW1,
Gene,1424,BZW2,BZW2,
Gene,1425,Bace,Bace,
Gene,1426,Bcas3os1,Bcas3os1,
Gene,1427,Bcl2a1d,Bcl2a1d,
Gene,1428,Bglap3,Bglap3,
Gene,1429,Bles03,Bles03,
Gene,1430,Bmyc,Bmyc,
Gene,1431,Bpifa2f,Bpifa2f,
Gene,1432,Bpifb5,Bpifb5,
Gene,1433,Bsp,Bsp,
Gene,1434,Btnl7-ps,Btnl7-ps,
Gene,1435,C06H2.2,C06H2.2,
Gene,1436,C10h17orf49,C10h17orf49,
Gene,1437,C10h5orf15,C10h5orf15,
Gene,1438,C10orf95,C10orf95,
Gene,1439,C11h3orf70,C11h3orf70,
Gene,1440,C11orf16,C11orf16,
Gene,1441,C11orf52,C11orf52,
Gene,1442,C11orf54,C11orf54,
Gene,1443,C11orf65,C11orf65,
Gene,1444,C11orf68,C11orf68,
Gene,1445,C11orf86,C11orf86,
Gene,1446,C11orf96,C11orf96,
Gene,1447,C12orf57,C12orf57,
Gene,1448,C12orf60,C12orf60,
Gene,1449,C12orf75,C12orf75,
Gene,1450,C13h1orf115,C13h1orf115,
Gene,1451,C13h1orf21,C13h1orf21,
Gene,1452,C13h1orf53,C13h1orf53,
Gene,1453,C13orf46,C13orf46,
Gene,1454,C14orf28,C14orf28,
Gene,1455,C15h14orf93,C15h14orf93,
Gene,1456,C15h8orf74,C15h8orf74,
Gene,1457,C15orf48,C15orf48,
Gene,1458,C16h10orf71,C16h10orf71,
Gene,1459,C16orf46,C16orf46,
Gene,1460,C16orf87,C16orf87,
Gene,1461,C17orf100,C17orf100,
Gene,1462,C17orf58,C17orf58,
Gene,1463,C17orf75,C17orf75,
Gene,1464,C18E3.1,C18E3.1,
Gene,1465,C18h18orf32,C18h18orf32,
Gene,1466,C18orf21,C18orf21,
Gene,1467,C18orf54,C18orf54,
Gene,1468,C19orf18,C19orf18,
Gene,1469,C19orf25,C19orf25,
Gene,1470,C19orf47,C19orf47,
Gene,1471,C19orf73,C19orf73,
Gene,1472,C1D,C1D,
Gene,1473,C1GALT1,C1GALT1,
Gene,1474,C1GALT1C1,C1GALT1C1,
Gene,1475,C1QA,C1QA,
Gene,1476,C1QB,C1QB,
Gene,1477,C1QBP,C1QBP,
Gene,1478,C1QL2,C1QL2,
Gene,1479,C1QL3,C1QL3,
Gene,1480,C1QTNF1,C1QTNF1,
Gene,1481,C1QTNF2,C1QTNF2,
Gene,1482,C1QTNF3,C1QTNF3,
Gene,1483,C1QTNF4,C1QTNF4,
Gene,1484,C1QTNF5,C1QTNF5,
Gene,1485,C1QTNF6,C1QTNF6,
Gene,1486,C1QTNF7,C1QTNF7,
Gene,1487,C1QTNF9,C1QTNF9,
Gene,1488,C1R,C1R,
Gene,1489,C1S,C1S,
Gene,1490,C1h11orf24,C1h11orf24,
Gene,1491,C1h15orf40,C1h15orf40,
Gene,1492,C1orf115,C1orf115,
Gene,1493,C1orf116,C1orf116,
Gene,1494,C1orf159,C1orf159,
Gene,1495,C1orf162,C1orf162,
Gene,1496,C1orf174,C1orf174,
Gene,1497,C1orf216,C1orf216,
Gene,1498,C1orf226,C1orf226,
Gene,1499,C1orf50,C1orf50,
Gene,1500,C1orf52,C1orf52,
Gene,1501,C1orf53,C1orf53,
Gene,1502,C21orf58,C21orf58,
Gene,1503,C22orf31,C22orf31,
Gene,1504,C22orf39,C22orf39,
Gene,1505,C24H12.8,C24H12.8,
Gene,1506,C2CD2,C2CD2,
Gene,1507,C2CD2L,C2CD2L,
Gene,1508,C2CD4A,C2CD4A,
Gene,1509,C2CD5,C2CD5,
Gene,1510,C2h1orf56,C2h1orf56,
Gene,1511,C2orf42,C2orf42,
Gene,1512,C2orf49,C2orf49,
Gene,1513,C2orf69,C2orf69,
Gene,1514,C2orf72,C2orf72,
Gene,1515,C2orf76,C2orf76,
Gene,1516,C2orf88,C2orf88,
Gene,1517,C3,C3,
Gene,1518,C3AR1,C3AR1,
Gene,1519,C3P1,C3P1,
Gene,1520,C3h11orf91,C3h11orf91,
Gene,1521,C3h20orf144,C3h20orf144,
Gene,1522,C3orf22,C3orf22,
Gene,1523,C3orf33,C3orf33,
Gene,1524,C3orf38,C3orf38,
Gene,1525,C3orf52,C3orf52,
Gene,1526,C48D1.9,C48D1.9,
Gene,1527,C4A,C4A,
Gene,1528,C4B,C4B,
Gene,1529,C4BPA,C4BPA,
Gene,1530,C4BPB,C4BPB,
Gene,1531,C4bp,C4bp,
Gene,1532,C4h2orf42,C4h2orf42,
Gene,1533,C4orf3,C4orf3,
Gene,1534,C4orf46,C4orf46,
Gene,1535,C5,C5,
Gene,1536,C5AR1,C5AR1,
Gene,1537,C5AR2,C5AR2,
Gene,1538,C5h1orf216,C5h1orf216,
Gene,1539,C5orf24,C5orf24,
Gene,1540,C5orf34,C5orf34,
Gene,1541,C6,C6,
Gene,1542,C6h14orf28,C6h14orf28,
Gene,1543,C6orf141,C6orf141,
Gene,1544,C6orf226,C6orf226,
Gene,1545,C6orf52,C6orf52,
Gene,1546,C7h12orf56,C7h12orf56,
Gene,1547,C7orf50,C7orf50,
Gene,1548,C8A,C8A,
Gene,1549,C8B,C8B,
Gene,1550,C8G,C8G,
Gene,1551,C8h11orf54,C8h11orf54,
Gene,1552,C8h11orf71,C8h11orf71,
Gene,1553,C8orf33,C8orf33,
Gene,1554,C8orf58,C8orf58,
Gene,1555,C8orf82,C8orf82,
Gene,1556,C9,C9,
Gene,1557,C9orf152,C9orf152,
Gene,1558,C9orf40,C9orf40,
Gene,1559,C9orf57,C9orf57,
Gene,1560,C9orf72,C9orf72,
Gene,1561,C9orf78,C9orf78,
Gene,1562,C9orf85,C9orf85,
Gene,1563,CA1,CA1,
Gene,1564,CA12,CA12,
Gene,1565,CA13,CA13,
Gene,1566,CA14,CA14,
Gene,1567,CA2,CA2,
Gene,1568,CA3,CA3,
Gene,1569,CA4,CA4,
Gene,1570,CA5A,CA5A,
Gene,1571,CA5B,CA5B,
Gene,1572,CA6,CA6,
Gene,1573,CA7,CA7,
Gene,1574,CA9,CA9,
Gene,1575,CAAP1,CAAP1,
Gene,1576,CAB39,CAB39,
Gene,1577,CABIN1,CABIN1,
Gene,1578,CABLES1,CABLES1,
Gene,1579,CABP1,CABP1,
Gene,1580,CABP4,CABP4,
Gene,1581,CABP5,CABP5,
Gene,1582,CABP7,CABP7,
Gene,1583,CACFD1,CACFD1,
Gene,1584,CACNA1A,CACNA1A,
Gene,1585,CACNA1B,CACNA1B,
Gene,1586,CACNA1C,CACNA1C,
Gene,1587,CACNA1D,CACNA1D,
Gene,1588,CACNA1E,CACNA1E,
Gene,1589,CACNA1G,CACNA1G,
Gene,1590,CACNA1H,CACNA1H,
Gene,1591,CACNA1I,CACNA1I,
Gene,1592,CACNA1S,CACNA1S,
Gene,1593,CACNA2D1,CACNA2D1,
Gene,1594,CACNA2D2,CACNA2D2,
Gene,1595,CACNA2D3,CACNA2D3,
Gene,1596,CACNB1,CACNB1,
Gene,1597,CACNB2,CACNB2,
Gene,1598,CACNB3,CACNB3,
Gene,1599,CACNG1,CACNG1,
Gene,1600,CACNG2,CACNG2,
Gene,1601,CACNG3,CACNG3,
Gene,1602,CACNG5,CACNG5,
Gene,1603,CACNG6,CACNG6,
Gene,1604,CACNG7,CACNG7,
Gene,1605,CACNG8,CACNG8,
Gene,1606,CACYBP,CACYBP,
Gene,1607,CAD,CAD,
Gene,1608,CADM1,CADM1,
Gene,1609,CADM2,CADM2,
Gene,1610,CADM3,CADM3,
Gene,1611,CADM4,CADM4,
Gene,1612,CADPS,CADPS,
Gene,1613,CADPS2,CADPS2,
Gene,1614,CALB1,CALB1,
Gene,1615,CALB2,CALB2,
Gene,1616,CALCA,CALCA,
Gene,1617,CALCB,CALCB,
Gene,1618,CALCOCO1,CALCOCO1,
Gene,1619,CALCOCO2,CALCOCO2,
Gene,1620,CALCR,CALCR,
Gene,1621,CALCRL,CALCRL,
Gene,1622,CALD1,CALD1,
Gene,1623,CALHM3,CALHM3,
Gene,1624,CALM1,CALM1,
Gene,1625,CALM2,CALM2,
Gene,1626,CALM3,CALM3,
Gene,1627,CALML4,CALML4,
Gene,1628,CALN1,CALN1,
Gene,1629,CALR,CALR,
Gene,1630,CALR3,CALR3,
Gene,1631,CALU,CALU,
Gene,1632,CAMK1,CAMK1,
Gene,1633,CAMK1D,CAMK1D,
Gene,1634,CAMK1G,CAMK1G,
Gene,1635,CAMK2A,CAMK2A,
Gene,1636,CAMK2B,CAMK2B,
Gene,1637,CAMK2D,CAMK2D,
Gene,1638,CAMK2G,CAMK2G,
Gene,1639,CAMK2N1,CAMK2N1,
Gene,1640,CAMK4,CAMK4,
Gene,1641,CAMKK1,CAMKK1,
Gene,1642,CAMKK2,CAMKK2,
Gene,1643,CAMKMT,CAMKMT,
Gene,1644,CAMKV,CAMKV,
Gene,1645,CAMP,CAMP,
Gene,1646,CAMSAP1,CAMSAP1,
Gene,1647,CAMSAP2,CAMSAP2,
Gene,1648,CAMSAP3,CAMSAP3,
Gene,1649,CAMTA1,CAMTA1,
Gene,1650,CAMTA2,CAMTA2,
Gene,1651,CAND1,CAND1,
Gene,1652,CAND2,CAND2,
Gene,1653,CANT1,CANT1,
Gene,1654,CANX,CANX,
Gene,1655,CAP1,CAP1,
Gene,1656,CAP2,CAP2,
Gene,1657,CAPG,CAPG,
Gene,1658,CAPN1,CAPN1,
Gene,1659,CAPN10,CAPN10,
Gene,1660,CAPN11,CAPN11,
Gene,1661,CAPN15,CAPN15,
Gene,1662,CAPN2,CAPN2,
Gene,1663,CAPN3,CAPN3,
Gene,1664,CAPN5,CAPN5,
Gene,1665,CAPN7,CAPN7,
Gene,1666,CAPN8,CAPN8,
Gene,1667,CAPN9,CAPN9,
Gene,1668,CAPNS1,CAPNS1,
Gene,1669,CAPRIN1,CAPRIN1,
Gene,1670,CAPRIN2,CAPRIN2,
Gene,1671,CAPS,CAPS,
Gene,1672,CAPZA1,CAPZA1,
Gene,1673,CAPZA2,CAPZA2,
Gene,1674,CAPZB,CAPZB,
Gene,1675,CARD10,CARD10,
Gene,1676,CARD11,CARD11,
Gene,1677,CARD6,CARD6,
Gene,1678,CARD9,CARD9,
Gene,1679,CARF,CARF,
Gene,1680,CARHSP1,CARHSP1,
Gene,1681,CARM1,CARM1,
Gene,1682,CARMIL1,CARMIL1,
Gene,1683,CARMIL2,CARMIL2,
Gene,1684,CARMIL3,CARMIL3,
Gene,1685,CARNMT1,CARNMT1,
Gene,1686,CARS1,CARS1,
Gene,1687,CARS2,CARS2,
Gene,1688,CARTPT,CARTPT,
Gene,1689,CASC15,CASC15,
Gene,1690,CASC3,CASC3,
Gene,1691,CASD1,CASD1,
Gene,1692,CASK,CASK,
Gene,1693,CASKIN1,CASKIN1,
Gene,1694,CASKIN2,CASKIN2,
Gene,1695,CASP1,CASP1,
Gene,1696,CASP10,CASP10,
Gene,1697,CASP12,CASP12,
Gene,1698,CASP14,CASP14,
Gene,1699,CASP16P,CASP16P,
Gene,1700,CASP2,CASP2,
Gene,1701,CASP3,CASP3,
Gene,1702,CASP4,CASP4,
Gene,1703,CASP6,CASP6,
Gene,1704,CASP7,CASP7,
Gene,1705,CASP8,CASP8,841
Gene,1706,CASP8AP2,CASP8AP2,
Gene,1707,CASP9,CASP9,
Gene,1708,CASQ1,CASQ1,
Gene,1709,CASQ2,CASQ2,
Gene,1710,CASR,CASR,
Gene,1711,CASS4,CASS4,
Gene,1712,CAST,CAST,
Gene,1713,CASTOR1,CASTOR1,
Gene,1714,CASTOR2,CASTOR2,
Gene,1715,CAT,CAT,847
Gene,1716,CATSPER1,CATSPER1,
Gene,1717,CATSPER3,CATSPER3,
Gene,1718,CATSPER4,CATSPER4,
Gene,1719,CATSPERD,CATSPERD,
Gene,1720,CATSPERE,CATSPERE,
Gene,1721,CATSPERG,CATSPERG,
Gene,1722,CAV1,CAV1,
Gene,1723,CAV2,CAV2,
Gene,1724,CAV3,CAV3,
Gene,1725,CAVIN1,CAVIN1,
Gene,1726,CAVIN2,CAVIN2,
Gene,1727,CAVIN3,CAVIN3,
Gene,1728,CBARP,CBARP,
Gene,1729,CBFA2T2,CBFA2T2,
Gene,1730,CBFA2T3,CBFA2T3,
Gene,1731,CBFB,CBFB,
Gene,1732,CBL,CBL,
Gene,1733,CBLB,CBLB,
Gene,1734,CBLC,CBLC,
Gene,1735,CBLL1,CBLL1,
Gene,1736,CBLN1,CBLN1,
Gene,1737,CBLN2,CBLN2,
Gene,1738,CBLN4,CBLN4,
Gene,1739,CBP,CBP,
Gene,1740,CBR1,CBR1,
Gene,1741,CBR3,CBR3,
Gene,1742,CBR4,CBR4,
Gene,1743,CBS,CBS,
Gene,1744,CBX1,CBX1,
Gene,1745,CBX2,CBX2,
Gene,1746,CBX3,CBX3,
Gene,1747,CBX4,CBX4,
Gene,1748,CBX5,CBX5,
Gene,1749,CBX6,CBX6,
Gene,1750,CBX7,CBX7,
Gene,1751,CBY1,CBY1,
Gene,1752,CC2D1A,CC2D1A,
Gene,1753,CC2D1B,CC2D1B,
Gene,1754,CC2D2A,CC2D2A,
Gene,1755,CCAR1,CCAR1,
Gene,1756,CCBE1,CCBE1,
Gene,1757,CCDC102A,CCDC102A,
Gene,1758,CCDC102B,CCDC102B,
Gene,1759,CCDC107,CCDC107,
Gene,1760,CCDC112,CCDC112,
Gene,1761,CCDC115,CCDC115,
Gene,1762,CCDC117,CCDC117,
Gene,1763,CCDC12,CCDC12,
Gene,1764,CCDC120,CCDC120,
Gene,1765,CCDC126,CCDC126,
Gene,1766,CCDC13,CCDC13,
Gene,1767,CCDC13-AS2,CCDC13-AS2,
Gene,1768,CCDC138,CCDC138,
Gene,1769,CCDC141,CCDC141,
Gene,1770,CCDC142,CCDC142,
Gene,1771,CCDC144A,CCDC144A,
Gene,1772,CCDC146,CCDC146,
Gene,1773,CCDC148,CCDC148,
Gene,1774,CCDC15,CCDC15,
Gene,1775,CCDC154,CCDC154,
Gene,1776,CCDC157,CCDC157,
Gene,1777,CCDC168,CCDC168,
Gene,1778,CCDC169,CCDC169,
Gene,1779,CCDC17,CCDC17,
Gene,1780,CCDC170,CCDC170,
Gene,1781,CCDC171,CCDC171,
Gene,1782,CCDC184,CCDC184,
Gene,1783,CCDC190,CCDC190,
Gene,1784,CCDC194,CCDC194,
Gene,1785,CCDC25,CCDC25,
Gene,1786,CCDC28B,CCDC28B,
Gene,1787,CCDC3,CCDC3,
Gene,1788,CCDC40,CCDC40,
Gene,1789,CCDC50,CCDC50,
Gene,1790,CCDC6,CCDC6,
Gene,1791,CCDC62,CCDC62,
Gene,1792,CCDC63,CCDC63,
Gene,1793,CCDC68,CCDC68,
Gene,1794,CCDC69,CCDC69,
Gene,1795,CCDC7,CCDC7,
Gene,1796,CCDC71,CCDC71,
Gene,1797,CCDC74B,CCDC74B,
Gene,1798,CCDC77,CCDC77,
Gene,1799,CCDC80,CCDC80,
Gene,1800,CCDC81,CCDC81,
Gene,1801,CCDC85A,CCDC85A,
Gene,1802,CCDC85B,CCDC85B,
Gene,1803,CCDC86,CCDC86,
Gene,1804,CCDC87,CCDC87,
Gene,1805,CCDC88A,CCDC88A,
Gene,1806,CCDC88B,CCDC88B,
Gene,1807,CCDC9,CCDC9,
Gene,1808,CCDC92,CCDC92,
Gene,1809,CCHCR1,CCHCR1,
Gene,1810,CCK,CCK,
Gene,1811,CCKAR,CCKAR,
Gene,1812,CCKBR,CCKBR,
Gene,1813,CCL1,CCL1,
Gene,1814,CCL11,CCL11,
Gene,1815,CCL13,CCL13,
Gene,1816,CCL15,CCL15,
Gene,1817,CCL16,CCL16,
Gene,1818,CCL17,CCL17,
Gene,1819,CCL18,CCL18,
Gene,1820,CCL19,CCL19,
Gene,1821,CCL2,CCL2,
Gene,1822,CCL20,CCL20,
Gene,1823,CCL22,CCL22,
Gene,1824,CCL24,CCL24,
Gene,1825,CCL26,CCL26,
Gene,1826,CCL28,CCL28,
Gene,1827,CCL3,CCL3,
Gene,1828,CCL3L1,CCL3L1,
Gene,1829,CCL4,CCL4,
Gene,1830,CCL5,CCL5,
Gene,1831,CCL7,CCL7,
Gene,1832,CCL8,CCL8,
Gene,1833,CCM2,CCM2,
Gene,1834,CCM2L,CCM2L,
Gene,1835,CCN1,CCN1,
Gene,1836,CCN2,CCN2,
Gene,1837,CCN3,CCN3,
Gene,1838,CCN4,CCN4,
Gene,1839,CCN5,CCN5,
Gene,1840,CCNA1,CCNA1,
Gene,1841,CCNA2,CCNA2,
Gene,1842,CCNB1,CCNB1,
Gene,1843,CCNB1IP1,CCNB1IP1,
Gene,1844,CCNB2,CCNB2,
Gene,1845,CCNC,CCNC,
Gene,1846,CCND1,CCND1,595
Gene,1847,CCND2,CCND2,
Gene,1848,CCND3,CCND3,
Gene,1849,CCNE1,CCNE1,
Gene,1850,CCNE2,CCNE2,
Gene,1851,CCNF,CCNF,
Gene,1852,CCNG1,CCNG1,
Gene,1853,CCNG2,CCNG2,
Gene,1854,CCNH,CCNH,
Gene,1855,CCNI,CCNI,
Gene,1856,CCNJL,CCNJL,
Gene,1857,CCNK,CCNK,
Gene,1858,CCNL1,CCNL1,
Gene,1859,CCNL2,CCNL2,
Gene,1860,CCNO,CCNO,
Gene,1861,CCNP,CCNP,
Gene,1862,CCNT1,CCNT1,
Gene,1863,CCNT2,CCNT2,
Gene,1864,CCNY,CCNY,
Gene,1865,CCNYL1,CCNYL1,
Gene,1866,CCPG1,CCPG1,
Gene,1867,CCR1,CCR1,
Gene,1868,CCR10,CCR10,
Gene,1869,CCR2,CCR2,
Gene,1870,CCR3,CCR3,
Gene,1871,CCR4,CCR4,
Gene,1872,CCR5,CCR5,
Gene,1873,CCR6,CCR6,
Gene,1874,CCR7,CCR7,
Gene,1875,CCR8,CCR8,
Gene,1876,CCR9,CCR9,
Gene,1877,CCRL2,CCRL2,
Gene,1878,CCS,CCS,
Gene,1879,CCSAP,CCSAP,
Gene,1880,CCSER1,CCSER1,
Gene,1881,CCT2,CCT2,
Gene,1882,CCT3,CCT3,
Gene,1883,CCT5,CCT5,
Gene,1884,CCT6A,CCT6A,
Gene,1885,CCT7,CCT7,
Gene,1886,CCZ1,CCZ1,
Gene,1887,CCZ1B,CCZ1B,
Gene,1888,CD109,CD109,
Gene,1889,CD14,CD14,
Gene,1890,CD151,CD151,
Gene,1891,CD160,CD160,
Gene,1892,CD163,CD163,
Gene,1893,CD163L1,CD163L1,
Gene,1894,CD164,CD164,
Gene,1895,CD19,CD19,
Gene,1896,CD1A,CD1A,
Gene,1897,CD1C,CD1C,
Gene,1898,CD2,CD2,
Gene,1899,CD200,CD200,
Gene,1900,CD200R1,CD200R1,
Gene,1901,CD207,CD207,
Gene,1902,CD22,CD22,
Gene,1903,CD226,CD226,
Gene,1904,CD24,CD24,
Gene,1905,CD244,CD244,
Gene,1906,CD247,CD247,
Gene,1907,CD248,CD248,
Gene,1908,CD27,CD27,
Gene,1909,CD274,CD274,29126
Gene,1910,CD276,CD276,
Gene,1911,CD2AP,CD2AP,
Gene,1912,CD2BP2,CD2BP2,
Gene,1913,CD300A,CD300A,
Gene,1914,CD300LB,CD300LB,
Gene,1915,CD300LF,CD300LF,
Gene,1916,CD300LG,CD300LG,
Gene,1917,CD302,CD302,
Gene,1918,CD320,CD320,
Gene,1919,CD34,CD34,
Gene,1920,CD36,CD36,
Gene,1921,CD37,CD37,
Gene,1922,CD38,CD38,
Gene,1923,CD3D,CD3D,
Gene,1924,CD3E,CD3E,
Gene,1925,CD3G,CD3G,
Gene,1926,CD4,CD4,
Gene,1927,CD40,CD40,
Gene,1928,CD40LG,CD40LG,959
Gene,1929,CD44,CD44,
Gene,1930,CD46,CD46,
Gene,1931,CD47,CD47,
Gene,1932,CD48,CD48,
Gene,1933,CD5,CD5,
Gene,1934,CD52,CD52,
Gene,1935,CD53,CD53,
Gene,1936,CD55,CD55,
Gene,1937,CD58,CD58,
Gene,1938,CD59,CD59,
Gene,1939,CD5L,CD5L,
Gene,1940,CD6,CD6,
Gene,1941,CD63,CD63,
Gene,1942,CD68,CD68,
Gene,1943,CD69,CD69,
Gene,1944,CD7,CD7,
Gene,1945,CD74,CD74,
Gene,1946,CD79A,CD79A,
Gene,1947,CD79B,CD79B,
Gene,1948,CD80,CD80,
Gene,1949,CD81,CD81,
Gene,1950,CD82,CD82,
Gene,1951,CD83,CD83,
Gene,1952,CD86,CD86,
Gene,1953,CD8A,CD8A,
Gene,1954,CD8B,CD8B,
Gene,1955,CD9,CD9,
Gene,1956,CD93,CD93,
Gene,1957,CD96,CD96,
Gene,1958,CD99,CD99,
Gene,1959,CD99L2,CD99L2,
Gene,1960,CDA,CDA,
Gene,1961,CDAN1,CDAN1,146059
Gene,1962,CDC123,CDC123,
Gene,1963,CDC14A,CDC14A,
Gene,1964,CDC14B,CDC14B,
Gene,1965,CDC16,CDC16,
Gene,1966,CDC20,CDC20,
Gene,1967,CDC20B,CDC20B,
Gene,1968,CDC23,CDC23,
Gene,1969,CDC25A,CDC25A,
Gene,1970,CDC25B,CDC25B,
Gene,1971,CDC25C,CDC25C,
Gene,1972,CDC26,CDC26,
Gene,1973,CDC27,CDC27,
Gene,1974,CDC2L1,CDC2L1,
Gene,1975,CDC34,CDC34,
Gene,1976,CDC37,CDC37,
Gene,1977,CDC37L1,CDC37L1,
Gene,1978,CDC42,CDC42,
Gene,1979,CDC42BPA,CDC42BPA,
Gene,1980,CDC42BPB,CDC42BPB,
Gene,1981,CDC42EP1,CDC42EP1,
Gene,1982,CDC42EP2,CDC42EP2,
Gene,1983,CDC42EP3,CDC42EP3,
Gene,1984,CDC42EP4,CDC42EP4,
Gene,1985,CDC42EP5,CDC42EP5,
Gene,1986,CDC42SE1,CDC42SE1,
Gene,1987,CDC45,CDC45,
Gene,1988,CDC5L,CDC5L,
Gene,1989,CDC6,CDC6,
Gene,1990,CDC7,CDC7,
Gene,1991,CDC73,CDC73,
Gene,1992,CDCA2,CDCA2,
Gene,1993,CDCA3,CDCA3,
Gene,1994,CDCA4,CDCA4,
Gene,1995,CDCA5,CDCA5,
Gene,1996,CDCA7,CDCA7,
Gene,1997,CDCA7L,CDCA7L,
Gene,1998,CDCA8,CDCA8,
Gene,1999,CDCP1,CDCP1,
Gene,2000,CDCP2,CDCP2,
Gene,2001,CDH1,CDH1,
Gene,2002,CDH10,CDH10,
Gene,2003,CDH11,CDH11,
Gene,2004,CDH12,CDH12,
Gene,2005,CDH13,CDH13,
Gene,2006,CDH15,CDH15,
Gene,2007,CDH17,CDH17,
Gene,2008,CDH18,CDH18,
Gene,2009,CDH2,CDH2,
Gene,2010,CDH20,CDH20,
Gene,2011,CDH22,CDH22,
Gene,2012,CDH23,CDH23,
Gene,2013,CDH24,CDH24,
Gene,2014,CDH3,CDH3,
Gene,2015,CDH5,CDH5,
Gene,2016,CDH6,CDH6,
Gene,2017,CDH8,CDH8,
Gene,2018,CDIN1,CDIN1,
Gene,2019,CDIP1,CDIP1,
Gene,2020,CDIPT,CDIPT,
Gene,2021,CDK1,CDK1,
Gene,2022,CDK10,CDK10,
Gene,2023,CDK11A,CDK11A,
Gene,2024,CDK11B,CDK11B,
Gene,2025,CDK12,CDK12,
Gene,2026,CDK13,CDK13,
Gene,2027,CDK14,CDK14,
Gene,2028,CDK16,CDK16,
Gene,2029,CDK17,CDK17,
Gene,2030,CDK2,CDK2,
Gene,2031,CDK20,CDK20,
Gene,2032,CDK2AP1,CDK2AP1,
Gene,2033,CDK2AP2,CDK2AP2,
Gene,2034,CDK4,CDK4,1019
Gene,2035,CDK5,CDK5,
Gene,2036,CDK5R1,CDK5R1,
Gene,2037,CDK5R2,CDK5R2,
Gene,2038,CDK5RAP1,CDK5RAP1,
Gene,2039,CDK5RAP2,CDK5RAP2,
Gene,2040,CDK5RAP3,CDK5RAP3,
Gene,2041,CDK6,CDK6,
Gene,2042,CDK7,CDK7,
Gene,2043,CDK8,CDK8,
Gene,2044,CDK9,CDK9,
Gene,2045,CDKAL1,CDKAL1,
Gene,2046,CDKL2,CDKL2,
Gene,2047,CDKL3,CDKL3,
Gene,2048,CDKN1A,CDKN1A,
Gene,2049,CDKN1B,CDKN1B,
Gene,2050,CDKN1C,CDKN1C,
Gene,2051,CDKN2A,CDKN2A,
Gene,2052,CDKN2AIPNL,CDKN2AIPNL,
Gene,2053,CDKN2B,CDKN2B,
Gene,2054,CDKN2C,CDKN2C,
Gene,2055,CDKN2D,CDKN2D,
Gene,2056,CDKN3,CDKN3,
Gene,2057,CDO1,CDO1,
Gene,2058,CDON,CDON,
Gene,2059,CDPF1,CDPF1,
Gene,2060,CDR2,CDR2,
Gene,2061,CDR2L,CDR2L,
Gene,2062,CDRT4,CDRT4,
Gene,2063,CDS1,CDS1,
Gene,2064,CDS2,CDS2,
Gene,2065,CDT1,CDT1,
Gene,2066,CDV3,CDV3,
Gene,2067,CDX2,CDX2,
Gene,2068,CDX4,CDX4,
Gene,2069,CDYL,CDYL,
Gene,2070,CDase,CDase,
Gene,2071,CEACAM1,CEACAM1,
Gene,2072,CEACAM19,CEACAM19,
Gene,2073,CEACAM20,CEACAM20,
Gene,2074,CEACAM3,CEACAM3,
Gene,2075,CEACAM5,CEACAM5,
Gene,2076,CEACAM6,CEACAM6,
Gene,2077,CEBPA,CEBPA,
Gene,2078,CEBPB,CEBPB,
Gene,2079,CEBPD,CEBPD,
Gene,2080,CEBPG,CEBPG,
Gene,2081,CEBPZ,CEBPZ,
Gene,2082,CEL,CEL,
Gene,2083,CELA1,CELA1,
Gene,2084,CELA2A,CELA2A,
Gene,2085,CELA3A,CELA3A,
Gene,2086,CELF1,CELF1,
Gene,2087,CELF2,CELF2,
Gene,2088,CELF3,CELF3,
Gene,2089,CELF4,CELF4,
Gene,2090,CELF5,CELF5,
Gene,2091,CELSR1,CELSR1,
Gene,2092,CELSR2,CELSR2,
Gene,2093,CELSR3,CELSR3,
Gene,2094,CEMIP,CEMIP,
Gene,2095,CEMIP2,CEMIP2,
Gene,2096,CEMP1,CEMP1,
Gene,2097,CENATAC,CENATAC,
Gene,2098,CENPA,CENPA,
Gene,2099,CENPB,CENPB,
Gene,2100,CENPC,CENPC,
Gene,2101,CENPE,CENPE,
Gene,2102,CENPF,CENPF,
Gene,2103,CENPH,CENPH,
Gene,2104,CENPI,CENPI,
Gene,2105,CENPJ,CENPJ,
Gene,2106,CENPK,CENPK,
Gene,2107,CENPM,CENPM,
Gene,2108,CENPN,CENPN,
Gene,2109,CENPO,CENPO,
Gene,2110,CENPP,CENPP,
Gene,2111,CENPQ,CENPQ,
Gene,2112,CENPS,CENPS,
Gene,2113,CENPT,CENPT,
Gene,2114,CENPU,CENPU,
Gene,2115,CENPV,CENPV,
Gene,2116,CENPW,CENPW,
Gene,2117,CENPX,CENPX,
Gene,2118,CEP120,CEP120,
Gene,2119,CEP128,CEP128,
Gene,2120,CEP131,CEP131,
Gene,2121,CEP135,CEP135,
Gene,2122,CEP15,CEP15,
Gene,2123,CEP152,CEP152,
Gene,2124,CEP162,CEP162,
Gene,2125,CEP164,CEP164,
Gene,2126,CEP170,CEP170,
Gene,2127,CEP170B,CEP170B,
Gene,2128,CEP19,CEP19,
Gene,2129,CEP192,CEP192,
Gene,2130,CEP20,CEP20,
Gene,2131,CEP250,CEP250,
Gene,2132,CEP290,CEP290,
Gene,2133,CEP295,CEP295,
Gene,2134,CEP350,CEP350,
Gene,2135,CEP43,CEP43,
Gene,2136,CEP44,CEP44,
Gene,2137,CEP55,CEP55,
Gene,2138,CEP57,CEP57,
Gene,2139,CEP57L1,CEP57L1,
Gene,2140,CEP63,CEP63,
Gene,2141,CEP68,CEP68,
Gene,2142,CEP70,CEP70,
Gene,2143,CEP72,CEP72,
Gene,2144,CEP76,CEP76,
Gene,2145,CEP78,CEP78,
Gene,2146,CEP83,CEP83,
Gene,2147,CEP85,CEP85,
Gene,2148,CEP89,CEP89,
Gene,2149,CEP95,CEP95,
Gene,2150,CEP97,CEP97,
Gene,2151,CEPT1,CEPT1,
Gene,2152,CERCAM,CERCAM,
Gene,2153,CERK,CERK,
Gene,2154,CERS2,CERS2,
Gene,2155,CERS4,CERS4,
Gene,2156,CERS5,CERS5,
Gene,2157,CERS6,CERS6,
Gene,2158,CERT1,CERT1,
Gene,2159,CES1,CES1,
Gene,2160,CES2,CES2,
Gene,2161,CES3,CES3,
Gene,2162,CES4A,CES4A,
Gene,2163,CES5A,CES5A,
Gene,2164,CETN2,CETN2,
Gene,2165,CETN3,CETN3,
Gene,2166,CETP,CETP,
Gene,2167,CFAP126,CFAP126,
Gene,2168,CFAP141,CFAP141,
Gene,2169,CFAP184,CFAP184,
Gene,2170,CFAP20,CFAP20,
Gene,2171,CFAP206,CFAP206,
Gene,2172,CFAP20DC,CFAP20DC,
Gene,2173,CFAP221,CFAP221,
Gene,2174,CFAP251,CFAP251,
Gene,2175,CFAP298,CFAP298,
Gene,2176,CFAP36,CFAP36,
Gene,2177,CFAP410,CFAP410,
Gene,2178,CFAP418-AS1,CFAP418-AS1,
Gene,2179,CFAP43,CFAP43,
Gene,2180,CFAP44,CFAP44,
Gene,2181,CFAP47,CFAP47,
Gene,2182,CFAP52,CFAP52,
Gene,2183,CFAP54,CFAP54,
Gene,2184,CFAP65,CFAP65,
Gene,2185,CFAP70,CFAP70,
Gene,2186,CFAP74,CFAP74,
Gene,2187,CFAP77,CFAP77,
Gene,2188,CFAP97D1,CFAP97D1,
Gene,2189,CFAP99,CFAP99,
Gene,2190,CFB,CFB,
Gene,2191,CFD,CFD,
Gene,2192,CFH,CFH,
Gene,2193,CFHR1,CFHR1,
Gene,2194,CFHR2,CFHR2,
Gene,2195,CFHR3,CFHR3,
Gene,2196,CFHR4,CFHR4,
Gene,2197,CFHR5,CFHR5,
Gene,2198,CFI,CFI,
Gene,2199,CFL1,CFL1,
Gene,2200,CFL2,CFL2,
Gene,2201,CFLAR,CFLAR,
Gene,2202,CFP,CFP,
Gene,2203,CFTR,CFTR,
Gene,2204,CGA,CGA,
Gene,2205,CGAS,CGAS,
Gene,2206,CGB3,CGB3,
Gene,2207,CGGBP1,CGGBP1,
Gene,2208,CGNL1,CGNL1,
Gene,2209,CGREF1,CGREF1,
Gene,2210,CGRRF1,CGRRF1,
Gene,2211,CH25H,CH25H,
Gene,2212,CHAC1,CHAC1,
Gene,2213,CHAC2,CHAC2,
Gene,2214,CHAF1A,CHAF1A,
Gene,2215,CHAF1B,CHAF1B,
Gene,2216,CHAMP1,CHAMP1,
Gene,2217,CHAT,CHAT,
Gene,2218,CHCHD1,CHCHD1,
Gene,2219,CHCHD10,CHCHD10,
Gene,2220,CHCHD3,CHCHD3,
Gene,2221,CHCHD5,CHCHD5,
Gene,2222,CHCHD6,CHCHD6,
Gene,2223,CHCHD7,CHCHD7,
Gene,2224,CHCT1,CHCT1,
Gene,2225,CHD1,CHD1,
Gene,2226,CHD1L,CHD1L,
Gene,2227,CHD2,CHD2,
Gene,2228,CHD3,CHD3,
Gene,2229,CHD4,CHD4,
Gene,2230,CHD7,CHD7,
Gene,2231,CHD8,CHD8,
Gene,2232,CHD9,CHD9,
Gene,2233,CHEK1,CHEK1,
Gene,2234,CHEK2,CHEK2,
Gene,2235,CHGA,CHGA,
Gene,2236,CHGB,CHGB,
Gene,2237,CHI3L1,CHI3L1,
Gene,2238,CHIA,CHIA,
Gene,2239,CHIC2,CHIC2,
Gene,2240,CHID1,CHID1,
Gene,2241,CHKA,CHKA,
Gene,2242,CHKB,CHKB,
Gene,2243,CHM,CHM,
Gene,2244,CHML,CHML,
Gene,2245,CHMP1A,CHMP1A,
Gene,2246,CHMP1B,CHMP1B,
Gene,2247,CHMP2B,CHMP2B,
Gene,2248,CHMP4C,CHMP4C,
Gene,2249,CHMP7,CHMP7,
Gene,2250,CHN1,CHN1,
Gene,2251,CHN2,CHN2,
Gene,2252,CHODL,CHODL,
Gene,2253,CHORDC1,CHORDC1,
Gene,2254,CHP1,CHP1,
Gene,2255,CHPF,CHPF,
Gene,2256,CHRD,CHRD,
Gene,2257,CHRDL2,CHRDL2,
Gene,2258,CHRFAM7A,CHRFAM7A,
Gene,2259,CHRM1,CHRM1,
Gene,2260,CHRM2,CHRM2,
Gene,2261,CHRM3,CHRM3,
Gene,2262,CHRM4,CHRM4,
Gene,2263,CHRM5,CHRM5,
Gene,2264,CHRNA1,CHRNA1,
Gene,2265,CHRNA10,CHRNA10,
Gene,2266,CHRNA2,CHRNA2,
Gene,2267,CHRNA3,CHRNA3,
Gene,2268,CHRNA4,CHRNA4,
Gene,2269,CHRNA5,CHRNA5,
Gene,2270,CHRNA6,CHRNA6,
Gene,2271,CHRNA7,CHRNA7,
Gene,2272,CHRNA9,CHRNA9,
Gene,2273,CHRNB1,CHRNB1,
Gene,2274,CHRNB2,CHRNB2,
Gene,2275,CHRNB3,CHRNB3,
Gene,2276,CHRNB4,CHRNB4,
Gene,2277,CHRND,CHRND,
Gene,2278,CHRNE,CHRNE,
Gene,2279,CHRNG,CHRNG,
Gene,2280,CHST10,CHST10,
Gene,2281,CHST12,CHST12,
Gene,2282,CHST13,CHST13,
Gene,2283,CHST14,CHST14,
Gene,2284,CHST15,CHST15,
Gene,2285,CHST2,CHST2,
Gene,2286,CHST3,CHST3,
Gene,2287,CHST5,CHST5,
Gene,2288,CHST6,CHST6,
Gene,2289,CHST7,CHST7,
Gene,2290,CHST8,CHST8,
Gene,2291,CHST9,CHST9,
Gene,2292,CHSY1,CHSY1,
Gene,2293,CHTF18,CHTF18,
Gene,2294,CHTF8,CHTF8,
Gene,2295,CHUK,CHUK,
Gene,2296,CIAO2A,CIAO2A,
Gene,2297,CIAO2B,CIAO2B,
Gene,2298,CIAO3,CIAO3,
Gene,2299,CIAPIN1,CIAPIN1,
Gene,2300,CIART,CIART,
Gene,2301,CIB2,CIB2,
Gene,2302,CIB3,CIB3,
Gene,2303,CIBAR1,CIBAR1,
Gene,2304,CIC,CIC,
Gene,2305,CIDEA,CIDEA,
Gene,2306,CIDEB,CIDEB,
Gene,2307,CIDEC,CIDEC,
Gene,2308,CIITA,CIITA,
Gene,2309,CILK1,CILK1,
Gene,2310,CILP,CILP,
Gene,2311,CILP2,CILP2,
Gene,2312,CIMAP1C,CIMAP1C,
Gene,2313,CIMIP2A,CIMIP2A,
Gene,2314,CINP,CINP,
Gene,2315,CIP2A,CIP2A,
Gene,2316,CIPC,CIPC,
Gene,2317,CIR1,CIR1,
Gene,2318,CIRBP,CIRBP,
Gene,2319,CISD1,CISD1,
Gene,2320,CISD2,CISD2,
Gene,2321,CISD3,CISD3,
Gene,2322,CISH,CISH,
Gene,2323,CIT,CIT,
Gene,2324,CITED1,CITED1,
Gene,2325,CITED2,CITED2,
Gene,2326,CITED4,CITED4,
Gene,2327,CIZ1,CIZ1,
Gene,2328,CKAP2,CKAP2,
Gene,2329,CKAP4,CKAP4,
Gene,2330,CKAP5,CKAP5,
Gene,2331,CKB,CKB,
Gene,2332,CKLF,CKLF,
Gene,2333,CKM,CKM,
Gene,2334,CKMT1A,CKMT1A,
Gene,2335,CKS1B,CKS1B,
Gene,2336,CKS2,CKS2,
Gene,2337,CLASP1,CLASP1,
Gene,2338,CLASP2,CLASP2,
Gene,2339,CLASRP,CLASRP,
Gene,2340,CLBA1,CLBA1,
Gene,2341,CLC,CLC,
Gene,2342,CLCA1,CLCA1,
Gene,2343,CLCC1,CLCC1,
Gene,2344,CLCF1,CLCF1,
Gene,2345,CLCN1,CLCN1,
Gene,2346,CLCN2,CLCN2,
Gene,2347,CLCN3,CLCN3,
Gene,2348,CLCN4,CLCN4,
Gene,2349,CLCN5,CLCN5,
Gene,2350,CLCN6,CLCN6,
Gene,2351,CLCN7,CLCN7,
Gene,2352,CLCNKA,CLCNKA,
Gene,2353,CLCNKB,CLCNKB,
Gene,2354,CLDN1,CLDN1,
Gene,2355,CLDN10,CLDN10,
Gene,2356,CLDN11,CLDN11,
Gene,2357,CLDN12,CLDN12,
Gene,2358,CLDN14,CLDN14,
Gene,2359,CLDN15,CLDN15,
Gene,2360,CLDN16,CLDN16,
Gene,2361,CLDN17,CLDN17,
Gene,2362,CLDN18,CLDN18,
Gene,2363,CLDN19,CLDN19,
Gene,2364,CLDN2,CLDN2,
Gene,2365,CLDN20,CLDN20,
Gene,2366,CLDN22,CLDN22,
Gene,2367,CLDN23,CLDN23,
Gene,2368,CLDN3,CLDN3,
Gene,2369,CLDN4,CLDN4,
Gene,2370,CLDN5,CLDN5,
Gene,2371,CLDN6,CLDN6,
Gene,2372,CLDN7,CLDN7,
Gene,2373,CLDN8,CLDN8,
Gene,2374,CLDN9,CLDN9,
Gene,2375,CLDND1,CLDND1,
Gene,2376,CLEC10A,CLEC10A,
Gene,2377,CLEC11A,CLEC11A,
Gene,2378,CLEC12A,CLEC12A,
Gene,2379,CLEC12B,CLEC12B,
Gene,2380,CLEC2D,CLEC2D,
Gene,2381,CLEC2L,CLEC2L,
Gene,2382,CLEC4A,CLEC4A,
Gene,2383,CLEC4D,CLEC4D,
Gene,2384,CLEC4E,CLEC4E,
Gene,2385,CLEC5A,CLEC5A,
Gene,2386,CLEC7A,CLEC7A,
Gene,2387,CLGN,CLGN,
Gene,2388,CLHC1,CLHC1,
Gene,2389,CLIC1,CLIC1,
Gene,2390,CLIC2,CLIC2,
Gene,2391,CLIC4,CLIC4,
Gene,2392,CLIC5,CLIC5,
Gene,2393,CLIC6,CLIC6,
Gene,2394,CLIP1,CLIP1,
Gene,2395,CLIP2,CLIP2,
Gene,2396,CLIP3,CLIP3,
Gene,2397,CLIP4,CLIP4,
Gene,2398,CLK1,CLK1,
Gene,2399,CLK2,CLK2,
Gene,2400,CLK3,CLK3,
Gene,2401,CLK4,CLK4,
Gene,2402,CLMN,CLMN,
Gene,2403,CLMP,CLMP,
Gene,2404,CLN3,CLN3,
Gene,2405,CLN5,CLN5,
Gene,2406,CLN6,CLN6,
Gene,2407,CLN8,CLN8,
Gene,2408,CLNK,CLNK,
Gene,2409,CLNS1A,CLNS1A,
Gene,2410,CLOCK,CLOCK,
Gene,2411,CLP1,CLP1,
Gene,2412,CLPB,CLPB,
Gene,2413,CLPP,CLPP,
Gene,2414,CLPS,CLPS,
Gene,2415,CLPTM1,CLPTM1,
Gene,2416,CLPTM1L,CLPTM1L,
Gene,2417,CLPX,CLPX,
Gene,2418,CLRN1,CLRN1,
Gene,2419,CLRN3,CLRN3,
Gene,2420,CLSPN,CLSPN,
Gene,2421,CLSTN1,CLSTN1,
Gene,2422,CLSTN3,CLSTN3,
Gene,2423,CLTA,CLTA,
Gene,2424,CLTB,CLTB,
Gene,2425,CLTC,CLTC,
Gene,2426,CLTCL1,CLTCL1,
Gene,2427,CLTRN,CLTRN,
Gene,2428,CLU,CLU,
Gene,2429,CLUAP1,CLUAP1,
Gene,2430,CLUH,CLUH,
Gene,2431,CLUHP3,CLUHP3,
Gene,2432,CLUL1,CLUL1,
Gene,2433,CLVS2,CLVS2,
Gene,2434,CLYBL,CLYBL,
Gene,2435,CMA1,CMA1,
Gene,2436,CMAS,CMAS,
Gene,2437,CMBL,CMBL,
Gene,2438,CMIP,CMIP,
Gene,2439,CMKLR1,CMKLR1,
Gene,2440,CMKLR2,CMKLR2,
Gene,2441,CMPK2,CMPK2,
Gene,2442,CMSS1,CMSS1,
Gene,2443,CMTM3,CMTM3,
Gene,2444,CMTM6,CMTM6,
Gene,2445,CMTM7,CMTM7,
Gene,2446,CMTM8,CMTM8,
Gene,2447,CMTR1,CMTR1,
Gene,2448,CMTR2,CMTR2,
Gene,2449,CNBD1,CNBD1,
Gene,2450,CNBP,CNBP,
Gene,2451,CNDP2,CNDP2,
Gene,2452,CNFN,CNFN,
Gene,2453,CNGA1,CNGA1,
Gene,2454,CNGA2,CNGA2,
Gene,2455,CNGA4,CNGA4,
Gene,2456,CNGB1,CNGB1,
Gene,2457,CNIH1,CNIH1,
Gene,2458,CNIH2,CNIH2,
Gene,2459,CNIH3,CNIH3,
Gene,2460,CNKSR1,CNKSR1,
Gene,2461,CNKSR2,CNKSR2,
Gene,2462,CNKSR3,CNKSR3,
Gene,2463,CNN1,CNN1,
Gene,2464,CNN2,CNN2,
Gene,2465,CNN2P3,CNN2P3,
Gene,2466,CNN3,CNN3,
Gene,2467,CNNM2,CNNM2,
Gene,2468,CNNM3,CNNM3,
Gene,2469,CNNM4,CNNM4,
Gene,2470,CNOT2,CNOT2,
Gene,2471,CNOT4,CNOT4,4850
Gene,2472,CNOT6,CNOT6,
Gene,2473,CNOT6L,CNOT6L,
Gene,2474,CNOT7,CNOT7,
Gene,2475,CNOT8,CNOT8,
Gene,2476,CNOT9,CNOT9,
Gene,2477,CNP,CNP,
Gene,2478,CNPY1,CNPY1,
Gene,2479,CNPY2,CNPY2,
Gene,2480,CNPY3,CNPY3,
Gene,2481,CNPY4,CNPY4,
Gene,2482,CNR1,CNR1,
Gene,2483,CNR2,CNR2,
Gene,2484,CNST,CNST,
Gene,2485,CNTF,CNTF,
Gene,2486,CNTFR,CNTFR,
Gene,2487,CNTLN,CNTLN,
Gene,2488,CNTN1,CNTN1,
Gene,2489,CNTN2,CNTN2,
Gene,2490,CNTN3,CNTN3,
Gene,2491,CNTN4,CNTN4,
Gene,2492,CNTN5,CNTN5,
Gene,2493,CNTN6,CNTN6,
Gene,2494,CNTNAP1,CNTNAP1,
Gene,2495,CNTNAP2,CNTNAP2,
Gene,2496,CNTNAP3,CNTNAP3,
Gene,2497,CNTNAP4,CNTNAP4,
Gene,2498,CNTRL,CNTRL,
Gene,2499,CNTROB,CNTROB,
Gene,2500,COA3,COA3,
Gene,2501,COA4,COA4,
Gene,2502,COA7,COA7,
Gene,2503,COA8,COA8,
Gene,2504,COASY,COASY,
Gene,2505,COBL,COBL,
Gene,2506,COBLL1,COBLL1,
Gene,2507,COCH,COCH,
Gene,2508,COG1,COG1,
Gene,2509,COG2,COG2,
Gene,2510,COG4,COG4,
Gene,2511,COG5,COG5,
Gene,2512,COG6,COG6,
Gene,2513,COG8,COG8,
Gene,2514,COIL,COIL,
Gene,2515,COL10A1,COL10A1,
Gene,2516,COL11A1,COL11A1,
Gene,2517,COL11A2,COL11A2,
Gene,2518,COL12A1,COL12A1,
Gene,2519,COL13A1,COL13A1,
Gene,2520,COL14A1,COL14A1,
Gene,2521,COL15A1,COL15A1,
Gene,2522,COL17A1,COL17A1,
Gene,2523,COL18A1,COL18A1,
Gene,2524,COL19A1,COL19A1,
Gene,2525,COL1A1,COL1A1,
Gene,2526,COL1A2,COL1A2,
Gene,2527,COL22A1,COL22A1,
Gene,2528,COL23A1,COL23A1,
Gene,2529,COL25A1-DT,COL25A1-DT,
Gene,2530,COL27A1,COL27A1,
Gene,2531,COL2A1,COL2A1,
Gene,2532,COL3A1,COL3A1,
Gene,2533,COL4A1,COL4A1,
Gene,2534,COL4A2,COL4A2,
Gene,2535,COL4A3,COL4A3,
Gene,2536,COL4A4,COL4A4,
Gene,2537,COL4A6,COL4A6,
Gene,2538,COL5A1,COL5A1,
Gene,2539,COL5A2,COL5A2,
Gene,2540,COL5A3,COL5A3,
Gene,2541,COL6A1,COL6A1,
Gene,2542,COL6A2,COL6A2,
Gene,2543,COL6A3,COL6A3,
Gene,2544,COL6A5,COL6A5,
Gene,2545,COL6A6,COL6A6,
Gene,2546,COL7A1,COL7A1,
Gene,2547,COL8A1,COL8A1,
Gene,2548,COL8A2,COL8A2,
Gene,2549,COL9A2,COL9A2,
Gene,2550,COL9A3,COL9A3,
Gene,2551,COLCA1,COLCA1,
Gene,2552,COLEC12,COLEC12,
Gene,2553,COLGALT2,COLGALT2,
Gene,2554,COMMD1,COMMD1,
Gene,2555,COMMD10,COMMD10,
Gene,2556,COMMD3,COMMD3,
Gene,2557,COMMD4,COMMD4,
Gene,2558,COMMD8,COMMD8,
Gene,2559,COMMD9,COMMD9,
Gene,2560,COMT,COMT,
Gene,2561,COMTD1,COMTD1,
Gene,2562,COPA,COPA,
Gene,2563,COPB2,COPB2,
Gene,2564,COPE,COPE,
Gene,2565,COPG1,COPG1,
Gene,2566,COPG2,COPG2,
Gene,2567,COPS2,COPS2,
Gene,2568,COPS4,COPS4,
Gene,2569,COPS5,COPS5,
Gene,2570,COPS6,COPS6,
Gene,2571,COPS7A,COPS7A,
Gene,2572,COPS7B,COPS7B,
Gene,2573,COPS8,COPS8,
Gene,2574,COPZ1,COPZ1,
Gene,2575,COPZ2,COPZ2,
Gene,2576,COQ10A,COQ10A,
Gene,2577,COQ10B,COQ10B,
Gene,2578,COQ2,COQ2,
Gene,2579,COQ3,COQ3,
Gene,2580,COQ5,COQ5,
Gene,2581,COQ6,COQ6,
Gene,2582,COQ7,COQ7,
Gene,2583,COQ8A,COQ8A,
Gene,2584,COQ8B,COQ8B,
Gene,2585,COQ9,COQ9,
Gene,2586,CORO1A,CORO1A,
Gene,2587,CORO1C,CORO1C,
Gene,2588,CORO2A,CORO2A,
Gene,2589,CORO2B,CORO2B,
Gene,2590,CORO6,CORO6,
Gene,2591,CORO7,CORO7,
Gene,2592,CORT,CORT,
Gene,2593,COTL1,COTL1,
Gene,2594,COX1,COX1,
Gene,2595,COX10,COX10,
Gene,2596,COX11,COX11,
Gene,2597,COX15,COX15,
Gene,2598,COX16,COX16,
Gene,2599,COX17,COX17,
Gene,2600,COX18,COX18,
Gene,2601,COX19,COX19,
Gene,2602,COX2,COX2,
Gene,2603,COX20,COX20,
Gene,2604,COX3,COX3,
Gene,2605,COX4,COX4,
Gene,2606,COX4I1,COX4I1,
Gene,2607,COX4I2,COX4I2,
Gene,2608,COX5A,COX5A,
Gene,2609,COX5B,COX5B,
Gene,2610,COX6A1,COX6A1,
Gene,2611,COX6A2,COX6A2,
Gene,2612,COX6B1,COX6B1,
Gene,2613,COX6C,COX6C,
Gene,2614,COX7A1,COX7A1,
Gene,2615,COX7A2,COX7A2,
Gene,2616,COX7A2L,COX7A2L,
Gene,2617,COX7B,COX7B,
Gene,2618,COX7B2,COX7B2,
Gene,2619,COX7C,COX7C,
Gene,2620,COX8A,COX8A,
Gene,2621,COX8C,COX8C,
Gene,2622,CP,CP,
Gene,2623,CPA1,CPA1,
Gene,2624,CPA2,CPA2,
Gene,2625,CPA3,CPA3,
Gene,2626,CPA4,CPA4,
Gene,2627,CPA5,CPA5,
Gene,2628,CPB1,CPB1,
Gene,2629,CPB2,CPB2,
Gene,2630,CPB2-AS1,CPB2-AS1,
Gene,2631,CPD,CPD,
Gene,2632,CPE,CPE,
Gene,2633,CPEB1,CPEB1,
Gene,2634,CPEB2,CPEB2,
Gene,2635,CPEB3,CPEB3,
Gene,2636,CPEB4,CPEB4,
Gene,2637,CPED1,CPED1,
Gene,2638,CPLANE1,CPLANE1,
Gene,2639,CPLX1,CPLX1,
Gene,2640,CPLX2,CPLX2,
Gene,2641,CPLX3,CPLX3,
Gene,2642,CPM,CPM,
Gene,2643,CPN1,CPN1,
Gene,2644,CPN2,CPN2,
Gene,2645,CPNE1,CPNE1,
Gene,2646,CPNE2,CPNE2,
Gene,2647,CPNE4,CPNE4,
Gene,2648,CPNE5,CPNE5,
Gene,2649,CPNE6,CPNE6,
Gene,2650,CPNE7,CPNE7,
Gene,2651,CPNE8,CPNE8,
Gene,2652,CPOX,CPOX,
Gene,2653,CPQ,CPQ,
Gene,2654,CPS1,CPS1,
Gene,2655,CPSF1,CPSF1,
Gene,2656,CPSF3,CPSF3,
Gene,2657,CPSF4,CPSF4,
Gene,2658,CPSF4L,CPSF4L,
Gene,2659,CPSF7,CPSF7,
Gene,2660,CPT1A,CPT1A,
Gene,2661,CPT1B,CPT1B,
Gene,2662,CPT2,CPT2,
Gene,2663,CPTP,CPTP,
Gene,2664,CPVL,CPVL,
Gene,2665,CPXM1,CPXM1,
Gene,2666,CPXM2,CPXM2,
Gene,2667,CPZ,CPZ,
Gene,2668,CR1L,CR1L,
Gene,2669,CR2,CR2,
Gene,2670,CRABP1,CRABP1,
Gene,2671,CRABP2,CRABP2,
Gene,2672,CRACD,CRACD,
Gene,2673,CRACDL,CRACDL,
Gene,2674,CRADD,CRADD,
Gene,2675,CRAT,CRAT,
Gene,2676,CRB1,CRB1,
Gene,2677,CRB2,CRB2,
Gene,2678,CRCP,CRCP,
Gene,2679,CRCT1,CRCT1,
Gene,2680,CREB1,CREB1,
Gene,2681,CREB3,CREB3,
Gene,2682,CREB3L2,CREB3L2,
Gene,2683,CREB3L3,CREB3L3,
Gene,2684,CREB3L4,CREB3L4,
Gene,2685,CREB5,CREB5,
Gene,2686,CREBBP,CREBBP,
Gene,2687,CREBZF,CREBZF,
Gene,2688,CREG,CREG,
Gene,2689,CREG1,CREG1,
Gene,2690,CREG2,CREG2,
Gene,2691,CRELD2,CRELD2,
Gene,2692,CREM,CREM,
Gene,2693,CRH,CRH,
Gene,2694,CRHBP,CRHBP,
Gene,2695,CRHR1,CRHR1,
Gene,2696,CRHR2,CRHR2,
Gene,2697,CRIM1,CRIM1,
Gene,2698,CRIP1,CRIP1,
Gene,2699,CRIP2,CRIP2,
Gene,2700,CRIPT,CRIPT,
Gene,2701,CRISP1,CRISP1,
Gene,2702,CRISP2,CRISP2,
Gene,2703,CRISPLD1,CRISPLD1,
Gene,2704,CRISPLD2,CRISPLD2,
Gene,2705,CRK,CRK,
Gene,2706,CRLF1,CRLF1,
Gene,2707,CRLF3,CRLF3,
Gene,2708,CRLS1,CRLS1,
Gene,2709,CRMP1,CRMP1,
Gene,2710,CRNKL1,CRNKL1,
Gene,2711,CROCC,CROCC,
Gene,2712,CROCC2,CROCC2,
Gene,2713,CROCCP2,CROCCP2,
Gene,2714,CRP,CRP,
Gene,2715,CRPPA,CRPPA,
Gene,2716,CRTAC1,CRTAC1,
Gene,2717,CRTC1,CRTC1,
Gene,2718,CRTC3,CRTC3,
Gene,2719,CRX,CRX,
Gene,2720,CRY1,CRY1,
Gene,2721,CRY2,CRY2,
Gene,2722,CRYAA,CRYAA,
Gene,2723,CRYAB,CRYAB,
Gene,2724,CRYBA1,CRYBA1,
Gene,2725,CRYBA2,CRYBA2,
Gene,2726,CRYBB1,CRYBB1,
Gene,2727,CRYBB2,CRYBB2,
Gene,2728,CRYBB3,CRYBB3,
Gene,2729,CRYBG1,CRYBG1,
Gene,2730,CRYBG2,CRYBG2,
Gene,2731,CRYBG3,CRYBG3,
Gene,2732,CRYGD,CRYGD,
Gene,2733,CRYGN,CRYGN,
Gene,2734,CRYGS,CRYGS,
Gene,2735,CRYL1,CRYL1,
Gene,2736,CRYM,CRYM,
Gene,2737,CRYZ,CRYZ,
Gene,2738,CRYZL1,CRYZL1,
Gene,2739,CS,CS,
Gene,2740,CSAD,CSAD,
Gene,2741,CSDC2,CSDC2,
Gene,2742,CSDE1,CSDE1,
Gene,2743,CSF1,CSF1,
Gene,2744,CSF1R,CSF1R,
Gene,2745,CSF2,CSF2,1437
Gene,2746,CSF2RA,CSF2RA,
Gene,2747,CSF2RB,CSF2RB,
Gene,2748,CSF3,CSF3,1440
Gene,2749,CSF3R,CSF3R,
Gene,2750,CSGALNACT1,CSGALNACT1,
Gene,2751,CSGALNACT2,CSGALNACT2,
Gene,2752,CSHL1,CSHL1,
Gene,2753,CSK,CSK,
Gene,2754,CSKMT,CSKMT,
Gene,2755,CSMD2,CSMD2,
Gene,2756,CSN1S1,CSN1S1,
Gene,2757,CSN2,CSN2,
Gene,2758,CSNK1A1,CSNK1A1,
Gene,2759,CSNK1A1P1,CSNK1A1P1,
Gene,2760,CSNK1D,CSNK1D,
Gene,2761,CSNK1E,CSNK1E,
Gene,2762,CSNK1G1,CSNK1G1,
Gene,2763,CSNK1G2,CSNK1G2,
Gene,2764,CSNK1G3,CSNK1G3,
Gene,2765,CSNK2A1,CSNK2A1,
Gene,2766,CSNK2A2,CSNK2A2,
Gene,2767,CSNK2A3,CSNK2A3,
Gene,2768,CSNK2B,CSNK2B,
Gene,2769,CSPG4,CSPG4,
Gene,2770,CSPG5,CSPG5,
Gene,2771,CSPP1,CSPP1,
Gene,2772,CSRNP1,CSRNP1,
Gene,2773,CSRNP2,CSRNP2,
Gene,2774,CSRNP3,CSRNP3,
Gene,2775,CSRP1,CSRP1,
Gene,2776,CSRP2,CSRP2,
Gene,2777,CSRP3,CSRP3,
Gene,2778,CST11,CST11,
Gene,2779,CST3,CST3,
Gene,2780,CST6,CST6,
Gene,2781,CST7,CST7,
Gene,2782,CST8,CST8,
Gene,2783,CSTA,CSTA,
Gene,2784,CSTB,CSTB,
Gene,2785,CSTF1,CSTF1,
Gene,2786,CSTF2,CSTF2,
Gene,2787,CSTF3,CSTF3,
Gene,2788,CSTPP1,CSTPP1,
Gene,2789,CTAGE4,CTAGE4,
Gene,2790,CTBP1,CTBP1,
Gene,2791,CTBP2,CTBP2,
Gene,2792,CTBS,CTBS,
Gene,2793,CTC1,CTC1,
Gene,2794,CTCF,CTCF,
Gene,2795,CTDNEP1,CTDNEP1,
Gene,2796,CTDSP1,CTDSP1,
Gene,2797,CTDSPL,CTDSPL,
Gene,2798,CTDSPL2,CTDSPL2,
Gene,2799,CTF1,CTF1,
Gene,2800,CTH,CTH,
Gene,2801,CTHRC1,CTHRC1,
Gene,2802,CTLA4,CTLA4,
Gene,2803,CTNNA1,CTNNA1,
Gene,2804,CTNNA2,CTNNA2,
Gene,2805,CTNNA3,CTNNA3,
Gene,2806,CTNNAL1,CTNNAL1,
Gene,2807,CTNNB1,CTNNB1,
Gene,2808,CTNNBL1,CTNNBL1,
Gene,2809,CTNND1,CTNND1,
Gene,2810,CTNND2,CTNND2,
Gene,2811,CTPS1,CTPS1,
Gene,2812,CTPS2,CTPS2,
Gene,2813,CTR9,CTR9,
Gene,2814,CTRB1,CTRB1,
Gene,2815,CTRC,CTRC,
Gene,2816,CTRL,CTRL,
Gene,2817,CTSA,CTSA,
Gene,2818,CTSB,CTSB,
Gene,2819,CTSC,CTSC,
Gene,2820,CTSD,CTSD,
Gene,2821,CTSE,CTSE,
Gene,2822,CTSG,CTSG,
Gene,2823,CTSH,CTSH,
Gene,2824,CTSK,CTSK,
Gene,2825,CTSL,CTSL,
Gene,2826,CTSO,CTSO,
Gene,2827,CTSS,CTSS,
Gene,2828,CTSW,CTSW,
Gene,2829,CTSZ,CTSZ,
Gene,2830,CTTN,CTTN,
Gene,2831,CTTNBP2,CTTNBP2,
Gene,2832,CTTNBP2NL,CTTNBP2NL,
Gene,2833,CTXN1,CTXN1,
Gene,2834,CTXN3,CTXN3,
Gene,2835,CUBN,CUBN,
Gene,2836,CUEDC1,CUEDC1,
Gene,2837,CUEDC2,CUEDC2,
Gene,2838,CUL2,CUL2,
Gene,2839,CUL3,CUL3,
Gene,2840,CUL4A,CUL4A,
Gene,2841,CUL4B,CUL4B,
Gene,2842,CUL7,CUL7,
Gene,2843,CUTA,CUTA,
Gene,2844,CUTC,CUTC,
Gene,2845,CUX1,CUX1,
Gene,2846,CUX2,CUX2,
Gene,2847,CUZD1,CUZD1,
Gene,2848,CWC15,CWC15,
Gene,2849,CWC22,CWC22,
Gene,2850,CWC27,CWC27,
Gene,2851,CWH43,CWH43,
Gene,2852,CX3CL1,CX3CL1,
Gene,2853,CX3CR1,CX3CR1,
Gene,2854,CXADR,CXADR,
Gene,2855,CXCL1,CXCL1,
Gene,2856,CXCL10,CXCL10,
Gene,2857,CXCL12,CXCL12,
Gene,2858,CXCL13,CXCL13,
Gene,2859,CXCL14,CXCL14,
Gene,2860,CXCL16,CXCL16,
Gene,2861,CXCL2,CXCL2,
Gene,2862,CXCL3,CXCL3,
Gene,2863,CXCL5,CXCL5,
Gene,2864,CXCL6,CXCL6,
Gene,2865,CXCL8,CXCL8,3576
Gene,2866,CXCL9,CXCL9,
Gene,2867,CXCR1,CXCR1,
Gene,2868,CXCR2,CXCR2,3579
Gene,2869,CXCR3,CXCR3,
Gene,2870,CXCR4,CXCR4,
Gene,2871,CXCR5,CXCR5,
Gene,2872,CXCR6,CXCR6,
Gene,2873,CXXC1,CXXC1,
Gene,2874,CXXC4,CXXC4,
Gene,2875,CXXC5,CXXC5,
Gene,2876,CXorf38,CXorf38,
Gene,2877,CYB561,CYB561,
Gene,2878,CYB561A3,CYB561A3,
Gene,2879,CYB561D1,CYB561D1,
Gene,2880,CYB561D2,CYB561D2,
Gene,2881,CYB5A,CYB5A,
Gene,2882,CYB5B,CYB5B,
Gene,2883,CYB5D1,CYB5D1,
Gene,2884,CYB5R2,CYB5R2,
Gene,2885,CYB5R3,CYB5R3,
Gene,2886,CYB5R4,CYB5R4,
Gene,2887,CYBA,CYBA,
Gene,2888,CYBB,CYBB,
Gene,2889,CYBC1,CYBC1,
Gene,2890,CYBRD1,CYBRD1,
Gene,2891,CYC1,CYC1,
Gene,2892,CYCS,CYCS,
Gene,2893,CYFIP1,CYFIP1,
Gene,2894,CYFIP2,CYFIP2,
Gene,2895,CYGB,CYGB,
Gene,2896,CYLD,CYLD,
Gene,2897,CYP11A1,CYP11A1,
Gene,2898,CYP11B1,CYP11B1,
Gene,2899,CYP11B2,CYP11B2,
Gene,2900,CYP17A1,CYP17A1,
Gene,2901,CYP19A1,CYP19A1,
Gene,2902,CYP1A1,CYP1A1,
Gene,2903,CYP1A2,CYP1A2,
Gene,2904,CYP1B1,CYP1B1,
Gene,2905,CYP20A1,CYP20A1,
Gene,2906,CYP21A2,CYP21A2,
Gene,2907,CYP24A1,CYP24A1,
Gene,2908,CYP26A1,CYP26A1,
Gene,2909,CYP26B1,CYP26B1,
Gene,2910,CYP26C1,CYP26C1,
Gene,2911,CYP27A1,CYP27A1,
Gene,2912,CYP27B1,CYP27B1,
Gene,2913,CYP2A13,CYP2A13,
Gene,2914,CYP2A19,CYP2A19,
Gene,2915,CYP2A6,CYP2A6,
Gene,2916,CYP2A7,CYP2A7,
Gene,2917,CYP2AB1P,CYP2AB1P,
Gene,2918,CYP2B4,CYP2B4,
Gene,2919,CYP2B6,CYP2B6,1555
Gene,2920,CYP2B6B,CYP2B6B,
Gene,2921,CYP2B7P,CYP2B7P,
Gene,2922,CYP2C,CYP2C,
Gene,2923,CYP2C19,CYP2C19,
Gene,2924,CYP2C8,CYP2C8,
Gene,2925,CYP2C9,CYP2C9,
Gene,2926,CYP2D6,CYP2D6,
Gene,2927,CYP2E1,CYP2E1,
Gene,2928,CYP2F1,CYP2F1,
Gene,2929,CYP2J2,CYP2J2,
Gene,2930,CYP2R1,CYP2R1,
Gene,2931,CYP2S1,CYP2S1,
Gene,2932,CYP2U1,CYP2U1,
Gene,2933,CYP2U1-AS1,CYP2U1-AS1,
Gene,2934,CYP39A1,CYP39A1,
Gene,2935,CYP3A4,CYP3A4,
Gene,2936,CYP3A43,CYP3A43,
Gene,2937,CYP3A5,CYP3A5,
Gene,2938,CYP3A7,CYP3A7,
Gene,2939,CYP3A7-CYP3A51P,CYP3A7-CYP3A51P,
Gene,2940,CYP46A1,CYP46A1,
Gene,2941,CYP4A11,CYP4A11,
Gene,2942,CYP4A22,CYP4A22,
Gene,2943,CYP4B1,CYP4B1,
Gene,2944,CYP4F11,CYP4F11,
Gene,2945,CYP4F2,CYP4F2,
Gene,2946,CYP4F30P,CYP4F30P,
Gene,2947,CYP4F8,CYP4F8,
Gene,2948,CYP4X1,CYP4X1,
Gene,2949,CYP4Z1,CYP4Z1,
Gene,2950,CYP51A1,CYP51A1,
Gene,2951,CYP7A1,CYP7A1,
Gene,2952,CYP7B1,CYP7B1,
Gene,2953,CYP8B1,CYP8B1,
Gene,2954,CYRIB,CYRIB,
Gene,2955,CYSLTR1,CYSLTR1,
Gene,2956,CYSLTR2,CYSLTR2,
Gene,2957,CYSRT1,CYSRT1,
Gene,2958,CYTB,CYTB,
Gene,2959,CYTH1,CYTH1,
Gene,2960,CYTH2,CYTH2,
Gene,2961,CYTH3,CYTH3,
Gene,2962,CYTOR,CYTOR,
Gene,2963,CYYR1,CYYR1,
Gene,2964,Capza1b,Capza1b,
Gene,2965,Car1,Car1,
Gene,2966,Car10,Car10,
Gene,2967,Car11,Car11,
Gene,2968,Car12,Car12,
Gene,2969,Car13,Car13,
Gene,2970,Car14,Car14,
Gene,2971,Car15,Car15,
Gene,2972,Car2,Car2,
Gene,2973,Car3,Car3,
Gene,2974,Car4,Car4,
Gene,2975,Car5b,Car5b,
Gene,2976,Car6,Car6,
Gene,2977,Car8,Car8,
Gene,2978,Catsup,Catsup,
Gene,2979,Ccl12,Ccl12,
Gene,2980,Ccl21a,Ccl21a,
Gene,2981,Ccl21d,Ccl21d,
Gene,2982,Ccl6,Ccl6,
Gene,2983,Ccl9,Ccl9,
Gene,2984,Ccpn-ps,Ccpn-ps,
Gene,2985,Cd1d1,Cd1d1,
Gene,2986,Cd209b,Cd209b,
Gene,2987,Cd209f,Cd209f,
Gene,2988,Cd209g,Cd209g,
Gene,2989,Cd24a,Cd24a,
Gene,2990,Cd300c2,Cd300c2,
Gene,2991,Cd300ld3,Cd300ld3,
Gene,2992,Cd55b,Cd55b,
Gene,2993,Cd59a,Cd59a,
Gene,2994,Cd8b1,Cd8b1,
Gene,2995,Ceacam10,Ceacam10,
Gene,2996,Ceacam2,Ceacam2,
Gene,2997,Ces1a,Ces1a,
Gene,2998,Ces1c,Ces1c,
Gene,2999,Ces1g,Ces1g,
Gene,3000,Ces2a,Ces2a,
Gene,3001,Ces2b,Ces2b,
Gene,3002,Ces2c,Ces2c,
Gene,3003,Ces2e,Ces2e,
Gene,3004,Ces2h,Ces2h,
Gene,3005,Chchd4l1,Chchd4l1,
Gene,3006,Chi3l3,Chi3l3,
Gene,3007,Chi3l4,Chi3l4,
Gene,3008,Chil3,Chil3,
Gene,3009,Chil4,Chil4,
Gene,3010,Ckmt1,Ckmt1,
Gene,3011,Clca3a2,Clca3a2,
Gene,3012,Clec2e,Clec2e,
Gene,3013,Clec2h,Clec2h,
Gene,3014,Clec4a2,Clec4a2,
Gene,3015,Clec4a3,Clec4a3,
Gene,3016,Clec4b1,Clec4b1,
Gene,3017,Clec4n,Clec4n,
Gene,3018,Cntnap5a,Cntnap5a,
Gene,3019,Col6a4,Col6a4,
Gene,3020,Copg2os2,Copg2os2,
Gene,3021,Cox6c2,Cox6c2,
Gene,3022,Cox8b,Cox8b,
Gene,3023,Cpg1,Cpg1,
Gene,3024,Csmd2os,Csmd2os,
Gene,3025,Cstdc4,Cstdc4,
Gene,3026,Ctcflos,Ctcflos,
Gene,3027,Ctla2a,Ctla2a,
Gene,3028,Ctsll3,Ctsll3,
Gene,3029,Ctsr,Ctsr,
Gene,3030,Cxcl15,Cxcl15,
Gene,3031,CycB,CycB,
Gene,3032,CycE,CycE,
Gene,3033,Cyct,Cyct,
Gene,3034,Cym,Cym,
Gene,3035,Cyp11b3,Cyp11b3,
Gene,3036,Cyp1a1,Cyp1a1,
Gene,3037,Cyp2a1,Cyp2a1,
Gene,3038,Cyp2a2,Cyp2a2,
Gene,3039,Cyp2a22,Cyp2a22,
Gene,3040,Cyp2a3,Cyp2a3,
Gene,3041,Cyp2a4,Cyp2a4,
Gene,3042,Cyp2a5,Cyp2a5,
Gene,3043,Cyp2b1,Cyp2b1,
Gene,3044,Cyp2b10,Cyp2b10,
Gene,3045,Cyp2b12,Cyp2b12,
Gene,3046,Cyp2b13,Cyp2b13,
Gene,3047,Cyp2b2,Cyp2b2,
Gene,3048,Cyp2b9,Cyp2b9,
Gene,3049,Cyp2c11,Cyp2c11,
Gene,3050,Cyp2c12,Cyp2c12,
Gene,3051,Cyp2c22,Cyp2c22,
Gene,3052,Cyp2c23,Cyp2c23,
Gene,3053,Cyp2c29,Cyp2c29,
Gene,3054,Cyp2c37,Cyp2c37,
Gene,3055,Cyp2c38,Cyp2c38,
Gene,3056,Cyp2c39,Cyp2c39,
Gene,3057,Cyp2c50,Cyp2c50,
Gene,3058,Cyp2c54,Cyp2c54,
Gene,3059,Cyp2c55,Cyp2c55,
Gene,3060,Cyp2c65,Cyp2c65,
Gene,3061,Cyp2c66,Cyp2c66,
Gene,3062,Cyp2c69,Cyp2c69,
Gene,3063,Cyp2c6v1,Cyp2c6v1,
Gene,3064,Cyp2c7,Cyp2c7,
Gene,3065,Cyp2d1,Cyp2d1,
Gene,3066,Cyp2d10,Cyp2d10,
Gene,3067,Cyp2d2,Cyp2d2,
Gene,3068,Cyp2d22,Cyp2d22,
Gene,3069,Cyp2d34,Cyp2d34,
Gene,3070,Cyp2d37-ps,Cyp2d37-ps,
Gene,3071,Cyp2d4,Cyp2d4,
Gene,3072,Cyp2d40,Cyp2d40,
Gene,3073,Cyp2d9,Cyp2d9,
Gene,3074,Cyp2f2,Cyp2f2,
Gene,3075,Cyp2g1,Cyp2g1,
Gene,3076,Cyp2j15-ps,Cyp2j15-ps,
Gene,3077,Cyp2j5,Cyp2j5,
Gene,3078,Cyp2j9,Cyp2j9,
Gene,3079,Cyp3a11,Cyp3a11,
Gene,3080,Cyp3a13,Cyp3a13,
Gene,3081,Cyp3a18,Cyp3a18,
Gene,3082,Cyp3a2,Cyp3a2,
Gene,3083,Cyp3a23-3a1,Cyp3a23-3a1,
Gene,3084,Cyp3a25,Cyp3a25,
Gene,3085,Cyp3a41a,Cyp3a41a,
Gene,3086,Cyp3a44,Cyp3a44,
Gene,3087,Cyp3a59,Cyp3a59,
Gene,3088,Cyp3a62,Cyp3a62,
Gene,3089,Cyp3a9,Cyp3a9,
Gene,3090,Cyp4a1,Cyp4a1,
Gene,3091,Cyp4a10,Cyp4a10,
Gene,3092,Cyp4a12a,Cyp4a12a,
Gene,3093,Cyp4a14,Cyp4a14,
Gene,3094,Cyp4a2,Cyp4a2,
Gene,3095,Cyp4a3,Cyp4a3,
Gene,3096,Cyp4a31,Cyp4a31,
Gene,3097,Cyp4f1,Cyp4f1,
Gene,3098,Cyp4f14,Cyp4f14,
Gene,3099,Cyp4f15,Cyp4f15,
Gene,3100,Cyp4f16,Cyp4f16,
Gene,3101,Cyp4f18,Cyp4f18,
Gene,3102,Cyp4f4,Cyp4f4,
Gene,3103,Cyp4f5,Cyp4f5,
Gene,3104,Cyp4f6,Cyp4f6,
Gene,3105,Cyp4v3,Cyp4v3,
Gene,3106,Cyp51,Cyp51,
Gene,3107,Cyp6a8,Cyp6a8,
Gene,3108,Cyss,Cyss,
Gene,3109,D3Ertd751e,D3Ertd751e,
Gene,3110,D5Ertd605e,D5Ertd605e,
Gene,3111,D7Ertd443e,D7Ertd443e,
Gene,3112,DAAM1,DAAM1,
Gene,3113,DAAM2,DAAM2,
Gene,3114,DAB1,DAB1,
Gene,3115,DAB2,DAB2,
Gene,3116,DAB2IP,DAB2IP,
Gene,3117,DACH2,DACH2,
Gene,3118,DACT1,DACT1,
Gene,3119,DACT2,DACT2,
Gene,3120,DACT3,DACT3,
Gene,3121,DAD1,DAD1,
Gene,3122,DAG1,DAG1,
Gene,3123,DALIR,DALIR,
Gene,3124,DAND5,DAND5,
Gene,3125,DAO,DAO,
Gene,3126,DAP,DAP,
Gene,3127,DAP3,DAP3,
Gene,3128,DAPK1,DAPK1,
Gene,3129,DAPK3,DAPK3,
Gene,3130,DAPL1,DAPL1,
Gene,3131,DAPP1,DAPP1,
Gene,3132,DARS1,DARS1,
Gene,3133,DARS2,DARS2,
Gene,3134,DAXX,DAXX,
Gene,3135,DAZAP2,DAZAP2,
Gene,3136,DAZL,DAZL,
Gene,3137,DBF4,DBF4,
Gene,3138,DBH,DBH,
Gene,3139,DBH-AS1,DBH-AS1,
Gene,3140,DBI,DBI,
Gene,3141,DBN1,DBN1,
Gene,3142,DBNDD1,DBNDD1,
Gene,3143,DBNDD2,DBNDD2,
Gene,3144,DBNL,DBNL,
Gene,3145,DBP,DBP,
Gene,3146,DBR1,DBR1,
Gene,3147,DBT,DBT,
Gene,3148,DBX1,DBX1,
Gene,3149,DBX2,DBX2,
Gene,3150,DCAF10,DCAF10,
Gene,3151,DCAF11,DCAF11,
Gene,3152,DCAF12,DCAF12,
Gene,3153,DCAF12L1,DCAF12L1,
Gene,3154,DCAF12L2,DCAF12L2,
Gene,3155,DCAF13,DCAF13,
Gene,3156,DCAF16,DCAF16,
Gene,3157,DCAF4,DCAF4,
Gene,3158,DCAF4L1,DCAF4L1,
Gene,3159,DCAF6,DCAF6,
Gene,3160,DCAF7,DCAF7,
Gene,3161,DCAF8,DCAF8,
Gene,3162,DCAKD,DCAKD,
Gene,3163,DCBLD2,DCBLD2,
Gene,3164,DCC,DCC,
Gene,3165,DCDC1,DCDC1,
Gene,3166,DCDC2,DCDC2,
Gene,3167,DCHS2,DCHS2,
Gene,3168,DCK,DCK,
Gene,3169,DCLK1,DCLK1,
Gene,3170,DCLK3,DCLK3,
Gene,3171,DCLRE1C,DCLRE1C,
Gene,3172,DCN,DCN,
Gene,3173,DCP1A,DCP1A,
Gene,3174,DCP1B,DCP1B,
Gene,3175,DCP2,DCP2,
Gene,3176,DCPS,DCPS,
Gene,3177,DCSTAMP,DCSTAMP,
Gene,3178,DCT,DCT,
Gene,3179,DCTD,DCTD,
Gene,3180,DCTN1,DCTN1,
Gene,3181,DCTN2,DCTN2,
Gene,3182,DCTN3,DCTN3,
Gene,3183,DCTN4,DCTN4,
Gene,3184,DCTPP1,DCTPP1,
Gene,3185,DCUN1D2,DCUN1D2,
Gene,3186,DCUN1D5,DCUN1D5,
Gene,3187,DCX,DCX,
Gene,3188,DCXR,DCXR,
Gene,3189,DDAH1,DDAH1,
Gene,3190,DDAH2,DDAH2,
Gene,3191,DDB1,DDB1,
Gene,3192,DDB2,DDB2,
Gene,3193,DDC,DDC,
Gene,3194,DDHD1,DDHD1,
Gene,3195,DDHD2,DDHD2,
Gene,3196,DDIAS,DDIAS,
Gene,3197,DDIT3,DDIT3,
Gene,3198,DDIT4,DDIT4,
Gene,3199,DDIT4L,DDIT4L,
Gene,3200,DDN,DDN,
Gene,3201,DDOST,DDOST,
Gene,3202,DDR1,DDR1,
Gene,3203,DDR2,DDR2,
Gene,3204,DDRGK1,DDRGK1,
Gene,3205,DDT,DDT,
Gene,3206,DDX1,DDX1,
Gene,3207,DDX10,DDX10,
Gene,3208,DDX11,DDX11,
Gene,3209,DDX11L8,DDX11L8,
Gene,3210,DDX17,DDX17,
Gene,3211,DDX18,DDX18,
Gene,3212,DDX19A,DDX19A,
Gene,3213,DDX19B,DDX19B,
Gene,3214,DDX20,DDX20,
Gene,3215,DDX21,DDX21,
Gene,3216,DDX23,DDX23,
Gene,3217,DDX24,DDX24,
Gene,3218,DDX25,DDX25,
Gene,3219,DDX27,DDX27,
Gene,3220,DDX28,DDX28,
Gene,3221,DDX31,DDX31,
Gene,3222,DDX39A,DDX39A,
Gene,3223,DDX39B,DDX39B,
Gene,3224,DDX3X,DDX3X,
Gene,3225,DDX4,DDX4,
Gene,3226,DDX41,DDX41,
Gene,3227,DDX42,DDX42,
Gene,3228,DDX46,DDX46,
Gene,3229,DDX47,DDX47,
Gene,3230,DDX49,DDX49,
Gene,3231,DDX5,DDX5,
Gene,3232,DDX50,DDX50,
Gene,3233,DDX52,DDX52,
Gene,3234,DDX54,DDX54,
Gene,3235,DDX55,DDX55,
Gene,3236,DDX56,DDX56,
Gene,3237,DDX59,DDX59,
Gene,3238,DDX6,DDX6,
Gene,3239,DDX60,DDX60,
Gene,3240,DEAF1,DEAF1,
Gene,3241,DECR1,DECR1,
Gene,3242,DECR2,DECR2,
Gene,3243,DEDD,DEDD,
Gene,3244,DEDD2,DEDD2,
Gene,3245,DEF8,DEF8,
Gene,3246,DEFA1,DEFA1,
Gene,3247,DEFA10P,DEFA10P,
Gene,3248,DEFA4,DEFA4,
Gene,3249,DEFA6,DEFA6,
Gene,3250,DEFB1,DEFB1,
Gene,3251,DEFB110,DEFB110,
Gene,3252,DEFB113,DEFB113,
Gene,3253,DEFB4A,DEFB4A,
Gene,3254,DEGS2,DEGS2,
Gene,3255,DEK,DEK,
Gene,3256,DELE1,DELE1,
Gene,3257,DENND10P1,DENND10P1,
Gene,3258,DENND11,DENND11,
Gene,3259,DENND1A,DENND1A,
Gene,3260,DENND1B,DENND1B,
Gene,3261,DENND2B,DENND2B,
Gene,3262,DENND2C,DENND2C,
Gene,3263,DENND2D,DENND2D,
Gene,3264,DENND3,DENND3,
Gene,3265,DENND4A,DENND4A,
Gene,3266,DENND4C,DENND4C,
Gene,3267,DENND5A,DENND5A,
Gene,3268,DENND5B,DENND5B,
Gene,3269,DENR,DENR,
Gene,3270,DEPDC1,DEPDC1,
Gene,3271,DEPDC1B,DEPDC1B,
Gene,3272,DEPDC5,DEPDC5,
Gene,3273,DEPDC7,DEPDC7,
Gene,3274,DEPP1,DEPP1,
Gene,3275,DEPTOR,DEPTOR,
Gene,3276,DERA,DERA,
Gene,3277,DERL1,DERL1,
Gene,3278,DERL3,DERL3,
Gene,3279,DES,DES,
Gene,3280,DESI2,DESI2,
Gene,3281,DET1,DET1,
Gene,3282,DEUP1,DEUP1,
Gene,3283,DEXI,DEXI,
Gene,3284,DFFA,DFFA,
Gene,3285,DFFB,DFFB,
Gene,3286,DGAT1,DGAT1,
Gene,3287,DGAT2,DGAT2,
Gene,3288,DGAT2L6,DGAT2L6,
Gene,3289,DGCR6,DGCR6,
Gene,3290,DGCR8,DGCR8,
Gene,3291,DGKA,DGKA,
Gene,3292,DGKB,DGKB,
Gene,3293,DGKE,DGKE,
Gene,3294,DGKG,DGKG,
Gene,3295,DGKH,DGKH,
Gene,3296,DGKI,DGKI,
Gene,3297,DGKK,DGKK,
Gene,3298,DGKQ,DGKQ,
Gene,3299,DGKZ,DGKZ,
Gene,3300,DGLUCY,DGLUCY,
Gene,3301,DGUOK,DGUOK,
Gene,3302,DHCR24,DHCR24,
Gene,3303,DHCR7,DHCR7,
Gene,3304,DHDDS,DHDDS,
Gene,3305,DHDH,DHDH,
Gene,3306,DHFR,DHFR,
Gene,3307,DHFR2,DHFR2,
Gene,3308,DHH,DHH,
Gene,3309,DHODH,DHODH,
Gene,3310,DHPS,DHPS,
Gene,3311,DHRS1,DHRS1,
Gene,3312,DHRS11,DHRS11,
Gene,3313,DHRS12,DHRS12,
Gene,3314,DHRS13,DHRS13,
Gene,3315,DHRS2,DHRS2,
Gene,3316,DHRS3,DHRS3,
Gene,3317,DHRS4,DHRS4,
Gene,3318,DHRS7,DHRS7,
Gene,3319,DHRS7B,DHRS7B,
Gene,3320,DHRS7C,DHRS7C,
Gene,3321,DHRS9,DHRS9,
Gene,3322,DHRSX,DHRSX,
Gene,3323,DHTKD1,DHTKD1,
Gene,3324,DHX15,DHX15,
Gene,3325,DHX29,DHX29,
Gene,3326,DHX30,DHX30,
Gene,3327,DHX32,DHX32,
Gene,3328,DHX33,DHX33,
Gene,3329,DHX36,DHX36,
Gene,3330,DHX38,DHX38,
Gene,3331,DHX40,DHX40,
Gene,3332,DHX57,DHX57,
Gene,3333,DHX58,DHX58,
Gene,3334,DHX9,DHX9,
Gene,3335,DIABLO,DIABLO,
Gene,3336,DIAPH1,DIAPH1,
Gene,3337,DIAPH2,DIAPH2,
Gene,3338,DIAPH3,DIAPH3,
Gene,3339,DICER1,DICER1,
Gene,3340,DIDO1,DIDO1,
Gene,3341,DIO1,DIO1,
Gene,3342,DIO2,DIO2,
Gene,3343,DIO3,DIO3,
Gene,3344,DIO3OS,DIO3OS,
Gene,3345,DIP2A,DIP2A,
Gene,3346,DIP2B,DIP2B,
Gene,3347,DIP2C,DIP2C,
Gene,3348,DIPK1A,DIPK1A,
Gene,3349,DIPK1B,DIPK1B,
Gene,3350,DIPK1C,DIPK1C,
Gene,3351,DIPK2A,DIPK2A,
Gene,3352,DIRAS1,DIRAS1,
Gene,3353,DIRAS2,DIRAS2,
Gene,3354,DIRAS3,DIRAS3,
Gene,3355,DIS3L2,DIS3L2,
Gene,3356,DISC1,DISC1,
Gene,3357,DISP3,DISP3,
Gene,3358,DIXDC1,DIXDC1,
Gene,3359,DKC1,DKC1,
Gene,3360,DKK1,DKK1,
Gene,3361,DKK2,DKK2,
Gene,3362,DKK3,DKK3,
Gene,3363,DKK4,DKK4,
Gene,3364,DLAT,DLAT,
Gene,3365,DLC1,DLC1,
Gene,3366,DLD,DLD,
Gene,3367,DLEU1,DLEU1,
Gene,3368,DLG1,DLG1,
Gene,3369,DLG2,DLG2,
Gene,3370,DLG3,DLG3,
Gene,3371,DLG4,DLG4,
Gene,3372,DLG5,DLG5,
Gene,3373,DLGAP1,DLGAP1,
Gene,3374,DLGAP3,DLGAP3,
Gene,3375,DLGAP4,DLGAP4,
Gene,3376,DLGAP5,DLGAP5,
Gene,3377,DLK1,DLK1,
Gene,3378,DLK2,DLK2,
Gene,3379,DLL1,DLL1,
Gene,3380,DLL3,DLL3,
Gene,3381,DLL4,DLL4,
Gene,3382,DLST,DLST,
Gene,3383,DLX2,DLX2,
Gene,3384,DLX4,DLX4,
Gene,3385,DLX5,DLX5,
Gene,3386,DLX6,DLX6,
Gene,3387,DMAP1,DMAP1,
Gene,3388,DMBT1,DMBT1,
Gene,3389,DMD,DMD,
Gene,3390,DMGDH,DMGDH,
Gene,3391,DMKN,DMKN,
Gene,3392,DMP1,DMP1,
Gene,3393,DMPK,DMPK,
Gene,3394,DMRT1,DMRT1,
Gene,3395,DMRT2,DMRT2,
Gene,3396,DMRTA1,DMRTA1,63951
Gene,3397,DMRTA2,DMRTA2,
Gene,3398,DMRTC1B,DMRTC1B,
Gene,3399,DMTF1,DMTF1,
Gene,3400,DMWD,DMWD,
Gene,3401,DMXL1,DMXL1,
Gene,3402,DMXL2,DMXL2,
Gene,3403,DNA2,DNA2,
Gene,3404,DNAAF1,DNAAF1,
Gene,3405,DNAAF2,DNAAF2,
Gene,3406,DNAH1,DNAH1,
Gene,3407,DNAH10,DNAH10,
Gene,3408,DNAH11,DNAH11,
Gene,3409,DNAH12,DNAH12,
Gene,3410,DNAH17,DNAH17,
Gene,3411,DNAH2,DNAH2,
Gene,3412,DNAH3,DNAH3,
Gene,3413,DNAH5,DNAH5,
Gene,3414,DNAH6,DNAH6,
Gene,3415,DNAH7,DNAH7,
Gene,3416,DNAH9,DNAH9,
Gene,3417,DNAJA1,DNAJA1,
Gene,3418,DNAJA2,DNAJA2,
Gene,3419,DNAJA3,DNAJA3,
Gene,3420,DNAJA4,DNAJA4,
Gene,3421,DNAJB1,DNAJB1,
Gene,3422,DNAJB11,DNAJB11,
Gene,3423,DNAJB13,DNAJB13,
Gene,3424,DNAJB2,DNAJB2,
Gene,3425,DNAJB4,DNAJB4,
Gene,3426,DNAJB5,DNAJB5,
Gene,3427,DNAJB6,DNAJB6,
Gene,3428,DNAJB7,DNAJB7,
Gene,3429,DNAJB9,DNAJB9,
Gene,3430,DNAJC1,DNAJC1,
Gene,3431,DNAJC10,DNAJC10,
Gene,3432,DNAJC11,DNAJC11,
Gene,3433,DNAJC12,DNAJC12,
Gene,3434,DNAJC13,DNAJC13,
Gene,3435,DNAJC15,DNAJC15,
Gene,3436,DNAJC16,DNAJC16,
Gene,3437,DNAJC17,DNAJC17,
Gene,3438,DNAJC18,DNAJC18,
Gene,3439,DNAJC19,DNAJC19,
Gene,3440,DNAJC2,DNAJC2,
Gene,3441,DNAJC21,DNAJC21,
Gene,3442,DNAJC22,DNAJC22,
Gene,3443,DNAJC27,DNAJC27,
Gene,3444,DNAJC28,DNAJC28,
Gene,3445,DNAJC3,DNAJC3,
Gene,3446,DNAJC5,DNAJC5,
Gene,3447,DNAJC6,DNAJC6,
Gene,3448,DNAJC7,DNAJC7,
Gene,3449,DNAJC8,DNAJC8,
Gene,3450,DNAJC9,DNAJC9,
Gene,3451,DNAJC9-AS1,DNAJC9-AS1,
Gene,3452,DNAL4,DNAL4,
Gene,3453,DNASE1,DNASE1,
Gene,3454,DNASE1L1,DNASE1L1,
Gene,3455,DNASE1L3,DNASE1L3,
Gene,3456,DNASE2,DNASE2,
Gene,3457,DNER,DNER,
Gene,3458,DNHD1,DNHD1,
Gene,3459,DNLZ,DNLZ,
Gene,3460,DNM1,DNM1,
Gene,3461,DNM1L,DNM1L,
Gene,3462,DNM2,DNM2,
Gene,3463,DNM3,DNM3,
Gene,3464,DNMBP,DNMBP,
Gene,3465,DNMT1,DNMT1,
Gene,3466,DNMT3A,DNMT3A,
Gene,3467,DNMT3B,DNMT3B,
Gene,3468,DNMT3L,DNMT3L,
Gene,3469,DNPEP,DNPEP,
Gene,3470,DNPH1,DNPH1,
Gene,3471,DNTTIP2,DNTTIP2,
Gene,3472,DOC2A,DOC2A,
Gene,3473,DOC2B,DOC2B,
Gene,3474,DOCK1,DOCK1,
Gene,3475,DOCK10,DOCK10,
Gene,3476,DOCK3,DOCK3,
Gene,3477,DOCK4,DOCK4,
Gene,3478,DOCK5,DOCK5,
Gene,3479,DOCK6,DOCK6,
Gene,3480,DOCK7,DOCK7,
Gene,3481,DOCK8,DOCK8,
Gene,3482,DOCK9,DOCK9,
Gene,3483,DOHH,DOHH,
Gene,3484,DOK1,DOK1,
Gene,3485,DOK3,DOK3,
Gene,3486,DOK4,DOK4,
Gene,3487,DOK5,DOK5,
Gene,3488,DOK6,DOK6,
Gene,3489,DOK7,DOK7,
Gene,3490,DOLK,DOLK,
Gene,3491,DOLPP1,DOLPP1,
Gene,3492,DONSON,DONSON,
Gene,3493,DOP1A,DOP1A,
Gene,3494,DOP1B,DOP1B,
Gene,3495,DOT1L,DOT1L,
Gene,3496,DPCD,DPCD,
Gene,3497,DPEP1,DPEP1,
Gene,3498,DPF1,DPF1,
Gene,3499,DPF2,DPF2,
Gene,3500,DPF3,DPF3,
Gene,3501,DPH2,DPH2,
Gene,3502,DPH3,DPH3,
Gene,3503,DPH5,DPH5,
Gene,3504,DPH6,DPH6,
Gene,3505,DPH7,DPH7,
Gene,3506,DPM1,DPM1,
Gene,3507,DPM2,DPM2,
Gene,3508,DPM3,DPM3,
Gene,3509,DPP10,DPP10,
Gene,3510,DPP3,DPP3,
Gene,3511,DPP4,DPP4,
Gene,3512,DPP6,DPP6,
Gene,3513,DPP7,DPP7,
Gene,3514,DPP8,DPP8,
Gene,3515,DPP9,DPP9,
Gene,3516,DPPA2,DPPA2,
Gene,3517,DPPA4,DPPA4,
Gene,3518,DPT,DPT,
Gene,3519,DPY19L2P1,DPY19L2P1,
Gene,3520,DPY19L3,DPY19L3,
Gene,3521,DPY19L4,DPY19L4,
Gene,3522,DPY30,DPY30,
Gene,3523,DPYD,DPYD,1806
Gene,3524,DPYS,DPYS,
Gene,3525,DPYSL2,DPYSL2,
Gene,3526,DPYSL3,DPYSL3,
Gene,3527,DPYSL4,DPYSL4,
Gene,3528,DPYSL5,DPYSL5,
Gene,3529,DR1,DR1,
Gene,3530,DRAM1,DRAM1,
Gene,3531,DRAM2,DRAM2,
Gene,3532,DRAP1,DRAP1,
Gene,3533,DRAXIN,DRAXIN,
Gene,3534,DRC1,DRC1,
Gene,3535,DRC3,DRC3,
Gene,3536,DRC7,DRC7,
Gene,3537,DRD1,DRD1,
Gene,3538,DRD2,DRD2,
Gene,3539,DRD3,DRD3,
Gene,3540,DRD4,DRD4,
Gene,3541,DRD5,DRD5,
Gene,3542,DRG2,DRG2,
Gene,3543,DRGX,DRGX,
Gene,3544,DROSHA,DROSHA,
Gene,3545,DRP2,DRP2,
Gene,3546,DSC2,DSC2,
Gene,3547,DSC3,DSC3,
Gene,3548,DSCAM,DSCAM,
Gene,3549,DSCAML1,DSCAML1,
Gene,3550,DSCC1,DSCC1,
Gene,3551,DSCR10,DSCR10,
Gene,3552,DSE,DSE,
Gene,3553,DSEL,DSEL,
Gene,3554,DSG2,DSG2,
Gene,3555,DSG3,DSG3,
Gene,3556,DSN1,DSN1,
Gene,3557,DSP,DSP,
Gene,3558,DSPP,DSPP,
Gene,3559,DST,DST,
Gene,3560,DSTN,DSTN,
Gene,3561,DTD2,DTD2,
Gene,3562,DTL,DTL,
Gene,3563,DTNA,DTNA,
Gene,3564,DTNB,DTNB,
Gene,3565,DTNBP1,DTNBP1,
Gene,3566,DTWD1,DTWD1,
Gene,3567,DTWD2,DTWD2,
Gene,3568,DTX1,DTX1,
Gene,3569,DTX3L,DTX3L,
Gene,3570,DTX4,DTX4,
Gene,3571,DTYMK,DTYMK,
Gene,3572,DUOX1,DUOX1,
Gene,3573,DUOX2,DUOX2,
Gene,3574,DUOXA1,DUOXA1,
Gene,3575,DUOXA2,DUOXA2,
Gene,3576,DUS1L,DUS1L,
Gene,3577,DUS2,DUS2,
Gene,3578,DUS3L,DUS3L,
Gene,3579,DUS4L,DUS4L,
Gene,3580,DUSP1,DUSP1,
Gene,3581,DUSP10,DUSP10,
Gene,3582,DUSP11,DUSP11,
Gene,3583,DUSP12,DUSP12,
Gene,3584,DUSP14,DUSP14,
Gene,3585,DUSP15,DUSP15,
Gene,3586,DUSP16,DUSP16,
Gene,3587,DUSP2,DUSP2,
Gene,3588,DUSP22,DUSP22,
Gene,3589,DUSP23,DUSP23,
Gene,3590,DUSP26,DUSP26,
Gene,3591,DUSP28,DUSP28,
Gene,3592,DUSP29,DUSP29,
Gene,3593,DUSP3,DUSP3,
Gene,3594,DUSP4,DUSP4,
Gene,3595,DUSP5,DUSP5,
Gene,3596,DUSP6,DUSP6,
Gene,3597,DUSP7,DUSP7,
Gene,3598,DUSP8,DUSP8,
Gene,3599,DUSP9,DUSP9,
Gene,3600,DUT,DUT,
Gene,3601,DVL1,DVL1,
Gene,3602,DVL2,DVL2,
Gene,3603,DVL3,DVL3,
Gene,3604,DVR1,DVR1,
Gene,3605,DXO,DXO,
Gene,3606,DYDC2,DYDC2,
Gene,3607,DYNC1H1,DYNC1H1,
Gene,3608,DYNC1I1,DYNC1I1,
Gene,3609,DYNC1I2,DYNC1I2,
Gene,3610,DYNC1LI1,DYNC1LI1,
Gene,3611,DYNC1LI2,DYNC1LI2,
Gene,3612,DYNC2H1,DYNC2H1,
Gene,3613,DYNC2I1,DYNC2I1,
Gene,3614,DYNC2I2,DYNC2I2,
Gene,3615,DYNLL1,DYNLL1,
Gene,3616,DYNLL2,DYNLL2,
Gene,3617,DYNLRB1,DYNLRB1,
Gene,3618,DYNLT2B,DYNLT2B,
Gene,3619,DYNLT3,DYNLT3,
Gene,3620,DYNLT4,DYNLT4,
Gene,3621,DYRK1A,DYRK1A,
Gene,3622,DYRK2,DYRK2,
Gene,3623,DYRK3,DYRK3,
Gene,3624,DYSF,DYSF,
Gene,3625,DZIP1L,DZIP1L,
Gene,3626,DZIP3,DZIP3,
Gene,3627,Dbil5,Dbil5,
Gene,3628,Dcpp2,Dcpp2,
Gene,3629,Dear,Dear,
Gene,3630,Defa-rs4,Defa-rs4,
Gene,3631,Defa2,Defa2,
Gene,3632,Defb10,Defb10,
Gene,3633,Defb17,Defb17,
Gene,3634,Defb19,Defb19,
Gene,3635,Defb30,Defb30,
Gene,3636,Defb41,Defb41,
Gene,3637,Defb42,Defb42,
Gene,3638,Defb5,Defb5,
Gene,3639,Dlx6os3,Dlx6os3,
Gene,3640,Dnase2a,Dnase2a,
Gene,3641,Dp1,Dp1,
Gene,3642,Dppa5a,Dppa5a,
Gene,3643,E2F1,E2F1,
Gene,3644,E2F2,E2F2,
Gene,3645,E2F3,E2F3,
Gene,3646,E2F4,E2F4,
Gene,3647,E2F5,E2F5,
Gene,3648,E2F6,E2F6,
Gene,3649,E2F7,E2F7,
Gene,3650,E2F8,E2F8,
Gene,3651,E4F1,E4F1,
Gene,3652,EAF2,EAF2,
Gene,3653,EAPP,EAPP,
Gene,3654,EARS2,EARS2,
Gene,3655,EBAG9,EBAG9,
Gene,3656,EBF1,EBF1,
Gene,3657,EBF3,EBF3,
Gene,3658,EBF4,EBF4,
Gene,3659,EBP,EBP,
Gene,3660,EBPL,EBPL,
Gene,3661,ECD,ECD,
Gene,3662,ECE1,ECE1,
Gene,3663,ECE2,ECE2,
Gene,3664,ECEL1,ECEL1,
Gene,3665,ECH1,ECH1,
Gene,3666,ECHDC1,ECHDC1,
Gene,3667,ECHDC2,ECHDC2,
Gene,3668,ECHDC3,ECHDC3,
Gene,3669,ECHS1,ECHS1,
Gene,3670,ECI1,ECI1,
Gene,3671,ECI2,ECI2,
Gene,3672,ECM2,ECM2,
Gene,3673,ECPAS,ECPAS,
Gene,3674,ECRG4,ECRG4,
Gene,3675,ECSCR,ECSCR,
Gene,3676,ECSIT,ECSIT,
Gene,3677,ECT2,ECT2,
Gene,3678,EDA,EDA,
Gene,3679,EDA2R,EDA2R,
Gene,3680,EDAR,EDAR,
Gene,3681,EDARADD,EDARADD,
Gene,3682,EDC3,EDC3,
Gene,3683,EDC4,EDC4,
Gene,3684,EDDM13,EDDM13,
Gene,3685,EDEM1,EDEM1,
Gene,3686,EDEM3,EDEM3,
Gene,3687,EDF1,EDF1,
Gene,3688,EDIL3,EDIL3,
Gene,3689,EDN1,EDN1,
Gene,3690,EDN2,EDN2,
Gene,3691,EDN3,EDN3,
Gene,3692,EDNRA,EDNRA,
Gene,3693,EDNRB,EDNRB,
Gene,3694,EDRF1,EDRF1,
Gene,3695,EEA1,EEA1,
Gene,3696,EEF1A1,EEF1A1,
Gene,3697,EEF1A1P11,EEF1A1P11,
Gene,3698,EEF1A2,EEF1A2,
Gene,3699,EEF1AKMT1,EEF1AKMT1,
Gene,3700,EEF1AKMT2,EEF1AKMT2,
Gene,3701,EEF1AKMT3,EEF1AKMT3,
Gene,3702,EEF1B2,EEF1B2,
Gene,3703,EEF1D,EEF1D,
Gene,3704,EEF1E1,EEF1E1,
Gene,3705,EEF1G,EEF1G,
Gene,3706,EEF2,EEF2,
Gene,3707,EEF2K,EEF2K,
Gene,3708,EEIG1,EEIG1,
Gene,3709,EEIG2,EEIG2,
Gene,3710,EEPD1,EEPD1,
Gene,3711,EFCAB10,EFCAB10,
Gene,3712,EFCAB11,EFCAB11,
Gene,3713,EFCAB14,EFCAB14,
Gene,3714,EFCAB2,EFCAB2,
Gene,3715,EFCAB6,EFCAB6,
Gene,3716,EFCAB7,EFCAB7,
Gene,3717,EFCAB8,EFCAB8,
Gene,3718,EFEMP1,EFEMP1,
Gene,3719,EFEMP2,EFEMP2,
Gene,3720,EFHC1,EFHC1,
Gene,3721,EFHC2,EFHC2,
Gene,3722,EFHD1,EFHD1,
Gene,3723,EFHD2,EFHD2,
Gene,3724,EFL1,EFL1,
Gene,3725,EFNA1,EFNA1,
Gene,3726,EFNA2,EFNA2,
Gene,3727,EFNA3,EFNA3,
Gene,3728,EFNA4,EFNA4,
Gene,3729,EFNB1,EFNB1,
Gene,3730,EFNB2,EFNB2,
Gene,3731,EFNB3,EFNB3,
Gene,3732,EFR3A,EFR3A,
Gene,3733,EFS,EFS,
Gene,3734,EFTUD2,EFTUD2,
Gene,3735,EGF,EGF,1950
Gene,3736,EGFL8,EGFL8,
Gene,3737,EGFLAM,EGFLAM,
Gene,3738,EGFR,EGFR,1956
Gene,3739,EGLN1,EGLN1,
Gene,3740,EGLN2,EGLN2,
Gene,3741,EGLN3,EGLN3,
Gene,3742,EGR1,EGR1,
Gene,3743,EGR2,EGR2,
Gene,3744,EGR3,EGR3,
Gene,3745,EGR4,EGR4,
Gene,3746,EHBP1,EHBP1,
Gene,3747,EHBP1L1,EHBP1L1,
Gene,3748,EHD1,EHD1,
Gene,3749,EHD2,EHD2,
Gene,3750,EHD3,EHD3,
Gene,3751,EHD4,EHD4,
Gene,3752,EHF,EHF,
Gene,3753,EHHADH,EHHADH,
Gene,3754,EHMT1,EHMT1,
Gene,3755,EHMT2,EHMT2,
Gene,3756,EI24,EI24,
Gene,3757,EID2B,EID2B,
Gene,3758,EID3,EID3,
Gene,3759,EIF1,EIF1,
Gene,3760,EIF2A,EIF2A,
Gene,3761,EIF2AK1,EIF2AK1,
Gene,3762,EIF2AK2,EIF2AK2,
Gene,3763,EIF2AK3,EIF2AK3,
Gene,3764,EIF2AK4,EIF2AK4,
Gene,3765,EIF2B1,EIF2B1,
Gene,3766,EIF2B2,EIF2B2,
Gene,3767,EIF2B4,EIF2B4,
Gene,3768,EIF2B5,EIF2B5,
Gene,3769,EIF2D,EIF2D,
Gene,3770,EIF2S1,EIF2S1,
Gene,3771,EIF2S2,EIF2S2,
Gene,3772,EIF3A,EIF3A,
Gene,3773,EIF3B,EIF3B,
Gene,3774,EIF3C,EIF3C,
Gene,3775,EIF3D,EIF3D,
Gene,3776,EIF3E,EIF3E,
Gene,3777,EIF3F,EIF3F,
Gene,3778,EIF3G,EIF3G,
Gene,3779,EIF3H,EIF3H,
Gene,3780,EIF3I,EIF3I,
Gene,3781,EIF3J,EIF3J,
Gene,3782,EIF3K,EIF3K,
Gene,3783,EIF4A1,EIF4A1,
Gene,3784,EIF4A2,EIF4A2,
Gene,3785,EIF4A2P4,EIF4A2P4,
Gene,3786,EIF4A3,EIF4A3,
Gene,3787,EIF4B,EIF4B,
Gene,3788,EIF4E,EIF4E,
Gene,3789,EIF4E1B,EIF4E1B,
Gene,3790,EIF4E2,EIF4E2,
Gene,3791,EIF4EBP1,EIF4EBP1,
Gene,3792,EIF4EBP2,EIF4EBP2,
Gene,3793,EIF4EBP3,EIF4EBP3,
Gene,3794,EIF4ENIF1,EIF4ENIF1,
Gene,3795,EIF4G1,EIF4G1,
Gene,3796,EIF4G2,EIF4G2,
Gene,3797,EIF4G3,EIF4G3,
Gene,3798,EIF5,EIF5,
Gene,3799,EIF5A,EIF5A,
Gene,3800,EIF5B,EIF5B,
Gene,3801,EIF6,EIF6,
Gene,3802,EIPR1,EIPR1,
Gene,3803,ELAC2,ELAC2,
Gene,3804,ELANE,ELANE,
Gene,3805,ELAPOR1,ELAPOR1,
Gene,3806,ELAPOR2,ELAPOR2,
Gene,3807,ELAVL1,ELAVL1,
Gene,3808,ELAVL2,ELAVL2,
Gene,3809,ELAVL3,ELAVL3,
Gene,3810,ELAVL4,ELAVL4,
Gene,3811,ELDR,ELDR,
Gene,3812,ELF1,ELF1,
Gene,3813,ELF2,ELF2,
Gene,3814,ELF3,ELF3,
Gene,3815,ELF4,ELF4,
Gene,3816,ELF5,ELF5,
Gene,3817,ELK1,ELK1,
Gene,3818,ELK3,ELK3,
Gene,3819,ELK4,ELK4,
Gene,3820,ELL,ELL,
Gene,3821,ELL2,ELL2,
Gene,3822,ELL3,ELL3,
Gene,3823,ELMO1,ELMO1,
Gene,3824,ELMO2,ELMO2,
Gene,3825,ELMO3,ELMO3,
Gene,3826,ELMOD1,ELMOD1,
Gene,3827,ELMOD2,ELMOD2,
Gene,3828,ELMOD3,ELMOD3,
Gene,3829,ELN,ELN,
Gene,3830,ELOA,ELOA,
Gene,3831,ELOB,ELOB,
Gene,3832,ELOC,ELOC,
Gene,3833,ELOVL1,ELOVL1,
Gene,3834,ELOVL2,ELOVL2,
Gene,3835,ELOVL3,ELOVL3,
Gene,3836,ELOVL4,ELOVL4,
Gene,3837,ELOVL5,ELOVL5,
Gene,3838,ELOVL6,ELOVL6,
Gene,3839,ELOVL7,ELOVL7,
Gene,3840,ELP1,ELP1,
Gene,3841,ELP3,ELP3,
Gene,3842,ELP4,ELP4,
Gene,3843,ELP5,ELP5,
Gene,3844,ELP6,ELP6,
Gene,3845,EMB,EMB,
Gene,3846,EMC1,EMC1,
Gene,3847,EMC2,EMC2,
Gene,3848,EMC6,EMC6,
Gene,3849,EMC7,EMC7,
Gene,3850,EMC9,EMC9,
Gene,3851,EMCN,EMCN,
Gene,3852,EMD,EMD,
Gene,3853,EME1,EME1,
Gene,3854,EME2,EME2,
Gene,3855,EMG1,EMG1,
Gene,3856,EMILIN1,EMILIN1,
Gene,3857,EMILIN3,EMILIN3,
Gene,3858,EML1,EML1,
Gene,3859,EML2,EML2,
Gene,3860,EML4,EML4,
Gene,3861,EML5,EML5,
Gene,3862,EML6,EML6,
Gene,3863,EMP1,EMP1,
Gene,3864,EMP2,EMP2,
Gene,3865,EMP3,EMP3,
Gene,3866,EMSY,EMSY,
Gene,3867,EMX1,EMX1,
Gene,3868,EMX2,EMX2,
Gene,3869,EN1,EN1,
Gene,3870,EN2,EN2,
Gene,3871,ENAH,ENAH,
Gene,3872,ENAM,ENAM,
Gene,3873,ENC1,ENC1,
Gene,3874,ENDOD1,ENDOD1,
Gene,3875,ENDOG,ENDOG,
Gene,3876,ENDOU,ENDOU,
Gene,3877,ENDOV,ENDOV,
Gene,3878,ENG,ENG,
Gene,3879,ENGASE,ENGASE,
Gene,3880,ENKD1,ENKD1,
Gene,3881,ENKUR,ENKUR,
Gene,3882,ENO1,ENO1,
Gene,3883,ENO2,ENO2,
Gene,3884,ENO3,ENO3,
Gene,3885,ENO4,ENO4,
Gene,3886,ENOPH1,ENOPH1,
Gene,3887,ENOSF1,ENOSF1,
Gene,3888,ENOX1,ENOX1,
Gene,3889,ENPEP,ENPEP,
Gene,3890,ENPP1,ENPP1,
Gene,3891,ENPP2,ENPP2,
Gene,3892,ENPP3,ENPP3,
Gene,3893,ENPP6,ENPP6,
Gene,3894,ENSA,ENSA,
Gene,3895,ENTPD1,ENTPD1,
Gene,3896,ENTPD2,ENTPD2,
Gene,3897,ENTPD3,ENTPD3,
Gene,3898,ENTPD4,ENTPD4,
Gene,3899,ENTPD5,ENTPD5,
Gene,3900,ENTPD8,ENTPD8,
Gene,3901,ENTR1,ENTR1,
Gene,3902,ENTREP3,ENTREP3,
Gene,3903,ENY2,ENY2,
Gene,3904,EOGT,EOGT,
Gene,3905,EOLA2,EOLA2,
Gene,3906,EOMES,EOMES,
Gene,3907,EP300,EP300,
Gene,3908,EP400,EP400,
Gene,3909,EPAS1,EPAS1,
Gene,3910,EPB41,EPB41,
Gene,3911,EPB41L1,EPB41L1,
Gene,3912,EPB41L2,EPB41L2,
Gene,3913,EPB41L3,EPB41L3,
Gene,3914,EPB41L4A,EPB41L4A,
Gene,3915,EPB41L4A-AS1,EPB41L4A-AS1,
Gene,3916,EPB41L4B,EPB41L4B,
Gene,3917,EPB41L5,EPB41L5,
Gene,3918,EPB42,EPB42,
Gene,3919,EPCAM,EPCAM,
Gene,3920,EPDR1,EPDR1,
Gene,3921,EPGN,EPGN,
Gene,3922,EPHA1,EPHA1,
Gene,3923,EPHA2,EPHA2,
Gene,3924,EPHA3,EPHA3,
Gene,3925,EPHA4,EPHA4,
Gene,3926,EPHA5,EPHA5,
Gene,3927,EPHA6,EPHA6,
Gene,3928,EPHA7,EPHA7,
Gene,3929,EPHA8,EPHA8,
Gene,3930,EPHB3,EPHB3,
Gene,3931,EPHB4,EPHB4,
Gene,3932,EPHX1,EPHX1,
Gene,3933,EPHX2,EPHX2,
Gene,3934,EPHX3,EPHX3,
Gene,3935,EPM2A,EPM2A,
Gene,3936,EPM2AIP1,EPM2AIP1,
Gene,3937,EPN2,EPN2,
Gene,3938,EPN3,EPN3,
Gene,3939,EPO,EPO,2056
Gene,3940,EPOP,EPOP,
Gene,3941,EPOR,EPOR,
Gene,3942,EPPK1,EPPK1,
Gene,3943,EPRS1,EPRS1,
Gene,3944,EPS15,EPS15,
Gene,3945,EPS15L1,EPS15L1,
Gene,3946,EPS8,EPS8,
Gene,3947,EPS8L1,EPS8L1,
Gene,3948,EPS8L2,EPS8L2,
Gene,3949,EPS8L3,EPS8L3,
Gene,3950,EPSTI1,EPSTI1,
Gene,3951,EPX,EPX,
Gene,3952,EPYC,EPYC,
Gene,3953,ERAL1,ERAL1,
Gene,3954,ERAP1,ERAP1,
Gene,3955,ERAP2,ERAP2,
Gene,3956,ERAS,ERAS,
Gene,3957,ERBB2,ERBB2,2064
Gene,3958,ERBB3,ERBB3,
Gene,3959,ERBB4,ERBB4,
Gene,3960,ERBIN,ERBIN,
Gene,3961,ERC1,ERC1,
Gene,3962,ERC2,ERC2,
Gene,3963,ERCC1,ERCC1,
Gene,3964,ERCC2,ERCC2,
Gene,3965,ERCC3,ERCC3,
Gene,3966,ERCC4,ERCC4,
Gene,3967,ERCC5,ERCC5,
Gene,3968,ERCC6,ERCC6,
Gene,3969,ERCC6L,ERCC6L,
Gene,3970,ERCC6L2-AS1,ERCC6L2-AS1,
Gene,3971,ERCC8,ERCC8,
Gene,3972,EREG,EREG,
Gene,3973,ERF,ERF,
Gene,3974,ERG,ERG,
Gene,3975,ERG11,ERG11,
Gene,3976,ERG28,ERG28,
Gene,3977,ERGIC2,ERGIC2,
Gene,3978,ERGIC3,ERGIC3,
Gene,3979,ERH,ERH,
Gene,3980,ERI1,ERI1,
Gene,3981,ERI2,ERI2,
Gene,3982,ERICH2,ERICH2,
Gene,3983,ERICH4,ERICH4,
Gene,3984,ERICH6,ERICH6,
Gene,3985,ERLEC1,ERLEC1,
Gene,3986,ERLIN1,ERLIN1,
Gene,3987,ERLIN2,ERLIN2,
Gene,3988,ERMAP,ERMAP,
Gene,3989,ERMN,ERMN,
Gene,3990,ERN1,ERN1,
Gene,3991,ERN2,ERN2,
Gene,3992,ERO1A,ERO1A,
Gene,3993,ERO1B,ERO1B,
Gene,3994,ERP27,ERP27,
Gene,3995,ERP29,ERP29,
Gene,3996,ERP44,ERP44,
Gene,3997,ERRFI1,ERRFI1,
Gene,3998,ERV18-1,ERV18-1,
Gene,3999,ESAM,ESAM,
Gene,4000,ESCO1,ESCO1,
Gene,4001,ESCO2,ESCO2,
Gene,4002,ESD,ESD,
Gene,4003,ESF1,ESF1,
Gene,4004,ESM1,ESM1,
Gene,4005,ESPL1,ESPL1,
Gene,4006,ESPN,ESPN,
Gene,4007,ESPNP,ESPNP,
Gene,4008,ESR1,ESR1,2099
Gene,4009,ESR2,ESR2,
Gene,4010,ESRG,ESRG,
Gene,4011,ESRP1,ESRP1,
Gene,4012,ESRP2,ESRP2,
Gene,4013,ESRRA,ESRRA,
Gene,4014,ESRRB,ESRRB,
Gene,4015,ESRRG,ESRRG,
Gene,4016,ESS2,ESS2,
Gene,4017,ESYT1,ESYT1,
Gene,4018,ESYT2,ESYT2,
Gene,4019,ESYT3,ESYT3,
Gene,4020,ETF1,ETF1,
Gene,4021,ETFA,ETFA,
Gene,4022,ETFB,ETFB,
Gene,4023,ETFDH,ETFDH,
Gene,4024,ETL4,ETL4,
Gene,4025,ETNK1,ETNK1,
Gene,4026,ETNK2,ETNK2,
Gene,4027,ETNPPL,ETNPPL,
Gene,4028,ETS1,ETS1,
Gene,4029,ETS2,ETS2,
Gene,4030,ETV1,ETV1,
Gene,4031,ETV3,ETV3,
Gene,4032,ETV4,ETV4,
Gene,4033,ETV5,ETV5,
Gene,4034,ETV6,ETV6,
Gene,4035,ETV7,ETV7,
Gene,4036,EVA1A,EVA1A,
Gene,4037,EVA1B,EVA1B,
Gene,4038,EVI2A,EVI2A,
Gene,4039,EVI5,EVI5,
Gene,4040,EVL,EVL,
Gene,4041,EVPL,EVPL,
Gene,4042,EWSR1,EWSR1,
Gene,4043,EXD2,EXD2,
Gene,4044,EXO1,EXO1,
Gene,4045,EXO5,EXO5,
Gene,4046,EXOC1,EXOC1,
Gene,4047,EXOC2,EXOC2,
Gene,4048,EXOC3,EXOC3,
Gene,4049,EXOC3L2,EXOC3L2,
Gene,4050,EXOC3L4,EXOC3L4,
Gene,4051,EXOC4,EXOC4,
Gene,4052,EXOC5,EXOC5,
Gene,4053,EXOC6,EXOC6,
Gene,4054,EXOC8,EXOC8,
Gene,4055,EXOG,EXOG,
Gene,4056,EXOSC1,EXOSC1,
Gene,4057,EXOSC10,EXOSC10,
Gene,4058,EXOSC2,EXOSC2,
Gene,4059,EXOSC4,EXOSC4,
Gene,4060,EXOSC5,EXOSC5,
Gene,4061,EXOSC6,EXOSC6,
Gene,4062,EXOSC7,EXOSC7,
Gene,4063,EXOSC8,EXOSC8,
Gene,4064,EXOSC9,EXOSC9,
Gene,4065,EXT1,EXT1,
Gene,4066,EXT2,EXT2,
Gene,4067,EXTL1,EXTL1,
Gene,4068,EXTL2,EXTL2,
Gene,4069,EXTL3,EXTL3,
Gene,4070,EYA1,EYA1,
Gene,4071,EYA2,EYA2,
Gene,4072,EYA4,EYA4,
Gene,4073,EYS,EYS,
Gene,4074,EZH1,EZH1,
Gene,4075,EZH2,EZH2,
Gene,4076,EZR,EZR,
Gene,4077,Ear10,Ear10,
Gene,4078,Egfem1,Egfem1,
Gene,4079,Eif1a,Eif1a,
Gene,4080,Est-6,Est-6,
Gene,4081,F10,F10,
Gene,4082,F11,F11,
Gene,4083,F11R,F11R,
Gene,4084,F12,F12,
Gene,4085,F13A1,F13A1,
Gene,4086,F2,F2,
Gene,4087,F22E5.20,F22E5.20,
Gene,4088,F2R,F2R,
Gene,4089,F2RL1,F2RL1,
Gene,4090,F2RL2,F2RL2,
Gene,4091,F2RL3,F2RL3,
Gene,4092,F3,F3,
Gene,4093,F7,F7,
Gene,4094,F8,F8,
Gene,4095,F8A1,F8A1,
Gene,4096,F8A2,F8A2,
Gene,4097,F9,F9,
Gene,4098,FAAH,FAAH,
Gene,4099,FAAP20,FAAP20,
Gene,4100,FAAP24,FAAP24,
Gene,4101,FABP1,FABP1,
Gene,4102,FABP12,FABP12,
Gene,4103,FABP2,FABP2,
Gene,4104,FABP3,FABP3,
Gene,4105,FABP4,FABP4,
Gene,4106,FABP5,FABP5,
Gene,4107,FABP6,FABP6,
Gene,4108,FABP7,FABP7,
Gene,4109,FADD,FADD,
Gene,4110,FADS1,FADS1,
Gene,4111,FADS2,FADS2,
Gene,4112,FADS2B,FADS2B,
Gene,4113,FADS3,FADS3,
Gene,4114,FAF1,FAF1,
Gene,4115,FAH,FAH,
Gene,4116,FAHD1,FAHD1,
Gene,4117,FAHD2A,FAHD2A,
Gene,4118,FAIM,FAIM,
Gene,4119,FAIM2,FAIM2,
Gene,4120,FAM107A,FAM107A,
Gene,4121,FAM110A,FAM110A,
Gene,4122,FAM110B,FAM110B,
Gene,4123,FAM110C,FAM110C,
Gene,4124,FAM111A,FAM111A,
Gene,4125,FAM114A1,FAM114A1,
Gene,4126,FAM117A,FAM117A,
Gene,4127,FAM117B,FAM117B,
Gene,4128,FAM120A,FAM120A,
Gene,4129,FAM120A2P,FAM120A2P,
Gene,4130,FAM120C,FAM120C,
Gene,4131,FAM131A,FAM131A,
Gene,4132,FAM131B,FAM131B,
Gene,4133,FAM131C,FAM131C,
Gene,4134,FAM133B,FAM133B,
Gene,4135,FAM135A,FAM135A,
Gene,4136,FAM136A,FAM136A,
Gene,4137,FAM13A,FAM13A,
Gene,4138,FAM13B,FAM13B,
Gene,4139,FAM13C,FAM13C,
Gene,4140,FAM149A,FAM149A,
Gene,4141,FAM149B1,FAM149B1,
Gene,4142,FAM151A,FAM151A,
Gene,4143,FAM151B,FAM151B,
Gene,4144,FAM153A,FAM153A,
Gene,4145,FAM153B,FAM153B,
Gene,4146,FAM161A,FAM161A,
Gene,4147,FAM162A,FAM162A,
Gene,4148,FAM163A,FAM163A,
Gene,4149,FAM163B,FAM163B,
Gene,4150,FAM167A,FAM167A,
Gene,4151,FAM167B,FAM167B,
Gene,4152,FAM168A,FAM168A,
Gene,4153,FAM168B,FAM168B,
Gene,4154,FAM169A,FAM169A,
Gene,4155,FAM171A1,FAM171A1,
Gene,4156,FAM171A2,FAM171A2,
Gene,4157,FAM171B,FAM171B,
Gene,4158,FAM174A,FAM174A,
Gene,4159,FAM174C,FAM174C,
Gene,4160,FAM177A1,FAM177A1,
Gene,4161,FAM178B,FAM178B,
Gene,4162,FAM180A,FAM180A,
Gene,4163,FAM181A,FAM181A,
Gene,4164,FAM181A-AS1,FAM181A-AS1,
Gene,4165,FAM181B,FAM181B,
Gene,4166,FAM184B,FAM184B,
Gene,4167,FAM186B,FAM186B,
Gene,4168,FAM193A,FAM193A,
Gene,4169,FAM193B,FAM193B,
Gene,4170,FAM200C,FAM200C,
Gene,4171,FAM209A,FAM209A,
Gene,4172,FAM209B,FAM209B,
Gene,4173,FAM20A,FAM20A,
Gene,4174,FAM20B,FAM20B,
Gene,4175,FAM20C,FAM20C,
Gene,4176,FAM210B,FAM210B,
Gene,4177,FAM216A,FAM216A,
Gene,4178,FAM219A,FAM219A,
Gene,4179,FAM219B,FAM219B,
Gene,4180,FAM222A,FAM222A,
Gene,4181,FAM222B,FAM222B,
Gene,4182,FAM228B,FAM228B,
Gene,4183,FAM234A,FAM234A,
Gene,4184,FAM234B,FAM234B,
Gene,4185,FAM238A,FAM238A,
Gene,4186,FAM241A,FAM241A,
Gene,4187,FAM241B,FAM241B,
Gene,4188,FAM3A,FAM3A,
Gene,4189,FAM3B,FAM3B,
Gene,4190,FAM3C,FAM3C,
Gene,4191,FAM3D,FAM3D,
Gene,4192,FAM43A,FAM43A,
Gene,4193,FAM43B,FAM43B,
Gene,4194,FAM47E-STBD1,FAM47E-STBD1,
Gene,4195,FAM50A,FAM50A,
Gene,4196,FAM50B,FAM50B,
Gene,4197,FAM53B,FAM53B,
Gene,4198,FAM53C,FAM53C,
Gene,4199,FAM65B,FAM65B,
Gene,4200,FAM72A,FAM72A,
Gene,4201,FAM72B,FAM72B,
Gene,4202,FAM72D,FAM72D,
Gene,4203,FAM78A,FAM78A,
Gene,4204,FAM78B,FAM78B,
Gene,4205,FAM83A,FAM83A,
Gene,4206,FAM83B,FAM83B,
Gene,4207,FAM83D,FAM83D,
Gene,4208,FAM83E,FAM83E,
Gene,4209,FAM83F,FAM83F,
Gene,4210,FAM83G,FAM83G,
Gene,4211,FAM83H,FAM83H,
Gene,4212,FAM89B,FAM89B,
Gene,4213,FAM90A1,FAM90A1,
Gene,4214,FAM91A1,FAM91A1,
Gene,4215,FAM98A,FAM98A,
Gene,4216,FAM98B,FAM98B,
Gene,4217,FAN1,FAN1,
Gene,4218,FANCA,FANCA,
Gene,4219,FANCB,FANCB,
Gene,4220,FANCC,FANCC,
Gene,4221,FANCD2,FANCD2,
Gene,4222,FANCE,FANCE,
Gene,4223,FANCG,FANCG,
Gene,4224,FANCI,FANCI,
Gene,4225,FANCL,FANCL,
Gene,4226,FANCM,FANCM,
Gene,4227,FANK1,FANK1,
Gene,4228,FAR1,FAR1,
Gene,4229,FAR2,FAR2,
Gene,4230,FARP1,FARP1,
Gene,4231,FARP2,FARP2,
Gene,4232,FARS2,FARS2,
Gene,4233,FARSA,FARSA,
Gene,4234,FAS,FAS,
Gene,4235,FASLG,FASLG,
Gene,4236,FASN,FASN,
Gene,4237,FASN1,FASN1,
Gene,4238,FASTK,FASTK,
Gene,4239,FASTKD1,FASTKD1,
Gene,4240,FASTKD2,FASTKD2,
Gene,4241,FASTKD3,FASTKD3,
Gene,4242,FAT1,FAT1,
Gene,4243,FAT2,FAT2,
Gene,4244,FAT3,FAT3,
Gene,4245,FAT4,FAT4,
Gene,4246,FAU,FAU,
Gene,4247,FAXC,FAXC,
Gene,4248,FBF1,FBF1,
Gene,4249,FBH1,FBH1,
Gene,4250,FBL,FBL,
Gene,4251,FBLIM1,FBLIM1,
Gene,4252,FBLL1,FBLL1,
Gene,4253,FBLN1,FBLN1,
Gene,4254,FBLN2,FBLN2,
Gene,4255,FBN1,FBN1,
Gene,4256,FBN2,FBN2,
Gene,4257,FBP1,FBP1,
Gene,4258,FBP2,FBP2,
Gene,4259,FBXL16,FBXL16,
Gene,4260,FBXL17,FBXL17,
Gene,4261,FBXL19,FBXL19,
Gene,4262,FBXL2,FBXL2,
Gene,4263,FBXL20,FBXL20,
Gene,4264,FBXL21P,FBXL21P,
Gene,4265,FBXL3,FBXL3,
Gene,4266,FBXL4,FBXL4,
Gene,4267,FBXL5,FBXL5,
Gene,4268,FBXL6,FBXL6,
Gene,4269,FBXL7,FBXL7,
Gene,4270,FBXL8,FBXL8,
Gene,4271,FBXO10,FBXO10,
Gene,4272,FBXO15,FBXO15,
Gene,4273,FBXO16,FBXO16,
Gene,4274,FBXO17,FBXO17,
Gene,4275,FBXO2,FBXO2,
Gene,4276,FBXO21,FBXO21,
Gene,4277,FBXO25,FBXO25,
Gene,4278,FBXO27,FBXO27,
Gene,4279,FBXO28,FBXO28,
Gene,4280,FBXO3,FBXO3,26273
Gene,4281,FBXO30,FBXO30,
Gene,4282,FBXO31,FBXO31,
Gene,4283,FBXO32,FBXO32,
Gene,4284,FBXO33,FBXO33,
Gene,4285,FBXO34,FBXO34,
Gene,4286,FBXO36,FBXO36,
Gene,4287,FBXO39,FBXO39,
Gene,4288,FBXO41,FBXO41,
Gene,4289,FBXO42,FBXO42,
Gene,4290,FBXO43,FBXO43,
Gene,4291,FBXO44,FBXO44,
Gene,4292,FBXO47,FBXO47,
Gene,4293,FBXO48,FBXO48,
Gene,4294,FBXO5,FBXO5,
Gene,4295,FBXO6,FBXO6,
Gene,4296,FBXO9,FBXO9,
Gene,4297,FBXW11,FBXW11,
Gene,4298,FBXW2,FBXW2,
Gene,4299,FBXW5,FBXW5,
Gene,4300,FBXW7,FBXW7,
Gene,4301,FBXW9,FBXW9,
Gene,4302,FCER1A,FCER1A,
Gene,4303,FCER1G,FCER1G,
Gene,4304,FCGBP,FCGBP,
Gene,4305,FCGR1A,FCGR1A,
Gene,4306,FCGR2A,FCGR2A,
Gene,4307,FCGR2B,FCGR2B,
Gene,4308,FCGR3B,FCGR3B,
Gene,4309,FCGRT,FCGRT,
Gene,4310,FCHO1,FCHO1,
Gene,4311,FCHO2,FCHO2,
Gene,4312,FCHSD1,FCHSD1,
Gene,4313,FCHSD2,FCHSD2,
Gene,4314,FCMR,FCMR,
Gene,4315,FCN1,FCN1,
Gene,4316,FCN3,FCN3,
Gene,4317,FCRLA,FCRLA,
Gene,4318,FCRLB,FCRLB,
Gene,4319,FCSK,FCSK,
Gene,4320,FDCSP,FDCSP,
Gene,4321,FDFT1,FDFT1,
Gene,4322,FDPS,FDPS,
Gene,4323,FDX1,FDX1,
Gene,4324,FDXR,FDXR,
Gene,4325,FECH,FECH,
Gene,4326,FEM1C,FEM1C,
Gene,4327,FEN1,FEN1,
Gene,4328,FENDRR,FENDRR,
Gene,4329,FER,FER,
Gene,4330,FER1L4,FER1L4,
Gene,4331,FER1L5,FER1L5,
Gene,4332,FER1L6,FER1L6,
Gene,4333,FERMT1,FERMT1,
Gene,4334,FERMT2,FERMT2,
Gene,4335,FERMT3,FERMT3,
Gene,4336,FERRY3,FERRY3,
Gene,4337,FES,FES,
Gene,4338,FETUB,FETUB,
Gene,4339,FEZ1,FEZ1,
Gene,4340,FEZ2,FEZ2,
Gene,4341,FFAR1,FFAR1,
Gene,4342,FFAR2,FFAR2,
Gene,4343,FFAR3,FFAR3,
Gene,4344,FFAR4,FFAR4,
Gene,4345,FGA,FGA,
Gene,4346,FGB,FGB,
Gene,4347,FGD1,FGD1,
Gene,4348,FGD4,FGD4,
Gene,4349,FGD5,FGD5,
Gene,4350,FGD6,FGD6,
Gene,4351,FGF1,FGF1,
Gene,4352,FGF10,FGF10,
Gene,4353,FGF11,FGF11,
Gene,4354,FGF12,FGF12,
Gene,4355,FGF13,FGF13,
Gene,4356,FGF14,FGF14,
Gene,4357,FGF17,FGF17,
Gene,4358,FGF18,FGF18,
Gene,4359,FGF19,FGF19,
Gene,4360,FGF2,FGF2,2247
Gene,4361,FGF20,FGF20,
Gene,4362,FGF21,FGF21,
Gene,4363,FGF22,FGF22,
Gene,4364,FGF23,FGF23,
Gene,4365,FGF4,FGF4,
Gene,4366,FGF5,FGF5,
Gene,4367,FGF7,FGF7,2252
Gene,4368,FGF8,FGF8,
Gene,4369,FGF9,FGF9,
Gene,4370,FGFBP1,FGFBP1,
Gene,4371,FGFBP3,FGFBP3,
Gene,4372,FGFR1,FGFR1,
Gene,4373,FGFR1OP2,FGFR1OP2,
Gene,4374,FGFR2,FGFR2,
Gene,4375,FGFR3,FGFR3,
Gene,4376,FGFR4,FGFR4,
Gene,4377,FGFRL1,FGFRL1,
Gene,4378,FGG,FGG,
Gene,4379,FGGY,FGGY,
Gene,4380,FGL1,FGL1,
Gene,4381,FGL2,FGL2,
Gene,4382,FGR,FGR,
Gene,4383,FH,FH,
Gene,4384,FHAD1,FHAD1,
Gene,4385,FHIP1B,FHIP1B,
Gene,4386,FHIT,FHIT,
Gene,4387,FHL1,FHL1,
Gene,4388,FHL2,FHL2,
Gene,4389,FHL3,FHL3,
Gene,4390,FHOD1,FHOD1,
Gene,4391,FHOD3,FHOD3,
Gene,4392,FIBP,FIBP,
Gene,4393,FICD,FICD,
Gene,4394,FIG4,FIG4,
Gene,4395,FIGLA,FIGLA,
Gene,4396,FIGN,FIGN,
Gene,4397,FIGNL1,FIGNL1,
Gene,4398,FILIP1,FILIP1,
Gene,4399,FILIP1L,FILIP1L,
Gene,4400,FIP1L1,FIP1L1,
Gene,4401,FIRRM,FIRRM,
Gene,4402,FIS1,FIS1,
Gene,4403,FITM1,FITM1,
Gene,4404,FJX1,FJX1,
Gene,4405,FKBP10,FKBP10,
Gene,4406,FKBP11,FKBP11,
Gene,4407,FKBP14,FKBP14,
Gene,4408,FKBP15,FKBP15,
Gene,4409,FKBP1A,FKBP1A,
Gene,4410,FKBP1B,FKBP1B,
Gene,4411,FKBP2,FKBP2,
Gene,4412,FKBP3,FKBP3,
Gene,4413,FKBP4,FKBP4,
Gene,4414,FKBP5,FKBP5,
Gene,4415,FKBP8,FKBP8,
Gene,4416,FKBP9,FKBP9,
Gene,4417,FKRP,FKRP,
Gene,4418,FKTN,FKTN,
Gene,4419,FLAD1,FLAD1,
Gene,4420,FLCN,FLCN,
Gene,4421,FLG,FLG,
Gene,4422,FLII,FLII,
Gene,4423,FLNA,FLNA,
Gene,4424,FLNB,FLNB,
Gene,4425,FLOT1,FLOT1,
Gene,4426,FLOT2,FLOT2,
Gene,4427,FLRT1,FLRT1,
Gene,4428,FLRT2,FLRT2,
Gene,4429,FLRT3,FLRT3,
Gene,4430,FLT1,FLT1,
Gene,4431,FLT3,FLT3,
Gene,4432,FLT3LG,FLT3LG,
Gene,4433,FLT4,FLT4,
Gene,4434,FLVCR1,FLVCR1,
Gene,4435,FLVCR2,FLVCR2,
Gene,4436,FLYWCH1,FLYWCH1,
Gene,4437,FMC1,FMC1,
Gene,4438,FMN1,FMN1,
Gene,4439,FMN2,FMN2,
Gene,4440,FMNL3,FMNL3,
Gene,4441,FMO1,FMO1,
Gene,4442,FMO2,FMO2,
Gene,4443,FMO3,FMO3,
Gene,4444,FMO5,FMO5,
Gene,4445,FMO9P,FMO9P,
Gene,4446,FMR1,FMR1,
Gene,4447,FN1,FN1,
Gene,4448,FN3KRP,FN3KRP,
Gene,4449,FNBP1,FNBP1,
Gene,4450,FNBP1L,FNBP1L,
Gene,4451,FNBP4,FNBP4,
Gene,4452,FNDC11,FNDC11,
Gene,4453,FNDC3B,FNDC3B,
Gene,4454,FNDC5,FNDC5,
Gene,4455,FNIP1,FNIP1,
Gene,4456,FNIP2,FNIP2,
Gene,4457,FNTA,FNTA,
Gene,4458,FNTB,FNTB,
Gene,4459,FOCAD,FOCAD,
Gene,4460,FOLH1,FOLH1,
Gene,4461,FOLH1B,FOLH1B,
Gene,4462,FOLR1,FOLR1,
Gene,4463,FOLR2,FOLR2,
Gene,4464,FOS,FOS,
Gene,4465,FOSB,FOSB,
Gene,4466,FOSL1,FOSL1,
Gene,4467,FOSL2,FOSL2,
Gene,4468,FOXA1,FOXA1,
Gene,4469,FOXA2,FOXA2,
Gene,4470,FOXA3,FOXA3,
Gene,4471,FOXB1,FOXB1,
Gene,4472,FOXC1,FOXC1,
Gene,4473,FOXC2,FOXC2,
Gene,4474,FOXD1,FOXD1,
Gene,4475,FOXD3,FOXD3,
Gene,4476,FOXD4,FOXD4,
Gene,4477,FOXE1,FOXE1,
Gene,4478,FOXE3,FOXE3,
Gene,4479,FOXF1,FOXF1,
Gene,4480,FOXF2,FOXF2,
Gene,4481,FOXG1,FOXG1,
Gene,4482,FOXJ1,FOXJ1,
Gene,4483,FOXJ3,FOXJ3,
Gene,4484,FOXK1,FOXK1,
Gene,4485,FOXK2,FOXK2,
Gene,4486,FOXL2,FOXL2,
Gene,4487,FOXM1,FOXM1,
Gene,4488,FOXN3,FOXN3,
Gene,4489,FOXO1,FOXO1,
Gene,4490,FOXO3,FOXO3,
Gene,4491,FOXO3B,FOXO3B,
Gene,4492,FOXO4,FOXO4,
Gene,4493,FOXO6,FOXO6,
Gene,4494,FOXP1,FOXP1,
Gene,4495,FOXP2,FOXP2,
Gene,4496,FOXP3,FOXP3,
Gene,4497,FOXP4,FOXP4,
Gene,4498,FOXQ1,FOXQ1,
Gene,4499,FOXRED1,FOXRED1,
Gene,4500,FOXS1,FOXS1,
Gene,4501,FPGS,FPGS,
Gene,4502,FPGT,FPGT,
Gene,4503,FPR1,FPR1,
Gene,4504,FPR2,FPR2,
Gene,4505,FRA10AC1,FRA10AC1,
Gene,4506,FRAS1,FRAS1,
Gene,4507,FRAT1,FRAT1,
Gene,4508,FRAT2,FRAT2,
Gene,4509,FREM1,FREM1,
Gene,4510,FREY1,FREY1,
Gene,4511,FRG2,FRG2,
Gene,4512,FRG2C,FRG2C,
Gene,4513,FRK,FRK,
Gene,4514,FRMD3,FRMD3,
Gene,4515,FRMD4A,FRMD4A,
Gene,4516,FRMD4B,FRMD4B,
Gene,4517,FRMD5,FRMD5,
Gene,4518,FRMD6,FRMD6,
Gene,4519,FRMD8,FRMD8,
Gene,4520,FRMPD2,FRMPD2,
Gene,4521,FRMPD3,FRMPD3,
Gene,4522,FRS2,FRS2,
Gene,4523,FRY,FRY,
Gene,4524,FRYL,FRYL,
Gene,4525,FRZB,FRZB,
Gene,4526,FSBP,FSBP,
Gene,4527,FSCN1,FSCN1,
Gene,4528,FSCN2,FSCN2,
Gene,4529,FSD1L,FSD1L,
Gene,4530,FSD2,FSD2,
Gene,4531,FSHB,FSHB,
Gene,4532,FSHR,FSHR,
Gene,4533,FSIP1,FSIP1,
Gene,4534,FST,FST,
Gene,4535,FSTL1,FSTL1,
Gene,4536,FSTL3,FSTL3,
Gene,4537,FSTL4,FSTL4,
Gene,4538,FTCD,FTCD,
Gene,4539,FTH1,FTH1,
Gene,4540,FTHL17,FTHL17,
Gene,4541,FTL,FTL,
Gene,4542,FTO,FTO,
Gene,4543,FTSJ1,FTSJ1,
Gene,4544,FTSJ3,FTSJ3,
Gene,4545,FUBP1,FUBP1,
Gene,4546,FUBP3,FUBP3,
Gene,4547,FUCA1,FUCA1,
Gene,4548,FUCA2,FUCA2,
Gene,4549,FUNDC1,FUNDC1,
Gene,4550,FUOM,FUOM,
Gene,4551,FURIN,FURIN,
Gene,4552,FUS,FUS,
Gene,4553,FUT1,FUT1,
Gene,4554,FUT11,FUT11,
Gene,4555,FUT2,FUT2,
Gene,4556,FUT3,FUT3,
Gene,4557,FUT5,FUT5,
Gene,4558,FUT6,FUT6,
Gene,4559,FUT7,FUT7,
Gene,4560,FUT8,FUT8,
Gene,4561,FUT9,FUT9,
Gene,4562,FXN,FXN,
Gene,4563,FXR1,FXR1,
Gene,4564,FXR2,FXR2,
Gene,4565,FXYD1,FXYD1,
Gene,4566,FXYD2,FXYD2,
Gene,4567,FXYD3,FXYD3,
Gene,4568,FXYD4,FXYD4,
Gene,4569,FXYD5,FXYD5,
Gene,4570,FXYD6,FXYD6,
Gene,4571,FXYD7,FXYD7,
Gene,4572,FYB2,FYB2,
Gene,4573,FYCO1,FYCO1,
Gene,4574,FYN,FYN,
Gene,4575,FZD1,FZD1,
Gene,4576,FZD10,FZD10,
Gene,4577,FZD2,FZD2,
Gene,4578,FZD3,FZD3,
Gene,4579,FZD4,FZD4,
Gene,4580,FZD5,FZD5,
Gene,4581,FZD6,FZD6,
Gene,4582,FZD7,FZD7,
Gene,4583,FZD8,FZD8,
Gene,4584,FZD9,FZD9,
Gene,4585,FZR1,FZR1,
Gene,4586,Fam136b-ps,Fam136b-ps,
Gene,4587,Fam169b,Fam169b,
Gene,4588,Fam209,Fam209,
Gene,4589,Fasl,Fasl,
Gene,4590,Fbxw14,Fbxw14,
Gene,4591,Fbxw22,Fbxw22,
Gene,4592,Fbxw26,Fbxw26,
Gene,4593,Fbxw27,Fbxw27,
Gene,4594,Fcer2a,Fcer2a,
Gene,4595,Fcgr1,Fcgr1,
Gene,4596,Fcgr3,Fcgr3,
Gene,4597,Fcgr4,Fcgr4,
Gene,4598,Fcna,Fcna,
Gene,4599,Fcnb,Fcnb,
Gene,4600,Ffar4,Ffar4,
Gene,4601,Fgf15,Fgf15,
Gene,4602,Fh1,Fh1,
Gene,4603,Fit1,Fit1,
Gene,4604,Fmo13,Fmo13,
Gene,4605,Fmo6,Fmo6,
Gene,4606,Foxd2os,Foxd2os,
Gene,4607,Fpr-rs6,Fpr-rs6,
Gene,4608,Fth1l1,Fth1l1,
Gene,4609,Ftl1,Ftl1,
Gene,4610,Ftl2-ps,Ftl2-ps,
Gene,4611,Fv1,Fv1,
Gene,4612,G0S2,G0S2,
Gene,4613,G2E3,G2E3,
Gene,4614,G3BP1,G3BP1,
Gene,4615,G3BP2,G3BP2,
Gene,4616,G6PC1,G6PC1,
Gene,4617,G6PC3,G6PC3,
Gene,4618,G6PD,G6PD,
Gene,4619,G6pd2,G6pd2,
Gene,4620,G6pdx,G6pdx,
Gene,4621,GAA,GAA,
Gene,4622,GAB1,GAB1,
Gene,4623,GAB2,GAB2,
Gene,4624,GABARAP,GABARAP,
Gene,4625,GABARAPL1,GABARAPL1,
Gene,4626,GABARAPL2,GABARAPL2,
Gene,4627,GABARAPL3,GABARAPL3,
Gene,4628,GABBR1,GABBR1,
Gene,4629,GABBR2,GABBR2,
Gene,4630,GABPA,GABPA,
Gene,4631,GABPB2,GABPB2,
Gene,4632,GABRA1,GABRA1,
Gene,4633,GABRA2,GABRA2,
Gene,4634,GABRA3,GABRA3,
Gene,4635,GABRA4,GABRA4,
Gene,4636,GABRA5,GABRA5,
Gene,4637,GABRA6,GABRA6,
Gene,4638,GABRB1,GABRB1,
Gene,4639,GABRB2,GABRB2,
Gene,4640,GABRB3,GABRB3,
Gene,4641,GABRD,GABRD,
Gene,4642,GABRE,GABRE,
Gene,4643,GABRG1,GABRG1,
Gene,4644,GABRG2,GABRG2,
Gene,4645,GABRG3,GABRG3,
Gene,4646,GABRP,GABRP,
Gene,4647,GABRQ,GABRQ,
Gene,4648,GABRR1,GABRR1,
Gene,4649,GABRR2,GABRR2,
Gene,4650,GABRR3,GABRR3,
Gene,4651,GAD1,GAD1,
Gene,4652,GAD2,GAD2,
Gene,4653,GADD45A,GADD45A,
Gene,4654,GADD45B,GADD45B,
Gene,4655,GADD45G,GADD45G,
Gene,4656,GADD45GIP1,GADD45GIP1,
Gene,4657,GAK,GAK,
Gene,4658,GAL,GAL,
Gene,4659,GAL3ST1,GAL3ST1,
Gene,4660,GALC,GALC,
Gene,4661,GALE,GALE,
Gene,4662,GALK1,GALK1,
Gene,4663,GALK2,GALK2,
Gene,4664,GALM,GALM,
Gene,4665,GALNT1,GALNT1,
Gene,4666,GALNT10,GALNT10,
Gene,4667,GALNT11,GALNT11,
Gene,4668,GALNT13,GALNT13,
Gene,4669,GALNT14,GALNT14,
Gene,4670,GALNT15,GALNT15,
Gene,4671,GALNT16,GALNT16,
Gene,4672,GALNT2,GALNT2,
Gene,4673,GALNT3,GALNT3,
Gene,4674,GALNT4,GALNT4,
Gene,4675,GALNT5,GALNT5,
Gene,4676,GALNT6,GALNT6,
Gene,4677,GALNT7,GALNT7,
Gene,4678,GALNT9,GALNT9,
Gene,4679,GALNTL5,GALNTL5,
Gene,4680,GALNTL6,GALNTL6,
Gene,4681,GALR1,GALR1,
Gene,4682,GALR2,GALR2,
Gene,4683,GALR3,GALR3,
Gene,4684,GALT,GALT,
Gene,4685,GAMT,GAMT,
Gene,4686,GAN,GAN,
Gene,4687,GANAB,GANAB,
Gene,4688,GANC,GANC,
Gene,4689,GAP43,GAP43,
Gene,4690,GAPDH,GAPDH,
Gene,4691,GAPDHP23,GAPDHP23,
Gene,4692,GAPDHS,GAPDHS,
Gene,4693,GAPT,GAPT,
Gene,4694,GAPVD1,GAPVD1,
Gene,4695,GAR1,GAR1,
Gene,4696,GAREM1,GAREM1,
Gene,4697,GARIN1B,GARIN1B,
Gene,4698,GARIN5A,GARIN5A,
Gene,4699,GARNL3,GARNL3,
Gene,4700,GARS1,GARS1,
Gene,4701,GART,GART,
Gene,4702,GAS1,GAS1,
Gene,4703,GAS2,GAS2,
Gene,4704,GAS2L2,GAS2L2,
Gene,4705,GAS2L3,GAS2L3,
Gene,4706,GAS5,GAS5,
Gene,4707,GAS6,GAS6,
Gene,4708,GAS7,GAS7,
Gene,4709,GAS8,GAS8,
Gene,4710,GASK1B,GASK1B,
Gene,4711,GAST,GAST,
Gene,4712,GATA1,GATA1,
Gene,4713,GATA2,GATA2,
Gene,4714,GATA3,GATA3,
Gene,4715,GATA3-AS1,GATA3-AS1,
Gene,4716,GATA4,GATA4,
Gene,4717,GATA5,GATA5,
Gene,4718,GATA6,GATA6,
Gene,4719,GATAD1,GATAD1,
Gene,4720,GATAD2A,GATAD2A,
Gene,4721,GATB,GATB,
Gene,4722,GATC,GATC,
Gene,4723,GATD3,GATD3,
Gene,4724,GATM,GATM,
Gene,4725,GBA1,GBA1,
Gene,4726,GBA2,GBA2,
Gene,4727,GBA3,GBA3,
Gene,4728,GBE1,GBE1,
Gene,4729,GBF1,GBF1,
Gene,4730,GBGT1,GBGT1,
Gene,4731,GBP1,GBP1,
Gene,4732,GBP2,GBP2,
Gene,4733,GBP3,GBP3,
Gene,4734,GBP4,GBP4,
Gene,4735,GBP5,GBP5,
Gene,4736,GBP6,GBP6,
Gene,4737,GBP7,GBP7,
Gene,4738,GBX2,GBX2,
Gene,4739,GC,GC,
Gene,4740,GCA,GCA,
Gene,4741,GCAT,GCAT,
Gene,4742,GCC2,GCC2,
Gene,4743,GCDH,GCDH,
Gene,4744,GCFC2,GCFC2,
Gene,4745,GCG,GCG,
Gene,4746,GCGR,GCGR,
Gene,4747,GCH1,GCH1,
Gene,4748,GCHFR,GCHFR,
Gene,4749,GCK,GCK,
Gene,4750,GCKR,GCKR,
Gene,4751,GCLC,GCLC,
Gene,4752,GCLM,GCLM,
Gene,4753,GCM1,GCM1,
Gene,4754,GCNA,GCNA,
Gene,4755,GCNT2,GCNT2,
Gene,4756,GCNT3,GCNT3,
Gene,4757,GCNT7,GCNT7,
Gene,4758,GCOM1,GCOM1,
Gene,4759,GCSAM,GCSAM,
Gene,4760,GCSH,GCSH,
Gene,4761,GDA,GDA,
Gene,4762,GDAP1,GDAP1,
Gene,4763,GDAP1L1,GDAP1L1,
Gene,4764,GDE1,GDE1,
Gene,4765,GDF1,GDF1,
Gene,4766,GDF10,GDF10,
Gene,4767,GDF11,GDF11,
Gene,4768,GDF15,GDF15,
Gene,4769,GDF3,GDF3,
Gene,4770,GDF6,GDF6,
Gene,4771,GDF7,GDF7,
Gene,4772,GDF9,GDF9,
Gene,4773,GDI1,GDI1,
Gene,4774,GDI2,GDI2,
Gene,4775,GDNF,GDNF,
Gene,4776,GDPD2,GDPD2,
Gene,4777,GDPD5,GDPD5,
Gene,4778,GDPGP1,GDPGP1,
Gene,4779,GEM,GEM,
Gene,4780,GEMIN2,GEMIN2,
Gene,4781,GEMIN4,GEMIN4,
Gene,4782,GEMIN5,GEMIN5,
Gene,4783,GEMIN6,GEMIN6,
Gene,4784,GEMIN7,GEMIN7,
Gene,4785,GET1,GET1,
Gene,4786,GET3,GET3,
Gene,4787,GET4,GET4,
Gene,4788,GFAP,GFAP,
Gene,4789,GFER,GFER,
Gene,4790,GFI1,GFI1,
Gene,4791,GFM1,GFM1,
Gene,4792,GFOD1,GFOD1,
Gene,4793,GFOD2,GFOD2,
Gene,4794,GFPT1,GFPT1,
Gene,4795,GFPT2,GFPT2,
Gene,4796,GFRA1,GFRA1,
Gene,4797,GFRA2,GFRA2,
Gene,4798,GFRA3,GFRA3,
Gene,4799,GFRA4,GFRA4,
Gene,4800,GFUS,GFUS,
Gene,4801,GFY,GFY,
Gene,4802,GGA1,GGA1,
Gene,4803,GGA3,GGA3,
Gene,4804,GGACT,GGACT,
Gene,4805,GGCX,GGCX,
Gene,4806,GGH,GGH,
Gene,4807,GGNBP2,GGNBP2,
Gene,4808,GGPS1,GGPS1,
Gene,4809,GGT1,GGT1,
Gene,4810,GGT5,GGT5,
Gene,4811,GGT6,GGT6,
Gene,4812,GGT7,GGT7,
Gene,4813,GGTA1,GGTA1,
Gene,4814,GGTLC3,GGTLC3,
Gene,4815,GH1,GH1,
Gene,4816,GHDC,GHDC,
Gene,4817,GHITM,GHITM,
Gene,4818,GHR,GHR,
Gene,4819,GHRH,GHRH,
Gene,4820,GHRHR,GHRHR,
Gene,4821,GHRL,GHRL,51738
Gene,4822,GHSR,GHSR,
Gene,4823,GID8,GID8,
Gene,4824,GIGYF1,GIGYF1,
Gene,4825,GIGYF2,GIGYF2,
Gene,4826,GIMAP1,GIMAP1,
Gene,4827,GIMAP5,GIMAP5,
Gene,4828,GIMAP6,GIMAP6,
Gene,4829,GIMAP7,GIMAP7,
Gene,4830,GINM1,GINM1,
Gene,4831,GINS1,GINS1,
Gene,4832,GINS2,GINS2,
Gene,4833,GINS3,GINS3,
Gene,4834,GINS4,GINS4,
Gene,4835,GIP,GIP,
Gene,4836,GIPC1,GIPC1,
Gene,4837,GIPC2,GIPC2,
Gene,4838,GIPC3,GIPC3,
Gene,4839,GIPR,GIPR,
Gene,4840,GIT1,GIT1,
Gene,4841,GIT2,GIT2,
Gene,4842,GJA1,GJA1,
Gene,4843,GJA10,GJA10,
Gene,4844,GJA3,GJA3,
Gene,4845,GJA4,GJA4,
Gene,4846,GJA5,GJA5,
Gene,4847,GJA8,GJA8,
Gene,4848,GJA9,GJA9,
Gene,4849,GJA9-MYCBP,GJA9-MYCBP,
Gene,4850,GJB1,GJB1,
Gene,4851,GJB2,GJB2,
Gene,4852,GJB3,GJB3,
Gene,4853,GJB4,GJB4,
Gene,4854,GJB5,GJB5,
Gene,4855,GJB6,GJB6,
Gene,4856,GJB7,GJB7,
Gene,4857,GJC1,GJC1,
Gene,4858,GJC2,GJC2,
Gene,4859,GJC3,GJC3,
Gene,4860,GJD2,GJD2,
Gene,4861,GJD3,GJD3,
Gene,4862,GJD4,GJD4,
Gene,4863,GJE1,GJE1,
Gene,4864,GK,GK,
Gene,4865,GLA,GLA,
Gene,4866,GLB1,GLB1,
Gene,4867,GLB1L,GLB1L,
Gene,4868,GLCCI1,GLCCI1,
Gene,4869,GLCE,GLCE,
Gene,4870,GLDC,GLDC,
Gene,4871,GLDN,GLDN,
Gene,4872,GLE1,GLE1,
Gene,4873,GLG1,GLG1,
Gene,4874,GLI1,GLI1,
Gene,4875,GLI2,GLI2,
Gene,4876,GLI3,GLI3,
Gene,4877,GLIPR1,GLIPR1,
Gene,4878,GLIPR2,GLIPR2,
Gene,4879,GLIS2,GLIS2,
Gene,4880,GLIS3,GLIS3,
Gene,4881,GLMN,GLMN,
Gene,4882,GLMP,GLMP,
Gene,4883,GLO1,GLO1,
Gene,4884,GLOD4,GLOD4,
Gene,4885,GLP1R,GLP1R,
Gene,4886,GLRA1,GLRA1,
Gene,4887,GLRA3,GLRA3,
Gene,4888,GLRX,GLRX,
Gene,4889,GLRX2,GLRX2,
Gene,4890,GLRX3,GLRX3,
Gene,4891,GLRX5,GLRX5,
Gene,4892,GLS,GLS,
Gene,4893,GLS2,GLS2,
Gene,4894,GLT6D1,GLT6D1,
Gene,4895,GLT8D1,GLT8D1,
Gene,4896,GLT8D2,GLT8D2,
Gene,4897,GLTP,GLTP,
Gene,4898,GLTPD2,GLTPD2,
Gene,4899,GLUD1,GLUD1,
Gene,4900,GLUD2,GLUD2,
Gene,4901,GLUL,GLUL,
Gene,4902,GLYAT,GLYAT,
Gene,4903,GLYATL1,GLYATL1,
Gene,4904,GLYATL3,GLYATL3,
Gene,4905,GLYCAM1,GLYCAM1,
Gene,4906,GLYCTK,GLYCTK,
Gene,4907,GLYR1,GLYR1,
Gene,4908,GM2A,GM2A,
Gene,4909,GMDS,GMDS,
Gene,4910,GMEB1,GMEB1,
Gene,4911,GMEB2,GMEB2,
Gene,4912,GMFB,GMFB,
Gene,4913,GMFG,GMFG,
Gene,4914,GMIP,GMIP,
Gene,4915,GML,GML,
Gene,4916,GMNN,GMNN,
Gene,4917,GMPPA,GMPPA,
Gene,4918,GMPPB,GMPPB,
Gene,4919,GMPR,GMPR,
Gene,4920,GMPR2,GMPR2,
Gene,4921,GMPS,GMPS,
Gene,4922,GNA11,GNA11,
Gene,4923,GNA12,GNA12,
Gene,4924,GNA13,GNA13,
Gene,4925,GNA14,GNA14,
Gene,4926,GNA15,GNA15,
Gene,4927,GNAI1,GNAI1,
Gene,4928,GNAI2,GNAI2,
Gene,4929,GNAI3,GNAI3,
Gene,4930,GNAL,GNAL,
Gene,4931,GNAO1,GNAO1,
Gene,4932,GNAQ,GNAQ,
Gene,4933,GNAS,GNAS,
Gene,4934,GNAT1,GNAT1,
Gene,4935,GNAT2,GNAT2,
Gene,4936,GNAT3,GNAT3,
Gene,4937,GNAZ,GNAZ,
Gene,4938,GNB1,GNB1,
Gene,4939,GNB1L,GNB1L,
Gene,4940,GNB2,GNB2,
Gene,4941,GNB3,GNB3,
Gene,4942,GNB5,GNB5,
Gene,4943,GNE,GNE,
Gene,4944,GNG10,GNG10,
Gene,4945,GNG11,GNG11,
Gene,4946,GNG12,GNG12,
Gene,4947,GNG12-AS1,GNG12-AS1,
Gene,4948,GNG13,GNG13,
Gene,4949,GNG2,GNG2,
Gene,4950,GNG3,GNG3,
Gene,4951,GNG4,GNG4,
Gene,4952,GNG5,GNG5,
Gene,4953,GNG7,GNG7,
Gene,4954,GNG8,GNG8,
Gene,4955,GNGT1,GNGT1,
Gene,4956,GNGT2,GNGT2,
Gene,4957,GNL1,GNL1,
Gene,4958,GNL2,GNL2,
Gene,4959,GNL3,GNL3,
Gene,4960,GNLY,GNLY,
Gene,4961,GNMT,GNMT,
Gene,4962,GNPAT,GNPAT,
Gene,4963,GNPDA1,GNPDA1,
Gene,4964,GNPTAB,GNPTAB,
Gene,4965,GNRH1,GNRH1,
Gene,4966,GNRH2,GNRH2,
Gene,4967,GNRHR,GNRHR,
Gene,4968,GOBP2,GOBP2,
Gene,4969,GOLGA3,GOLGA3,
Gene,4970,GOLGA4,GOLGA4,
Gene,4971,GOLGA7B,GOLGA7B,
Gene,4972,GOLGA8A,GOLGA8A,
Gene,4973,GOLGA8B,GOLGA8B,
Gene,4974,GOLGA8S,GOLGA8S,
Gene,4975,GOLIM4,GOLIM4,
Gene,4976,GOLM1,GOLM1,
Gene,4977,GOLM2,GOLM2,
Gene,4978,GOLPH3,GOLPH3,
Gene,4979,GOLT1A,GOLT1A,
Gene,4980,GOLT1B,GOLT1B,
Gene,4981,GON4L,GON4L,
Gene,4982,GOPC,GOPC,
Gene,4983,GORAB,GORAB,
Gene,4984,GORASP1,GORASP1,
Gene,4985,GORASP2,GORASP2,
Gene,4986,GOSR1,GOSR1,
Gene,4987,GOSR2,GOSR2,
Gene,4988,GOT1,GOT1,
Gene,4989,GOT1L1,GOT1L1,
Gene,4990,GOT2,GOT2,
Gene,4991,GP1BA,GP1BA,
Gene,4992,GP1BB,GP1BB,
Gene,4993,GP5,GP5,
Gene,4994,GP6,GP6,
Gene,4995,GP9,GP9,
Gene,4996,GPAA1,GPAA1,
Gene,4997,GPAM,GPAM,
Gene,4998,GPANK1,GPANK1,
Gene,4999,GPAT3,GPAT3,
Gene,5000,GPAT4,GPAT4,
Gene,5001,GPATCH2L,GPATCH2L,
Gene,5002,GPATCH4,GPATCH4,
Gene,5003,GPATCH8,GPATCH8,
Gene,5004,GPBAR1,GPBAR1,
Gene,5005,GPBP1,GPBP1,
Gene,5006,GPBP1L1,GPBP1L1,
Gene,5007,GPC1,GPC1,
Gene,5008,GPC2,GPC2,
Gene,5009,GPC3,GPC3,
Gene,5010,GPC4,GPC4,
Gene,5011,GPC5,GPC5,
Gene,5012,GPC6,GPC6,
Gene,5013,GPCPD1,GPCPD1,
Gene,5014,GPD1,GPD1,
Gene,5015,GPD1L,GPD1L,
Gene,5016,GPD2,GPD2,
Gene,5017,GPER1,GPER1,
Gene,5018,GPHA2,GPHA2,
Gene,5019,GPHN,GPHN,
Gene,5020,GPI,GPI,
Gene,5021,GPIHBP1,GPIHBP1,
Gene,5022,GPKOW,GPKOW,
Gene,5023,GPLD1,GPLD1,
Gene,5024,GPM6A,GPM6A,
Gene,5025,GPM6B,GPM6B,
Gene,5026,GPN1,GPN1,
Gene,5027,GPN3,GPN3,
Gene,5028,GPNMB,GPNMB,
Gene,5029,GPR101,GPR101,
Gene,5030,GPR107,GPR107,
Gene,5031,GPR108,GPR108,
Gene,5032,GPR132,GPR132,
Gene,5033,GPR135,GPR135,
Gene,5034,GPR137B,GPR137B,
Gene,5035,GPR143,GPR143,
Gene,5036,GPR146,GPR146,
Gene,5037,GPR149,GPR149,
Gene,5038,GPR150,GPR150,
Gene,5039,GPR151,GPR151,
Gene,5040,GPR152,GPR152,
Gene,5041,GPR153,GPR153,
Gene,5042,GPR157,GPR157,
Gene,5043,GPR160,GPR160,
Gene,5044,GPR161,GPR161,
Gene,5045,GPR162,GPR162,
Gene,5046,GPR171,GPR171,
Gene,5047,GPR173,GPR173,
Gene,5048,GPR174,GPR174,
Gene,5049,GPR176,GPR176,
Gene,5050,GPR182,GPR182,
Gene,5051,GPR183,GPR183,
Gene,5052,GPR19,GPR19,
Gene,5053,GPR20,GPR20,
Gene,5054,GPR26,GPR26,
Gene,5055,GPR27,GPR27,
Gene,5056,GPR3,GPR3,
Gene,5057,GPR32,GPR32,
Gene,5058,GPR34,GPR34,
Gene,5059,GPR35,GPR35,
Gene,5060,GPR4,GPR4,
Gene,5061,GPR45,GPR45,
Gene,5062,GPR55,GPR55,
Gene,5063,GPR63,GPR63,
Gene,5064,GPR82,GPR82,
Gene,5065,GPR83,GPR83,
Gene,5066,GPR84,GPR84,
Gene,5067,GPR85,GPR85,
Gene,5068,GPR87,GPR87,
Gene,5069,GPR88,GPR88,
Gene,5070,GPRASP1,GPRASP1,
Gene,5071,GPRC5A,GPRC5A,
Gene,5072,GPRC5B,GPRC5B,
Gene,5073,GPRC5C,GPRC5C,
Gene,5074,GPRC5D,GPRC5D,
Gene,5075,GPRIN1,GPRIN1,
Gene,5076,GPRIN2,GPRIN2,
Gene,5077,GPS1,GPS1,
Gene,5078,GPS2,GPS2,
Gene,5079,GPSM1,GPSM1,
Gene,5080,GPSM2,GPSM2,
Gene,5081,GPT,GPT,2875
Gene,5082,GPT2,GPT2,
Gene,5083,GPX1,GPX1,
Gene,5084,GPX2,GPX2,
Gene,5085,GPX3,GPX3,
Gene,5086,GPX4,GPX4,
Gene,5087,GPX5,GPX5,
Gene,5088,GPX6,GPX6,
Gene,5089,GPX7,GPX7,
Gene,5090,GPX8,GPX8,
Gene,5091,GRAMD1A,GRAMD1A,
Gene,5092,GRAMD1B,GRAMD1B,
Gene,5093,GRAMD2A,GRAMD2A,
Gene,5094,GRAMD2B,GRAMD2B,
Gene,5095,GRAP,GRAP,
Gene,5096,GRAP2,GRAP2,
Gene,5097,GRB10,GRB10,
Gene,5098,GRB14,GRB14,
Gene,5099,GRB2,GRB2,
Gene,5100,GRB7,GRB7,
Gene,5101,GREB1,GREB1,
Gene,5102,GREB1L,GREB1L,
Gene,5103,GREM1,GREM1,
Gene,5104,GREM2,GREM2,
Gene,5105,GRHL3,GRHL3,57822
Gene,5106,GRHPR,GRHPR,
Gene,5107,GRIA1,GRIA1,
Gene,5108,GRIA2,GRIA2,
Gene,5109,GRIA3,GRIA3,
Gene,5110,GRIA4,GRIA4,
Gene,5111,GRID1,GRID1,
Gene,5112,GRID2,GRID2,
Gene,5113,GRIK1,GRIK1,
Gene,5114,GRIK2,GRIK2,
Gene,5115,GRIK4,GRIK4,
Gene,5116,GRIK5,GRIK5,
Gene,5117,GRIN1,GRIN1,
Gene,5118,GRIN2A,GRIN2A,
Gene,5119,GRIN2B,GRIN2B,
Gene,5120,GRIN2C,GRIN2C,
Gene,5121,GRIN2D,GRIN2D,
Gene,5122,GRIN3A,GRIN3A,
Gene,5123,GRIN3B,GRIN3B,
Gene,5124,GRINA,GRINA,
Gene,5125,GRIP1,GRIP1,
Gene,5126,GRK3,GRK3,
Gene,5127,GRK6,GRK6,
Gene,5128,GRM1,GRM1,
Gene,5129,GRM3,GRM3,
Gene,5130,GRM4,GRM4,
Gene,5131,GRM5,GRM5,
Gene,5132,GRM6,GRM6,
Gene,5133,GRM7,GRM7,
Gene,5134,GRM8,GRM8,
Gene,5135,GRN,GRN,
Gene,5136,GRP,GRP,
Gene,5137,GRPEL1,GRPEL1,
Gene,5138,GRPR,GRPR,
Gene,5139,GRSF1,GRSF1,
Gene,5140,GRWD1,GRWD1,
Gene,5141,GSDMB,GSDMB,
Gene,5142,GSDMD,GSDMD,
Gene,5143,GSDME,GSDME,
Gene,5144,GSE1,GSE1,
Gene,5145,GSG1,GSG1,
Gene,5146,GSG1L,GSG1L,
Gene,5147,GSK3A,GSK3A,
Gene,5148,GSK3B,GSK3B,2932
Gene,5149,GSKIP,GSKIP,
Gene,5150,GSN,GSN,
Gene,5151,GSPT2,GSPT2,
Gene,5152,GSR,GSR,
Gene,5153,GSS,GSS,
Gene,5154,GSTA1,GSTA1,
Gene,5155,GSTA2,GSTA2,
Gene,5156,GSTA3,GSTA3,
Gene,5157,GSTA4,GSTA4,
Gene,5158,GSTA5,GSTA5,
Gene,5159,GSTCD,GSTCD,
Gene,5160,GSTK1,GSTK1,
Gene,5161,GSTM1,GSTM1,
Gene,5162,GSTM2,GSTM2,
Gene,5163,GSTM3,GSTM3,
Gene,5164,GSTM4,GSTM4,
Gene,5165,GSTM5,GSTM5,
Gene,5166,GSTO1,GSTO1,
Gene,5167,GSTO2,GSTO2,
Gene,5168,GSTP1,GSTP1,
Gene,5169,GSTT1,GSTT1,
Gene,5170,GSTT1L,GSTT1L,
Gene,5171,GSTT2,GSTT2,
Gene,5172,GSTT4,GSTT4,
Gene,5173,GSTZ1,GSTZ1,
Gene,5174,GTDC1,GTDC1,
Gene,5175,GTF2A1,GTF2A1,
Gene,5176,GTF2A2,GTF2A2,
Gene,5177,GTF2B,GTF2B,
Gene,5178,GTF2E2,GTF2E2,
Gene,5179,GTF2F1,GTF2F1,
Gene,5180,GTF2H1,GTF2H1,
Gene,5181,GTF2H2,GTF2H2,
Gene,5182,GTF2H3,GTF2H3,
Gene,5183,GTF2H4,GTF2H4,
Gene,5184,GTF2H5,GTF2H5,
Gene,5185,GTF2I,GTF2I,
Gene,5186,GTF2IRD1,GTF2IRD1,
Gene,5187,GTF2IRD2B,GTF2IRD2B,
Gene,5188,GTF3A,GTF3A,
Gene,5189,GTF3C1,GTF3C1,
Gene,5190,GTF3C2,GTF3C2,
Gene,5191,GTF3C4,GTF3C4,
Gene,5192,GTF3C6,GTF3C6,
Gene,5193,GTPBP1,GTPBP1,
Gene,5194,GTPBP10,GTPBP10,
Gene,5195,GTPBP2,GTPBP2,
Gene,5196,GTPBP3,GTPBP3,
Gene,5197,GTPBP4,GTPBP4,
Gene,5198,GTPBP8,GTPBP8,
Gene,5199,GTSE1,GTSE1,
Gene,5200,GUCA1ANB-GUCA1A,GUCA1ANB-GUCA1A,
Gene,5201,GUCA1B,GUCA1B,
Gene,5202,GUCD1,GUCD1,
Gene,5203,GUCY1A1,GUCY1A1,
Gene,5204,GUCY1A2,GUCY1A2,
Gene,5205,GUCY1B1,GUCY1B1,
Gene,5206,GUCY2C,GUCY2C,
Gene,5207,GUCY2D,GUCY2D,
Gene,5208,GUF1,GUF1,
Gene,5209,GUK1,GUK1,
Gene,5210,GULP1,GULP1,
Gene,5211,GUSB,GUSB,
Gene,5212,GUSBP11,GUSBP11,
Gene,5213,GUSBP15,GUSBP15,
Gene,5214,GVINP1,GVINP1,
Gene,5215,GXYLT2,GXYLT2,
Gene,5216,GYG1,GYG1,
Gene,5217,GYG2,GYG2,
Gene,5218,GYPA,GYPA,
Gene,5219,GYPB,GYPB,
Gene,5220,GYPC,GYPC,
Gene,5221,GYS1,GYS1,
Gene,5222,GYS2,GYS2,
Gene,5223,GZMA,GZMA,
Gene,5224,GZMB,GZMB,
Gene,5225,GZMM,GZMM,
Gene,5226,Gadd45,Gadd45,
Gene,5227,Gatd3a,Gatd3a,
Gene,5228,Gbp8,Gbp8,
Gene,5229,Gbp9,Gbp9,
Gene,5230,Gh,Gh,
Gene,5231,Gimap3,Gimap3,
Gene,5232,Gimap9,Gimap9,
Gene,5233,Gja6,Gja6,
Gene,5234,Gkn3,Gkn3,
Gene,5235,Gpi1,Gpi1,
Gene,5236,Gpr165,Gpr165,
Gene,5237,Grcc10,Grcc10,
Gene,5238,Gsdmc2,Gsdmc2,
Gene,5239,Gsk3b,Gsk3b,
Gene,5240,Gssos1,Gssos1,
Gene,5241,Gssos2,Gssos2,
Gene,5242,GstD6,GstD6,
Gene,5243,GstE1,GstE1,
Gene,5244,GstE2,GstE2,
Gene,5245,GstE3,GstE3,
Gene,5246,GstE4,GstE4,
Gene,5247,GstE7,GstE7,
Gene,5248,GstS1,GstS1,
Gene,5249,Gstm5l,Gstm5l,
Gene,5250,Gstm6,Gstm6,
Gene,5251,Gstm7,Gstm7,
Gene,5252,Gstp2,Gstp2,
Gene,5253,Gstt3,Gstt3,
Gene,5254,Gucy2e,Gucy2e,
Gene,5255,Gulo,Gulo,
Gene,5256,Gvin1,Gvin1,
Gene,5257,Gzmc,Gzmc,
Gene,5258,Gzmd,Gzmd,
Gene,5259,Gzme,Gzme,
Gene,5260,Gzmf,Gzmf,
Gene,5261,Gzmg,Gzmg,
Gene,5262,H1-0,H1-0,
Gene,5263,H1-10,H1-10,
Gene,5264,H1-2,H1-2,
Gene,5265,H1-3,H1-3,
Gene,5266,H1-4,H1-4,
Gene,5267,H1-5,H1-5,
Gene,5268,H1f0,H1f0,
Gene,5269,H1f10,H1f10,
Gene,5270,H1f2,H1f2,
Gene,5271,H1f4,H1f4,
Gene,5272,H1f7,H1f7,
Gene,5273,H1f9,H1f9,
Gene,5274,H2-Aa,H2-Aa,
Gene,5275,H2-Ab1,H2-Ab1,
Gene,5276,H2-DMa,H2-DMa,
Gene,5277,H2-DMb1,H2-DMb1,
Gene,5278,H2-Eb1,H2-Eb1,
Gene,5279,H2-K1,H2-K1,
Gene,5280,H2-M10.1,H2-M10.1,
Gene,5281,H2-M10.2,H2-M10.2,
Gene,5282,H2-M2,H2-M2,
Gene,5283,H2-M3,H2-M3,
Gene,5284,H2-Q5,H2-Q5,
Gene,5285,H2-Q7,H2-Q7,
Gene,5286,H2-T10,H2-T10,
Gene,5287,H2-T22,H2-T22,
Gene,5288,H2-T24,H2-T24,
Gene,5289,H2AB3,H2AB3,
Gene,5290,H2AC11,H2AC11,
Gene,5291,H2AC12,H2AC12,
Gene,5292,H2AC14,H2AC14,
Gene,5293,H2AC16,H2AC16,
Gene,5294,H2AC18,H2AC18,
Gene,5295,H2AC19,H2AC19,
Gene,5296,H2AC20,H2AC20,
Gene,5297,H2AC21,H2AC21,
Gene,5298,H2AC25,H2AC25,
Gene,5299,H2AC4,H2AC4,
Gene,5300,H2AC6,H2AC6,
Gene,5301,H2AC7,H2AC7,
Gene,5302,H2AC8,H2AC8,
Gene,5303,H2ACP1,H2ACP1,
Gene,5304,H2AJ,H2AJ,
Gene,5305,H2AP,H2AP,
Gene,5306,H2AX,H2AX,3014
Gene,5307,H2AZ1,H2AZ1,
Gene,5308,H2AZ2,H2AZ2,
Gene,5309,H2BC1,H2BC1,
Gene,5310,H2BC11,H2BC11,
Gene,5311,H2BC12,H2BC12,
Gene,5312,H2BC14,H2BC14,
Gene,5313,H2BC15,H2BC15,
Gene,5314,H2BC17,H2BC17,
Gene,5315,H2BC18,H2BC18,
Gene,5316,H2BC21,H2BC21,
Gene,5317,H2BC3,H2BC3,
Gene,5318,H2BC4,H2BC4,
Gene,5319,H2BC5,H2BC5,
Gene,5320,H2BC6,H2BC6,
Gene,5321,H2BC7,H2BC7,
Gene,5322,H2BC8,H2BC8,
Gene,5323,H2BC9,H2BC9,
Gene,5324,H3-3A,H3-3A,
Gene,5325,H3-3B,H3-3B,
Gene,5326,H3-4,H3-4,
Gene,5327,H3C1,H3C1,
Gene,5328,H3C10,H3C10,
Gene,5329,H3C11,H3C11,
Gene,5330,H3C12,H3C12,
Gene,5331,H3C13,H3C13,
Gene,5332,H3C14,H3C14,
Gene,5333,H3C15,H3C15,
Gene,5334,H3C2,H3C2,
Gene,5335,H3C4,H3C4,
Gene,5336,H3C7,H3C7,
Gene,5337,H3C8,H3C8,
Gene,5338,H3P10,H3P10,115482713
Gene,5339,H3f3a,H3f3a,
Gene,5340,H3f3b,H3f3b,
Gene,5341,H3f4,H3f4,
Gene,5342,H4C1,H4C1,
Gene,5343,H4C12,H4C12,
Gene,5344,H4C14,H4C14,
Gene,5345,H4C15,H4C15,
Gene,5346,H4C16,H4C16,
Gene,5347,H4C2,H4C2,
Gene,5348,H4C3,H4C3,
Gene,5349,H4C4,H4C4,
Gene,5350,H4C5,H4C5,
Gene,5351,H4C8,H4C8,
Gene,5352,H4C9,H4C9,
Gene,5353,H6PD,H6PD,
Gene,5354,HAAO,HAAO,
Gene,5355,HABP4,HABP4,
Gene,5356,HACD2,HACD2,
Gene,5357,HACD3,HACD3,
Gene,5358,HACL1,HACL1,
Gene,5359,HADH,HADH,
Gene,5360,HADHA,HADHA,
Gene,5361,HADHB,HADHB,
Gene,5362,HAGH,HAGH,
Gene,5363,HAGHL,HAGHL,
Gene,5364,HAL,HAL,
Gene,5365,HAMP,HAMP,
Gene,5366,HAND2,HAND2,
Gene,5367,HAO2,HAO2,
Gene,5368,HAP1,HAP1,
Gene,5369,HAPLN1,HAPLN1,
Gene,5370,HAPLN2,HAPLN2,
Gene,5371,HAPLN3,HAPLN3,
Gene,5372,HAPSTR1,HAPSTR1,
Gene,5373,HAPSTR2,HAPSTR2,
Gene,5374,HARS1,HARS1,
Gene,5375,HARS2,HARS2,
Gene,5376,HAS1,HAS1,
Gene,5377,HAS2,HAS2,
Gene,5378,HAS3,HAS3,
Gene,5379,HASPIN,HASPIN,
Gene,5380,HAT1,HAT1,
Gene,5381,HAUS1,HAUS1,
Gene,5382,HAUS2,HAUS2,
Gene,5383,HAUS3,HAUS3,
Gene,5384,HAUS4,HAUS4,
Gene,5385,HAUS6,HAUS6,
Gene,5386,HAUS7,HAUS7,
Gene,5387,HAUS8,HAUS8,
Gene,5388,HAVCR1,HAVCR1,
Gene,5389,HAVCR2,HAVCR2,
Gene,5390,HAX1,HAX1,
Gene,5391,HBA1,HBA1,
Gene,5392,HBA2,HBA2,
Gene,5393,HBB,HBB,
Gene,5394,HBB-LCR,HBB-LCR,
Gene,5395,HBEGF,HBEGF,
Gene,5396,HBG1,HBG1,
Gene,5397,HBG2,HBG2,
Gene,5398,HBP1,HBP1,
Gene,5399,HBS1L,HBS1L,
Gene,5400,HBZ,HBZ,
Gene,5401,HCAR1,HCAR1,
Gene,5402,HCAR2,HCAR2,
Gene,5403,HCAR3,HCAR3,
Gene,5404,HCFC1,HCFC1,
Gene,5405,HCFC1R1,HCFC1R1,
Gene,5406,HCK,HCK,
Gene,5407,HCLS1,HCLS1,
Gene,5408,HCN1,HCN1,
Gene,5409,HCN2,HCN2,
Gene,5410,HCP5,HCP5,
Gene,5411,HCRT,HCRT,
Gene,5412,HCRTR2,HCRTR2,
Gene,5413,HCST,HCST,
Gene,5414,HDAC1,HDAC1,
Gene,5415,HDAC10,HDAC10,
Gene,5416,HDAC11,HDAC11,
Gene,5417,HDAC2,HDAC2,
Gene,5418,HDAC3,HDAC3,
Gene,5419,HDAC4,HDAC4,
Gene,5420,HDAC5,HDAC5,
Gene,5421,HDAC6,HDAC6,
Gene,5422,HDAC7,HDAC7,
Gene,5423,HDAC8,HDAC8,
Gene,5424,HDAC9,HDAC9,
Gene,5425,HDC,HDC,
Gene,5426,HDDC2,HDDC2,
Gene,5427,HDDC3,HDDC3,
Gene,5428,HDGF,HDGF,
Gene,5429,HDGFL1,HDGFL1,
Gene,5430,HDGFL2,HDGFL2,
Gene,5431,HDHD3,HDHD3,
Gene,5432,HDLBP,HDLBP,
Gene,5433,HEATR1,HEATR1,
Gene,5434,HEATR3,HEATR3,
Gene,5435,HEATR5A,HEATR5A,
Gene,5436,HEATR5B,HEATR5B,
Gene,5437,HEATR6,HEATR6,
Gene,5438,HEBP2,HEBP2,
Gene,5439,HECA,HECA,
Gene,5440,HECTD1,HECTD1,
Gene,5441,HECTD2,HECTD2,
Gene,5442,HECTD4,HECTD4,
Gene,5443,HECW2,HECW2,
Gene,5444,HEG1,HEG1,
Gene,5445,HELLS,HELLS,
Gene,5446,HELQ,HELQ,
Gene,5447,HELZ,HELZ,
Gene,5448,HELZ2,HELZ2,
Gene,5449,HEMGN,HEMGN,
Gene,5450,HEMK1,HEMK1,
Gene,5451,HENMT1,HENMT1,
Gene,5452,HEPACAM,HEPACAM,
Gene,5453,HEPH,HEPH,
Gene,5454,HERC1,HERC1,
Gene,5455,HERC2,HERC2,
Gene,5456,HERC2P2,HERC2P2,
Gene,5457,HERC5,HERC5,
Gene,5458,HERPUD1,HERPUD1,
Gene,5459,HERPUD2,HERPUD2,
Gene,5460,HES1,HES1,
Gene,5461,HES2,HES2,
Gene,5462,HES3,HES3,
Gene,5463,HES4,HES4,
Gene,5464,HES5,HES5,
Gene,5465,HES6,HES6,
Gene,5466,HES7,HES7,
Gene,5467,HEXA,HEXA,
Gene,5468,HEXB,HEXB,
Gene,5469,HEXD,HEXD,
Gene,5470,HEXIM1,HEXIM1,
Gene,5471,HEXIM2,HEXIM2,
Gene,5472,HEY1,HEY1,
Gene,5473,HEY2,HEY2,
Gene,5474,HEYL,HEYL,
Gene,5475,HFE,HFE,
Gene,5476,HGD,HGD,
Gene,5477,HGF,HGF,
Gene,5478,HGFAC,HGFAC,
Gene,5479,HGS,HGS,
Gene,5480,HGSNAT,HGSNAT,
Gene,5481,HHAT,HHAT,
Gene,5482,HHATL,HHATL,
Gene,5483,HHEX,HHEX,
Gene,5484,HHIP,HHIP,
Gene,5485,HHIPL1,HHIPL1,
Gene,5486,HIBADH,HIBADH,
Gene,5487,HIBCH,HIBCH,
Gene,5488,HIC2,HIC2,
Gene,5489,HID1,HID1,
Gene,5490,HIF1A,HIF1A,
Gene,5491,HIF1AN,HIF1AN,
Gene,5492,HIF3A,HIF3A,
Gene,5493,HIGD1A,HIGD1A,
Gene,5494,HIGD2A,HIGD2A,
Gene,5495,HIKESHI,HIKESHI,
Gene,5496,HILPDA,HILPDA,
Gene,5497,HINT1,HINT1,
Gene,5498,HINT3,HINT3,
Gene,5499,HIP1,HIP1,
Gene,5500,HIP1R,HIP1R,
Gene,5501,HIPK1,HIPK1,
Gene,5502,HIPK2,HIPK2,
Gene,5503,HIPK3,HIPK3,
Gene,5504,HIPK4,HIPK4,
Gene,5505,HIRIP3,HIRIP3,
Gene,5506,HIVEP1,HIVEP1,
Gene,5507,HIVEP2,HIVEP2,
Gene,5508,HIVEP3,HIVEP3,
Gene,5509,HJURP,HJURP,
Gene,5510,HJV,HJV,
Gene,5511,HK1,HK1,
Gene,5512,HK2,HK2,
Gene,5513,HK3,HK3,
Gene,5514,HKDC1,HKDC1,
Gene,5515,HLA-A,HLA-A,
Gene,5516,HLA-B,HLA-B,
Gene,5517,HLA-C,HLA-C,
Gene,5518,HLA-DMA,HLA-DMA,
Gene,5519,HLA-DMB,HLA-DMB,
Gene,5520,HLA-DOA,HLA-DOA,
Gene,5521,HLA-DPA1,HLA-DPA1,
Gene,5522,HLA-DPB1,HLA-DPB1,
Gene,5523,HLA-DQA1,HLA-DQA1,
Gene,5524,HLA-DQB1,HLA-DQB1,
Gene,5525,HLA-DRA,HLA-DRA,
Gene,5526,HLA-DRB1,HLA-DRB1,
Gene,5527,HLA-DRB3,HLA-DRB3,
Gene,5528,HLA-DRB4,HLA-DRB4,
Gene,5529,HLA-E,HLA-E,
Gene,5530,HLA-G,HLA-G,
Gene,5531,HLCS,HLCS,
Gene,5532,HLF,HLF,
Gene,5533,HLTF,HLTF,
Gene,5534,HLX-AS1,HLX-AS1,
Gene,5535,HM13,HM13,
Gene,5536,HMBOX1,HMBOX1,
Gene,5537,HMBS,HMBS,
Gene,5538,HMCES,HMCES,
Gene,5539,HMCN1,HMCN1,
Gene,5540,HMCN2,HMCN2,
Gene,5541,HMG20B,HMG20B,
Gene,5542,HMGA1,HMGA1,
Gene,5543,HMGA2,HMGA2,
Gene,5544,HMGB1,HMGB1,3146
Gene,5545,HMGB2,HMGB2,
Gene,5546,HMGB3,HMGB3,
Gene,5547,HMGCL,HMGCL,
Gene,5548,HMGCLL1,HMGCLL1,
Gene,5549,HMGCR,HMGCR,
Gene,5550,HMGCS1,HMGCS1,
Gene,5551,HMGCS2,HMGCS2,
Gene,5552,HMGN1,HMGN1,
Gene,5553,HMGN2,HMGN2,
Gene,5554,HMGN3,HMGN3,
Gene,5555,HMGN5,HMGN5,
Gene,5556,HMGXB3,HMGXB3,
Gene,5557,HMGXB4,HMGXB4,
Gene,5558,HMMR,HMMR,
Gene,5559,HMOX1,HMOX1,
Gene,5560,HMOX2,HMOX2,
Gene,5561,HMSD,HMSD,
Gene,5562,HMX3,HMX3,
Gene,5563,HNF1A,HNF1A,
Gene,5564,HNF4A,HNF4A,
Gene,5565,HNF4A-AS1,HNF4A-AS1,
Gene,5566,HNF4G,HNF4G,
Gene,5567,HNMT,HNMT,
Gene,5568,HNRNPA0,HNRNPA0,
Gene,5569,HNRNPA1,HNRNPA1,
Gene,5570,HNRNPA1P33,HNRNPA1P33,
Gene,5571,HNRNPA1P51,HNRNPA1P51,
Gene,5572,HNRNPA1P7,HNRNPA1P7,
Gene,5573,HNRNPA2B1,HNRNPA2B1,
Gene,5574,HNRNPA3,HNRNPA3,
Gene,5575,HNRNPAB,HNRNPAB,
Gene,5576,HNRNPC,HNRNPC,
Gene,5577,HNRNPD,HNRNPD,
Gene,5578,HNRNPDL,HNRNPDL,
Gene,5579,HNRNPF,HNRNPF,
Gene,5580,HNRNPH1,HNRNPH1,
Gene,5581,HNRNPH2,HNRNPH2,
Gene,5582,HNRNPH3,HNRNPH3,
Gene,5583,HNRNPK,HNRNPK,
Gene,5584,HNRNPL,HNRNPL,
Gene,5585,HNRNPLL,HNRNPLL,
Gene,5586,HNRNPM,HNRNPM,
Gene,5587,HNRNPR,HNRNPR,
Gene,5588,HNRNPU,HNRNPU,
Gene,5589,HNRNPUL1,HNRNPUL1,
Gene,5590,HNRNPUL2,HNRNPUL2,
Gene,5591,HOGA1,HOGA1,
Gene,5592,HOMER1,HOMER1,
Gene,5593,HOMER2,HOMER2,
Gene,5594,HOMER3,HOMER3,
Gene,5595,HOMEZ,HOMEZ,
Gene,5596,HOOK1,HOOK1,
Gene,5597,HOOK2,HOOK2,
Gene,5598,HOOK3,HOOK3,
Gene,5599,HOPX,HOPX,
Gene,5600,HORMAD2,HORMAD2,
Gene,5601,HORMAD2-AS1,HORMAD2-AS1,
Gene,5602,HOXA1,HOXA1,
Gene,5603,HOXA10,HOXA10,
Gene,5604,HOXA11,HOXA11,
Gene,5605,HOXA13,HOXA13,
Gene,5606,HOXA2,HOXA2,
Gene,5607,HOXA3,HOXA3,
Gene,5608,HOXA4,HOXA4,
Gene,5609,HOXA5,HOXA5,
Gene,5610,HOXA7,HOXA7,
Gene,5611,HOXA9,HOXA9,
Gene,5612,HOXB1,HOXB1,
Gene,5613,HOXB13,HOXB13,
Gene,5614,HOXB2,HOXB2,
Gene,5615,HOXB3,HOXB3,
Gene,5616,HOXB6,HOXB6,
Gene,5617,HOXB8,HOXB8,
Gene,5618,HOXB9,HOXB9,
Gene,5619,HOXC10,HOXC10,
Gene,5620,HOXC11,HOXC11,
Gene,5621,HOXC13,HOXC13,
Gene,5622,HOXC4,HOXC4,
Gene,5623,HOXC6,HOXC6,
Gene,5624,HOXC9,HOXC9,
Gene,5625,HOXD1,HOXD1,
Gene,5626,HOXD13,HOXD13,
Gene,5627,HOXD3,HOXD3,
Gene,5628,HOXD4,HOXD4,
Gene,5629,HOXD8,HOXD8,
Gene,5630,HOXD9,HOXD9,
Gene,5631,HP,HP,
Gene,5632,HP1BP3,HP1BP3,
Gene,5633,HPCA,HPCA,
Gene,5634,HPCAL1,HPCAL1,
Gene,5635,HPD,HPD,
Gene,5636,HPF1,HPF1,
Gene,5637,HPGD,HPGD,
Gene,5638,HPGDS,HPGDS,
Gene,5639,HPN,HPN,
Gene,5640,HPR,HPR,
Gene,5641,HPRT1,HPRT1,
Gene,5642,HPS3,HPS3,
Gene,5643,HPS5,HPS5,
Gene,5644,HPS6,HPS6,
Gene,5645,HPSE,HPSE,
Gene,5646,HPX,HPX,
Gene,5647,HR,HR,
Gene,5648,HRAS,HRAS,3265
Gene,5649,HRASLS,HRASLS,
Gene,5650,HRC,HRC,
Gene,5651,HRG,HRG,
Gene,5652,HRH1,HRH1,
Gene,5653,HRH3,HRH3,
Gene,5654,HRK,HRK,
Gene,5655,HS1BP3,HS1BP3,
Gene,5656,HS2ST1,HS2ST1,
Gene,5657,HS3ST1,HS3ST1,
Gene,5658,HS3ST2,HS3ST2,
Gene,5659,HS3ST3A1,HS3ST3A1,
Gene,5660,HS3ST3B1,HS3ST3B1,
Gene,5661,HS3ST5,HS3ST5,
Gene,5662,HS6ST2,HS6ST2,
Gene,5663,HS6ST3,HS6ST3,
Gene,5664,HSBP1L1,HSBP1L1,
Gene,5665,HSCB,HSCB,
Gene,5666,HSD11B1,HSD11B1,
Gene,5667,HSD11B2,HSD11B2,
Gene,5668,HSD17B1,HSD17B1,
Gene,5669,HSD17B10,HSD17B10,
Gene,5670,HSD17B11,HSD17B11,
Gene,5671,HSD17B12,HSD17B12,
Gene,5672,HSD17B13,HSD17B13,
Gene,5673,HSD17B14,HSD17B14,
Gene,5674,HSD17B2,HSD17B2,
Gene,5675,HSD17B3,HSD17B3,
Gene,5676,HSD17B4,HSD17B4,
Gene,5677,HSD17B6,HSD17B6,
Gene,5678,HSD17B7,HSD17B7,
Gene,5679,HSD17B8,HSD17B8,
Gene,5680,HSD3B1,HSD3B1,
Gene,5681,HSD3B2,HSD3B2,
Gene,5682,HSDL1,HSDL1,
Gene,5683,HSDL2,HSDL2,
Gene,5684,HSF1,HSF1,
Gene,5685,HSF2,HSF2,
Gene,5686,HSF2BP,HSF2BP,
Gene,5687,HSF4,HSF4,
Gene,5688,HSFY2,HSFY2,
Gene,5689,HSP70,HSP70,
Gene,5690,HSP90AA1,HSP90AA1,
Gene,5691,HSP90AA2P,HSP90AA2P,
Gene,5692,HSP90AB1,HSP90AB1,
Gene,5693,HSP90AB2P,HSP90AB2P,
Gene,5694,HSP90B1,HSP90B1,
Gene,5695,HSPA12A,HSPA12A,
Gene,5696,HSPA13,HSPA13,
Gene,5697,HSPA14,HSPA14,
Gene,5698,HSPA1A,HSPA1A,
Gene,5699,HSPA1B,HSPA1B,
Gene,5700,HSPA1L,HSPA1L,
Gene,5701,HSPA2,HSPA2,
Gene,5702,HSPA4,HSPA4,
Gene,5703,HSPA4L,HSPA4L,
Gene,5704,HSPA5,HSPA5,
Gene,5705,HSPA6,HSPA6,
Gene,5706,HSPA8,HSPA8,
Gene,5707,HSPA9,HSPA9,
Gene,5708,HSPB1,HSPB1,
Gene,5709,HSPB2,HSPB2,
Gene,5710,HSPB3,HSPB3,
Gene,5711,HSPB6,HSPB6,
Gene,5712,HSPB7,HSPB7,
Gene,5713,HSPB8,HSPB8,
Gene,5714,HSPB9,HSPB9,
Gene,5715,HSPBAP1,HSPBAP1,
Gene,5716,HSPBP1,HSPBP1,
Gene,5717,HSPD1,HSPD1,
Gene,5718,HSPE1,HSPE1,
Gene,5719,HSPE1-MOB4,HSPE1-MOB4,
Gene,5720,HSPG2,HSPG2,
Gene,5721,HSPH1,HSPH1,
Gene,5722,HTATSF1,HTATSF1,
Gene,5723,HTN3,HTN3,
Gene,5724,HTR1A,HTR1A,
Gene,5725,HTR1B,HTR1B,
Gene,5726,HTR1D,HTR1D,
Gene,5727,HTR1E,HTR1E,
Gene,5728,HTR1F,HTR1F,
Gene,5729,HTR2A,HTR2A,
Gene,5730,HTR2B,HTR2B,
Gene,5731,HTR2C,HTR2C,
Gene,5732,HTR3A,HTR3A,
Gene,5733,HTR3B,HTR3B,
Gene,5734,HTR4,HTR4,
Gene,5735,HTR5A,HTR5A,
Gene,5736,HTR6,HTR6,
Gene,5737,HTR7,HTR7,
Gene,5738,HTRA1,HTRA1,
Gene,5739,HTRA2,HTRA2,
Gene,5740,HTRA3,HTRA3,
Gene,5741,HTRA4,HTRA4,
Gene,5742,HTT,HTT,
Gene,5743,HUS1,HUS1,
Gene,5744,HUS1B,HUS1B,
Gene,5745,HUWE1,HUWE1,
Gene,5746,HVCN1,HVCN1,
Gene,5747,HYAL2,HYAL2,
Gene,5748,HYAL3,HYAL3,
Gene,5749,HYAL4,HYAL4,
Gene,5750,HYCC1,HYCC1,
Gene,5751,HYDIN,HYDIN,
Gene,5752,HYI,HYI,
Gene,5753,HYLS1,HYLS1,
Gene,5754,HYOU1,HYOU1,
Gene,5755,HYPK,HYPK,
Gene,5756,Halr1,Halr1,
Gene,5757,Hamp2,Hamp2,
Gene,5758,Hbb-bh1,Hbb-bh1,
Gene,5759,Hbb-bs,Hbb-bs,
Gene,5760,Hbq1a,Hbq1a,
Gene,5761,Hc,Hc,
Gene,5762,Hcar1,Hcar1,
Gene,5763,Hectd2os,Hectd2os,
Gene,5764,Higd2al1,Higd2al1,
Gene,5765,HisCl1,HisCl1,
Gene,5766,Hist1h2bq,Hist1h2bq,
Gene,5767,Hist1h4b,Hist1h4b,
Gene,5768,Hist2h2aa2,Hist2h2aa2,
Gene,5769,Hmga1l1,Hmga1l1,
Gene,5770,Hoxaas2,Hoxaas2,
Gene,5771,Hoxaas3,Hoxaas3,
Gene,5772,Hr96,Hr96,
Gene,5773,Hsd11b1,Hsd11b1,
Gene,5774,Hsd3b,Hsd3b,
Gene,5775,Hsd3b3,Hsd3b3,
Gene,5776,Hsd3b5,Hsd3b5,
Gene,5777,Hsd3b6,Hsd3b6,
Gene,5778,Hsp26,Hsp26,
Gene,5779,Hsp27,Hsp27,
Gene,5780,Hsp60A,Hsp60A,
Gene,5781,Hsp70Bc,Hsp70Bc,
Gene,5782,Hsp83,Hsp83,
Gene,5783,Htr1a,Htr1a,
Gene,5784,Htr1b,Htr1b,
Gene,5785,Htr1f,Htr1f,
Gene,5786,Htr2a,Htr2a,
Gene,5787,Htr2b,Htr2b,
Gene,5788,Htr2c,Htr2c,
Gene,5789,Htr4,Htr4,
Gene,5790,Htr5a,Htr5a,
Gene,5791,Htr5b,Htr5b,
Gene,5792,Htr6,Htr6,
Gene,5793,Htr7,Htr7,
Gene,5794,Hyal6,Hyal6,
Gene,5795,I-TevI,I-TevI,
Gene,5796,I8N75_RS10655,I8N75_RS10655,
Gene,5797,IAH1,IAH1,
Gene,5798,IAPP,IAPP,
Gene,5799,IARS1,IARS1,
Gene,5800,IBSP,IBSP,
Gene,5801,IBTK,IBTK,
Gene,5802,ICA1,ICA1,
Gene,5803,ICA1L,ICA1L,
Gene,5804,ICAM1,ICAM1,
Gene,5805,ICAM3,ICAM3,
Gene,5806,ICAM4,ICAM4,
Gene,5807,ICE1,ICE1,
Gene,5808,ICE2,ICE2,
Gene,5809,ICMT,ICMT,
Gene,5810,ICMT-DT,ICMT-DT,
Gene,5811,ICOS,ICOS,
Gene,5812,ICOSLG,ICOSLG,
Gene,5813,ID1,ID1,
Gene,5814,ID2,ID2,
Gene,5815,ID3,ID3,
Gene,5816,ID4,ID4,
Gene,5817,IDE,IDE,
Gene,5818,IDH1,IDH1,
Gene,5819,IDH2,IDH2,
Gene,5820,IDH3A,IDH3A,
Gene,5821,IDH3B,IDH3B,
Gene,5822,IDH3G,IDH3G,
Gene,5823,IDI1,IDI1,
Gene,5824,IDNK,IDNK,
Gene,5825,IDO1,IDO1,
Gene,5826,IDO2,IDO2,
Gene,5827,IDS,IDS,
Gene,5828,IDUA,IDUA,
Gene,5829,IER2,IER2,
Gene,5830,IER3,IER3,
Gene,5831,IER5,IER5,
Gene,5832,IER5L,IER5L,
Gene,5833,IFFO1,IFFO1,
Gene,5834,IFFO2,IFFO2,
Gene,5835,IFI16,IFI16,
Gene,5836,IFI27,IFI27,
Gene,5837,IFI27L1,IFI27L1,
Gene,5838,IFI30,IFI30,
Gene,5839,IFI35,IFI35,
Gene,5840,IFI44,IFI44,
Gene,5841,IFI6,IFI6,
Gene,5842,IFIH1,IFIH1,
Gene,5843,IFIT1,IFIT1,
Gene,5844,IFIT2,IFIT2,
Gene,5845,IFIT3,IFIT3,
Gene,5846,IFIT5,IFIT5,
Gene,5847,IFITM1,IFITM1,
Gene,5848,IFITM2,IFITM2,
Gene,5849,IFITM3,IFITM3,
Gene,5850,IFNA1,IFNA1,
Gene,5851,IFNA14,IFNA14,
Gene,5852,IFNA16,IFNA16,
Gene,5853,IFNA17,IFNA17,
Gene,5854,IFNA2,IFNA2,3440
Gene,5855,IFNA4,IFNA4,
Gene,5856,IFNA5,IFNA5,
Gene,5857,IFNA6,IFNA6,
Gene,5858,IFNAR1,IFNAR1,
Gene,5859,IFNB1,IFNB1,
Gene,5860,IFNG,IFNG,
Gene,5861,IFNGR1,IFNGR1,
Gene,5862,IFNGR2,IFNGR2,
Gene,5863,IFNL1,IFNL1,
Gene,5864,IFNL3,IFNL3,
Gene,5865,IFNLR1,IFNLR1,
Gene,5866,IFNW1,IFNW1,
Gene,5867,IFRD1,IFRD1,
Gene,5868,IFRD2,IFRD2,
Gene,5869,IFT122,IFT122,
Gene,5870,IFT172,IFT172,
Gene,5871,IFT27,IFT27,
Gene,5872,IFT46,IFT46,
Gene,5873,IFT52,IFT52,
Gene,5874,IFT70B,IFT70B,
Gene,5875,IFT74,IFT74,
Gene,5876,IFT80,IFT80,
Gene,5877,IFT81,IFT81,
Gene,5878,IFT88,IFT88,
Gene,5879,IGBP1,IGBP1,
Gene,5880,IGDCC3,IGDCC3,
Gene,5881,IGDCC4,IGDCC4,
Gene,5882,IGF1,IGF1,
Gene,5883,IGF1R,IGF1R,
Gene,5884,IGF2,IGF2,
Gene,5885,IGF2BP1,IGF2BP1,
Gene,5886,IGF2BP2,IGF2BP2,
Gene,5887,IGF2BP3,IGF2BP3,
Gene,5888,IGF2R,IGF2R,
Gene,5889,IGFALS,IGFALS,
Gene,5890,IGFBP1,IGFBP1,
Gene,5891,IGFBP2,IGFBP2,
Gene,5892,IGFBP3,IGFBP3,
Gene,5893,IGFBP4,IGFBP4,
Gene,5894,IGFBP5,IGFBP5,
Gene,5895,IGFBP6,IGFBP6,
Gene,5896,IGFBP7,IGFBP7,
Gene,5897,IGFBPL1,IGFBPL1,
Gene,5898,IGFL2-AS1,IGFL2-AS1,
Gene,5899,IGFL3,IGFL3,
Gene,5900,IGFL4,IGFL4,
Gene,5901,IGFLR1,IGFLR1,
Gene,5902,IGFN1,IGFN1,
Gene,5903,IGH,IGH,
Gene,5904,IGHG3,IGHG3,
Gene,5905,IGHM,IGHM,
Gene,5906,IGHV1-58,IGHV1-58,
Gene,5907,IGKC,IGKC,
Gene,5908,IGKV3-7,IGKV3-7,
Gene,5909,IGLC2,IGLC2,
Gene,5910,IGLJ3,IGLJ3,
Gene,5911,IGLON5,IGLON5,
Gene,5912,IGSF1,IGSF1,
Gene,5913,IGSF11,IGSF11,
Gene,5914,IGSF21,IGSF21,
Gene,5915,IGSF23,IGSF23,
Gene,5916,IGSF3,IGSF3,
Gene,5917,IGSF5,IGSF5,
Gene,5918,IGSF6,IGSF6,
Gene,5919,IGSF8,IGSF8,
Gene,5920,IGSF9,IGSF9,
Gene,5921,IHH,IHH,
Gene,5922,IK,IK,
Gene,5923,IKBIP,IKBIP,
Gene,5924,IKBKB,IKBKB,
Gene,5925,IKBKE,IKBKE,
Gene,5926,IKBKG,IKBKG,
Gene,5927,IKZF1,IKZF1,
Gene,5928,IKZF2,IKZF2,
Gene,5929,IL10,IL10,
Gene,5930,IL10RA,IL10RA,
Gene,5931,IL10RB,IL10RB,
Gene,5932,IL11,IL11,
Gene,5933,IL12A,IL12A,
Gene,5934,IL12B,IL12B,
Gene,5935,IL12RB2,IL12RB2,
Gene,5936,IL13,IL13,
Gene,5937,IL13RA1,IL13RA1,
Gene,5938,IL13RA2,IL13RA2,
Gene,5939,IL15,IL15,
Gene,5940,IL16,IL16,
Gene,5941,IL17A,IL17A,3605
Gene,5942,IL17B,IL17B,
Gene,5943,IL17RA,IL17RA,
Gene,5944,IL17RB,IL17RB,
Gene,5945,IL17RC,IL17RC,
Gene,5946,IL17RD,IL17RD,
Gene,5947,IL17RE,IL17RE,
Gene,5948,IL17REL,IL17REL,
Gene,5949,IL18,IL18,
Gene,5950,IL18BP,IL18BP,
Gene,5951,IL18RAP,IL18RAP,
Gene,5952,IL1A,IL1A,
Gene,5953,IL1B,IL1B,3553
Gene,5954,IL1F10,IL1F10,
Gene,5955,IL1R1,IL1R1,
Gene,5956,IL1R2,IL1R2,
Gene,5957,IL1RAP,IL1RAP,
Gene,5958,IL1RAPL1,IL1RAPL1,
Gene,5959,IL1RAPL2,IL1RAPL2,
Gene,5960,IL1RL1,IL1RL1,
Gene,5961,IL1RN,IL1RN,
Gene,5962,IL2,IL2,
Gene,5963,IL20,IL20,
Gene,5964,IL20RB,IL20RB,
Gene,5965,IL21,IL21,
Gene,5966,IL21R,IL21R,
Gene,5967,IL22,IL22,
Gene,5968,IL22RA1,IL22RA1,
Gene,5969,IL23A,IL23A,
Gene,5970,IL24,IL24,
Gene,5971,IL27,IL27,
Gene,5972,IL27RA,IL27RA,
Gene,5973,IL2RA,IL2RA,
Gene,5974,IL2RB,IL2RB,
Gene,5975,IL2RG,IL2RG,
Gene,5976,IL3,IL3,
Gene,5977,IL31,IL31,
Gene,5978,IL31RA,IL31RA,
Gene,5979,IL32,IL32,
Gene,5980,IL33,IL33,
Gene,5981,IL34,IL34,
Gene,5982,IL36A,IL36A,
Gene,5983,IL36B,IL36B,
Gene,5984,IL36G,IL36G,
Gene,5985,IL36RN,IL36RN,
Gene,5986,IL4,IL4,
Gene,5987,IL4I1,IL4I1,
Gene,5988,IL4R,IL4R,
Gene,5989,IL5,IL5,
Gene,5990,IL5RA,IL5RA,
Gene,5991,IL6,IL6,
Gene,5992,IL6R,IL6R,
Gene,5993,IL6ST,IL6ST,
Gene,5994,IL7,IL7,
Gene,5995,IL7R,IL7R,
Gene,5996,IL9,IL9,
Gene,5997,IL9R,IL9R,
Gene,5998,ILDR1,ILDR1,
Gene,5999,ILDR2,ILDR2,
Gene,6000,ILF2,ILF2,
Gene,6001,ILF3,ILF3,
Gene,6002,ILK,ILK,
Gene,6003,ILVBL,ILVBL,
Gene,6004,IMMP1L,IMMP1L,
Gene,6005,IMMP2L,IMMP2L,
Gene,6006,IMMT,IMMT,
Gene,6007,IMP3,IMP3,
Gene,6008,IMP4,IMP4,
Gene,6009,IMPA1,IMPA1,
Gene,6010,IMPA2,IMPA2,
Gene,6011,IMPACT,IMPACT,
Gene,6012,IMPDH1,IMPDH1,
Gene,6013,IMPDH2,IMPDH2,
Gene,6014,IMPG1,IMPG1,
Gene,6015,IMPG2,IMPG2,
Gene,6016,INAFM1,INAFM1,
Gene,6017,INCENP,INCENP,
Gene,6018,INF2,INF2,
Gene,6019,ING1,ING1,
Gene,6020,ING2,ING2,
Gene,6021,ING3,ING3,
Gene,6022,ING5,ING5,
Gene,6023,INHA,INHA,
Gene,6024,INHBA,INHBA,
Gene,6025,INHBB,INHBB,
Gene,6026,INHBC,INHBC,
Gene,6027,INHBE,INHBE,
Gene,6028,INKA1,INKA1,
Gene,6029,INKA2,INKA2,
Gene,6030,INMT,INMT,
Gene,6031,INO80,INO80,
Gene,6032,INO80B,INO80B,
Gene,6033,INO80C,INO80C,
Gene,6034,INO80E,INO80E,
Gene,6035,INPP1,INPP1,
Gene,6036,INPP4A,INPP4A,
Gene,6037,INPP4B,INPP4B,
Gene,6038,INPP5A,INPP5A,
Gene,6039,INPP5B,INPP5B,
Gene,6040,INPP5D,INPP5D,
Gene,6041,INPP5E,INPP5E,
Gene,6042,INPP5F,INPP5F,
Gene,6043,INPP5J,INPP5J,
Gene,6044,INPP5K,INPP5K,
Gene,6045,INS,INS,
Gene,6046,INSC,INSC,
Gene,6047,INSIG1,INSIG1,
Gene,6048,INSIG2,INSIG2,
Gene,6049,INSL3,INSL3,
Gene,6050,INSM2,INSM2,
Gene,6051,INSR,INSR,
Gene,6052,INTS1,INTS1,
Gene,6053,INTS10,INTS10,
Gene,6054,INTS11,INTS11,
Gene,6055,INTS12,INTS12,
Gene,6056,INTS13,INTS13,
Gene,6057,INTS14,INTS14,
Gene,6058,INTS15,INTS15,
Gene,6059,INTS4,INTS4,
Gene,6060,INTS5,INTS5,
Gene,6061,INTS6,INTS6,
Gene,6062,INTS8,INTS8,
Gene,6063,INTU,INTU,
Gene,6064,IP6K1,IP6K1,
Gene,6065,IP6K2,IP6K2,
Gene,6066,IP6K3,IP6K3,
Gene,6067,IPCEF1,IPCEF1,
Gene,6068,IPMK,IPMK,
Gene,6069,IPO13,IPO13,
Gene,6070,IPO4,IPO4,
Gene,6071,IPO5,IPO5,
Gene,6072,IPO8,IPO8,
Gene,6073,IPP,IPP,
Gene,6074,IQCA1,IQCA1,
Gene,6075,IQCB1,IQCB1,
Gene,6076,IQCF1,IQCF1,
Gene,6077,IQCH-AS1,IQCH-AS1,
Gene,6078,IQCK,IQCK,
Gene,6079,IQCN,IQCN,
Gene,6080,IQGAP1,IQGAP1,
Gene,6081,IQGAP2,IQGAP2,
Gene,6082,IQGAP3,IQGAP3,
Gene,6083,IQSEC1,IQSEC1,
Gene,6084,IQUB,IQUB,
Gene,6085,IRAG1,IRAG1,
Gene,6086,IRAG2,IRAG2,
Gene,6087,IRAK1,IRAK1,
Gene,6088,IRAK1BP1,IRAK1BP1,
Gene,6089,IRAK2,IRAK2,
Gene,6090,IRAK3,IRAK3,
Gene,6091,IRAK4,IRAK4,
Gene,6092,IREB2,IREB2,
Gene,6093,IRF1,IRF1,
Gene,6094,IRF2,IRF2,
Gene,6095,IRF2BP1,IRF2BP1,
Gene,6096,IRF2BP2,IRF2BP2,
Gene,6097,IRF2BPL,IRF2BPL,
Gene,6098,IRF3,IRF3,
Gene,6099,IRF4,IRF4,
Gene,6100,IRF5,IRF5,
Gene,6101,IRF6,IRF6,
Gene,6102,IRF7,IRF7,
Gene,6103,IRF8,IRF8,
Gene,6104,IRF9,IRF9,
Gene,6105,IRGC,IRGC,
Gene,6106,IRGQ,IRGQ,
Gene,6107,IRS1,IRS1,
Gene,6108,IRS2,IRS2,
Gene,6109,IRS4,IRS4,
Gene,6110,IRX1,IRX1,
Gene,6111,IRX3,IRX3,
Gene,6112,IRX4,IRX4,
Gene,6113,IRX5,IRX5,
Gene,6114,IRX6,IRX6,
Gene,6115,ISCA1,ISCA1,
Gene,6116,ISCA2,ISCA2,
Gene,6117,ISG15,ISG15,
Gene,6118,ISG20,ISG20,
Gene,6119,ISG20L2,ISG20L2,
Gene,6120,ISL1,ISL1,
Gene,6121,ISL2,ISL2,
Gene,6122,ISLR,ISLR,
Gene,6123,ISLR2,ISLR2,
Gene,6124,ISM2,ISM2,
Gene,6125,ISOC1,ISOC1,
Gene,6126,IST1,IST1,
Gene,6127,ISX,ISX,
Gene,6128,ISYNA1,ISYNA1,
Gene,6129,ITCH,ITCH,
Gene,6130,ITFG1,ITFG1,
Gene,6131,ITGA1,ITGA1,
Gene,6132,ITGA10,ITGA10,
Gene,6133,ITGA11,ITGA11,
Gene,6134,ITGA2,ITGA2,
Gene,6135,ITGA2B,ITGA2B,
Gene,6136,ITGA3,ITGA3,
Gene,6137,ITGA4,ITGA4,
Gene,6138,ITGA5,ITGA5,
Gene,6139,ITGA6,ITGA6,
Gene,6140,ITGA7,ITGA7,
Gene,6141,ITGA8,ITGA8,
Gene,6142,ITGAE,ITGAE,
Gene,6143,ITGAL,ITGAL,
Gene,6144,ITGAM,ITGAM,
Gene,6145,ITGAV,ITGAV,
Gene,6146,ITGAX,ITGAX,
Gene,6147,ITGB1,ITGB1,
Gene,6148,ITGB2,ITGB2,
Gene,6149,ITGB3,ITGB3,
Gene,6150,ITGB3BP,ITGB3BP,
Gene,6151,ITGB4,ITGB4,
Gene,6152,ITGB5,ITGB5,
Gene,6153,ITGB6,ITGB6,
Gene,6154,ITGB7,ITGB7,
Gene,6155,ITGB8,ITGB8,
Gene,6156,ITGBL1,ITGBL1,
Gene,6157,ITIH1,ITIH1,
Gene,6158,ITIH2,ITIH2,
Gene,6159,ITIH3,ITIH3,
Gene,6160,ITM2A,ITM2A,
Gene,6161,ITM2B,ITM2B,
Gene,6162,ITM2C,ITM2C,
Gene,6163,ITPA,ITPA,
Gene,6164,ITPK1,ITPK1,
Gene,6165,ITPKA,ITPKA,
Gene,6166,ITPKB,ITPKB,
Gene,6167,ITPKC,ITPKC,
Gene,6168,ITPR1,ITPR1,
Gene,6169,ITPR2,ITPR2,
Gene,6170,ITPR3,ITPR3,
Gene,6171,ITPRID1,ITPRID1,
Gene,6172,ITPRID2,ITPRID2,
Gene,6173,ITPRIP,ITPRIP,
Gene,6174,ITPRIPL1,ITPRIPL1,
Gene,6175,ITPRIPL2,ITPRIPL2,
Gene,6176,ITSN1,ITSN1,
Gene,6177,ITSN2,ITSN2,
Gene,6178,IVD,IVD,
Gene,6179,IVL,IVL,
Gene,6180,IVNS1ABP,IVNS1ABP,
Gene,6181,IWS1,IWS1,
Gene,6182,IYD,IYD,
Gene,6183,IZUMO1,IZUMO1,
Gene,6184,IZUMO1R,IZUMO1R,
Gene,6185,Iba1,Iba1,
Gene,6186,Idi2l3,Idi2l3,
Gene,6187,If2,If2,
Gene,6188,Ifi202b,Ifi202b,
Gene,6189,Ifi203,Ifi203,
Gene,6190,Ifi204,Ifi204,
Gene,6191,Ifi205,Ifi205,
Gene,6192,Ifi206,Ifi206,
Gene,6193,Ifi27l2a,Ifi27l2a,
Gene,6194,Ifi27l2b,Ifi27l2b,
Gene,6195,Ifi47,Ifi47,
Gene,6196,Ifit3b,Ifit3b,
Gene,6197,Ifitm7,Ifitm7,
Gene,6198,Igh-6,Igh-6,
Gene,6199,Igh-VJ558,Igh-VJ558,
Gene,6200,Ighg,Ighg,
Gene,6201,Ighg2a,Ighg2a,
Gene,6202,Ighv1-20,Ighv1-20,
Gene,6203,Ighv1-31,Ighv1-31,
Gene,6204,Ighv1-36,Ighv1-36,
Gene,6205,Ighv1-47,Ighv1-47,
Gene,6206,Ighv1-54,Ighv1-54,
Gene,6207,Ighv1-56,Ighv1-56,
Gene,6208,Ighv1-62-1,Ighv1-62-1,
Gene,6209,Ighv1-64,Ighv1-64,
Gene,6210,Ighv1-66,Ighv1-66,
Gene,6211,Ighv1-72,Ighv1-72,
Gene,6212,Ighv1-74,Ighv1-74,
Gene,6213,Ighv1-76,Ighv1-76,
Gene,6214,Ighv1-77,Ighv1-77,
Gene,6215,Ighv1-80,Ighv1-80,
Gene,6216,Ighv10-1,Ighv10-1,
Gene,6217,Ighv14-4,Ighv14-4,
Gene,6218,Ighv3-1,Ighv3-1,
Gene,6219,Ighv4-2,Ighv4-2,
Gene,6220,Ighv5-12-4,Ighv5-12-4,
Gene,6221,Ighv5-9-1,Ighv5-9-1,
Gene,6222,Ighv7-1,Ighv7-1,
Gene,6223,Igk-V1,Igk-V1,
Gene,6224,Igkv1-132,Igkv1-132,
Gene,6225,Igkv1-133,Igkv1-133,
Gene,6226,Igkv1-135,Igkv1-135,
Gene,6227,Igkv1-88,Igkv1-88,
Gene,6228,Igkv11-125,Igkv11-125,
Gene,6229,Igkv13-84,Igkv13-84,
Gene,6230,Igkv14-100,Igkv14-100,
Gene,6231,Igkv14-111,Igkv14-111,
Gene,6232,Igkv15-103,Igkv15-103,
Gene,6233,Igkv19-93,Igkv19-93,
Gene,6234,Igkv2-112,Igkv2-112,
Gene,6235,Igkv2-116,Igkv2-116,
Gene,6236,Igkv3-12,Igkv3-12,
Gene,6237,Igkv3-4,Igkv3-4,
Gene,6238,Igkv3-5,Igkv3-5,
Gene,6239,Igkv4-51,Igkv4-51,
Gene,6240,Igkv4-53,Igkv4-53,
Gene,6241,Igkv4-55,Igkv4-55,
Gene,6242,Igkv4-57,Igkv4-57,
Gene,6243,Igkv4-61,Igkv4-61,
Gene,6244,Igkv4-63,Igkv4-63,
Gene,6245,Igkv4-70,Igkv4-70,
Gene,6246,Igkv4-86,Igkv4-86,
Gene,6247,Igkv4-90,Igkv4-90,
Gene,6248,Igkv5-43,Igkv5-43,
Gene,6249,Igkv5-45,Igkv5-45,
Gene,6250,Igkv6-14,Igkv6-14,
Gene,6251,Igkv6-23,Igkv6-23,
Gene,6252,Igkv6-25,Igkv6-25,
Gene,6253,Igkv6-32,Igkv6-32,
Gene,6254,Igkv7-33,Igkv7-33,
Gene,6255,Igkv8-16,Igkv8-16,
Gene,6256,Igkv8-24,Igkv8-24,
Gene,6257,Igkv8-34,Igkv8-34,
Gene,6258,Igkvk33-85,Igkvk33-85,
Gene,6259,Iglv1,Iglv1,
Gene,6260,Iglv2,Iglv2,
Gene,6261,Igsf7 l1,Igsf7 l1,
Gene,6262,Igtp,Igtp,
Gene,6263,Iigp1,Iigp1,
Gene,6264,Il11ra1,Il11ra1,
Gene,6265,Il11ra2,Il11ra2,
Gene,6266,Il4ra,Il4ra,
Gene,6267,Il6ra,Il6ra,
Gene,6268,Inos,Inos,
Gene,6269,Ins1,Ins1,
Gene,6270,Ins2,Ins2,
Gene,6271,Irgm1,Irgm1,
Gene,6272,Irgm2,Irgm2,
Gene,6273,J5E45_RS14170,J5E45_RS14170,
Gene,6274,JADE2,JADE2,
Gene,6275,JADE3,JADE3,
Gene,6276,JAG1,JAG1,
Gene,6277,JAG2,JAG2,
Gene,6278,JAGN1,JAGN1,
Gene,6279,JAK1,JAK1,
Gene,6280,JAK2,JAK2,
Gene,6281,JAK3,JAK3,
Gene,6282,JAKMIP1,JAKMIP1,
Gene,6283,JAKMIP2,JAKMIP2,
Gene,6284,JAKMIP3,JAKMIP3,
Gene,6285,JAM2,JAM2,
Gene,6286,JAML,JAML,
Gene,6287,JARID2,JARID2,
Gene,6288,JAZF1,JAZF1,
Gene,6289,JCHAIN,JCHAIN,
Gene,6290,JDP2,JDP2,
Gene,6291,JMJD1C,JMJD1C,
Gene,6292,JMJD4,JMJD4,
Gene,6293,JMJD6,JMJD6,
Gene,6294,JMJD7,JMJD7,
Gene,6295,JMY,JMY,
Gene,6296,JOSD1,JOSD1,
Gene,6297,JOSD2,JOSD2,
Gene,6298,JPH1,JPH1,
Gene,6299,JPH2,JPH2,
Gene,6300,JPH3,JPH3,
Gene,6301,JPH4,JPH4,
Gene,6302,JPT1,JPT1,
Gene,6303,JPT2,JPT2,
Gene,6304,JRK,JRK,
Gene,6305,JRKL,JRKL,
Gene,6306,JUN,JUN,
Gene,6307,JUNB,JUNB,
Gene,6308,JUND,JUND,
Gene,6309,JUP,JUP,
Gene,6310,JY391_RS23210,JY391_RS23210,
Gene,6311,KALRN,KALRN,
Gene,6312,KANK1,KANK1,
Gene,6313,KANK2,KANK2,
Gene,6314,KANK3,KANK3,
Gene,6315,KANK4,KANK4,
Gene,6316,KANSL2,KANSL2,
Gene,6317,KANSL3,KANSL3,
Gene,6318,KAT14,KAT14,
Gene,6319,KAT2A,KAT2A,
Gene,6320,KAT2B,KAT2B,
Gene,6321,KAT5,KAT5,
Gene,6322,KAT6A,KAT6A,
Gene,6323,KAT6B,KAT6B,
Gene,6324,KAT7,KAT7,
Gene,6325,KAT8,KAT8,
Gene,6326,KATNAL1,KATNAL1,
Gene,6327,KATNAL2,KATNAL2,
Gene,6328,KATNBL1,KATNBL1,
Gene,6329,KATNIP,KATNIP,
Gene,6330,KAZALD1,KAZALD1,
Gene,6331,KAZN,KAZN,
Gene,6332,KBTBD13,KBTBD13,
Gene,6333,KBTBD2,KBTBD2,
Gene,6334,KBTBD3,KBTBD3,
Gene,6335,KBTBD4,KBTBD4,
Gene,6336,KBTBD6,KBTBD6,
Gene,6337,KBTBD7,KBTBD7,
Gene,6338,KBTBD8,KBTBD8,
Gene,6339,KCMF1,KCMF1,
Gene,6340,KCNA1,KCNA1,
Gene,6341,KCNA10,KCNA10,
Gene,6342,KCNA2,KCNA2,
Gene,6343,KCNA3,KCNA3,
Gene,6344,KCNA4,KCNA4,
Gene,6345,KCNA5,KCNA5,
Gene,6346,KCNA6,KCNA6,
Gene,6347,KCNA7,KCNA7,
Gene,6348,KCNAB1,KCNAB1,
Gene,6349,KCNB1,KCNB1,
Gene,6350,KCNB2,KCNB2,
Gene,6351,KCNC1,KCNC1,
Gene,6352,KCNC2,KCNC2,
Gene,6353,KCNC3,KCNC3,
Gene,6354,KCNC4,KCNC4,
Gene,6355,KCND1,KCND1,
Gene,6356,KCND2,KCND2,
Gene,6357,KCND3,KCND3,
Gene,6358,KCNE1,KCNE1,
Gene,6359,KCNE2,KCNE2,
Gene,6360,KCNE3,KCNE3,
Gene,6361,KCNE5,KCNE5,
Gene,6362,KCNF1,KCNF1,
Gene,6363,KCNG1,KCNG1,
Gene,6364,KCNG2,KCNG2,
Gene,6365,KCNG3,KCNG3,
Gene,6366,KCNG4,KCNG4,
Gene,6367,KCNH1,KCNH1,
Gene,6368,KCNH2,KCNH2,
Gene,6369,KCNH3,KCNH3,
Gene,6370,KCNH4,KCNH4,
Gene,6371,KCNH5,KCNH5,
Gene,6372,KCNH6,KCNH6,
Gene,6373,KCNH7,KCNH7,
Gene,6374,KCNH8,KCNH8,
Gene,6375,KCNIP1,KCNIP1,
Gene,6376,KCNIP2,KCNIP2,
Gene,6377,KCNIP3,KCNIP3,
Gene,6378,KCNJ1,KCNJ1,
Gene,6379,KCNJ10,KCNJ10,
Gene,6380,KCNJ11,KCNJ11,
Gene,6381,KCNJ12,KCNJ12,
Gene,6382,KCNJ13,KCNJ13,
Gene,6383,KCNJ14,KCNJ14,
Gene,6384,KCNJ16,KCNJ16,
Gene,6385,KCNJ2,KCNJ2,
Gene,6386,KCNJ3,KCNJ3,
Gene,6387,KCNJ4,KCNJ4,
Gene,6388,KCNJ5,KCNJ5,
Gene,6389,KCNJ5-AS1,KCNJ5-AS1,
Gene,6390,KCNJ6,KCNJ6,
Gene,6391,KCNJ8,KCNJ8,
Gene,6392,KCNJ9,KCNJ9,
Gene,6393,KCNK10,KCNK10,
Gene,6394,KCNK12,KCNK12,
Gene,6395,KCNK13,KCNK13,
Gene,6396,KCNK15,KCNK15,
Gene,6397,KCNK16,KCNK16,
Gene,6398,KCNK2,KCNK2,
Gene,6399,KCNK3,KCNK3,
Gene,6400,KCNK4,KCNK4,
Gene,6401,KCNK5,KCNK5,
Gene,6402,KCNK6,KCNK6,
Gene,6403,KCNK9,KCNK9,
Gene,6404,KCNMA1,KCNMA1,
Gene,6405,KCNMB1,KCNMB1,
Gene,6406,KCNMB3,KCNMB3,
Gene,6407,KCNMB4,KCNMB4,
Gene,6408,KCNN2,KCNN2,
Gene,6409,KCNN3,KCNN3,
Gene,6410,KCNN4,KCNN4,
Gene,6411,KCNQ1,KCNQ1,
Gene,6412,KCNQ1OT1,KCNQ1OT1,
Gene,6413,KCNQ2,KCNQ2,
Gene,6414,KCNQ3,KCNQ3,
Gene,6415,KCNQ4,KCNQ4,
Gene,6416,KCNQ5,KCNQ5,
Gene,6417,KCNS1,KCNS1,
Gene,6418,KCNS2,KCNS2,
Gene,6419,KCNS3,KCNS3,
Gene,6420,KCNT1,KCNT1,
Gene,6421,KCNT2,KCNT2,
Gene,6422,KCNV1,KCNV1,
Gene,6423,KCNV2,KCNV2,
Gene,6424,KCTD10,KCTD10,
Gene,6425,KCTD12,KCTD12,
Gene,6426,KCTD13,KCTD13,
Gene,6427,KCTD14,KCTD14,
Gene,6428,KCTD15,KCTD15,
Gene,6429,KCTD16,KCTD16,
Gene,6430,KCTD17,KCTD17,
Gene,6431,KCTD19,KCTD19,
Gene,6432,KCTD2,KCTD2,
Gene,6433,KCTD20,KCTD20,
Gene,6434,KCTD3,KCTD3,
Gene,6435,KCTD4,KCTD4,
Gene,6436,KCTD5,KCTD5,
Gene,6437,KCTD6,KCTD6,
Gene,6438,KCTD8,KCTD8,
Gene,6439,KCTD9,KCTD9,
Gene,6440,KDELR1,KDELR1,
Gene,6441,KDELR2,KDELR2,
Gene,6442,KDELR3,KDELR3,
Gene,6443,KDF1,KDF1,
Gene,6444,KDM1A,KDM1A,
Gene,6445,KDM1B,KDM1B,
Gene,6446,KDM2A,KDM2A,
Gene,6447,KDM2B,KDM2B,
Gene,6448,KDM3A,KDM3A,
Gene,6449,KDM3B,KDM3B,
Gene,6450,KDM4A,KDM4A,
Gene,6451,KDM4B,KDM4B,
Gene,6452,KDM4C,KDM4C,
Gene,6453,KDM4D,KDM4D,
Gene,6454,KDM4E,KDM4E,
Gene,6455,KDM5A,KDM5A,
Gene,6456,KDM5C,KDM5C,
Gene,6457,KDM5D,KDM5D,
Gene,6458,KDM6B,KDM6B,
Gene,6459,KDM7A,KDM7A,
Gene,6460,KDM8,KDM8,
Gene,6461,KDR,KDR,
Gene,6462,KDSR,KDSR,
Gene,6463,KEAP1,KEAP1,
Gene,6464,KEL,KEL,
Gene,6465,KERA,KERA,
Gene,6466,KGD4,KGD4,
Gene,6467,KHDC4,KHDC4,
Gene,6468,KHDRBS1,KHDRBS1,
Gene,6469,KHDRBS2,KHDRBS2,
Gene,6470,KHK,KHK,
Gene,6471,KHNYN,KHNYN,
Gene,6472,KHSRP,KHSRP,
Gene,6473,KIAA0319L,KIAA0319L,
Gene,6474,KIAA0753,KIAA0753,
Gene,6475,KIAA0825,KIAA0825,
Gene,6476,KIAA0930,KIAA0930,
Gene,6477,KIAA1143,KIAA1143,
Gene,6478,KIAA1191,KIAA1191,
Gene,6479,KIAA1217,KIAA1217,
Gene,6480,KIAA1328,KIAA1328,
Gene,6481,KIAA1586,KIAA1586,
Gene,6482,KIAA1671,KIAA1671,
Gene,6483,KIAA2013,KIAA2013,
Gene,6484,KICS2,KICS2,
Gene,6485,KIDINS220,KIDINS220,
Gene,6486,KIF11,KIF11,
Gene,6487,KIF13A,KIF13A,
Gene,6488,KIF13B,KIF13B,
Gene,6489,KIF14,KIF14,
Gene,6490,KIF15,KIF15,
Gene,6491,KIF16B,KIF16B,
Gene,6492,KIF17,KIF17,
Gene,6493,KIF18A,KIF18A,
Gene,6494,KIF18B,KIF18B,
Gene,6495,KIF19,KIF19,
Gene,6496,KIF1A,KIF1A,
Gene,6497,KIF1B,KIF1B,
Gene,6498,KIF1C,KIF1C,
Gene,6499,KIF20A,KIF20A,
Gene,6500,KIF20B,KIF20B,
Gene,6501,KIF21A,KIF21A,
Gene,6502,KIF21B,KIF21B,
Gene,6503,KIF22,KIF22,
Gene,6504,KIF23,KIF23,
Gene,6505,KIF24,KIF24,
Gene,6506,KIF26A,KIF26A,
Gene,6507,KIF26B,KIF26B,
Gene,6508,KIF27,KIF27,
Gene,6509,KIF2A,KIF2A,
Gene,6510,KIF2C,KIF2C,
Gene,6511,KIF3A,KIF3A,
Gene,6512,KIF3C,KIF3C,
Gene,6513,KIF4A,KIF4A,
Gene,6514,KIF5A,KIF5A,
Gene,6515,KIF5B,KIF5B,
Gene,6516,KIF5C,KIF5C,
Gene,6517,KIF6,KIF6,
Gene,6518,KIF7,KIF7,
Gene,6519,KIF9,KIF9,
Gene,6520,KIFAP3,KIFAP3,
Gene,6521,KIFBP,KIFBP,
Gene,6522,KIFC1,KIFC1,
Gene,6523,KIFC2,KIFC2,
Gene,6524,KIFC3,KIFC3,
Gene,6525,KIR2DL3,KIR2DL3,
Gene,6526,KIR2DL4,KIR2DL4,
Gene,6527,KIR2DS5,KIR2DS5,
Gene,6528,KIR3DL3,KIR3DL3,
Gene,6529,KIR3DX1,KIR3DX1,
Gene,6530,KIRREL1,KIRREL1,
Gene,6531,KIRREL2,KIRREL2,
Gene,6532,KISS1,KISS1,
Gene,6533,KISS1R,KISS1R,
Gene,6534,KIT,KIT,
Gene,6535,KITLG,KITLG,
Gene,6536,KIZ,KIZ,
Gene,6537,KL,KL,
Gene,6538,KLB,KLB,
Gene,6539,KLC1,KLC1,
Gene,6540,KLC2,KLC2,
Gene,6541,KLC4,KLC4,
Gene,6542,KLF10,KLF10,
Gene,6543,KLF11,KLF11,
Gene,6544,KLF12,KLF12,
Gene,6545,KLF13,KLF13,
Gene,6546,KLF14,KLF14,
Gene,6547,KLF15,KLF15,
Gene,6548,KLF16,KLF16,
Gene,6549,KLF2,KLF2,
Gene,6550,KLF3,KLF3,
Gene,6551,KLF4,KLF4,
Gene,6552,KLF5,KLF5,
Gene,6553,KLF6,KLF6,
Gene,6554,KLF7,KLF7,
Gene,6555,KLF8,KLF8,
Gene,6556,KLF9,KLF9,
Gene,6557,KLHDC10,KLHDC10,
Gene,6558,KLHDC2,KLHDC2,
Gene,6559,KLHDC3,KLHDC3,
Gene,6560,KLHDC4,KLHDC4,
Gene,6561,KLHDC7A,KLHDC7A,
Gene,6562,KLHDC8A,KLHDC8A,
Gene,6563,KLHL13,KLHL13,
Gene,6564,KLHL14,KLHL14,
Gene,6565,KLHL15,KLHL15,
Gene,6566,KLHL18,KLHL18,
Gene,6567,KLHL2,KLHL2,
Gene,6568,KLHL20,KLHL20,
Gene,6569,KLHL21,KLHL21,
Gene,6570,KLHL22,KLHL22,
Gene,6571,KLHL23,KLHL23,
Gene,6572,KLHL24,KLHL24,
Gene,6573,KLHL25,KLHL25,
Gene,6574,KLHL28,KLHL28,
Gene,6575,KLHL29,KLHL29,
Gene,6576,KLHL32,KLHL32,
Gene,6577,KLHL38,KLHL38,
Gene,6578,KLHL4,KLHL4,
Gene,6579,KLHL40,KLHL40,
Gene,6580,KLHL41,KLHL41,
Gene,6581,KLHL42,KLHL42,
Gene,6582,KLHL5,KLHL5,
Gene,6583,KLHL6,KLHL6,
Gene,6584,KLHL7,KLHL7,
Gene,6585,KLHL8,KLHL8,
Gene,6586,KLHL9,KLHL9,
Gene,6587,KLK1,KLK1,
Gene,6588,KLK11,KLK11,
Gene,6589,KLK13,KLK13,
Gene,6590,KLK2,KLK2,
Gene,6591,KLK3,KLK3,
Gene,6592,KLK4,KLK4,
Gene,6593,KLK5,KLK5,
Gene,6594,KLK6,KLK6,
Gene,6595,KLKB1,KLKB1,
Gene,6596,KLRC1,KLRC1,
Gene,6597,KLRC2,KLRC2,
Gene,6598,KLRC3,KLRC3,
Gene,6599,KLRD1,KLRD1,
Gene,6600,KLRG1,KLRG1,
Gene,6601,KLRK1,KLRK1,
Gene,6602,KMO,KMO,
Gene,6603,KMT2A,KMT2A,
Gene,6604,KMT2B,KMT2B,
Gene,6605,KMT2C,KMT2C,
Gene,6606,KMT2D,KMT2D,
Gene,6607,KMT2E,KMT2E,
Gene,6608,KMT5A,KMT5A,
Gene,6609,KMT5B,KMT5B,
Gene,6610,KNDC1,KNDC1,
Gene,6611,KNG1,KNG1,
Gene,6612,KNL1,KNL1,
Gene,6613,KNOP1,KNOP1,
Gene,6614,KNSTRN,KNSTRN,
Gene,6615,KNTC1,KNTC1,
Gene,6616,KPNA1,KPNA1,
Gene,6617,KPNA2,KPNA2,
Gene,6618,KPNA3,KPNA3,
Gene,6619,KPNA4,KPNA4,
Gene,6620,KPNA5,KPNA5,
Gene,6621,KPNA6,KPNA6,
Gene,6622,KPNA7,KPNA7,
Gene,6623,KPNB1,KPNB1,
Gene,6624,KPRP,KPRP,
Gene,6625,KRAS,KRAS,
Gene,6626,KRBA1,KRBA1,
Gene,6627,KRBA2,KRBA2,
Gene,6628,KRBOX4,KRBOX4,
Gene,6629,KRCC1,KRCC1,
Gene,6630,KREMEN2,KREMEN2,
Gene,6631,KRI1,KRI1,
Gene,6632,KRIT1,KRIT1,
Gene,6633,KRR1,KRR1,
Gene,6634,KRT1,KRT1,
Gene,6635,KRT12,KRT12,
Gene,6636,KRT13,KRT13,
Gene,6637,KRT14,KRT14,
Gene,6638,KRT15,KRT15,
Gene,6639,KRT16,KRT16,
Gene,6640,KRT17,KRT17,
Gene,6641,KRT17P3,KRT17P3,
Gene,6642,KRT18,KRT18,
Gene,6643,KRT19,KRT19,
Gene,6644,KRT2,KRT2,
Gene,6645,KRT20,KRT20,
Gene,6646,KRT23,KRT23,
Gene,6647,KRT24,KRT24,
Gene,6648,KRT25,KRT25,
Gene,6649,KRT26,KRT26,
Gene,6650,KRT27,KRT27,
Gene,6651,KRT28,KRT28,
Gene,6652,KRT31,KRT31,
Gene,6653,KRT33A,KRT33A,
Gene,6654,KRT33B,KRT33B,
Gene,6655,KRT34,KRT34,
Gene,6656,KRT4,KRT4,
Gene,6657,KRT5,KRT5,
Gene,6658,KRT6A,KRT6A,
Gene,6659,KRT6B,KRT6B,
Gene,6660,KRT6C,KRT6C,
Gene,6661,KRT7,KRT7,
Gene,6662,KRT72,KRT72,
Gene,6663,KRT75,KRT75,
Gene,6664,KRT76,KRT76,
Gene,6665,KRT77,KRT77,
Gene,6666,KRT78,KRT78,
Gene,6667,KRT8,KRT8,
Gene,6668,KRT80,KRT80,
Gene,6669,KRT81,KRT81,
Gene,6670,KRT84,KRT84,
Gene,6671,KRT86,KRT86,
Gene,6672,KRT8P12,KRT8P12,
Gene,6673,KRTAP1-5,KRTAP1-5,
Gene,6674,KRTAP10-5,KRTAP10-5,
Gene,6675,KRTAP10-7,KRTAP10-7,
Gene,6676,KRTAP12-2,KRTAP12-2,
Gene,6677,KRTAP13-2,KRTAP13-2,
Gene,6678,KRTAP15-1,KRTAP15-1,
Gene,6679,KRTAP19-4,KRTAP19-4,
Gene,6680,KRTAP2-2,KRTAP2-2,
Gene,6681,KRTAP2-4,KRTAP2-4,
Gene,6682,KRTAP3-2,KRTAP3-2,
Gene,6683,KRTAP4-16,KRTAP4-16,
Gene,6684,KRTAP5-2,KRTAP5-2,
Gene,6685,KRTAP5-3,KRTAP5-3,
Gene,6686,KRTAP8-1,KRTAP8-1,
Gene,6687,KRTAP9-9,KRTAP9-9,
Gene,6688,KRTCAP2,KRTCAP2,
Gene,6689,KSR1,KSR1,
Gene,6690,KTI12,KTI12,
Gene,6691,KTN1,KTN1,
Gene,6692,KXD1,KXD1,
Gene,6693,KY,KY,
Gene,6694,KYAT3,KYAT3,
Gene,6695,KYNU,KYNU,
Gene,6696,Kap,Kap,
Gene,6697,Kcna2,Kcna2,
Gene,6698,Kcna4,Kcna4,
Gene,6699,Kcna7,Kcna7,
Gene,6700,Kcnb1,Kcnb1,
Gene,6701,Kcnc1,Kcnc1,
Gene,6702,Kcnc2,Kcnc2,
Gene,6703,Kcnc3,Kcnc3,
Gene,6704,Kcnd1,Kcnd1,
Gene,6705,Kcnd2,Kcnd2,
Gene,6706,Kcnd3,Kcnd3,
Gene,6707,Kcnmb4os2,Kcnmb4os2,
Gene,6708,Khdc1a,Khdc1a,
Gene,6709,Khdc1b,Khdc1b,
Gene,6710,Kif19b,Kif19b,
Gene,6711,Kif4,Kif4,
Gene,6712,Kitl,Kitl,
Gene,6713,Klk1b11,Klk1b11,
Gene,6714,Klk1b21,Klk1b21,
Gene,6715,Klk1b3,Klk1b3,
Gene,6716,Klk1b4,Klk1b4,
Gene,6717,Klk1b5,Klk1b5,
Gene,6718,Klk1b8,Klk1b8,
Gene,6719,Klra12,Klra12,
Gene,6720,Klra13-ps,Klra13-ps,
Gene,6721,Klra15,Klra15,
Gene,6722,Klra18,Klra18,
Gene,6723,Klra2,Klra2,
Gene,6724,Klra20,Klra20,
Gene,6725,Klra22,Klra22,
Gene,6726,Klra23,Klra23,
Gene,6727,Klra3,Klra3,
Gene,6728,Klra5,Klra5,
Gene,6729,Klra6,Klra6,
Gene,6730,Klrb1f,Klrb1f,
Gene,6731,Klre1,Klre1,
Gene,6732,Klri2,Klri2,
Gene,6733,Kng2,Kng2,
Gene,6734,Krt42,Krt42,
Gene,6735,Krt87,Krt87,
Gene,6736,Krtap13,Krtap13,
Gene,6737,Krtap14l,Krtap14l,
Gene,6738,Krtap31-1,Krtap31-1,
Gene,6739,Krtap9-5,Krtap9-5,
Gene,6740,L1CAM,L1CAM,
Gene,6741,L1Md-A1,L1Md-A1,
Gene,6742,L3,L3,
Gene,6743,L3HYPDH,L3HYPDH,
Gene,6744,L3MBTL1,L3MBTL1,
Gene,6745,L3MBTL2,L3MBTL2,
Gene,6746,LACTB,LACTB,
Gene,6747,LACTB2,LACTB2,
Gene,6748,LAD1,LAD1,
Gene,6749,LAG3,LAG3,
Gene,6750,LAGE3,LAGE3,
Gene,6751,LAIR1,LAIR1,
Gene,6752,LAIR2,LAIR2,
Gene,6753,LALBA,LALBA,
Gene,6754,LAMA1,LAMA1,
Gene,6755,LAMA2,LAMA2,
Gene,6756,LAMA3,LAMA3,
Gene,6757,LAMA4,LAMA4,
Gene,6758,LAMB1,LAMB1,
Gene,6759,LAMB2,LAMB2,
Gene,6760,LAMB3,LAMB3,
Gene,6761,LAMC1,LAMC1,
Gene,6762,LAMC2,LAMC2,
Gene,6763,LAMC3,LAMC3,
Gene,6764,LAMP1,LAMP1,
Gene,6765,LAMP2,LAMP2,
Gene,6766,LAMP3,LAMP3,
Gene,6767,LAMTOR1,LAMTOR1,
Gene,6768,LAMTOR2,LAMTOR2,
Gene,6769,LAMTOR3,LAMTOR3,
Gene,6770,LAMTOR4,LAMTOR4,
Gene,6771,LAMTOR5,LAMTOR5,
Gene,6772,LANCL1,LANCL1,
Gene,6773,LANCL3,LANCL3,
Gene,6774,LAP3,LAP3,
Gene,6775,LAPTM5,LAPTM5,
Gene,6776,LARGE1,LARGE1,
Gene,6777,LARP1,LARP1,
Gene,6778,LARP4,LARP4,
Gene,6779,LARP4B,LARP4B,
Gene,6780,LARP6,LARP6,
Gene,6781,LARP7,LARP7,
Gene,6782,LARS1,LARS1,
Gene,6783,LASP1,LASP1,
Gene,6784,LAT,LAT,
Gene,6785,LAT2,LAT2,
Gene,6786,LATS1,LATS1,
Gene,6787,LATS2,LATS2,
Gene,6788,LAX1,LAX1,
Gene,6789,LBH,LBH,
Gene,6790,LBHD1,LBHD1,
Gene,6791,LBP,LBP,
Gene,6792,LBR,LBR,
Gene,6793,LBX2,LBX2,
Gene,6794,LBX2-AS1,LBX2-AS1,
Gene,6795,LCA5L,LCA5L,
Gene,6796,LCAT,LCAT,
Gene,6797,LCK,LCK,
Gene,6798,LCLAT1,LCLAT1,
Gene,6799,LCMT1,LCMT1,
Gene,6800,LCMT2,LCMT2,
Gene,6801,LCN12,LCN12,
Gene,6802,LCN15,LCN15,
Gene,6803,LCN2,LCN2,
Gene,6804,LCN6,LCN6,
Gene,6805,LCOR,LCOR,
Gene,6806,LCORL,LCORL,
Gene,6807,LCP1,LCP1,
Gene,6808,LCP2,LCP2,
Gene,6809,LCT,LCT,
Gene,6810,LCTL,LCTL,
Gene,6811,LDAF1,LDAF1,
Gene,6812,LDAH,LDAH,
Gene,6813,LDB1,LDB1,
Gene,6814,LDB2,LDB2,
Gene,6815,LDB3,LDB3,
Gene,6816,LDHA,LDHA,
Gene,6817,LDHB,LDHB,
Gene,6818,LDHC,LDHC,
Gene,6819,LDHD,LDHD,
Gene,6820,LDLR,LDLR,
Gene,6821,LDLRAD2,LDLRAD2,
Gene,6822,LDLRAD3,LDLRAD3,
Gene,6823,LDLRAD4,LDLRAD4,
Gene,6824,LDLRAP1,LDLRAP1,
Gene,6825,LDOC1,LDOC1,
Gene,6826,LEAP2,LEAP2,
Gene,6827,LEF1,LEF1,
Gene,6828,LEFTY1,LEFTY1,
Gene,6829,LEFTY2,LEFTY2,
Gene,6830,LEMD1,LEMD1,
Gene,6831,LEMD2,LEMD2,
Gene,6832,LENG1,LENG1,
Gene,6833,LENG8,LENG8,
Gene,6834,LEO1,LEO1,
Gene,6835,LEP,LEP,
Gene,6836,LEPR,LEPR,
Gene,6837,LEPROT,LEPROT,
Gene,6838,LEPROTL1,LEPROTL1,
Gene,6839,LETM2,LETM2,
Gene,6840,LETMD1,LETMD1,
Gene,6841,LFNG,LFNG,
Gene,6842,LGALS1,LGALS1,
Gene,6843,LGALS2,LGALS2,
Gene,6844,LGALS3,LGALS3,
Gene,6845,LGALS3BP,LGALS3BP,
Gene,6846,LGALS4,LGALS4,
Gene,6847,LGALS7,LGALS7,
Gene,6848,LGALS7B,LGALS7B,
Gene,6849,LGALS8,LGALS8,
Gene,6850,LGALS9,LGALS9,
Gene,6851,LGALSL,LGALSL,
Gene,6852,LGI2,LGI2,
Gene,6853,LGI3,LGI3,
Gene,6854,LGI4,LGI4,
Gene,6855,LGMN,LGMN,
Gene,6856,LGR4,LGR4,
Gene,6857,LGR5,LGR5,8549
Gene,6858,LGR6,LGR6,
Gene,6859,LGSN,LGSN,
Gene,6860,LGTN,LGTN,
Gene,6861,LHB,LHB,
Gene,6862,LHCGR,LHCGR,
Gene,6863,LHFPL2,LHFPL2,
Gene,6864,LHFPL3,LHFPL3,
Gene,6865,LHFPL4,LHFPL4,
Gene,6866,LHFPL6,LHFPL6,
Gene,6867,LHPP,LHPP,
Gene,6868,LHX1,LHX1,
Gene,6869,LHX3,LHX3,
Gene,6870,LHX4,LHX4,
Gene,6871,LHX5,LHX5,
Gene,6872,LHX6,LHX6,
Gene,6873,LHX9,LHX9,
Gene,6874,LIAS,LIAS,
Gene,6875,LIF,LIF,
Gene,6876,LIFR,LIFR,
Gene,6877,LIG1,LIG1,
Gene,6878,LIG3,LIG3,
Gene,6879,LIG4,LIG4,
Gene,6880,LILRA5,LILRA5,
Gene,6881,LILRB1,LILRB1,
Gene,6882,LILRB3,LILRB3,
Gene,6883,LILRB4,LILRB4,
Gene,6884,LIM2,LIM2,
Gene,6885,LIMA1,LIMA1,
Gene,6886,LIMCH1,LIMCH1,
Gene,6887,LIMD1,LIMD1,
Gene,6888,LIMD2,LIMD2,
Gene,6889,LIMK1,LIMK1,
Gene,6890,LIMK2,LIMK2,
Gene,6891,LIMS1,LIMS1,
Gene,6892,LIN28A,LIN28A,
Gene,6893,LIN28B,LIN28B,
Gene,6894,LIN37,LIN37,
Gene,6895,LIN54,LIN54,
Gene,6896,LIN7A,LIN7A,
Gene,6897,LIN7B,LIN7B,
Gene,6898,LIN9,LIN9,
Gene,6899,LINC-PINT,LINC-PINT,
Gene,6900,LINC00261,LINC00261,
Gene,6901,LINC00265,LINC00265,
Gene,6902,LINC00312,LINC00312,
Gene,6903,LINC00324,LINC00324,
Gene,6904,LINC00460,LINC00460,
Gene,6905,LINC00472,LINC00472,
Gene,6906,LINC00526,LINC00526,
Gene,6907,LINC00574,LINC00574,
Gene,6908,LINC00596,LINC00596,
Gene,6909,LINC00700,LINC00700,
Gene,6910,LINC00702,LINC00702,
Gene,6911,LINC00705,LINC00705,
Gene,6912,LINC00844,LINC00844,
Gene,6913,LINC00880,LINC00880,
Gene,6914,LINC00887,LINC00887,
Gene,6915,LINC00899,LINC00899,
Gene,6916,LINC00906,LINC00906,
Gene,6917,LINC00957,LINC00957,
Gene,6918,LINC01002,LINC01002,
Gene,6919,LINC01004,LINC01004,
Gene,6920,LINC01085,LINC01085,
Gene,6921,LINC01088,LINC01088,
Gene,6922,LINC01093,LINC01093,
Gene,6923,LINC01141,LINC01141,
Gene,6924,LINC01165,LINC01165,
Gene,6925,LINC01205,LINC01205,
Gene,6926,LINC01235,LINC01235,
Gene,6927,LINC01239,LINC01239,
Gene,6928,LINC01278,LINC01278,
Gene,6929,LINC01312,LINC01312,
Gene,6930,LINC01340,LINC01340,
Gene,6931,LINC01411,LINC01411,
Gene,6932,LINC01524,LINC01524,
Gene,6933,LINC01551,LINC01551,
Gene,6934,LINC01554,LINC01554,
Gene,6935,LINC01558,LINC01558,
Gene,6936,LINC01564,LINC01564,
Gene,6937,LINC01572,LINC01572,
Gene,6938,LINC01580,LINC01580,
Gene,6939,LINC01587,LINC01587,
Gene,6940,LINC01787,LINC01787,
Gene,6941,LINC01954,LINC01954,
Gene,6942,LINC02027,LINC02027,
Gene,6943,LINC02166,LINC02166,
Gene,6944,LINC02257,LINC02257,
Gene,6945,LINC02269,LINC02269,
Gene,6946,LINC02381,LINC02381,
Gene,6947,LINC02499,LINC02499,
Gene,6948,LINC02535,LINC02535,
Gene,6949,LINC02762,LINC02762,
Gene,6950,LINC02817,LINC02817,
Gene,6951,LINC03040,LINC03040,
Gene,6952,LINC03122,LINC03122,
Gene,6953,LINGO1,LINGO1,
Gene,6954,LINGO2,LINGO2,
Gene,6955,LINGO3,LINGO3,
Gene,6956,LINGO4,LINGO4,
Gene,6957,LIPA,LIPA,
Gene,6958,LIPC,LIPC,
Gene,6959,LIPE,LIPE,
Gene,6960,LIPF,LIPF,
Gene,6961,LIPG,LIPG,
Gene,6962,LIPH,LIPH,
Gene,6963,LIPT1,LIPT1,
Gene,6964,LIPT2,LIPT2,
Gene,6965,LITAF,LITAF,
Gene,6966,LIX1,LIX1,
Gene,6967,LIX1L,LIX1L,
Gene,6968,LLCFC1,LLCFC1,
Gene,6969,LLGL1,LLGL1,
Gene,6970,LLGL2,LLGL2,
Gene,6971,LMAN1,LMAN1,
Gene,6972,LMAN2,LMAN2,
Gene,6973,LMAN2L,LMAN2L,
Gene,6974,LMBR1L,LMBR1L,
Gene,6975,LMBRD1,LMBRD1,
Gene,6976,LMCD1,LMCD1,
Gene,6977,LMF2,LMF2,
Gene,6978,LMLN,LMLN,
Gene,6979,LMNA,LMNA,
Gene,6980,LMNB1,LMNB1,
Gene,6981,LMNB2,LMNB2,
Gene,6982,LMO1,LMO1,
Gene,6983,LMO2,LMO2,
Gene,6984,LMO3,LMO3,
Gene,6985,LMO4,LMO4,
Gene,6986,LMO7,LMO7,
Gene,6987,LMOD1,LMOD1,
Gene,6988,LMOD3,LMOD3,
Gene,6989,LMTK3,LMTK3,
Gene,6990,LMX1A,LMX1A,
Gene,6991,LNCOC1,LNCOC1,
Gene,6992,LNP1,LNP1,
Gene,6993,LNPEP,LNPEP,
Gene,6994,LNX1,LNX1,
Gene,6995,LNX2,LNX2,
Gene,6996,LOC615026,LOC615026,
Gene,6997,LONP1,LONP1,
Gene,6998,LONRF1,LONRF1,
Gene,6999,LONRF2,LONRF2,
Gene,7000,LONRF3,LONRF3,
Gene,7001,LORICRIN,LORICRIN,
Gene,7002,LOX,LOX,
Gene,7003,LOX1.1,LOX1.1,
Gene,7004,LOX3,LOX3,
Gene,7005,LOXHD1,LOXHD1,
Gene,7006,LOXL2,LOXL2,
Gene,7007,LPA,LPA,
Gene,7008,LPAR1,LPAR1,
Gene,7009,LPAR2,LPAR2,
Gene,7010,LPAR3,LPAR3,
Gene,7011,LPAR5,LPAR5,
Gene,7012,LPAR6,LPAR6,
Gene,7013,LPCAT1,LPCAT1,
Gene,7014,LPCAT2,LPCAT2,
Gene,7015,LPCAT3,LPCAT3,
Gene,7016,LPCAT4,LPCAT4,
Gene,7017,LPGAT1,LPGAT1,
Gene,7018,LPIN1,LPIN1,
Gene,7019,LPIN2,LPIN2,
Gene,7020,LPIN3,LPIN3,
Gene,7021,LPL,LPL,
Gene,7022,LPO,LPO,
Gene,7023,LPP,LPP,
Gene,7024,LPXN,LPXN,
Gene,7025,LRAT,LRAT,
Gene,7026,LRATD1,LRATD1,
Gene,7027,LRATD2,LRATD2,
Gene,7028,LRBA,LRBA,
Gene,7029,LRCH1,LRCH1,
Gene,7030,LRCH4,LRCH4,
Gene,7031,LRFN1,LRFN1,
Gene,7032,LRFN2,LRFN2,
Gene,7033,LRG1,LRG1,
Gene,7034,LRGUK,LRGUK,
Gene,7035,LRIG1,LRIG1,
Gene,7036,LRIG3,LRIG3,
Gene,7037,LRIT1,LRIT1,
Gene,7038,LRMDA,LRMDA,
Gene,7039,LRP1,LRP1,
Gene,7040,LRP10,LRP10,
Gene,7041,LRP1B,LRP1B,
Gene,7042,LRP2,LRP2,
Gene,7043,LRP3,LRP3,
Gene,7044,LRP4,LRP4,
Gene,7045,LRP5,LRP5,
Gene,7046,LRP5L,LRP5L,
Gene,7047,LRP6,LRP6,
Gene,7048,LRP8,LRP8,
Gene,7049,LRPPRC,LRPPRC,
Gene,7050,LRRC1,LRRC1,
Gene,7051,LRRC10B,LRRC10B,
Gene,7052,LRRC15,LRRC15,
Gene,7053,LRRC17,LRRC17,
Gene,7054,LRRC2,LRRC2,
Gene,7055,LRRC20,LRRC20,
Gene,7056,LRRC25,LRRC25,
Gene,7057,LRRC26,LRRC26,
Gene,7058,LRRC27,LRRC27,
Gene,7059,LRRC3,LRRC3,
Gene,7060,LRRC32,LRRC32,
Gene,7061,LRRC34,LRRC34,
Gene,7062,LRRC37A11P,LRRC37A11P,
Gene,7063,LRRC37A3,LRRC37A3,
Gene,7064,LRRC37B,LRRC37B,
Gene,7065,LRRC37BP1,LRRC37BP1,
Gene,7066,LRRC39,LRRC39,
Gene,7067,LRRC3B,LRRC3B,
Gene,7068,LRRC41,LRRC41,
Gene,7069,LRRC43,LRRC43,
Gene,7070,LRRC45,LRRC45,
Gene,7071,LRRC47,LRRC47,
Gene,7072,LRRC4B,LRRC4B,
Gene,7073,LRRC4C,LRRC4C,
Gene,7074,LRRC51,LRRC51,
Gene,7075,LRRC52,LRRC52,
Gene,7076,LRRC58,LRRC58,
Gene,7077,LRRC59,LRRC59,
Gene,7078,LRRC63,LRRC63,
Gene,7079,LRRC7,LRRC7,
Gene,7080,LRRC71,LRRC71,
Gene,7081,LRRC73,LRRC73,
Gene,7082,LRRC74A,LRRC74A,
Gene,7083,LRRC8A,LRRC8A,
Gene,7084,LRRC8B,LRRC8B,
Gene,7085,LRRC8C,LRRC8C,
Gene,7086,LRRC8D,LRRC8D,
Gene,7087,LRRC9,LRRC9,
Gene,7088,LRRCC1,LRRCC1,
Gene,7089,LRRFIP1,LRRFIP1,
Gene,7090,LRRIQ1,LRRIQ1,
Gene,7091,LRRIQ3,LRRIQ3,
Gene,7092,LRRK1,LRRK1,
Gene,7093,LRRK2,LRRK2,
Gene,7094,LRRN1,LRRN1,
Gene,7095,LRRN2,LRRN2,
Gene,7096,LRRN3,LRRN3,
Gene,7097,LRRN4,LRRN4,
Gene,7098,LRRTM1,LRRTM1,
Gene,7099,LRSAM1,LRSAM1,
Gene,7100,LRTOMT,LRTOMT,
Gene,7101,LRWD1,LRWD1,
Gene,7102,LSG1,LSG1,
Gene,7103,LSM1,LSM1,
Gene,7104,LSM11,LSM11,
Gene,7105,LSM12,LSM12,
Gene,7106,LSM14A,LSM14A,
Gene,7107,LSM14B,LSM14B,
Gene,7108,LSM2,LSM2,
Gene,7109,LSM4,LSM4,
Gene,7110,LSM6,LSM6,
Gene,7111,LSM7,LSM7,
Gene,7112,LSMEM1,LSMEM1,
Gene,7113,LSP1,LSP1,
Gene,7114,LSR,LSR,
Gene,7115,LSS,LSS,
Gene,7116,LST1,LST1,
Gene,7117,LTA,LTA,
Gene,7118,LTA4H,LTA4H,
Gene,7119,LTB,LTB,
Gene,7120,LTB4R,LTB4R,
Gene,7121,LTB4R2,LTB4R2,
Gene,7122,LTBP1,LTBP1,
Gene,7123,LTBP2,LTBP2,
Gene,7124,LTBP4,LTBP4,
Gene,7125,LTBR,LTBR,
Gene,7126,LTC4S,LTC4S,
Gene,7127,LTF,LTF,
Gene,7128,LTN1,LTN1,
Gene,7129,LTV1,LTV1,
Gene,7130,LUC7L,LUC7L,
Gene,7131,LUC7L2,LUC7L2,
Gene,7132,LUC7L3,LUC7L3,
Gene,7133,LUCAT1,LUCAT1,
Gene,7134,LUM,LUM,
Gene,7135,LUZP1,LUZP1,
Gene,7136,LUZP2,LUZP2,
Gene,7137,LXN,LXN,
Gene,7138,LY6D,LY6D,
Gene,7139,LY6E,LY6E,
Gene,7140,LY6G6C,LY6G6C,
Gene,7141,LY6G6D,LY6G6D,
Gene,7142,LY6G6E,LY6G6E,
Gene,7143,LY6G6F,LY6G6F,
Gene,7144,LY6K,LY6K,
Gene,7145,LY75,LY75,
Gene,7146,LY9,LY9,
Gene,7147,LY96,LY96,
Gene,7148,LYAR,LYAR,
Gene,7149,LYN,LYN,
Gene,7150,LYNX1,LYNX1,
Gene,7151,LYPD1,LYPD1,
Gene,7152,LYPD5,LYPD5,
Gene,7153,LYPD6,LYPD6,
Gene,7154,LYPD6B,LYPD6B,
Gene,7155,LYPLA1,LYPLA1,
Gene,7156,LYPLA2,LYPLA2,
Gene,7157,LYPLAL1,LYPLAL1,
Gene,7158,LYRM1,LYRM1,
Gene,7159,LYRM2,LYRM2,
Gene,7160,LYRM4,LYRM4,
Gene,7161,LYRM7,LYRM7,
Gene,7162,LYRM9,LYRM9,
Gene,7163,LYSMD1,LYSMD1,
Gene,7164,LYSMD2,LYSMD2,
Gene,7165,LYSMD3,LYSMD3,
Gene,7166,LYVE1,LYVE1,
Gene,7167,LYZ,LYZ,
Gene,7168,LYZL1,LYZL1,
Gene,7169,LZTFL1,LZTFL1,
Gene,7170,LZTR1,LZTR1,
Gene,7171,LZTS1,LZTS1,
Gene,7172,LZTS2,LZTS2,
Gene,7173,Lce1i,Lce1i,
Gene,7174,Lce1l,Lce1l,
Gene,7175,Lcn11,Lcn11,
Gene,7176,Lcn3,Lcn3,
Gene,7177,Lcn5,Lcn5,
Gene,7178,Ldh,Ldh,
Gene,7179,Lgals5,Lgals5,
Gene,7180,Lip1,Lip1,
Gene,7181,Lip3,Lip3,
Gene,7182,Lipo2,Lipo2,
Gene,7183,Lrap,Lrap,
Gene,7184,Ly49i2,Ly49i2,
Gene,7185,Ly6a,Ly6a,
Gene,7186,Ly6c,Ly6c,
Gene,7187,Ly6c1,Ly6c1,
Gene,7188,Ly6c2,Ly6c2,
Gene,7189,Ly6f,Ly6f,
Gene,7190,Ly6i,Ly6i,
Gene,7191,Lypd9,Lypd9,
Gene,7192,Lyz1,Lyz1,
Gene,7193,Lyz2,Lyz2,
Gene,7194,M1AP,M1AP,
Gene,7195,M6PR,M6PR,
Gene,7196,MAB21L1,MAB21L1,
Gene,7197,MAB21L4,MAB21L4,
Gene,7198,MACF1,MACF1,
Gene,7199,MACIR,MACIR,
Gene,7200,MACROD1,MACROD1,
Gene,7201,MACROD2,MACROD2,
Gene,7202,MACROH2A2,MACROH2A2,
Gene,7203,MAD1L1,MAD1L1,
Gene,7204,MAD2L1,MAD2L1,
Gene,7205,MADD,MADD,
Gene,7206,MAEA,MAEA,
Gene,7207,MAEL,MAEL,
Gene,7208,MAF,MAF,
Gene,7209,MAF1,MAF1,
Gene,7210,MAFA,MAFA,
Gene,7211,MAFB,MAFB,
Gene,7212,MAFF,MAFF,
Gene,7213,MAFG,MAFG,
Gene,7214,MAFK,MAFK,
Gene,7215,MAG,MAG,
Gene,7216,MAGEA6,MAGEA6,
Gene,7217,MAGEB1,MAGEB1,
Gene,7218,MAGEB3,MAGEB3,
Gene,7219,MAGEB5,MAGEB5,
Gene,7220,MAGEB6,MAGEB6,
Gene,7221,MAGEC3,MAGEC3,
Gene,7222,MAGED1,MAGED1,
Gene,7223,MAGED2,MAGED2,
Gene,7224,MAGEE1,MAGEE1,
Gene,7225,MAGEH1,MAGEH1,
Gene,7226,MAGEL2,MAGEL2,
Gene,7227,MAGI1,MAGI1,
Gene,7228,MAGI2,MAGI2,
Gene,7229,MAGI3,MAGI3,
Gene,7230,MAGOH,MAGOH,
Gene,7231,MAGOHB,MAGOHB,
Gene,7232,MAGT1,MAGT1,
Gene,7233,MAIP1,MAIP1,
Gene,7234,MAK,MAK,
Gene,7235,MAL,MAL,
Gene,7236,MAL12,MAL12,
Gene,7237,MAL2,MAL2,
Gene,7238,MAL32,MAL32,
Gene,7239,MALAT1,MALAT1,
Gene,7240,MALL,MALL,
Gene,7241,MALRD1,MALRD1,
Gene,7242,MALSU1,MALSU1,
Gene,7243,MALT1,MALT1,
Gene,7244,MAML2,MAML2,
Gene,7245,MAMLD1,MAMLD1,
Gene,7246,MAN1A1,MAN1A1,
Gene,7247,MAN1A2,MAN1A2,
Gene,7248,MAN1B1,MAN1B1,
Gene,7249,MAN1C1,MAN1C1,
Gene,7250,MAN2A1,MAN2A1,
Gene,7251,MAN2B1,MAN2B1,
Gene,7252,MAN2C1,MAN2C1,
Gene,7253,MANBAL,MANBAL,
Gene,7254,MANEA,MANEA,
Gene,7255,MANF,MANF,
Gene,7256,MANSC1,MANSC1,
Gene,7257,MAOA,MAOA,
Gene,7258,MAOB,MAOB,
Gene,7259,MAP1A,MAP1A,
Gene,7260,MAP1B,MAP1B,
Gene,7261,MAP1LC3A,MAP1LC3A,
Gene,7262,MAP1LC3B,MAP1LC3B,
Gene,7263,MAP1LC3B2,MAP1LC3B2,
Gene,7264,MAP1S,MAP1S,
Gene,7265,MAP2,MAP2,
Gene,7266,MAP2K1,MAP2K1,
Gene,7267,MAP2K2,MAP2K2,
Gene,7268,MAP2K3,MAP2K3,
Gene,7269,MAP2K4,MAP2K4,
Gene,7270,MAP2K5,MAP2K5,
Gene,7271,MAP2K6,MAP2K6,
Gene,7272,MAP2K7,MAP2K7,
Gene,7273,MAP3K1,MAP3K1,
Gene,7274,MAP3K11,MAP3K11,
Gene,7275,MAP3K12,MAP3K12,
Gene,7276,MAP3K13,MAP3K13,
Gene,7277,MAP3K14,MAP3K14,
Gene,7278,MAP3K2,MAP3K2,
Gene,7279,MAP3K20,MAP3K20,
Gene,7280,MAP3K21,MAP3K21,
Gene,7281,MAP3K3,MAP3K3,
Gene,7282,MAP3K4,MAP3K4,
Gene,7283,MAP3K5,MAP3K5,
Gene,7284,MAP3K6,MAP3K6,
Gene,7285,MAP3K7,MAP3K7,
Gene,7286,MAP3K7CL,MAP3K7CL,
Gene,7287,MAP3K8,MAP3K8,
Gene,7288,MAP3K9,MAP3K9,
Gene,7289,MAP4,MAP4,
Gene,7290,MAP4K1,MAP4K1,
Gene,7291,MAP4K2,MAP4K2,
Gene,7292,MAP4K4,MAP4K4,
Gene,7293,MAP4K5,MAP4K5,
Gene,7294,MAP6,MAP6,
Gene,7295,MAP6D1,MAP6D1,
Gene,7296,MAP7,MAP7,
Gene,7297,MAP7D1,MAP7D1,
Gene,7298,MAP7D2,MAP7D2,
Gene,7299,MAPK1,MAPK1,
Gene,7300,MAPK10,MAPK10,
Gene,7301,MAPK11,MAPK11,
Gene,7302,MAPK13,MAPK13,
Gene,7303,MAPK14,MAPK14,
Gene,7304,MAPK15,MAPK15,
Gene,7305,MAPK3,MAPK3,
Gene,7306,MAPK4,MAPK4,
Gene,7307,MAPK6,MAPK6,
Gene,7308,MAPK8,MAPK8,
Gene,7309,MAPK8IP1,MAPK8IP1,
Gene,7310,MAPK8IP2,MAPK8IP2,
Gene,7311,MAPK9,MAPK9,
Gene,7312,MAPKAPK2,MAPKAPK2,
Gene,7313,MAPKAPK3,MAPKAPK3,
Gene,7314,MAPKAPK5,MAPKAPK5,
Gene,7315,MAPKBP1,MAPKBP1,
Gene,7316,MAPRE1,MAPRE1,
Gene,7317,MAPRE3,MAPRE3,
Gene,7318,MAPT,MAPT,
Gene,7319,MARCHF1,MARCHF1,
Gene,7320,MARCHF2,MARCHF2,
Gene,7321,MARCHF3,MARCHF3,
Gene,7322,MARCHF5,MARCHF5,
Gene,7323,MARCHF6,MARCHF6,
Gene,7324,MARCKS,MARCKS,
Gene,7325,MARCKSL1,MARCKSL1,
Gene,7326,MARCO,MARCO,
Gene,7327,MARCOL,MARCOL,
Gene,7328,MARF1,MARF1,
Gene,7329,MARK1,MARK1,
Gene,7330,MARK2,MARK2,
Gene,7331,MARK3,MARK3,
Gene,7332,MARK4,MARK4,
Gene,7333,MARS1,MARS1,
Gene,7334,MARS2,MARS2,
Gene,7335,MARVELD1,MARVELD1,
Gene,7336,MAS1,MAS1,
Gene,7337,MASP1,MASP1,
Gene,7338,MASP2,MASP2,
Gene,7339,MAST2,MAST2,
Gene,7340,MAST3,MAST3,
Gene,7341,MAST4,MAST4,
Gene,7342,MAST4-AS1,MAST4-AS1,
Gene,7343,MASTL,MASTL,
Gene,7344,MAT1A,MAT1A,
Gene,7345,MAT2A,MAT2A,
Gene,7346,MAT2B,MAT2B,
Gene,7347,MATCAP1,MATCAP1,
Gene,7348,MATK,MATK,
Gene,7349,MATN2,MATN2,
Gene,7350,MATN3,MATN3,
Gene,7351,MATN4,MATN4,
Gene,7352,MATR3,MATR3,
Gene,7353,MAU2,MAU2,
Gene,7354,MAVS,MAVS,
Gene,7355,MAX,MAX,
Gene,7356,MAZ,MAZ,
Gene,7357,MB,MB,
Gene,7358,MB21D2,MB21D2,
Gene,7359,MBD1,MBD1,
Gene,7360,MBD2,MBD2,
Gene,7361,MBD3,MBD3,
Gene,7362,MBD3L2,MBD3L2,
Gene,7363,MBD4,MBD4,
Gene,7364,MBD6,MBD6,
Gene,7365,MBIP,MBIP,
Gene,7366,MBL2,MBL2,4153
Gene,7367,MBLAC2,MBLAC2,
Gene,7368,MBNL1,MBNL1,
Gene,7369,MBNL2,MBNL2,
Gene,7370,MBNL3,MBNL3,
Gene,7371,MBOAT2,MBOAT2,
Gene,7372,MBOAT7,MBOAT7,
Gene,7373,MBP,MBP,
Gene,7374,MBTPS1,MBTPS1,
Gene,7375,MC1R,MC1R,
Gene,7376,MC2R,MC2R,
Gene,7377,MC3R,MC3R,
Gene,7378,MC4R,MC4R,
Gene,7379,MC5R,MC5R,
Gene,7380,MCAM,MCAM,
Gene,7381,MCAT,MCAT,
Gene,7382,MCCC1,MCCC1,
Gene,7383,MCCC2,MCCC2,
Gene,7384,MCEE,MCEE,
Gene,7385,MCEMP1,MCEMP1,
Gene,7386,MCF2,MCF2,
Gene,7387,MCF2L,MCF2L,
Gene,7388,MCF2L2,MCF2L2,
Gene,7389,MCFD2,MCFD2,
Gene,7390,MCHR1,MCHR1,
Gene,7391,MCL1,MCL1,
Gene,7392,MCM10,MCM10,
Gene,7393,MCM2,MCM2,
Gene,7394,MCM3,MCM3,
Gene,7395,MCM3AP,MCM3AP,
Gene,7396,MCM4,MCM4,
Gene,7397,MCM5,MCM5,
Gene,7398,MCM6,MCM6,
Gene,7399,MCM7,MCM7,
Gene,7400,MCM8,MCM8,
Gene,7401,MCOLN1,MCOLN1,
Gene,7402,MCOLN2,MCOLN2,
Gene,7403,MCP1,MCP1,
Gene,7404,MCRIP2,MCRIP2,
Gene,7405,MCRS1,MCRS1,
Gene,7406,MCTP1,MCTP1,
Gene,7407,MCTS1,MCTS1,
Gene,7408,MCU,MCU,
Gene,7409,MCUB,MCUB,
Gene,7410,MDC1,MDC1,
Gene,7411,MDFI,MDFI,
Gene,7412,MDFIC,MDFIC,
Gene,7413,MDGA1,MDGA1,
Gene,7414,MDGA2,MDGA2,
Gene,7415,MDH1,MDH1,
Gene,7416,MDH2,MDH2,
Gene,7417,MDK,MDK,
Gene,7418,MDM1,MDM1,
Gene,7419,MDM2,MDM2,
Gene,7420,MDM4,MDM4,
Gene,7421,MDN1,MDN1,
Gene,7422,ME1,ME1,
Gene,7423,ME2,ME2,
Gene,7424,ME3,ME3,
Gene,7425,MEA1,MEA1,
Gene,7426,MEAF6,MEAF6,
Gene,7427,MECOM,MECOM,
Gene,7428,MECP2,MECP2,
Gene,7429,MECR,MECR,
Gene,7430,MED1,MED1,
Gene,7431,MED10,MED10,
Gene,7432,MED13,MED13,
Gene,7433,MED13L,MED13L,
Gene,7434,MED14,MED14,
Gene,7435,MED15,MED15,
Gene,7436,MED17,MED17,
Gene,7437,MED19,MED19,
Gene,7438,MED20,MED20,
Gene,7439,MED21,MED21,
Gene,7440,MED22,MED22,
Gene,7441,MED23,MED23,
Gene,7442,MED24,MED24,
Gene,7443,MED25,MED25,
Gene,7444,MED26,MED26,
Gene,7445,MED27,MED27,
Gene,7446,MED28,MED28,
Gene,7447,MED29,MED29,
Gene,7448,MED30,MED30,
Gene,7449,MED31,MED31,
Gene,7450,MED7,MED7,
Gene,7451,MED8,MED8,
Gene,7452,MED9,MED9,
Gene,7453,MEF2A,MEF2A,
Gene,7454,MEF2B,MEF2B,
Gene,7455,MEF2C,MEF2C,
Gene,7456,MEF2D,MEF2D,
Gene,7457,MEG8,MEG8,
Gene,7458,MEGF6,MEGF6,
Gene,7459,MEGF8,MEGF8,
Gene,7460,MEGF9,MEGF9,
Gene,7461,MEI1,MEI1,
Gene,7462,MEIG1,MEIG1,
Gene,7463,MEIOB,MEIOB,
Gene,7464,MEIS1,MEIS1,
Gene,7465,MEIS2,MEIS2,
Gene,7466,MEIS3,MEIS3,
Gene,7467,MELK,MELK,
Gene,7468,MELTF,MELTF,
Gene,7469,MEN1,MEN1,
Gene,7470,MEOX1,MEOX1,
Gene,7471,MEOX2,MEOX2,
Gene,7472,MEP1A,MEP1A,
Gene,7473,MEP1B,MEP1B,
Gene,7474,MEPCE,MEPCE,
Gene,7475,MESP2,MESP2,
Gene,7476,MEST,MEST,
Gene,7477,MET,MET,
Gene,7478,METAP2,METAP2,
Gene,7479,METRNL,METRNL,
Gene,7480,METTL13,METTL13,
Gene,7481,METTL14,METTL14,
Gene,7482,METTL16,METTL16,
Gene,7483,METTL17,METTL17,
Gene,7484,METTL18,METTL18,
Gene,7485,METTL21A,METTL21A,
Gene,7486,METTL22,METTL22,
Gene,7487,METTL25B,METTL25B,
Gene,7488,METTL3,METTL3,
Gene,7489,METTL5,METTL5,
Gene,7490,METTL8,METTL8,
Gene,7491,METTL9,METTL9,
Gene,7492,MEX3A,MEX3A,
Gene,7493,MEX3B,MEX3B,
Gene,7494,MEX3C,MEX3C,
Gene,7495,MEX3D,MEX3D,
Gene,7496,MFAP1,MFAP1,
Gene,7497,MFAP2,MFAP2,
Gene,7498,MFAP3L,MFAP3L,
Gene,7499,MFAP4,MFAP4,
Gene,7500,MFAP5,MFAP5,
Gene,7501,MFF,MFF,
Gene,7502,MFGE8,MFGE8,
Gene,7503,MFHAS1,MFHAS1,
Gene,7504,MFN1,MFN1,
Gene,7505,MFN2,MFN2,
Gene,7506,MFNG,MFNG,
Gene,7507,MFSD1,MFSD1,
Gene,7508,MFSD10,MFSD10,
Gene,7509,MFSD11,MFSD11,
Gene,7510,MFSD12,MFSD12,
Gene,7511,MFSD13A,MFSD13A,
Gene,7512,MFSD14B,MFSD14B,
Gene,7513,MFSD14CP,MFSD14CP,
Gene,7514,MFSD2A,MFSD2A,
Gene,7515,MFSD4A,MFSD4A,
Gene,7516,MFSD6,MFSD6,
Gene,7517,MFSD8,MFSD8,
Gene,7518,MFSD9,MFSD9,
Gene,7519,MGA,MGA,
Gene,7520,MGAM,MGAM,
Gene,7521,MGARP,MGARP,
Gene,7522,MGAT1,MGAT1,
Gene,7523,MGAT2,MGAT2,
Gene,7524,MGAT4B,MGAT4B,
Gene,7525,MGAT4C,MGAT4C,
Gene,7526,MGAT5,MGAT5,
Gene,7527,MGLL,MGLL,
Gene,7528,MGMT,MGMT,
Gene,7529,MGP,MGP,
Gene,7530,MGST1,MGST1,
Gene,7531,MGST2,MGST2,
Gene,7532,MGST3,MGST3,
Gene,7533,MIA,MIA,
Gene,7534,MIA2,MIA2,
Gene,7535,MIA3,MIA3,
Gene,7536,MIAT,MIAT,
Gene,7537,MIB1,MIB1,
Gene,7538,MIB2,MIB2,
Gene,7539,MICA,MICA,
Gene,7540,MICAL1,MICAL1,
Gene,7541,MICAL2,MICAL2,
Gene,7542,MICAL3,MICAL3,
Gene,7543,MICALL1,MICALL1,
Gene,7544,MICALL2,MICALL2,
Gene,7545,MICB,MICB,
Gene,7546,MICOS10,MICOS10,
Gene,7547,MICU1,MICU1,
Gene,7548,MID1,MID1,
Gene,7549,MID1IP1,MID1IP1,
Gene,7550,MIDEAS,MIDEAS,
Gene,7551,MIDN,MIDN,
Gene,7552,MIEF1,MIEF1,
Gene,7553,MIEF2,MIEF2,
Gene,7554,MIER3,MIER3,
Gene,7555,MIF,MIF,
Gene,7556,MIF4GD,MIF4GD,
Gene,7557,MIGA1,MIGA1,
Gene,7558,MIGA2,MIGA2,
Gene,7559,MIIP,MIIP,
Gene,7560,MILIP,MILIP,
Gene,7561,MILR1,MILR1,
Gene,7562,MINAR1,MINAR1,
Gene,7563,MINDY1,MINDY1,
Gene,7564,MINDY2,MINDY2,
Gene,7565,MINDY3,MINDY3,
Gene,7566,MINK1,MINK1,
Gene,7567,MIOS,MIOS,
Gene,7568,MIOX,MIOX,
Gene,7569,MIPEP,MIPEP,
Gene,7570,MIPOL1,MIPOL1,
Gene,7571,MIR100,MIR100,
Gene,7572,MIR100HG,MIR100HG,
Gene,7573,MIR10A,MIR10A,
Gene,7574,MIR1193,MIR1193,
Gene,7575,MIR122,MIR122,
Gene,7576,MIR1224,MIR1224,
Gene,7577,MIR124-2HG,MIR124-2HG,
Gene,7578,MIR1246,MIR1246,
Gene,7579,MIR1247,MIR1247,
Gene,7580,MIR1248,MIR1248,
Gene,7581,MIR1249,MIR1249,
Gene,7582,MIR125A,MIR125A,
Gene,7583,MIR125B1,MIR125B1,
Gene,7584,MIR126,MIR126,
Gene,7585,MIR1260A,MIR1260A,
Gene,7586,MIR1260B,MIR1260B,
Gene,7587,MIR1268A,MIR1268A,
Gene,7588,MIR1268B,MIR1268B,
Gene,7589,MIR127,MIR127,
Gene,7590,MIR1277,MIR1277,
Gene,7591,MIR128-1,MIR128-1,
Gene,7592,MIR129-1,MIR129-1,
Gene,7593,MIR1290,MIR1290,
Gene,7594,MIR1291,MIR1291,
Gene,7595,MIR1298,MIR1298,
Gene,7596,MIR1303,MIR1303,
Gene,7597,MIR1306,MIR1306,
Gene,7598,MIR130A,MIR130A,
Gene,7599,MIR132,MIR132,
Gene,7600,MIR133B,MIR133B,
Gene,7601,MIR134,MIR134,
Gene,7602,MIR136,MIR136,
Gene,7603,MIR137,MIR137,
Gene,7604,MIR139,MIR139,
Gene,7605,MIR140,MIR140,
Gene,7606,MIR141,MIR141,
Gene,7607,MIR142,MIR142,
Gene,7608,MIR143,MIR143,
Gene,7609,MIR144,MIR144,
Gene,7610,MIR145,MIR145,
Gene,7611,MIR146A,MIR146A,
Gene,7612,MIR148A,MIR148A,
Gene,7613,MIR150,MIR150,
Gene,7614,MIR152,MIR152,
Gene,7615,MIR155,MIR155,
Gene,7616,MIR15B,MIR15B,
Gene,7617,MIR16-1,MIR16-1,
Gene,7618,MIR16-2,MIR16-2,
Gene,7619,MIR17,MIR17,
Gene,7620,MIR17HG,MIR17HG,
Gene,7621,MIR181A1,MIR181A1,
Gene,7622,MIR181B1,MIR181B1,
Gene,7623,MIR181C,MIR181C,
Gene,7624,MIR182,MIR182,
Gene,7625,MIR184,MIR184,
Gene,7626,MIR185,MIR185,
Gene,7627,MIR186,MIR186,
Gene,7628,MIR188,MIR188,
Gene,7629,MIR190B,MIR190B,
Gene,7630,MIR191,MIR191,
Gene,7631,MIR1915HG,MIR1915HG,
Gene,7632,MIR192,MIR192,
Gene,7633,MIR193A,MIR193A,
Gene,7634,MIR195,MIR195,
Gene,7635,MIR196B,MIR196B,
Gene,7636,MIR199A2,MIR199A2,
Gene,7637,MIR19A,MIR19A,
Gene,7638,MIR19B1,MIR19B1,
Gene,7639,MIR200A,MIR200A,
Gene,7640,MIR200B,MIR200B,
Gene,7641,MIR200C,MIR200C,406985
Gene,7642,MIR204,MIR204,
Gene,7643,MIR205,MIR205,
Gene,7644,MIR205HG,MIR205HG,
Gene,7645,MIR206,MIR206,
Gene,7646,MIR208B,MIR208B,
Gene,7647,MIR20A,MIR20A,
Gene,7648,MIR20B,MIR20B,
Gene,7649,MIR21,MIR21,
Gene,7650,MIR210,MIR210,
Gene,7651,MIR211,MIR211,
Gene,7652,MIR212,MIR212,
Gene,7653,MIR214,MIR214,
Gene,7654,MIR216A,MIR216A,
Gene,7655,MIR217,MIR217,
Gene,7656,MIR219A2,MIR219A2,
Gene,7657,MIR22,MIR22,
Gene,7658,MIR221,MIR221,
Gene,7659,MIR222,MIR222,
Gene,7660,MIR224,MIR224,
Gene,7661,MIR22HG,MIR22HG,
Gene,7662,MIR23A,MIR23A,
Gene,7663,MIR23B,MIR23B,
Gene,7664,MIR24-1,MIR24-1,
Gene,7665,MIR24-2,MIR24-2,
Gene,7666,MIR25,MIR25,
Gene,7667,MIR26A2,MIR26A2,
Gene,7668,MIR26B,MIR26B,
Gene,7669,MIR27A,MIR27A,
Gene,7670,MIR27B,MIR27B,
Gene,7671,MIR296,MIR296,
Gene,7672,MIR297,MIR297,
Gene,7673,MIR298,MIR298,
Gene,7674,MIR299,MIR299,
Gene,7675,MIR29A,MIR29A,
Gene,7676,MIR29B2,MIR29B2,
Gene,7677,MIR29C,MIR29C,
Gene,7678,MIR300,MIR300,
Gene,7679,MIR301A,MIR301A,
Gene,7680,MIR301B,MIR301B,
Gene,7681,MIR302A,MIR302A,
Gene,7682,MIR302C,MIR302C,
Gene,7683,MIR3085,MIR3085,
Gene,7684,MIR30A,MIR30A,
Gene,7685,MIR30B,MIR30B,
Gene,7686,MIR30C1,MIR30C1,
Gene,7687,MIR30D,MIR30D,
Gene,7688,MIR30E,MIR30E,
Gene,7689,MIR31,MIR31,
Gene,7690,MIR3189,MIR3189,
Gene,7691,MIR324,MIR324,
Gene,7692,MIR326,MIR326,
Gene,7693,MIR331,MIR331,
Gene,7694,MIR335,MIR335,
Gene,7695,MIR337,MIR337,
Gene,7696,MIR339,MIR339,
Gene,7697,MIR33A,MIR33A,
Gene,7698,MIR33B,MIR33B,
Gene,7699,MIR342,MIR342,
Gene,7700,MIR34A,MIR34A,
Gene,7701,MIR34B,MIR34B,
Gene,7702,MIR34C,MIR34C,
Gene,7703,MIR3609,MIR3609,
Gene,7704,MIR362,MIR362,
Gene,7705,MIR3651,MIR3651,
Gene,7706,MIR365A,MIR365A,
Gene,7707,MIR365B,MIR365B,
Gene,7708,MIR370,MIR370,
Gene,7709,MIR374B,MIR374B,
Gene,7710,MIR375,MIR375,
Gene,7711,MIR376C,MIR376C,
Gene,7712,MIR377,MIR377,
Gene,7713,MIR378G,MIR378G,
Gene,7714,MIR379,MIR379,
Gene,7715,MIR380,MIR380,
Gene,7716,MIR381,MIR381,
Gene,7717,MIR382,MIR382,
Gene,7718,MIR3960,MIR3960,
Gene,7719,MIR410,MIR410,
Gene,7720,MIR411,MIR411,
Gene,7721,MIR421,MIR421,
Gene,7722,MIR424,MIR424,
Gene,7723,MIR425,MIR425,
Gene,7724,MIR4271,MIR4271,
Gene,7725,MIR4286,MIR4286,
Gene,7726,MIR431,MIR431,
Gene,7727,MIR433,MIR433,
Gene,7728,MIR4449,MIR4449,
Gene,7729,MIR4454,MIR4454,
Gene,7730,MIR448,MIR448,
Gene,7731,MIR4488,MIR4488,
Gene,7732,MIR4508,MIR4508,
Gene,7733,MIR450A1,MIR450A1,
Gene,7734,MIR451A,MIR451A,
Gene,7735,MIR4521,MIR4521,
Gene,7736,MIR483,MIR483,
Gene,7737,MIR484,MIR484,
Gene,7738,MIR488,MIR488,
Gene,7739,MIR491,MIR491,
Gene,7740,MIR492,MIR492,
Gene,7741,MIR493,MIR493,
Gene,7742,MIR494,MIR494,
Gene,7743,MIR495,MIR495,
Gene,7744,MIR497,MIR497,
Gene,7745,MIR501,MIR501,
Gene,7746,MIR503,MIR503,
Gene,7747,MIR505,MIR505,
Gene,7748,MIR5100,MIR5100,
Gene,7749,MIR539,MIR539,
Gene,7750,MIR541,MIR541,
Gene,7751,MIR542,MIR542,
Gene,7752,MIR543,MIR543,
Gene,7753,MIR548U,MIR548U,
Gene,7754,MIR574,MIR574,
Gene,7755,MIR576,MIR576,
Gene,7756,MIR583,MIR583,
Gene,7757,MIR598,MIR598,
Gene,7758,MIR615,MIR615,
Gene,7759,MIR652,MIR652,
Gene,7760,MIR663A,MIR663A,
Gene,7761,MIR665,MIR665,
Gene,7762,MIR671,MIR671,
Gene,7763,MIR675,MIR675,
Gene,7764,MIR676,MIR676,
Gene,7765,MIR760,MIR760,
Gene,7766,MIR770,MIR770,
Gene,7767,MIR7704,MIR7704,
Gene,7768,MIR7974,MIR7974,
Gene,7769,MIR7977,MIR7977,
Gene,7770,MIR874,MIR874,
Gene,7771,MIR877,MIR877,
Gene,7772,MIR92A1,MIR92A1,
Gene,7773,MIR93,MIR93,
Gene,7774,MIR96,MIR96,
Gene,7775,MIR99A,MIR99A,
Gene,7776,MIR99AHG,MIR99AHG,
Gene,7777,MIR99B,MIR99B,
Gene,7778,MIRLET7A1HG,MIRLET7A1HG,
Gene,7779,MIRLET7B,MIRLET7B,
Gene,7780,MIRLET7C,MIRLET7C,
Gene,7781,MIRLET7D,MIRLET7D,
Gene,7782,MIRLET7E,MIRLET7E,
Gene,7783,MIS12,MIS12,
Gene,7784,MIS18BP1,MIS18BP1,
Gene,7785,MISP,MISP,
Gene,7786,MITD1,MITD1,
Gene,7787,MITF,MITF,
Gene,7788,MIXL1,MIXL1,
Gene,7789,MKI67,MKI67,
Gene,7790,MKKS,MKKS,
Gene,7791,MKLN1,MKLN1,
Gene,7792,MKNK1,MKNK1,
Gene,7793,MKNK2,MKNK2,
Gene,7794,MKRN1,MKRN1,
Gene,7795,MKRN2,MKRN2,
Gene,7796,MKRN2OS,MKRN2OS,
Gene,7797,MKS1,MKS1,
Gene,7798,MKX,MKX,
Gene,7799,MLANA,MLANA,
Gene,7800,MLC1,MLC1,
Gene,7801,MLEC,MLEC,
Gene,7802,MLF1,MLF1,
Gene,7803,MLF2,MLF2,
Gene,7804,MLH1,MLH1,
Gene,7805,MLIP,MLIP,
Gene,7806,MLKL,MLKL,
Gene,7807,MLLT1,MLLT1,
Gene,7808,MLLT11,MLLT11,
Gene,7809,MLLT3,MLLT3,
Gene,7810,MLLT6,MLLT6,
Gene,7811,MLN,MLN,
Gene,7812,MLPH,MLPH,
Gene,7813,MLST8,MLST8,
Gene,7814,MLX,MLX,
Gene,7815,MLXIP,MLXIP,
Gene,7816,MLXIPL,MLXIPL,
Gene,7817,MLYCD,MLYCD,
Gene,7818,MMAB,MMAB,
Gene,7819,MMACHC,MMACHC,
Gene,7820,MMADHC-DT,MMADHC-DT,
Gene,7821,MMD,MMD,
Gene,7822,MMD2,MMD2,
Gene,7823,MME,MME,
Gene,7824,MMP,MMP,
Gene,7825,MMP1,MMP1,
Gene,7826,MMP10,MMP10,
Gene,7827,MMP11,MMP11,
Gene,7828,MMP12,MMP12,
Gene,7829,MMP13,MMP13,
Gene,7830,MMP14,MMP14,
Gene,7831,MMP15,MMP15,
Gene,7832,MMP16,MMP16,
Gene,7833,MMP17,MMP17,
Gene,7834,MMP19,MMP19,
Gene,7835,MMP2,MMP2,
Gene,7836,MMP20,MMP20,
Gene,7837,MMP24,MMP24,
Gene,7838,MMP25,MMP25,
Gene,7839,MMP3,MMP3,
Gene,7840,MMP7,MMP7,
Gene,7841,MMP8,MMP8,
Gene,7842,MMP9,MMP9,
Gene,7843,MMRN1,MMRN1,
Gene,7844,MMS19,MMS19,
Gene,7845,MMS22L,MMS22L,
Gene,7846,MMUT,MMUT,
Gene,7847,MN1,MN1,
Gene,7848,MNAT1,MNAT1,
Gene,7849,MNS1,MNS1,
Gene,7850,MNT,MNT,
Gene,7851,MNX1,MNX1,
Gene,7852,MOAP1,MOAP1,
Gene,7853,MOB1A,MOB1A,
Gene,7854,MOB1B,MOB1B,
Gene,7855,MOB3A,MOB3A,
Gene,7856,MOB3B,MOB3B,
Gene,7857,MOB3C,MOB3C,
Gene,7858,MOB4,MOB4,
Gene,7859,MOBP,MOBP,
Gene,7860,MOCOS,MOCOS,
Gene,7861,MOCS1,MOCS1,
Gene,7862,MOCS2,MOCS2,
Gene,7863,MOG,MOG,
Gene,7864,MOGAT1,MOGAT1,
Gene,7865,MOGAT2,MOGAT2,
Gene,7866,MOGS,MOGS,
Gene,7867,MON1A,MON1A,
Gene,7868,MON1B,MON1B,
Gene,7869,MON2,MON2,
Gene,7870,MORC2,MORC2,
Gene,7871,MORC3,MORC3,
Gene,7872,MORC4,MORC4,
Gene,7873,MORF4L2,MORF4L2,
Gene,7874,MORN1,MORN1,
Gene,7875,MORN2,MORN2,
Gene,7876,MORN3,MORN3,
Gene,7877,MORN4,MORN4,
Gene,7878,MOS,MOS,
Gene,7879,MOSPD3,MOSPD3,
Gene,7880,MOV10,MOV10,
Gene,7881,MOXD1,MOXD1,
Gene,7882,MPC1,MPC1,
Gene,7883,MPC2,MPC2,
Gene,7884,MPDZ,MPDZ,
Gene,7885,MPEG1,MPEG1,
Gene,7886,MPG,MPG,
Gene,7887,MPHOSPH10,MPHOSPH10,
Gene,7888,MPHOSPH8,MPHOSPH8,
Gene,7889,MPHOSPH9,MPHOSPH9,
Gene,7890,MPI,MPI,
Gene,7891,MPIG6B,MPIG6B,
Gene,7892,MPND,MPND,
Gene,7893,MPO,MPO,
Gene,7894,MPP1,MPP1,
Gene,7895,MPP2,MPP2,
Gene,7896,MPP3,MPP3,
Gene,7897,MPP7,MPP7,
Gene,7898,MPPED2,MPPED2,
Gene,7899,MPRIP,MPRIP,
Gene,7900,MPST,MPST,
Gene,7901,MPV17,MPV17,
Gene,7902,MPV17L,MPV17L,
Gene,7903,MPV17L2,MPV17L2,
Gene,7904,MPZ,MPZ,
Gene,7905,MPZL1,MPZL1,
Gene,7906,MPZL2,MPZL2,
Gene,7907,MR1,MR1,
Gene,7908,MRAP,MRAP,
Gene,7909,MRAS,MRAS,
Gene,7910,MRC1,MRC1,
Gene,7911,MRC2,MRC2,
Gene,7912,MRE11,MRE11,
Gene,7913,MRFAP1,MRFAP1,
Gene,7914,MRGPRE,MRGPRE,
Gene,7915,MRGPRX2,MRGPRX2,
Gene,7916,MRGPRX3,MRGPRX3,
Gene,7917,MRI1,MRI1,
Gene,7918,MRLC2,MRLC2,
Gene,7919,MRM3,MRM3,
Gene,7920,MRNIP,MRNIP,
Gene,7921,MRO,MRO,
Gene,7922,MROH1,MROH1,
Gene,7923,MROH8,MROH8,
Gene,7924,MRPL11,MRPL11,
Gene,7925,MRPL12,MRPL12,
Gene,7926,MRPL13,MRPL13,
Gene,7927,MRPL15,MRPL15,
Gene,7928,MRPL16,MRPL16,
Gene,7929,MRPL17,MRPL17,
Gene,7930,MRPL18,MRPL18,
Gene,7931,MRPL19,MRPL19,
Gene,7932,MRPL2,MRPL2,
Gene,7933,MRPL20,MRPL20,
Gene,7934,MRPL21,MRPL21,
Gene,7935,MRPL22,MRPL22,
Gene,7936,MRPL23,MRPL23,
Gene,7937,MRPL24,MRPL24,
Gene,7938,MRPL27,MRPL27,
Gene,7939,MRPL3,MRPL3,
Gene,7940,MRPL32,MRPL32,
Gene,7941,MRPL33,MRPL33,
Gene,7942,MRPL34,MRPL34,
Gene,7943,MRPL35,MRPL35,
Gene,7944,MRPL36,MRPL36,
Gene,7945,MRPL37,MRPL37,
Gene,7946,MRPL38,MRPL38,
Gene,7947,MRPL39,MRPL39,
Gene,7948,MRPL4,MRPL4,
Gene,7949,MRPL40,MRPL40,
Gene,7950,MRPL41,MRPL41,
Gene,7951,MRPL42,MRPL42,
Gene,7952,MRPL44,MRPL44,
Gene,7953,MRPL45,MRPL45,
Gene,7954,MRPL47,MRPL47,
Gene,7955,MRPL48,MRPL48,
Gene,7956,MRPL49,MRPL49,
Gene,7957,MRPL50,MRPL50,
Gene,7958,MRPL51,MRPL51,
Gene,7959,MRPL57,MRPL57,
Gene,7960,MRPL58,MRPL58,
Gene,7961,MRPL9,MRPL9,
Gene,7962,MRPS11,MRPS11,
Gene,7963,MRPS15,MRPS15,
Gene,7964,MRPS16,MRPS16,
Gene,7965,MRPS17,MRPS17,
Gene,7966,MRPS18A,MRPS18A,
Gene,7967,MRPS18B,MRPS18B,
Gene,7968,MRPS18C,MRPS18C,
Gene,7969,MRPS2,MRPS2,
Gene,7970,MRPS21,MRPS21,
Gene,7971,MRPS22,MRPS22,
Gene,7972,MRPS24,MRPS24,
Gene,7973,MRPS25,MRPS25,
Gene,7974,MRPS26,MRPS26,
Gene,7975,MRPS27,MRPS27,
Gene,7976,MRPS28,MRPS28,
Gene,7977,MRPS30,MRPS30,
Gene,7978,MRPS31,MRPS31,
Gene,7979,MRPS34,MRPS34,
Gene,7980,MRPS35,MRPS35,
Gene,7981,MRPS6,MRPS6,
Gene,7982,MRPS7,MRPS7,
Gene,7983,MRRF,MRRF,
Gene,7984,MRTFA,MRTFA,
Gene,7985,MRTFB,MRTFB,
Gene,7986,MRTO4,MRTO4,
Gene,7987,MS4A1,MS4A1,
Gene,7988,MS4A15,MS4A15,
Gene,7989,MS4A2,MS4A2,
Gene,7990,MS4A3,MS4A3,
Gene,7991,MS4A4A,MS4A4A,
Gene,7992,MS4A4E,MS4A4E,
Gene,7993,MS4A6A,MS4A6A,
Gene,7994,MS4A7,MS4A7,
Gene,7995,MSANTD1,MSANTD1,
Gene,7996,MSANTD2,MSANTD2,
Gene,7997,MSANTD3,MSANTD3,
Gene,7998,MSANTD4,MSANTD4,
Gene,7999,MSC,MSC,
Gene,8000,MSH2,MSH2,
Gene,8001,MSH3,MSH3,
Gene,8002,MSH4,MSH4,
Gene,8003,MSH5,MSH5,
Gene,8004,MSH6,MSH6,
Gene,8005,MSI1,MSI1,
Gene,8006,MSI2,MSI2,
Gene,8007,MSL3,MSL3,
Gene,8008,MSLN,MSLN,
Gene,8009,MSMB,MSMB,
Gene,8010,MSMO1,MSMO1,
Gene,8011,MSN,MSN,
Gene,8012,MSR1,MSR1,
Gene,8013,MSRA,MSRA,
Gene,8014,MSRB1,MSRB1,
Gene,8015,MSRB3,MSRB3,
Gene,8016,MST1,MST1,
Gene,8017,MST1L,MST1L,
Gene,8018,MST1R,MST1R,
Gene,8019,MSTN,MSTN,
Gene,8020,MSX1,MSX1,
Gene,8021,MSX2,MSX2,
Gene,8022,MSX2P1,MSX2P1,
Gene,8023,MT1A,MT1A,
Gene,8024,MT1B,MT1B,
Gene,8025,MT1DP,MT1DP,
Gene,8026,MT1E,MT1E,
Gene,8027,MT1F,MT1F,
Gene,8028,MT1G,MT1G,
Gene,8029,MT1H,MT1H,
Gene,8030,MT1IP,MT1IP,
Gene,8031,MT1L,MT1L,
Gene,8032,MT1M,MT1M,
Gene,8033,MT1X,MT1X,
Gene,8034,MT2A,MT2A,
Gene,8035,MT3,MT3,
Gene,8036,MTA1,MTA1,
Gene,8037,MTA2,MTA2,
Gene,8038,MTA3,MTA3,
Gene,8039,MTAP,MTAP,
Gene,8040,MTARC1,MTARC1,
Gene,8041,MTARC2,MTARC2,
Gene,8042,MTBP,MTBP,
Gene,8043,MTCH1,MTCH1,
Gene,8044,MTCH2,MTCH2,
Gene,8045,MTCL1,MTCL1,
Gene,8046,MTCL2,MTCL2,
Gene,8047,MTDH,MTDH,
Gene,8048,MTERF2,MTERF2,
Gene,8049,MTERF3,MTERF3,
Gene,8050,MTERF4,MTERF4,
Gene,8051,MTF1,MTF1,
Gene,8052,MTF2,MTF2,
Gene,8053,MTFMT,MTFMT,
Gene,8054,MTFP1,MTFP1,
Gene,8055,MTFR1,MTFR1,
Gene,8056,MTFR2,MTFR2,
Gene,8057,MTG2,MTG2,
Gene,8058,MTHFD1,MTHFD1,
Gene,8059,MTHFD1L,MTHFD1L,
Gene,8060,MTHFD2,MTHFD2,
Gene,8061,MTHFD2L,MTHFD2L,
Gene,8062,MTHFR,MTHFR,4524
Gene,8063,MTHFS,MTHFS,
Gene,8064,MTIF2,MTIF2,
Gene,8065,MTIF3,MTIF3,
Gene,8066,MTM1,MTM1,
Gene,8067,MTMR10,MTMR10,
Gene,8068,MTMR11,MTMR11,
Gene,8069,MTMR12,MTMR12,
Gene,8070,MTMR14,MTMR14,
Gene,8071,MTMR2,MTMR2,
Gene,8072,MTMR3,MTMR3,
Gene,8073,MTMR4,MTMR4,
Gene,8074,MTMR6,MTMR6,
Gene,8075,MTMR7,MTMR7,
Gene,8076,MTMR9,MTMR9,
Gene,8077,MTND5P10,MTND5P10,
Gene,8078,MTNR1A,MTNR1A,
Gene,8079,MTNR1B,MTNR1B,
Gene,8080,MTOR,MTOR,2475
Gene,8081,MTPN,MTPN,
Gene,8082,MTR,MTR,
Gene,8083,MTREX,MTREX,
Gene,8084,MTSS1,MTSS1,
Gene,8085,MTSS2,MTSS2,
Gene,8086,MTTP,MTTP,
Gene,8087,MTUS1,MTUS1,
Gene,8088,MTUS2,MTUS2,
Gene,8089,MTX1,MTX1,4580
Gene,8090,MTX3,MTX3,
Gene,8091,MUC1,MUC1,
Gene,8092,MUC13,MUC13,
Gene,8093,MUC15,MUC15,
Gene,8094,MUC16,MUC16,
Gene,8095,MUC19,MUC19,
Gene,8096,MUC2,MUC2,
Gene,8097,MUC20,MUC20,
Gene,8098,MUC4,MUC4,
Gene,8099,MUC5AC,MUC5AC,
Gene,8100,MUC5B,MUC5B,
Gene,8101,MUC6,MUC6,
Gene,8102,MUCL1,MUCL1,
Gene,8103,MUCL3,MUCL3,
Gene,8104,MUL1,MUL1,
Gene,8105,MUS81,MUS81,
Gene,8106,MUSTN1,MUSTN1,
Gene,8107,MUTYH,MUTYH,
Gene,8108,MVB12A,MVB12A,
Gene,8109,MVB12B,MVB12B,
Gene,8110,MVD,MVD,
Gene,8111,MVK,MVK,
Gene,8112,MVP,MVP,
Gene,8113,MX1,MX1,
Gene,8114,MX2,MX2,
Gene,8115,MXD1,MXD1,
Gene,8116,MXD3,MXD3,
Gene,8117,MXD4,MXD4,
Gene,8118,MXI1,MXI1,
Gene,8119,MXRA5,MXRA5,
Gene,8120,MXRA7,MXRA7,
Gene,8121,MXRA8,MXRA8,
Gene,8122,MYADM,MYADM,
Gene,8123,MYADML2,MYADML2,
Gene,8124,MYB,MYB,
Gene,8125,MYBBP1A,MYBBP1A,
Gene,8126,MYBL1,MYBL1,
Gene,8127,MYBL2,MYBL2,
Gene,8128,MYBPC1,MYBPC1,
Gene,8129,MYBPC2,MYBPC2,
Gene,8130,MYBPC3,MYBPC3,
Gene,8131,MYBPH,MYBPH,
Gene,8132,MYBPHL,MYBPHL,
Gene,8133,MYC,MYC,
Gene,8134,MYCBP,MYCBP,
Gene,8135,MYCBP2,MYCBP2,
Gene,8136,MYCL,MYCL,
Gene,8137,MYCN,MYCN,
Gene,8138,MYD88,MYD88,
Gene,8139,MYDGF,MYDGF,
Gene,8140,MYEF2,MYEF2,
Gene,8141,MYF5,MYF5,
Gene,8142,MYG1,MYG1,
Gene,8143,MYH1,MYH1,
Gene,8144,MYH10,MYH10,
Gene,8145,MYH11,MYH11,
Gene,8146,MYH14,MYH14,
Gene,8147,MYH15,MYH15,
Gene,8148,MYH2,MYH2,
Gene,8149,MYH3,MYH3,
Gene,8150,MYH4,MYH4,
Gene,8151,MYH6,MYH6,
Gene,8152,MYH7,MYH7,
Gene,8153,MYH8,MYH8,
Gene,8154,MYH9,MYH9,
Gene,8155,MYL1,MYL1,
Gene,8156,MYL10,MYL10,
Gene,8157,MYL12A,MYL12A,
Gene,8158,MYL12B,MYL12B,
Gene,8159,MYL2,MYL2,
Gene,8160,MYL4,MYL4,
Gene,8161,MYL5,MYL5,
Gene,8162,MYL6,MYL6,
Gene,8163,MYL6B,MYL6B,
Gene,8164,MYL7,MYL7,
Gene,8165,MYL9,MYL9,
Gene,8166,MYLIP,MYLIP,
Gene,8167,MYLK,MYLK,
Gene,8168,MYLK2,MYLK2,
Gene,8169,MYLK4,MYLK4,
Gene,8170,MYNN,MYNN,
Gene,8171,MYO10,MYO10,
Gene,8172,MYO15A,MYO15A,
Gene,8173,MYO16,MYO16,
Gene,8174,MYO18A,MYO18A,
Gene,8175,MYO18B,MYO18B,
Gene,8176,MYO1A,MYO1A,
Gene,8177,MYO1B,MYO1B,
Gene,8178,MYO1C,MYO1C,
Gene,8179,MYO1D,MYO1D,
Gene,8180,MYO1E,MYO1E,
Gene,8181,MYO5A,MYO5A,
Gene,8182,MYO5B,MYO5B,
Gene,8183,MYO5C,MYO5C,
Gene,8184,MYO6,MYO6,
Gene,8185,MYO7A,MYO7A,
Gene,8186,MYO9A,MYO9A,
Gene,8187,MYO9B,MYO9B,
Gene,8188,MYOCD,MYOCD,
Gene,8189,MYOD1,MYOD1,
Gene,8190,MYOF,MYOF,
Gene,8191,MYOM1,MYOM1,
Gene,8192,MYOM2,MYOM2,
Gene,8193,MYOM3,MYOM3,
Gene,8194,MYOT,MYOT,
Gene,8195,MYOZ2,MYOZ2,
Gene,8196,MYPN,MYPN,
Gene,8197,MYRF,MYRF,
Gene,8198,MYRIP,MYRIP,
Gene,8199,MYSM1,MYSM1,
Gene,8200,MYT1,MYT1,
Gene,8201,MYT1L,MYT1L,
Gene,8202,MYZAP,MYZAP,
Gene,8203,MZB1,MZB1,
Gene,8204,MZF1,MZF1,
Gene,8205,Maob,Maob,
Gene,8206,Map1,Map1,
Gene,8207,Matr3-ps2,Matr3-ps2,
Gene,8208,Mbl1,Mbl1,
Gene,8209,Mcpt-ps1,Mcpt-ps1,
Gene,8210,Mcpt1,Mcpt1,
Gene,8211,Mcpt10,Mcpt10,
Gene,8212,Mcpt4,Mcpt4,
Gene,8213,Mcpt8,Mcpt8,
Gene,8214,Mcpt9,Mcpt9,
Gene,8215,Me,Me,
Gene,8216,Mela,Mela,
Gene,8217,Mettl2,Mettl2,
Gene,8218,Mgl2,Mgl2,
Gene,8219,Mid1-ps1,Mid1-ps1,
Gene,8220,Mir1,Mir1,
Gene,8221,Mir101a,Mir101a,
Gene,8222,Mir1187,Mir1187,
Gene,8223,Mir1188,Mir1188,
Gene,8224,Mir125b-2,Mir125b-2,
Gene,8225,Mir153,Mir153,
Gene,8226,Mir16,Mir16,
Gene,8227,Mir1843a,Mir1843a,
Gene,8228,Mir190,Mir190,
Gene,8229,Mir1933,Mir1933,
Gene,8230,Mir1945,Mir1945,
Gene,8231,Mir196a-1,Mir196a-1,
Gene,8232,Mir196c,Mir196c,
Gene,8233,Mir201,Mir201,
Gene,8234,Mir203,Mir203,
Gene,8235,Mir207,Mir207,
Gene,8236,Mir2137,Mir2137,
Gene,8237,Mir219a-2,Mir219a-2,
Gene,8238,Mir26a-2,Mir26a-2,
Gene,8239,Mir292,Mir292,
Gene,8240,Mir3058,Mir3058,
Gene,8241,Mir3060,Mir3060,
Gene,8242,Mir3061,Mir3061,
Gene,8243,Mir3068,Mir3068,
Gene,8244,Mir3075,Mir3075,
Gene,8245,Mir3079,Mir3079,
Gene,8246,Mir3086,Mir3086,
Gene,8247,Mir3091,Mir3091,
Gene,8248,Mir3095,Mir3095,
Gene,8249,Mir3099,Mir3099,
Gene,8250,Mir3102,Mir3102,
Gene,8251,Mir3109,Mir3109,
Gene,8252,Mir327,Mir327,
Gene,8253,Mir328b,Mir328b,
Gene,8254,Mir33,Mir33,
Gene,8255,Mir341,Mir341,
Gene,8256,Mir344b,Mir344b,
Gene,8257,Mir3472,Mir3472,
Gene,8258,Mir3475,Mir3475,
Gene,8259,Mir351,Mir351,
Gene,8260,Mir3558,Mir3558,
Gene,8261,Mir3568,Mir3568,
Gene,8262,Mir3569,Mir3569,
Gene,8263,Mir3576,Mir3576,
Gene,8264,Mir3582,Mir3582,
Gene,8265,Mir3584,Mir3584,
Gene,8266,Mir3585,Mir3585,
Gene,8267,Mir3588,Mir3588,
Gene,8268,Mir3594,Mir3594,
Gene,8269,Mir376a,Mir376a,
Gene,8270,Mir434,Mir434,
Gene,8271,Mir463,Mir463,
Gene,8272,Mir466o,Mir466o,
Gene,8273,Mir471,Mir471,
Gene,8274,Mir496a,Mir496a,
Gene,8275,Mir5121,Mir5121,
Gene,8276,Mir540,Mir540,
Gene,8277,Mir5621,Mir5621,
Gene,8278,Mir6216,Mir6216,
Gene,8279,Mir6315,Mir6315,
Gene,8280,Mir6317-1,Mir6317-1,
Gene,8281,Mir6332,Mir6332,
Gene,8282,Mir6362,Mir6362,
Gene,8283,Mir6407,Mir6407,
Gene,8284,Mir6540,Mir6540,
Gene,8285,Mir6546,Mir6546,
Gene,8286,Mir664-2,Mir664-2,
Gene,8287,Mir667,Mir667,
Gene,8288,Mir669c,Mir669c,
Gene,8289,Mir669h,Mir669h,
Gene,8290,Mir669l,Mir669l,
Gene,8291,Mir673,Mir673,
Gene,8292,Mir678,Mir678,
Gene,8293,Mir687,Mir687,
Gene,8294,Mir6933,Mir6933,
Gene,8295,Mir6937,Mir6937,
Gene,8296,Mir6944,Mir6944,
Gene,8297,Mir6945,Mir6945,
Gene,8298,Mir6996,Mir6996,
Gene,8299,Mir7016,Mir7016,
Gene,8300,Mir702,Mir702,
Gene,8301,Mir7021,Mir7021,
Gene,8302,Mir7068,Mir7068,
Gene,8303,Mir7081,Mir7081,
Gene,8304,Mir7083,Mir7083,
Gene,8305,Mir7085,Mir7085,
Gene,8306,Mir7237,Mir7237,
Gene,8307,Mir742,Mir742,
Gene,8308,Mir743a,Mir743a,
Gene,8309,Mir743b,Mir743b,
Gene,8310,Mir7647,Mir7647,
Gene,8311,Mir7648,Mir7648,
Gene,8312,Mir7654,Mir7654,
Gene,8313,Mir7659,Mir7659,
Gene,8314,Mir7b,Mir7b,
Gene,8315,Mir8106,Mir8106,
Gene,8316,Mir8114,Mir8114,
Gene,8317,Mir8120,Mir8120,
Gene,8318,Mir883a,Mir883a,
Gene,8319,Mirlet7a-1,Mirlet7a-1,
Gene,8320,Mirlet7f-1,Mirlet7f-1,
Gene,8321,Mmp1b,Mmp1b,
Gene,8322,Mmp23,Mmp23,
Gene,8323,Mo25,Mo25,
Gene,8324,Mod2,Mod2,
Gene,8325,Mospd4,Mospd4,
Gene,8326,Mre11a,Mre11a,
Gene,8327,Mrgprb2,Mrgprb2,
Gene,8328,Mrgprgl1,Mrgprgl1,
Gene,8329,Mrps36,Mrps36,
Gene,8330,Ms4a4c,Ms4a4c,
Gene,8331,Ms4a4d,Ms4a4d,
Gene,8332,Ms4a6c,Ms4a6c,
Gene,8333,Ms4a6d,Ms4a6d,
Gene,8334,Mt1,Mt1,
Gene,8335,Mt1-ps2,Mt1-ps2,
Gene,8336,Mt2,Mt2,
Gene,8337,MtnA,MtnA,
Gene,8338,MtnB,MtnB,
Gene,8339,Mucl2,Mucl2,
Gene,8340,Mug1,Mug1,
Gene,8341,Mug2,Mug2,
Gene,8342,Mup1,Mup1,
Gene,8343,Mup20,Mup20,
Gene,8344,Mup4,Mup4,
Gene,8345,Mup6,Mup6,
Gene,8346,Mycs,Mycs,
Gene,8347,Mylpf,Mylpf,
Gene,8348,Mzt2,Mzt2,
Gene,8349,N4BP1,N4BP1,
Gene,8350,N4BP2L1,N4BP2L1,
Gene,8351,N4BP2L2,N4BP2L2,
Gene,8352,N5,N5,
Gene,8353,N6AMT1,N6AMT1,
Gene,8354,NAA10,NAA10,
Gene,8355,NAA15,NAA15,
Gene,8356,NAA20,NAA20,
Gene,8357,NAA30,NAA30,
Gene,8358,NAA35,NAA35,
Gene,8359,NAA38,NAA38,
Gene,8360,NAA50,NAA50,
Gene,8361,NAA60,NAA60,
Gene,8362,NAA80,NAA80,
Gene,8363,NAAA,NAAA,
Gene,8364,NAALAD2,NAALAD2,
Gene,8365,NAALADL1,NAALADL1,
Gene,8366,NAALADL2,NAALADL2,
Gene,8367,NAB1,NAB1,
Gene,8368,NAB2,NAB2,
Gene,8369,NABP1,NABP1,
Gene,8370,NABP2,NABP2,
Gene,8371,NACA,NACA,
Gene,8372,NACAD,NACAD,
Gene,8373,NACC2,NACC2,
Gene,8374,NADK,NADK,
Gene,8375,NADK2,NADK2,
Gene,8376,NAF1,NAF1,
Gene,8377,NAGA,NAGA,
Gene,8378,NAGK,NAGK,
Gene,8379,NAGLU,NAGLU,
Gene,8380,NAGPA,NAGPA,
Gene,8381,NAGS,NAGS,
Gene,8382,NAIF1,NAIF1,
Gene,8383,NAIP,NAIP,
Gene,8384,NALCN,NALCN,
Gene,8385,NALF1,NALF1,
Gene,8386,NALT1,NALT1,
Gene,8387,NAMPT,NAMPT,
Gene,8388,NANOG,NANOG,
Gene,8389,NANOS1,NANOS1,
Gene,8390,NANP,NANP,
Gene,8391,NAP1L1,NAP1L1,
Gene,8392,NAP1L4,NAP1L4,
Gene,8393,NAP1L5,NAP1L5,
Gene,8394,NAPA,NAPA,
Gene,8395,NAPB,NAPB,
Gene,8396,NAPEPLD,NAPEPLD,
Gene,8397,NAPRT,NAPRT,
Gene,8398,NAPSA,NAPSA,
Gene,8399,NARF,NARF,
Gene,8400,NARS1,NARS1,
Gene,8401,NASP,NASP,
Gene,8402,NAT1,NAT1,
Gene,8403,NAT10,NAT10,
Gene,8404,NAT14,NAT14,
Gene,8405,NAT16,NAT16,
Gene,8406,NAT2,NAT2,
Gene,8407,NAT8,NAT8,
Gene,8408,NAT8L,NAT8L,
Gene,8409,NAT9,NAT9,
Gene,8410,NAV2,NAV2,
Gene,8411,NAV3,NAV3,
Gene,8412,NAXE,NAXE,
Gene,8413,NBAS,NBAS,
Gene,8414,NBEA,NBEA,
Gene,8415,NBEAL2,NBEAL2,
Gene,8416,NBL1,NBL1,
Gene,8417,NBN,NBN,
Gene,8418,NBPF10,NBPF10,
Gene,8419,NBPF13P,NBPF13P,
Gene,8420,NBPF26,NBPF26,
Gene,8421,NCALD,NCALD,
Gene,8422,NCAM1,NCAM1,
Gene,8423,NCAM2,NCAM2,
Gene,8424,NCAN,NCAN,
Gene,8425,NCAPD2,NCAPD2,
Gene,8426,NCAPD3,NCAPD3,
Gene,8427,NCAPG,NCAPG,
Gene,8428,NCAPG2,NCAPG2,
Gene,8429,NCAPH,NCAPH,
Gene,8430,NCAPH2,NCAPH2,
Gene,8431,NCBP1,NCBP1,
Gene,8432,NCBP3,NCBP3,
Gene,8433,NCCRP1,NCCRP1,
Gene,8434,NCDN,NCDN,
Gene,8435,NCEH1,NCEH1,
Gene,8436,NCF1,NCF1,
Gene,8437,NCF2,NCF2,
Gene,8438,NCF4,NCF4,
Gene,8439,NCKAP1,NCKAP1,
Gene,8440,NCKAP5,NCKAP5,
Gene,8441,NCKAP5L,NCKAP5L,
Gene,8442,NCKIPSD,NCKIPSD,
Gene,8443,NCL,NCL,
Gene,8444,NCMAP,NCMAP,
Gene,8445,NCOA1,NCOA1,
Gene,8446,NCOA2,NCOA2,
Gene,8447,NCOA3,NCOA3,
Gene,8448,NCOA4,NCOA4,
Gene,8449,NCOA5,NCOA5,
Gene,8450,NCOA6,NCOA6,
Gene,8451,NCOA7,NCOA7,
Gene,8452,NCOR1,NCOR1,
Gene,8453,NCOR1P1,NCOR1P1,
Gene,8454,NCOR2,NCOR2,
Gene,8455,NCR1,NCR1,
Gene,8456,NCR3,NCR3,
Gene,8457,NCS1,NCS1,
Gene,8458,NCSTN,NCSTN,
Gene,8459,ND1,ND1,
Gene,8460,ND2,ND2,
Gene,8461,ND3,ND3,
Gene,8462,ND4,ND4,
Gene,8463,ND4L,ND4L,
Gene,8464,ND5,ND5,
Gene,8465,ND6,ND6,
Gene,8466,NDC1,NDC1,
Gene,8467,NDC80,NDC80,
Gene,8468,NDE1,NDE1,
Gene,8469,NDEL1,NDEL1,
Gene,8470,NDFIP2,NDFIP2,
Gene,8471,NDN,NDN,
Gene,8472,NDOR1,NDOR1,
Gene,8473,NDP,NDP,
Gene,8474,NDRG1,NDRG1,
Gene,8475,NDRG2,NDRG2,
Gene,8476,NDRG3,NDRG3,
Gene,8477,NDRG4,NDRG4,
Gene,8478,NDST1,NDST1,
Gene,8479,NDST2,NDST2,
Gene,8480,NDUFA1,NDUFA1,
Gene,8481,NDUFA10,NDUFA10,
Gene,8482,NDUFA11,NDUFA11,
Gene,8483,NDUFA12,NDUFA12,
Gene,8484,NDUFA13,NDUFA13,
Gene,8485,NDUFA2,NDUFA2,
Gene,8486,NDUFA3,NDUFA3,
Gene,8487,NDUFA4,NDUFA4,
Gene,8488,NDUFA5,NDUFA5,
Gene,8489,NDUFA6,NDUFA6,
Gene,8490,NDUFA7,NDUFA7,
Gene,8491,NDUFA9,NDUFA9,
Gene,8492,NDUFAB1,NDUFAB1,
Gene,8493,NDUFAF1,NDUFAF1,
Gene,8494,NDUFAF3,NDUFAF3,
Gene,8495,NDUFAF4,NDUFAF4,
Gene,8496,NDUFAF6,NDUFAF6,
Gene,8497,NDUFAF8,NDUFAF8,
Gene,8498,NDUFB1,NDUFB1,
Gene,8499,NDUFB10,NDUFB10,
Gene,8500,NDUFB11,NDUFB11,
Gene,8501,NDUFB2,NDUFB2,
Gene,8502,NDUFB3,NDUFB3,
Gene,8503,NDUFB4,NDUFB4,
Gene,8504,NDUFB5,NDUFB5,
Gene,8505,NDUFB6,NDUFB6,
Gene,8506,NDUFB7,NDUFB7,
Gene,8507,NDUFB8,NDUFB8,
Gene,8508,NDUFB9,NDUFB9,
Gene,8509,NDUFC1,NDUFC1,
Gene,8510,NDUFC2,NDUFC2,
Gene,8511,NDUFS1,NDUFS1,
Gene,8512,NDUFS3,NDUFS3,
Gene,8513,NDUFS4,NDUFS4,
Gene,8514,NDUFS5,NDUFS5,
Gene,8515,NDUFS6,NDUFS6,
Gene,8516,NDUFS7,NDUFS7,
Gene,8517,NDUFS8,NDUFS8,
Gene,8518,NDUFV1,NDUFV1,
Gene,8519,NDUFV2,NDUFV2,
Gene,8520,NDUFV3,NDUFV3,
Gene,8521,NEAT1,NEAT1,
Gene,8522,NEB,NEB,
Gene,8523,NEBL,NEBL,
Gene,8524,NECAB1,NECAB1,
Gene,8525,NECAB2,NECAB2,
Gene,8526,NECAP2,NECAP2,
Gene,8527,NECTIN1,NECTIN1,
Gene,8528,NECTIN2,NECTIN2,
Gene,8529,NECTIN3,NECTIN3,
Gene,8530,NECTIN4,NECTIN4,
Gene,8531,NEDD1,NEDD1,
Gene,8532,NEDD4,NEDD4,
Gene,8533,NEDD4L,NEDD4L,
Gene,8534,NEDD8,NEDD8,
Gene,8535,NEDD9,NEDD9,
Gene,8536,NEFH,NEFH,
Gene,8537,NEFL,NEFL,
Gene,8538,NEFM,NEFM,
Gene,8539,NEGR1,NEGR1,
Gene,8540,NEIL1,NEIL1,
Gene,8541,NEIL2,NEIL2,
Gene,8542,NEK1,NEK1,
Gene,8543,NEK10,NEK10,
Gene,8544,NEK2,NEK2,
Gene,8545,NEK4,NEK4,
Gene,8546,NEK6,NEK6,
Gene,8547,NEK7,NEK7,
Gene,8548,NEK9,NEK9,
Gene,8549,NELFA,NELFA,
Gene,8550,NELFB,NELFB,
Gene,8551,NELFE,NELFE,
Gene,8552,NELL1,NELL1,
Gene,8553,NELL2,NELL2,
Gene,8554,NEMP1,NEMP1,
Gene,8555,NEMP2,NEMP2,
Gene,8556,NENF,NENF,
Gene,8557,NEO1,NEO1,
Gene,8558,NEPRO,NEPRO,
Gene,8559,NES,NES,
Gene,8560,NET1,NET1,
Gene,8561,NETO2,NETO2,
Gene,8562,NEU1,NEU1,
Gene,8563,NEU2,NEU2,
Gene,8564,NEU3,NEU3,
Gene,8565,NEU4,NEU4,
Gene,8566,NEURL1,NEURL1,
Gene,8567,NEURL1B,NEURL1B,
Gene,8568,NEURL3,NEURL3,
Gene,8569,NEURL4,NEURL4,
Gene,8570,NEUROD1,NEUROD1,
Gene,8571,NEUROD4,NEUROD4,
Gene,8572,NEUROG1,NEUROG1,
Gene,8573,NEUROG3,NEUROG3,
Gene,8574,NEXMIF,NEXMIF,
Gene,8575,NEXN,NEXN,
Gene,8576,NEXN-AS1,NEXN-AS1,
Gene,8577,NF1,NF1,
Gene,8578,NF2,NF2,
Gene,8579,NFASC,NFASC,
Gene,8580,NFAT5,NFAT5,
Gene,8581,NFATC1,NFATC1,
Gene,8582,NFATC2,NFATC2,
Gene,8583,NFATC2IP,NFATC2IP,
Gene,8584,NFATC3,NFATC3,
Gene,8585,NFATC4,NFATC4,
Gene,8586,NFE2,NFE2,
Gene,8587,NFE2L1,NFE2L1,
Gene,8588,NFE2L2,NFE2L2,
Gene,8589,NFE2L3,NFE2L3,
Gene,8590,NFIA,NFIA,
Gene,8591,NFIB,NFIB,
Gene,8592,NFIC,NFIC,
Gene,8593,NFIL3,NFIL3,
Gene,8594,NFIX,NFIX,
Gene,8595,NFKB1,NFKB1,
Gene,8596,NFKB2,NFKB2,
Gene,8597,NFKBIA,NFKBIA,
Gene,8598,NFKBIB,NFKBIB,
Gene,8599,NFKBID,NFKBID,
Gene,8600,NFKBIE,NFKBIE,
Gene,8601,NFKBIL1,NFKBIL1,
Gene,8602,NFKBIZ,NFKBIZ,
Gene,8603,NFRKB,NFRKB,
Gene,8604,NFS1,NFS1,
Gene,8605,NFX1,NFX1,
Gene,8606,NFXL1,NFXL1,
Gene,8607,NFYA,NFYA,
Gene,8608,NFYB,NFYB,
Gene,8609,NFYC,NFYC,
Gene,8610,NGB,NGB,
Gene,8611,NGDN,NGDN,
Gene,8612,NGEF,NGEF,
Gene,8613,NGF,NGF,
Gene,8614,NGFG,NGFG,
Gene,8615,NGFR,NGFR,
Gene,8616,NGLY1,NGLY1,
Gene,8617,NHEJ1,NHEJ1,
Gene,8618,NHERF1,NHERF1,
Gene,8619,NHERF2,NHERF2,
Gene,8620,NHLH1,NHLH1,
Gene,8621,NHLRC2,NHLRC2,
Gene,8622,NHLRC3,NHLRC3,
Gene,8623,NHP2,NHP2,
Gene,8624,NHSL3,NHSL3,
Gene,8625,NIBAN1,NIBAN1,
Gene,8626,NIBAN2,NIBAN2,
Gene,8627,NIBAN3,NIBAN3,
Gene,8628,NICN1,NICN1,
Gene,8629,NICOL1,NICOL1,
Gene,8630,NID1,NID1,
Gene,8631,NID2,NID2,
Gene,8632,NIF3L1,NIF3L1,
Gene,8633,NIFK,NIFK,
Gene,8634,NIM1K,NIM1K,
Gene,8635,NIN,NIN,
Gene,8636,NINJ1,NINJ1,
Gene,8637,NINJ2,NINJ2,
Gene,8638,NINL,NINL,
Gene,8639,NIP7,NIP7,
Gene,8640,NIPA2,NIPA2,
Gene,8641,NIPAL2,NIPAL2,
Gene,8642,NIPAL4,NIPAL4,
Gene,8643,NIPBL,NIPBL,
Gene,8644,NIPBL-DT,NIPBL-DT,
Gene,8645,NIPSNAP1,NIPSNAP1,
Gene,8646,NIPSNAP2,NIPSNAP2,
Gene,8647,NIPSNAP3A,NIPSNAP3A,
Gene,8648,NIPSNAP3B,NIPSNAP3B,
Gene,8649,NISCH,NISCH,
Gene,8650,NIT1,NIT1,
Gene,8651,NIT2,NIT2,
Gene,8652,NKAIN1,NKAIN1,
Gene,8653,NKAIN2,NKAIN2,
Gene,8654,NKAIN4,NKAIN4,
Gene,8655,NKAP,NKAP,
Gene,8656,NKAPD1,NKAPD1,
Gene,8657,NKD1,NKD1,
Gene,8658,NKD2,NKD2,
Gene,8659,NKG7,NKG7,
Gene,8660,NKIRAS1,NKIRAS1,
Gene,8661,NKIRAS2,NKIRAS2,
Gene,8662,NKPD1,NKPD1,
Gene,8663,NKRF,NKRF,
Gene,8664,NKTR,NKTR,
Gene,8665,NKX2-1,NKX2-1,
Gene,8666,NKX2-5,NKX2-5,
Gene,8667,NKX2-6,NKX2-6,
Gene,8668,NKX3-1,NKX3-1,
Gene,8669,NKX6-1,NKX6-1,
Gene,8670,NKX6-2,NKX6-2,
Gene,8671,NLE1,NLE1,
Gene,8672,NLGN1,NLGN1,
Gene,8673,NLGN2,NLGN2,
Gene,8674,NLGN3,NLGN3,
Gene,8675,NLK,NLK,
Gene,8676,NLN,NLN,
Gene,8677,NLRC3,NLRC3,
Gene,8678,NLRC5,NLRC5,
Gene,8679,NLRP1,NLRP1,
Gene,8680,NLRP10,NLRP10,
Gene,8681,NLRP12,NLRP12,
Gene,8682,NLRP2,NLRP2,
Gene,8683,NLRP3,NLRP3,
Gene,8684,NLRP6,NLRP6,
Gene,8685,NLRX1,NLRX1,
Gene,8686,NMB,NMB,
Gene,8687,NMBR,NMBR,
Gene,8688,NMD3,NMD3,
Gene,8689,NME1,NME1,
Gene,8690,NME2,NME2,
Gene,8691,NME3,NME3,
Gene,8692,NME4,NME4,
Gene,8693,NME6,NME6,
Gene,8694,NME7,NME7,
Gene,8695,NME8,NME8,
Gene,8696,NMI,NMI,
Gene,8697,NMNAT1,NMNAT1,
Gene,8698,NMNAT2,NMNAT2,
Gene,8699,NMRAL1,NMRAL1,
Gene,8700,NMRAL2P,NMRAL2P,
Gene,8701,NMRK1,NMRK1,
Gene,8702,NMRK2,NMRK2,
Gene,8703,NMT1,NMT1,
Gene,8704,NMT2,NMT2,
Gene,8705,NMU,NMU,
Gene,8706,NMUR1,NMUR1,
Gene,8707,NMUR2,NMUR2,
Gene,8708,NNAT,NNAT,
Gene,8709,NNMT,NNMT,
Gene,8710,NOB1,NOB1,
Gene,8711,NOBOX,NOBOX,
Gene,8712,NOC2L,NOC2L,
Gene,8713,NOC3L,NOC3L,
Gene,8714,NOCT,NOCT,
Gene,8715,NOD1,NOD1,
Gene,8716,NOD2,NOD2,
Gene,8717,NOG,NOG,
Gene,8718,NOL10,NOL10,
Gene,8719,NOL12,NOL12,
Gene,8720,NOL3,NOL3,
Gene,8721,NOL4,NOL4,
Gene,8722,NOL4L,NOL4L,
Gene,8723,NOL6,NOL6,
Gene,8724,NOL7,NOL7,
Gene,8725,NOL8,NOL8,
Gene,8726,NOLC1,NOLC1,
Gene,8727,NOM1,NOM1,
Gene,8728,NOMO1,NOMO1,
Gene,8729,NOMO2,NOMO2,
Gene,8730,NONO,NONO,
Gene,8731,NOP10,NOP10,
Gene,8732,NOP14,NOP14,
Gene,8733,NOP2,NOP2,
Gene,8734,NOP56,NOP56,
Gene,8735,NOP58,NOP58,
Gene,8736,NOP9,NOP9,
Gene,8737,NOPCHAP1,NOPCHAP1,
Gene,8738,NORAD,NORAD,
Gene,8739,NOS1,NOS1,
Gene,8740,NOS1AP,NOS1AP,
Gene,8741,NOS2,NOS2,
Gene,8742,NOS3,NOS3,
Gene,8743,NOSIP,NOSIP,
Gene,8744,NOSTRIN,NOSTRIN,
Gene,8745,NOTCH1,NOTCH1,
Gene,8746,NOTCH2,NOTCH2,
Gene,8747,NOTCH2NLC,NOTCH2NLC,
Gene,8748,NOTCH3,NOTCH3,
Gene,8749,NOTCH4,NOTCH4,
Gene,8750,NOTUM,NOTUM,
Gene,8751,NOVA1,NOVA1,
Gene,8752,NOX1,NOX1,
Gene,8753,NOX4,NOX4,
Gene,8754,NOX5,NOX5,
Gene,8755,NOXA1,NOXA1,
Gene,8756,NOXO1,NOXO1,
Gene,8757,NPAS1,NPAS1,
Gene,8758,NPAS2,NPAS2,
Gene,8759,NPAS3,NPAS3,
Gene,8760,NPAT,NPAT,
Gene,8761,NPB,NPB,
Gene,8762,NPBWR1,NPBWR1,
Gene,8763,NPC1,NPC1,
Gene,8764,NPC1L1,NPC1L1,
Gene,8765,NPC2,NPC2,
Gene,8766,NPDC1,NPDC1,
Gene,8767,NPEPL1,NPEPL1,
Gene,8768,NPEPPS,NPEPPS,
Gene,8769,NPFFR2,NPFFR2,
Gene,8770,NPHP3,NPHP3,
Gene,8771,NPHP4,NPHP4,
Gene,8772,NPHS1,NPHS1,
Gene,8773,NPHS2,NPHS2,
Gene,8774,NPIPA1,NPIPA1,
Gene,8775,NPIPB11,NPIPB11,
Gene,8776,NPIPB13,NPIPB13,
Gene,8777,NPIPB2,NPIPB2,
Gene,8778,NPIPB3,NPIPB3,
Gene,8779,NPIPB5,NPIPB5,
Gene,8780,NPL,NPL,
Gene,8781,NPLOC4,NPLOC4,
Gene,8782,NPM1,NPM1,
Gene,8783,NPM1P35,NPM1P35,
Gene,8784,NPM3,NPM3,
Gene,8785,NPNT,NPNT,
Gene,8786,NPPA,NPPA,
Gene,8787,NPPB,NPPB,
Gene,8788,NPPC,NPPC,
Gene,8789,NPR1,NPR1,
Gene,8790,NPR2,NPR2,
Gene,8791,NPR3,NPR3,
Gene,8792,NPRL2,NPRL2,
Gene,8793,NPRL3,NPRL3,
Gene,8794,NPSR1,NPSR1,
Gene,8795,NPSR1-AS1,NPSR1-AS1,
Gene,8796,NPTN,NPTN,
Gene,8797,NPTX1,NPTX1,
Gene,8798,NPTX2,NPTX2,
Gene,8799,NPVF,NPVF,
Gene,8800,NPW,NPW,
Gene,8801,NPY,NPY,
Gene,8802,NPY1R,NPY1R,
Gene,8803,NPY2R,NPY2R,
Gene,8804,NPY4R,NPY4R,
Gene,8805,NPY4R2,NPY4R2,
Gene,8806,NPY5R,NPY5R,
Gene,8807,NPY6R,NPY6R,
Gene,8808,NQO1,NQO1,
Gene,8809,NQO2,NQO2,
Gene,8810,NR0B1,NR0B1,
Gene,8811,NR0B2,NR0B2,
Gene,8812,NR1D1,NR1D1,
Gene,8813,NR1D2,NR1D2,
Gene,8814,NR1H2,NR1H2,
Gene,8815,NR1H3,NR1H3,
Gene,8816,NR1H4,NR1H4,
Gene,8817,NR1I2,NR1I2,
Gene,8818,NR1I3,NR1I3,
Gene,8819,NR2C1,NR2C1,
Gene,8820,NR2C2,NR2C2,
Gene,8821,NR2C2AP,NR2C2AP,
Gene,8822,NR2F1,NR2F1,
Gene,8823,NR2F2,NR2F2,
Gene,8824,NR2F6,NR2F6,
Gene,8825,NR3C1,NR3C1,
Gene,8826,NR3C2,NR3C2,
Gene,8827,NR4A1,NR4A1,
Gene,8828,NR4A2,NR4A2,
Gene,8829,NR4A3,NR4A3,
Gene,8830,NR5A1,NR5A1,
Gene,8831,NR5A2,NR5A2,
Gene,8832,NRAP,NRAP,
Gene,8833,NRARP,NRARP,
Gene,8834,NRAS,NRAS,
Gene,8835,NRBF2,NRBF2,
Gene,8836,NRBP1,NRBP1,
Gene,8837,NRBP2,NRBP2,
Gene,8838,NRCAM,NRCAM,
Gene,8839,NRDC,NRDC,
Gene,8840,NRDE2,NRDE2,
Gene,8841,NREP,NREP,
Gene,8842,NRF1,NRF1,
Gene,8843,NRG1,NRG1,
Gene,8844,NRG2,NRG2,
Gene,8845,NRG3,NRG3,
Gene,8846,NRGN,NRGN,
Gene,8847,NRIP1,NRIP1,
Gene,8848,NRIP3,NRIP3,
Gene,8849,NRK,NRK,
Gene,8850,NRL,NRL,
Gene,8851,NRM,NRM,
Gene,8852,NRN1,NRN1,
Gene,8853,NRN1L,NRN1L,
Gene,8854,NRON,NRON,
Gene,8855,NRP1,NRP1,
Gene,8856,NRP2,NRP2,
Gene,8857,NRSN2,NRSN2,
Gene,8858,NRTN,NRTN,
Gene,8859,NRXN1,NRXN1,
Gene,8860,NRXN2,NRXN2,
Gene,8861,NRXN3,NRXN3,
Gene,8862,NSA2,NSA2,
Gene,8863,NSD1,NSD1,
Gene,8864,NSD2,NSD2,
Gene,8865,NSD3,NSD3,
Gene,8866,NSDHL,NSDHL,
Gene,8867,NSF,NSF,
Gene,8868,NSFL1C,NSFL1C,
Gene,8869,NSG1,NSG1,
Gene,8870,NSG2,NSG2,
Gene,8871,NSL1,NSL1,
Gene,8872,NSMAF,NSMAF,
Gene,8873,NSMCE3,NSMCE3,
Gene,8874,NSMCE4A,NSMCE4A,
Gene,8875,NSMF,NSMF,
Gene,8876,NSRP1,NSRP1,
Gene,8877,NSUN2,NSUN2,
Gene,8878,NSUN5,NSUN5,
Gene,8879,NSUN6,NSUN6,
Gene,8880,NT5C,NT5C,
Gene,8881,NT5C1A,NT5C1A,
Gene,8882,NT5C1B,NT5C1B,
Gene,8883,NT5C2,NT5C2,
Gene,8884,NT5C3A,NT5C3A,
Gene,8885,NT5C3B,NT5C3B,
Gene,8886,NT5DC1,NT5DC1,
Gene,8887,NT5DC2,NT5DC2,
Gene,8888,NT5DC3,NT5DC3,
Gene,8889,NT5E,NT5E,
Gene,8890,NT5M,NT5M,
Gene,8891,NTAN1,NTAN1,
Gene,8892,NTF3,NTF3,
Gene,8893,NTF4,NTF4,
Gene,8894,NTHL1,NTHL1,
Gene,8895,NTM,NTM,
Gene,8896,NTMT1,NTMT1,
Gene,8897,NTN4,NTN4,
Gene,8898,NTNG1,NTNG1,
Gene,8899,NTNG2,NTNG2,
Gene,8900,NTPCR,NTPCR,
Gene,8901,NTRK1,NTRK1,
Gene,8902,NTRK2,NTRK2,
Gene,8903,NTS,NTS,
Gene,8904,NTSR1,NTSR1,
Gene,8905,NTSR2,NTSR2,
Gene,8906,NUAK1,NUAK1,
Gene,8907,NUAK2,NUAK2,
Gene,8908,NUB1,NUB1,
Gene,8909,NUBP1,NUBP1,
Gene,8910,NUBP2,NUBP2,
Gene,8911,NUBPL,NUBPL,
Gene,8912,NUCB1,NUCB1,
Gene,8913,NUCB2,NUCB2,
Gene,8914,NUCKS1,NUCKS1,
Gene,8915,NUDC,NUDC,
Gene,8916,NUDCD1,NUDCD1,
Gene,8917,NUDCD2,NUDCD2,
Gene,8918,NUDT1,NUDT1,
Gene,8919,NUDT10,NUDT10,
Gene,8920,NUDT11,NUDT11,
Gene,8921,NUDT12,NUDT12,
Gene,8922,NUDT14,NUDT14,
Gene,8923,NUDT15,NUDT15,
Gene,8924,NUDT16,NUDT16,
Gene,8925,NUDT16L1,NUDT16L1,
Gene,8926,NUDT18,NUDT18,
Gene,8927,NUDT19,NUDT19,
Gene,8928,NUDT2,NUDT2,
Gene,8929,NUDT22,NUDT22,
Gene,8930,NUDT4,NUDT4,
Gene,8931,NUDT5,NUDT5,
Gene,8932,NUDT6,NUDT6,
Gene,8933,NUDT7,NUDT7,
Gene,8934,NUDT8,NUDT8,
Gene,8935,NUDT9,NUDT9,
Gene,8936,NUF2,NUF2,
Gene,8937,NUFIP1,NUFIP1,
Gene,8938,NUFIP2,NUFIP2,
Gene,8939,NUGGC,NUGGC,
Gene,8940,NUMA1,NUMA1,
Gene,8941,NUMB,NUMB,
Gene,8942,NUP107,NUP107,
Gene,8943,NUP133,NUP133,
Gene,8944,NUP153,NUP153,
Gene,8945,NUP155,NUP155,
Gene,8946,NUP160,NUP160,
Gene,8947,NUP188,NUP188,
Gene,8948,NUP210,NUP210,
Gene,8949,NUP214,NUP214,
Gene,8950,NUP35,NUP35,
Gene,8951,NUP42,NUP42,
Gene,8952,NUP43,NUP43,
Gene,8953,NUP50,NUP50,
Gene,8954,NUP54,NUP54,
Gene,8955,NUP58,NUP58,
Gene,8956,NUP62,NUP62,
Gene,8957,NUP62CL,NUP62CL,
Gene,8958,NUP85,NUP85,
Gene,8959,NUP88,NUP88,
Gene,8960,NUP93,NUP93,
Gene,8961,NUP98,NUP98,
Gene,8962,NUPR1,NUPR1,
Gene,8963,NUS1,NUS1,
Gene,8964,NUSAP1,NUSAP1,
Gene,8965,NUTF2,NUTF2,
Gene,8966,NUTM2A-AS1,NUTM2A-AS1,
Gene,8967,NVL,NVL,
Gene,8968,NWD1,NWD1,
Gene,8969,NXF1,NXF1,
Gene,8970,NXF5,NXF5,
Gene,8971,NXN,NXN,
Gene,8972,NXNL1,NXNL1,
Gene,8973,NXNL2,NXNL2,
Gene,8974,NXPE1,NXPE1,
Gene,8975,NXPE3,NXPE3,
Gene,8976,NXPH1,NXPH1,
Gene,8977,NXPH3,NXPH3,
Gene,8978,NXPH4,NXPH4,
Gene,8979,NXT1,NXT1,
Gene,8980,NXT2,NXT2,
Gene,8981,NYAP2,NYAP2,
Gene,8982,NYX,NYX,
Gene,8983,Naip3-ps1,Naip3-ps1,
Gene,8984,Naip5,Naip5,
Gene,8985,Nat8f1,Nat8f1,
Gene,8986,Nat8f3,Nat8f3,
Gene,8987,Nat8f5,Nat8f5,
Gene,8988,Nlrp1a,Nlrp1a,
Gene,8989,Nlrp4b,Nlrp4b,
Gene,8990,Nlrp4f,Nlrp4f,
Gene,8991,Nlrp5-ps,Nlrp5-ps,
Gene,8992,Np4,Np4,
Gene,8993,Npc1b,Npc1b,
Gene,8994,Ntf5,Ntf5,
Gene,8995,Nxf7,Nxf7,
Gene,8996,Nxpe5,Nxpe5,
Gene,8997,OAF,OAF,
Gene,8998,OARD1,OARD1,
Gene,8999,OAS1,OAS1,
Gene,9000,OAS2,OAS2,
Gene,9001,OAS3,OAS3,
Gene,9002,OAT,OAT,
Gene,9003,OAZ1,OAZ1,
Gene,9004,OAZ2,OAZ2,
Gene,9005,OAZ3,OAZ3,
Gene,9006,OBI1,OBI1,
Gene,9007,OBP2A,OBP2A,
Gene,9008,OBSCN,OBSCN,
Gene,9009,OBSL1,OBSL1,
Gene,9010,OCIAD1,OCIAD1,
Gene,9011,OCIAD2,OCIAD2,
Gene,9012,OCLN,OCLN,
Gene,9013,OCM,OCM,
Gene,9014,OCSTAMP,OCSTAMP,
Gene,9015,ODAM,ODAM,
Gene,9016,ODC1,ODC1,
Gene,9017,ODF2,ODF2,
Gene,9018,ODF4,ODF4,
Gene,9019,ODR4,ODR4,
Gene,9020,OFD1,OFD1,
Gene,9021,OGA,OGA,
Gene,9022,OGDH,OGDH,
Gene,9023,OGDHL,OGDHL,
Gene,9024,OGFOD1,OGFOD1,
Gene,9025,OGFOD2,OGFOD2,
Gene,9026,OGFR,OGFR,
Gene,9027,OGFR-AS1,OGFR-AS1,
Gene,9028,OGFRL1,OGFRL1,
Gene,9029,OGG1,OGG1,
Gene,9030,OGN,OGN,
Gene,9031,OGT,OGT,
Gene,9032,OIP5,OIP5,
Gene,9033,OLA1,OLA1,
Gene,9034,OLAH,OLAH,
Gene,9035,OLFM1,OLFM1,
Gene,9036,OLFM2,OLFM2,
Gene,9037,OLFM3,OLFM3,
Gene,9038,OLFML1,OLFML1,
Gene,9039,OLFML2A,OLFML2A,
Gene,9040,OLFML2B,OLFML2B,
Gene,9041,OLFML3,OLFML3,
Gene,9042,OLIG1,OLIG1,
Gene,9043,OLIG2,OLIG2,
Gene,9044,OLR1,OLR1,
Gene,9045,OMA1,OMA1,
Gene,9046,OMG,OMG,
Gene,9047,ONECUT1,ONECUT1,
Gene,9048,ONECUT2,ONECUT2,
Gene,9049,OPA1,OPA1,
Gene,9050,OPCML,OPCML,
Gene,9051,OPHN1,OPHN1,
Gene,9052,OPLAH,OPLAH,
Gene,9053,OPN4,OPN4,
Gene,9054,OPRD1,OPRD1,
Gene,9055,OPRK1,OPRK1,
Gene,9056,OPRL1,OPRL1,
Gene,9057,OPRM1,OPRM1,
Gene,9058,OPRPN,OPRPN,
Gene,9059,OPTN,OPTN,
Gene,9060,OR10D3,OR10D3,
Gene,9061,OR10J6P,OR10J6P,
Gene,9062,OR10V1,OR10V1,
Gene,9063,OR10Z1,OR10Z1,
Gene,9064,OR13C9,OR13C9,
Gene,9065,OR1A1,OR1A1,
Gene,9066,OR1A2,OR1A2,
Gene,9067,OR1D2,OR1D2,
Gene,9068,OR1G1,OR1G1,
Gene,9069,OR1L4,OR1L4,
Gene,9070,OR1M1,OR1M1,
Gene,9071,OR1N1,OR1N1,
Gene,9072,OR1N2,OR1N2,
Gene,9073,OR1P1,OR1P1,
Gene,9074,OR1Q1,OR1Q1,
Gene,9075,OR2B11,OR2B11,
Gene,9076,OR2B6,OR2B6,
Gene,9077,OR2C1,OR2C1,
Gene,9078,OR2F2,OR2F2,
Gene,9079,OR2H1,OR2H1,
Gene,9080,OR2H2,OR2H2,
Gene,9081,OR2T1,OR2T1,
Gene,9082,OR2T29,OR2T29,
Gene,9083,OR3A1,OR3A1,
Gene,9084,OR3A3,OR3A3,
Gene,9085,OR4B1,OR4B1,
Gene,9086,OR4C11,OR4C11,
Gene,9087,OR4C46,OR4C46,
Gene,9088,OR4D6,OR4D6,
Gene,9089,OR4K5,OR4K5,
Gene,9090,OR4Q3,OR4Q3,
Gene,9091,OR51A2,OR51A2,
Gene,9092,OR51E1,OR51E1,
Gene,9093,OR51E2,OR51E2,
Gene,9094,OR51G1,OR51G1,
Gene,9095,OR51I2,OR51I2,
Gene,9096,OR51Q1,OR51Q1,
Gene,9097,OR52A5,OR52A5,
Gene,9098,OR52L1,OR52L1,
Gene,9099,OR52P1,OR52P1,
Gene,9100,OR52R1,OR52R1,
Gene,9101,OR5AP2,OR5AP2,
Gene,9102,OR5AU1,OR5AU1,
Gene,9103,OR5C1,OR5C1,
Gene,9104,OR5D18,OR5D18,
Gene,9105,OR5V1,OR5V1,
Gene,9106,OR6A2,OR6A2,
Gene,9107,OR6N1,OR6N1,
Gene,9108,OR6T1,OR6T1,
Gene,9109,OR8A1,OR8A1,
Gene,9110,OR8J3,OR8J3,
Gene,9111,OR8K1,OR8K1,
Gene,9112,OR9A4,OR9A4,
Gene,9113,OR9K2,OR9K2,
Gene,9114,ORAI1,ORAI1,
Gene,9115,ORAI2,ORAI2,
Gene,9116,ORAI3,ORAI3,
Gene,9117,ORC1,ORC1,
Gene,9118,ORC2,ORC2,
Gene,9119,ORC3,ORC3,
Gene,9120,ORC4,ORC4,
Gene,9121,ORC5,ORC5,
Gene,9122,ORC6,ORC6,
Gene,9123,ORF1ab,ORF1ab,
Gene,9124,ORM1,ORM1,
Gene,9125,ORM2,ORM2,
Gene,9126,ORMDL2,ORMDL2,
Gene,9127,ORMDL3,ORMDL3,
Gene,9128,OS9,OS9,
Gene,9129,OSBP,OSBP,
Gene,9130,OSBP2,OSBP2,
Gene,9131,OSBPL10,OSBPL10,
Gene,9132,OSBPL11,OSBPL11,
Gene,9133,OSBPL1A,OSBPL1A,
Gene,9134,OSBPL2,OSBPL2,
Gene,9135,OSBPL3,OSBPL3,
Gene,9136,OSBPL5,OSBPL5,
Gene,9137,OSBPL6,OSBPL6,
Gene,9138,OSBPL8,OSBPL8,
Gene,9139,OSBPL9,OSBPL9,
Gene,9140,OSCAR,OSCAR,
Gene,9141,OSER1,OSER1,
Gene,9142,OSGEP,OSGEP,
Gene,9143,OSGEPL1,OSGEPL1,
Gene,9144,OSGEPL1-AS1,OSGEPL1-AS1,
Gene,9145,OSGIN1,OSGIN1,
Gene,9146,OSGIN2,OSGIN2,
Gene,9147,OSMR,OSMR,
Gene,9148,OSR1,OSR1,
Gene,9149,OSR2,OSR2,
Gene,9150,OSTC,OSTC,
Gene,9151,OSTF1,OSTF1,
Gene,9152,OSTM1,OSTM1,
Gene,9153,OTC,OTC,
Gene,9154,OTOA,OTOA,
Gene,9155,OTOF,OTOF,
Gene,9156,OTOG,OTOG,
Gene,9157,OTOP1,OTOP1,
Gene,9158,OTOR,OTOR,
Gene,9159,OTOS,OTOS,
Gene,9160,OTUB1,OTUB1,
Gene,9161,OTUB2,OTUB2,
Gene,9162,OTUD1,OTUD1,
Gene,9163,OTUD3,OTUD3,
Gene,9164,OTUD5,OTUD5,
Gene,9165,OTUD6A,OTUD6A,
Gene,9166,OTUD6B,OTUD6B,
Gene,9167,OTUD7A,OTUD7A,
Gene,9168,OTUD7B,OTUD7B,
Gene,9169,OTULINL,OTULINL,
Gene,9170,OTX1,OTX1,
Gene,9171,OTX2,OTX2,
Gene,9172,OVAL,OVAL,
Gene,9173,OVGP1,OVGP1,
Gene,9174,OVOL2,OVOL2,
Gene,9175,OVOL3,OVOL3,
Gene,9176,OXA1L,OXA1L,
Gene,9177,OXCT1,OXCT1,
Gene,9178,OXER1,OXER1,
Gene,9179,OXNAD1,OXNAD1,
Gene,9180,OXR1,OXR1,
Gene,9181,OXSM,OXSM,
Gene,9182,OXSR1,OXSR1,
Gene,9183,OXT,OXT,
Gene,9184,OXTR,OXTR,
Gene,9185,Oamb,Oamb,
Gene,9186,Oas1a,Oas1a,
Gene,9187,Oas1b,Oas1b,
Gene,9188,Oas1c,Oas1c,
Gene,9189,Oas1f,Oas1f,
Gene,9190,Oas1g,Oas1g,
Gene,9191,Oasl1,Oasl1,
Gene,9192,Oasl2,Oasl2,
Gene,9193,Obox5,Obox5,
Gene,9194,Obp1f,Obp1f,
Gene,9195,Olfr197,Olfr197,
Gene,9196,Olfr257,Olfr257,
Gene,9197,Olr1102,Olr1102,
Gene,9198,Oog1,Oog1,
Gene,9199,Or10a48,Or10a48,
Gene,9200,Or10ag57,Or10ag57,
Gene,9201,Or10ak14,Or10ak14,
Gene,9202,Or10ak7e,Or10ak7e,
Gene,9203,Or10d1,Or10d1,
Gene,9204,Or10g1b,Or10g1b,
Gene,9205,Or10g3c,Or10g3c,
Gene,9206,Or10j27,Or10j27,
Gene,9207,Or10j3b,Or10j3b,
Gene,9208,Or10p22,Or10p22,
Gene,9209,Or11g1,Or11g1,
Gene,9210,Or11h4c,Or11h4c,
Gene,9211,Or11i1,Or11i1,
Gene,9212,Or11m3,Or11m3,
Gene,9213,Or12d2b,Or12d2b,
Gene,9214,Or12j2,Or12j2,
Gene,9215,Or12k7,Or12k7,
Gene,9216,Or13a26,Or13a26,
Gene,9217,Or13a26c,Or13a26c,
Gene,9218,Or13a27,Or13a27,
Gene,9219,Or13a27c,Or13a27c,
Gene,9220,Or14j5b,Or14j5b,
Gene,9221,Or1a1b,Or1a1b,
Gene,9222,Or1ad8,Or1ad8,
Gene,9223,Or1ak2,Or1ak2,
Gene,9224,Or1e21,Or1e21,
Gene,9225,Or1e25,Or1e25,
Gene,9226,Or1f26,Or1f26,
Gene,9227,Or1f27,Or1f27,
Gene,9228,Or1f31,Or1f31,
Gene,9229,Or1f34,Or1f34,
Gene,9230,Or1j13,Or1j13,
Gene,9231,Or1j14,Or1j14,
Gene,9232,Or1j16b,Or1j16b,
Gene,9233,Or1j21,Or1j21,
Gene,9234,Or1n1b,Or1n1b,
Gene,9235,Or1o4,Or1o4,
Gene,9236,Or1p1e,Or1p1e,
Gene,9237,Or1r1,Or1r1,
Gene,9238,Or1x2d,Or1x2d,
Gene,9239,Or22a,Or22a,
Gene,9240,Or2aa1,Or2aa1,
Gene,9241,Or2ab1,Or2ab1,
Gene,9242,Or2ad1,Or2ad1,
Gene,9243,Or2ag17,Or2ag17,
Gene,9244,Or2ag2b,Or2ag2b,
Gene,9245,Or2ak4,Or2ak4,
Gene,9246,Or2ak4c,Or2ak4c,
Gene,9247,Or2ak6e,Or2ak6e,
Gene,9248,Or2d2b,Or2d2b,
Gene,9249,Or2f1b,Or2f1b,
Gene,9250,Or2g25,Or2g25,
Gene,9251,Or2h15,Or2h15,
Gene,9252,Or2n1i,Or2n1i,
Gene,9253,Or2o1,Or2o1,
Gene,9254,Or2t26,Or2t26,
Gene,9255,Or2t45,Or2t45,
Gene,9256,Or2t45b,Or2t45b,
Gene,9257,Or2t48,Or2t48,
Gene,9258,Or2y12,Or2y12,
Gene,9259,Or2y13,Or2y13,
Gene,9260,Or2y14,Or2y14,
Gene,9261,Or2y1c,Or2y1c,
Gene,9262,Or2y1d,Or2y1d,
Gene,9263,Or2y1f,Or2y1f,
Gene,9264,Or2y1g,Or2y1g,
Gene,9265,Or2y1h,Or2y1h,
Gene,9266,Or2y1i,Or2y1i,
Gene,9267,Or2z2,Or2z2,
Gene,9268,Or3a4,Or3a4,
Gene,9269,Or43a,Or43a,
Gene,9270,Or4a69,Or4a69,
Gene,9271,Or4a71,Or4a71,
Gene,9272,Or4a77,Or4a77,
Gene,9273,Or4a77e,Or4a77e,
Gene,9274,Or4a81,Or4a81,
Gene,9275,Or4b1c,Or4b1c,
Gene,9276,Or4c108,Or4c108,
Gene,9277,Or4c112b,Or4c112b,
Gene,9278,Or4c122,Or4c122,
Gene,9279,Or4c31,Or4c31,
Gene,9280,Or4c52,Or4c52,
Gene,9281,Or4d2b,Or4d2b,
Gene,9282,Or4f14d,Or4f14d,
Gene,9283,Or4f14e,Or4f14e,
Gene,9284,Or4f57,Or4f57,
Gene,9285,Or4f58,Or4f58,
Gene,9286,Or4f60b,Or4f60b,
Gene,9287,Or4p8,Or4p8,
Gene,9288,Or4x11,Or4x11,
Gene,9289,Or4x13,Or4x13,
Gene,9290,Or4x6,Or4x6,
Gene,9291,Or51a25,Or51a25,
Gene,9292,Or51a5,Or51a5,
Gene,9293,Or51aa5,Or51aa5,
Gene,9294,Or51ab3,Or51ab3,
Gene,9295,Or51ah3,Or51ah3,
Gene,9296,Or51f1g,Or51f1g,
Gene,9297,Or51f23c,Or51f23c,
Gene,9298,Or51v8,Or51v8,
Gene,9299,Or52ad1,Or52ad1,
Gene,9300,Or52ae7b,Or52ae7b,
Gene,9301,Or52d13,Or52d13,
Gene,9302,Or52d3,Or52d3,
Gene,9303,Or52e3,Or52e3,
Gene,9304,Or52h2,Or52h2,
Gene,9305,Or52n4e,Or52n4e,
Gene,9306,Or52x1,Or52x1,
Gene,9307,Or52z1,Or52z1,
Gene,9308,Or55b4,Or55b4,
Gene,9309,Or56b6,Or56b6,
Gene,9310,Or5ac16,Or5ac16,
Gene,9311,Or5ac19,Or5ac19,
Gene,9312,Or5ac23,Or5ac23,
Gene,9313,Or5an6,Or5an6,
Gene,9314,Or5aq1d,Or5aq1d,
Gene,9315,Or5b101,Or5b101,
Gene,9316,Or5bb12,Or5bb12,
Gene,9317,Or5g27b,Or5g27b,
Gene,9318,Or5h17b,Or5h17b,
Gene,9319,Or5j3,Or5j3,
Gene,9320,Or5p53,Or5p53,
Gene,9321,Or5t5,Or5t5,
Gene,9322,Or5w13b,Or5w13b,
Gene,9323,Or5w16,Or5w16,
Gene,9324,Or5w20,Or5w20,
Gene,9325,Or5w22,Or5w22,
Gene,9326,Or6ae1,Or6ae1,
Gene,9327,Or6c35,Or6c35,
Gene,9328,Or6c35d,Or6c35d,
Gene,9329,Or6c69b,Or6c69b,
Gene,9330,Or6c69e,Or6c69e,
Gene,9331,Or6c88,Or6c88,
Gene,9332,Or6d12c,Or6d12c,
Gene,9333,Or6d13c,Or6d13c,
Gene,9334,Or6z3,Or6z3,
Gene,9335,Or7a36,Or7a36,
Gene,9336,Or7a38,Or7a38,
Gene,9337,Or7d11,Or7d11,
Gene,9338,Or7d11b-ps1,Or7d11b-ps1,
Gene,9339,Or7e171d,Or7e171d,
Gene,9340,Or7g12,Or7g12,
Gene,9341,Or7g18,Or7g18,
Gene,9342,Or7g25,Or7g25,
Gene,9343,Or7g29,Or7g29,
Gene,9344,Or7g32,Or7g32,
Gene,9345,Or7r1,Or7r1,
Gene,9346,Or8a1b,Or8a1b,
Gene,9347,Or8b101c,Or8b101c,
Gene,9348,Or8b101d,Or8b101d,
Gene,9349,Or8b36,Or8b36,
Gene,9350,Or8b43,Or8b43,
Gene,9351,Or8b43b,Or8b43b,
Gene,9352,Or8b51b,Or8b51b,
Gene,9353,Or8b57,Or8b57,
Gene,9354,Or8c13,Or8c13,
Gene,9355,Or8c16c,Or8c16c,
Gene,9356,Or8g36c,Or8g36c,
Gene,9357,Or8g52,Or8g52,
Gene,9358,Or8h10c,Or8h10c,
Gene,9359,Or8k23,Or8k23,
Gene,9360,Or9g19,Or9g19,
Gene,9361,Or9s14b,Or9s14b,
Gene,9362,Or9s15,Or9s15,
Gene,9363,Or9s23,Or9s23,
Gene,9364,Or9s23b,Or9s23b,
Gene,9365,Orm3,Orm3,
Gene,9366,P22k15,P22k15,
Gene,9367,P2RX1,P2RX1,
Gene,9368,P2RX2,P2RX2,
Gene,9369,P2RX3,P2RX3,
Gene,9370,P2RX4,P2RX4,
Gene,9371,P2RX5,P2RX5,
Gene,9372,P2RX6,P2RX6,
Gene,9373,P2RX7,P2RX7,
Gene,9374,P2RY1,P2RY1,
Gene,9375,P2RY10,P2RY10,
Gene,9376,P2RY11,P2RY11,
Gene,9377,P2RY12,P2RY12,
Gene,9378,P2RY14,P2RY14,
Gene,9379,P2RY2,P2RY2,
Gene,9380,P2RY4,P2RY4,
Gene,9381,P2RY6,P2RY6,
Gene,9382,P3H1,P3H1,
Gene,9383,P3H2,P3H2,
Gene,9384,P3H3,P3H3,
Gene,9385,P3H4,P3H4,
Gene,9386,P4HA1,P4HA1,
Gene,9387,P4HA2,P4HA2,
Gene,9388,P4HA3,P4HA3,
Gene,9389,P4HB,P4HB,
Gene,9390,P4HTM,P4HTM,
Gene,9391,PA2G4,PA2G4,
Gene,9392,PABIR1,PABIR1,
Gene,9393,PABIR2,PABIR2,
Gene,9394,PABPC1,PABPC1,
Gene,9395,PABPC1L,PABPC1L,
Gene,9396,PABPC1P2,PABPC1P2,
Gene,9397,PABPC3,PABPC3,
Gene,9398,PABPC4L,PABPC4L,
Gene,9399,PABPN1,PABPN1,
Gene,9400,PACC1,PACC1,
Gene,9401,PACRGL,PACRGL,
Gene,9402,PACS1,PACS1,
Gene,9403,PACSIN1,PACSIN1,
Gene,9404,PACSIN2,PACSIN2,
Gene,9405,PACSIN3,PACSIN3,
Gene,9406,PADI1,PADI1,
Gene,9407,PADI2,PADI2,
Gene,9408,PAEP,PAEP,
Gene,9409,PAFAH1B1,PAFAH1B1,
Gene,9410,PAFAH1B2,PAFAH1B2,
Gene,9411,PAFAH1B3,PAFAH1B3,
Gene,9412,PAG1,PAG1,
Gene,9413,PAGE4,PAGE4,
Gene,9414,PAGR1,PAGR1,
Gene,9415,PAH,PAH,
Gene,9416,PAICS,PAICS,
Gene,9417,PAIP1,PAIP1,
Gene,9418,PAIP2,PAIP2,
Gene,9419,PAK1,PAK1,
Gene,9420,PAK1IP1,PAK1IP1,
Gene,9421,PAK2,PAK2,
Gene,9422,PAK3,PAK3,
Gene,9423,PAK4,PAK4,
Gene,9424,PAK5,PAK5,
Gene,9425,PALLD,PALLD,
Gene,9426,PALM,PALM,
Gene,9427,PALM2AKAP2,PALM2AKAP2,
Gene,9428,PALM3,PALM3,
Gene,9429,PALMD,PALMD,
Gene,9430,PALS1,PALS1,
Gene,9431,PALS2,PALS2,
Gene,9432,PAM,PAM,
Gene,9433,PAMR1,PAMR1,
Gene,9434,PAN2,PAN2,
Gene,9435,PANK1,PANK1,
Gene,9436,PANK2,PANK2,
Gene,9437,PANK3,PANK3,
Gene,9438,PANK4,PANK4,
Gene,9439,PANX2,PANX2,
Gene,9440,PAOX,PAOX,
Gene,9441,PAPLN,PAPLN,
Gene,9442,PAPOLA,PAPOLA,
Gene,9443,PAPPA,PAPPA,
Gene,9444,PAPPA2,PAPPA2,
Gene,9445,PAPSS1,PAPSS1,
Gene,9446,PAPSS2,PAPSS2,
Gene,9447,PAQR3,PAQR3,
Gene,9448,PAQR4,PAQR4,
Gene,9449,PAQR5,PAQR5,
Gene,9450,PAQR7,PAQR7,
Gene,9451,PAQR8,PAQR8,
Gene,9452,PAQR9,PAQR9,
Gene,9453,PARD3,PARD3,
Gene,9454,PARD3B,PARD3B,
Gene,9455,PARD6A,PARD6A,
Gene,9456,PARD6B,PARD6B,
Gene,9457,PARD6G-AS1,PARD6G-AS1,
Gene,9458,PARG,PARG,
Gene,9459,PARK2,PARK2,
Gene,9460,PARK7,PARK7,
Gene,9461,PARL,PARL,
Gene,9462,PARM1,PARM1,
Gene,9463,PARN,PARN,
Gene,9464,PARP1,PARP1,
Gene,9465,PARP12,PARP12,
Gene,9466,PARP14,PARP14,
Gene,9467,PARP16,PARP16,
Gene,9468,PARP3,PARP3,
Gene,9469,PARP4P2,PARP4P2,
Gene,9470,PARP6,PARP6,
Gene,9471,PARP9,PARP9,
Gene,9472,PARPBP,PARPBP,
Gene,9473,PARS2,PARS2,
Gene,9474,PART1,PART1,
Gene,9475,PARVA,PARVA,
Gene,9476,PARVB,PARVB,
Gene,9477,PASK,PASK,
Gene,9478,PATE4,PATE4,
Gene,9479,PATJ,PATJ,
Gene,9480,PATL2,PATL2,
Gene,9481,PATZ1,PATZ1,
Gene,9482,PAWR,PAWR,
Gene,9483,PAX3,PAX3,
Gene,9484,PAX4,PAX4,
Gene,9485,PAX5,PAX5,
Gene,9486,PAX6,PAX6,
Gene,9487,PAX8,PAX8,
Gene,9488,PAXBP1,PAXBP1,
Gene,9489,PAXIP1,PAXIP1,
Gene,9490,PBDC1,PBDC1,
Gene,9491,PBK,PBK,
Gene,9492,PBLD,PBLD,
Gene,9493,PBRM1,PBRM1,
Gene,9494,PBX1,PBX1,
Gene,9495,PBX2,PBX2,
Gene,9496,PBX3,PBX3,
Gene,9497,PBX4,PBX4,
Gene,9498,PBXIP1,PBXIP1,
Gene,9499,PC,PC,
Gene,9500,PCBD2,PCBD2,
Gene,9501,PCBP1,PCBP1,
Gene,9502,PCBP2,PCBP2,
Gene,9503,PCBP4,PCBP4,
Gene,9504,PCCA,PCCA,
Gene,9505,PCCB,PCCB,
Gene,9506,PCDH1,PCDH1,
Gene,9507,PCDH10,PCDH10,
Gene,9508,PCDH11X,PCDH11X,
Gene,9509,PCDH15,PCDH15,
Gene,9510,PCDH17,PCDH17,
Gene,9511,PCDH18,PCDH18,
Gene,9512,PCDH19,PCDH19,
Gene,9513,PCDH7,PCDH7,
Gene,9514,PCDH8,PCDH8,
Gene,9515,PCDH9,PCDH9,
Gene,9516,PCDHA10,PCDHA10,
Gene,9517,PCDHA13,PCDHA13,
Gene,9518,PCDHA9,PCDHA9,
Gene,9519,PCDHAC2,PCDHAC2,
Gene,9520,PCDHB10,PCDHB10,
Gene,9521,PCDHB12,PCDHB12,
Gene,9522,PCDHB13,PCDHB13,
Gene,9523,PCDHB14,PCDHB14,
Gene,9524,PCDHB15,PCDHB15,
Gene,9525,PCDHB16,PCDHB16,
Gene,9526,PCDHB2,PCDHB2,
Gene,9527,PCDHB4,PCDHB4,
Gene,9528,PCDHB6,PCDHB6,
Gene,9529,PCDHB9,PCDHB9,
Gene,9530,PCDHGA1,PCDHGA1,
Gene,9531,PCDHGA10,PCDHGA10,
Gene,9532,PCDHGA12,PCDHGA12,
Gene,9533,PCDHGA4,PCDHGA4,
Gene,9534,PCDHGA8,PCDHGA8,
Gene,9535,PCDHGC3,PCDHGC3,
Gene,9536,PCDHGC4,PCDHGC4,
Gene,9537,PCED1B,PCED1B,
Gene,9538,PCF11,PCF11,
Gene,9539,PCGF1,PCGF1,
Gene,9540,PCGF3,PCGF3,
Gene,9541,PCGF5,PCGF5,
Gene,9542,PCGF6,PCGF6,
Gene,9543,PCID2,PCID2,
Gene,9544,PCIF1,PCIF1,
Gene,9545,PCK1,PCK1,
Gene,9546,PCK2,PCK2,
Gene,9547,PCLAF,PCLAF,
Gene,9548,PCLO,PCLO,
Gene,9549,PCM1,PCM1,
Gene,9550,PCMT1,PCMT1,
Gene,9551,PCNA,PCNA,
Gene,9552,PCNP,PCNP,
Gene,9553,PCNT,PCNT,
Gene,9554,PCNX1,PCNX1,
Gene,9555,PCNX2,PCNX2,
Gene,9556,PCNX3,PCNX3,
Gene,9557,PCNX4,PCNX4,
Gene,9558,PCOLCE,PCOLCE,
Gene,9559,PCOLCE2,PCOLCE2,
Gene,9560,PCP4,PCP4,
Gene,9561,PCSK1,PCSK1,
Gene,9562,PCSK2,PCSK2,
Gene,9563,PCSK5,PCSK5,
Gene,9564,PCSK7,PCSK7,
Gene,9565,PCSK9,PCSK9,
Gene,9566,PCYOX1,PCYOX1,
Gene,9567,PCYOX1L,PCYOX1L,
Gene,9568,PCYT1A,PCYT1A,
Gene,9569,PCYT1B,PCYT1B,
Gene,9570,PCYT2,PCYT2,
Gene,9571,PDAP1,PDAP1,
Gene,9572,PDC,PDC,
Gene,9573,PDCD10,PDCD10,
Gene,9574,PDCD11,PDCD11,
Gene,9575,PDCD4,PDCD4,
Gene,9576,PDCD6,PDCD6,
Gene,9577,PDCD6IP,PDCD6IP,
Gene,9578,PDCD7,PDCD7,
Gene,9579,PDCL,PDCL,
Gene,9580,PDCL2,PDCL2,
Gene,9581,PDCL3,PDCL3,
Gene,9582,PDE10A,PDE10A,
Gene,9583,PDE11A,PDE11A,
Gene,9584,PDE12,PDE12,
Gene,9585,PDE1A,PDE1A,
Gene,9586,PDE1B,PDE1B,
Gene,9587,PDE1C,PDE1C,
Gene,9588,PDE2A,PDE2A,
Gene,9589,PDE3A,PDE3A,
Gene,9590,PDE3B,PDE3B,
Gene,9591,PDE4A,PDE4A,
Gene,9592,PDE4B,PDE4B,
Gene,9593,PDE4C,PDE4C,
Gene,9594,PDE4D,PDE4D,
Gene,9595,PDE4DIP,PDE4DIP,
Gene,9596,PDE5A,PDE5A,
Gene,9597,PDE6A,PDE6A,
Gene,9598,PDE6C,PDE6C,
Gene,9599,PDE6D,PDE6D,
Gene,9600,PDE6G,PDE6G,
Gene,9601,PDE6H,PDE6H,
Gene,9602,PDE7A,PDE7A,
Gene,9603,PDE7B,PDE7B,
Gene,9604,PDE8A,PDE8A,
Gene,9605,PDE8B,PDE8B,
Gene,9606,PDE9A,PDE9A,
Gene,9607,PDF,PDF,
Gene,9608,PDGFA,PDGFA,
Gene,9609,PDGFB,PDGFB,
Gene,9610,PDGFC,PDGFC,
Gene,9611,PDGFRA,PDGFRA,
Gene,9612,PDGFRB,PDGFRB,
Gene,9613,PDGFRL,PDGFRL,
Gene,9614,PDHA1,PDHA1,
Gene,9615,PDHB,PDHB,
Gene,9616,PDHX,PDHX,
Gene,9617,PDIA2,PDIA2,
Gene,9618,PDIA3,PDIA3,
Gene,9619,PDIA4,PDIA4,
Gene,9620,PDIA5,PDIA5,
Gene,9621,PDIA6,PDIA6,
Gene,9622,PDIK1L,PDIK1L,
Gene,9623,PDK1,PDK1,
Gene,9624,PDK2,PDK2,
Gene,9625,PDK3,PDK3,
Gene,9626,PDK4,PDK4,
Gene,9627,PDLIM1,PDLIM1,
Gene,9628,PDLIM2,PDLIM2,
Gene,9629,PDLIM3,PDLIM3,
Gene,9630,PDLIM4,PDLIM4,
Gene,9631,PDLIM5,PDLIM5,
Gene,9632,PDLIM7,PDLIM7,
Gene,9633,PDP1,PDP1,
Gene,9634,PDP2,PDP2,
Gene,9635,PDPK1,PDPK1,
Gene,9636,PDPN,PDPN,
Gene,9637,PDPR,PDPR,
Gene,9638,PDS5A,PDS5A,
Gene,9639,PDS5B,PDS5B,
Gene,9640,PDSS1,PDSS1,
Gene,9641,PDSS2,PDSS2,
Gene,9642,PDX1,PDX1,
Gene,9643,PDXDC1,PDXDC1,
Gene,9644,PDXK,PDXK,
Gene,9645,PDXP,PDXP,
Gene,9646,PDYN,PDYN,
Gene,9647,PDZD2,PDZD2,
Gene,9648,PDZD4,PDZD4,
Gene,9649,PDZD9,PDZD9,
Gene,9650,PDZK1,PDZK1,
Gene,9651,PDZK1IP1,PDZK1IP1,
Gene,9652,PDZRN4,PDZRN4,
Gene,9653,PEA15,PEA15,
Gene,9654,PEAK1,PEAK1,
Gene,9655,PEAK3,PEAK3,
Gene,9656,PEAR1,PEAR1,
Gene,9657,PEBP1,PEBP1,
Gene,9658,PEBP4,PEBP4,
Gene,9659,PECAM1,PECAM1,5175
Gene,9660,PECR,PECR,
Gene,9661,PEF1,PEF1,
Gene,9662,PEG10,PEG10,
Gene,9663,PEG13,PEG13,
Gene,9664,PELI1,PELI1,
Gene,9665,PELI2,PELI2,
Gene,9666,PELI3,PELI3,
Gene,9667,PELO,PELO,
Gene,9668,PELP1,PELP1,
Gene,9669,PEMT,PEMT,
Gene,9670,PENK,PENK,
Gene,9671,PEPD,PEPD,
Gene,9672,PER1,PER1,
Gene,9673,PER2,PER2,
Gene,9674,PER3,PER3,
Gene,9675,PERCC1,PERCC1,105371045
Gene,9676,PERM1,PERM1,
Gene,9677,PERP,PERP,
Gene,9678,PES1,PES1,
Gene,9679,PEX1,PEX1,
Gene,9680,PEX10,PEX10,
Gene,9681,PEX11A,PEX11A,
Gene,9682,PEX12,PEX12,
Gene,9683,PEX13,PEX13,
Gene,9684,PEX14,PEX14,
Gene,9685,PEX16,PEX16,
Gene,9686,PEX19,PEX19,
Gene,9687,PEX2,PEX2,
Gene,9688,PEX26,PEX26,
Gene,9689,PEX3,PEX3,
Gene,9690,PEX5,PEX5,
Gene,9691,PEX6,PEX6,
Gene,9692,PEX7,PEX7,
Gene,9693,PF4,PF4,
Gene,9694,PFAS,PFAS,
Gene,9695,PFDN1,PFDN1,
Gene,9696,PFDN2,PFDN2,
Gene,9697,PFDN4,PFDN4,
Gene,9698,PFDN5,PFDN5,
Gene,9699,PFDN6,PFDN6,
Gene,9700,PFKFB1,PFKFB1,
Gene,9701,PFKFB2,PFKFB2,
Gene,9702,PFKFB3,PFKFB3,
Gene,9703,PFKFB4,PFKFB4,
Gene,9704,PFKL,PFKL,
Gene,9705,PFKM,PFKM,
Gene,9706,PFKP,PFKP,
Gene,9707,PFN1,PFN1,
Gene,9708,PFN2,PFN2,
Gene,9709,PGA3,PGA3,
Gene,9710,PGAM1,PGAM1,
Gene,9711,PGAM2,PGAM2,
Gene,9712,PGAM5,PGAM5,
Gene,9713,PGAP1,PGAP1,
Gene,9714,PGAP2,PGAP2,
Gene,9715,PGAP3,PGAP3,
Gene,9716,PGBD1,PGBD1,
Gene,9717,PGBD2,PGBD2,
Gene,9718,PGBD3,PGBD3,
Gene,9719,PGC,PGC,
Gene,9720,PGD,PGD,
Gene,9721,PGF,PGF,
Gene,9722,PGGHG,PGGHG,
Gene,9723,PGK1,PGK1,
Gene,9724,PGK2,PGK2,
Gene,9725,PGLS,PGLS,
Gene,9726,PGLYRP1,PGLYRP1,
Gene,9727,PGLYRP2,PGLYRP2,
Gene,9728,PGM1,PGM1,
Gene,9729,PGM2,PGM2,
Gene,9730,PGM2L1,PGM2L1,
Gene,9731,PGM3,PGM3,
Gene,9732,PGM5,PGM5,
Gene,9733,PGP,PGP,
Gene,9734,PGPEP1,PGPEP1,
Gene,9735,PGPEP1L,PGPEP1L,
Gene,9736,PGR,PGR,
Gene,9737,PGRMC1,PGRMC1,
Gene,9738,PGRMC2,PGRMC2,
Gene,9739,PGS1,PGS1,
Gene,9740,PHACTR1,PHACTR1,
Gene,9741,PHACTR2,PHACTR2,
Gene,9742,PHACTR3,PHACTR3,
Gene,9743,PHACTR4,PHACTR4,
Gene,9744,PHAF1,PHAF1,
Gene,9745,PHAX,PHAX,
Gene,9746,PHB1,PHB1,
Gene,9747,PHB2,PHB2,
Gene,9748,PHC1,PHC1,
Gene,9749,PHC2,PHC2,
Gene,9750,PHC3,PHC3,
Gene,9751,PHETA1,PHETA1,
Gene,9752,PHEX,PHEX,
Gene,9753,PHF1,PHF1,
Gene,9754,PHF10,PHF10,
Gene,9755,PHF11,PHF11,
Gene,9756,PHF12,PHF12,
Gene,9757,PHF13,PHF13,
Gene,9758,PHF14,PHF14,
Gene,9759,PHF19,PHF19,
Gene,9760,PHF2,PHF2,
Gene,9761,PHF20,PHF20,
Gene,9762,PHF20L1,PHF20L1,
Gene,9763,PHF21A,PHF21A,
Gene,9764,PHF21B,PHF21B,
Gene,9765,PHF23,PHF23,
Gene,9766,PHF24,PHF24,
Gene,9767,PHF3,PHF3,
Gene,9768,PHF5A,PHF5A,
Gene,9769,PHF8,PHF8,
Gene,9770,PHGDH,PHGDH,
Gene,9771,PHIP,PHIP,
Gene,9772,PHKA1,PHKA1,
Gene,9773,PHKA2,PHKA2,
Gene,9774,PHKB,PHKB,
Gene,9775,PHKG1,PHKG1,
Gene,9776,PHKG2,PHKG2,
Gene,9777,PHLDA1,PHLDA1,
Gene,9778,PHLDA2,PHLDA2,
Gene,9779,PHLDA3,PHLDA3,
Gene,9780,PHLDB1,PHLDB1,
Gene,9781,PHLDB2,PHLDB2,
Gene,9782,PHOSPHO1,PHOSPHO1,
Gene,9783,PHOSPHO2,PHOSPHO2,
Gene,9784,PHOX2A,PHOX2A,
Gene,9785,PHPT1,PHPT1,
Gene,9786,PHRF1,PHRF1,
Gene,9787,PHTF1,PHTF1,
Gene,9788,PHTF2,PHTF2,
Gene,9789,PHYH,PHYH,
Gene,9790,PHYHD1,PHYHD1,
Gene,9791,PHYHIP,PHYHIP,
Gene,9792,PHYHIPL,PHYHIPL,
Gene,9793,PHYKPL,PHYKPL,
Gene,9794,PI16,PI16,
Gene,9795,PI4K2A,PI4K2A,
Gene,9796,PI4K2B,PI4K2B,
Gene,9797,PI4KA,PI4KA,
Gene,9798,PI4KB,PI4KB,
Gene,9799,PIANP,PIANP,
Gene,9800,PIAS1,PIAS1,
Gene,9801,PIAS2,PIAS2,
Gene,9802,PIAS3,PIAS3,
Gene,9803,PIAS4,PIAS4,
Gene,9804,PICALM,PICALM,
Gene,9805,PICK1,PICK1,
Gene,9806,PID1,PID1,
Gene,9807,PIDD1,PIDD1,
Gene,9808,PIEZO1,PIEZO1,
Gene,9809,PIEZO2,PIEZO2,
Gene,9810,PIF1,PIF1,
Gene,9811,PIGB,PIGB,
Gene,9812,PIGC,PIGC,
Gene,9813,PIGG,PIGG,
Gene,9814,PIGH,PIGH,
Gene,9815,PIGK,PIGK,
Gene,9816,PIGN,PIGN,
Gene,9817,PIGP,PIGP,
Gene,9818,PIGR,PIGR,
Gene,9819,PIGS,PIGS,
Gene,9820,PIGU,PIGU,
Gene,9821,PIGY,PIGY,
Gene,9822,PIGZ,PIGZ,
Gene,9823,PIH1D1,PIH1D1,
Gene,9824,PIH1D2,PIH1D2,
Gene,9825,PIK3AP1,PIK3AP1,
Gene,9826,PIK3C2A,PIK3C2A,
Gene,9827,PIK3C2B,PIK3C2B,
Gene,9828,PIK3C2G,PIK3C2G,
Gene,9829,PIK3C3,PIK3C3,
Gene,9830,PIK3CA,PIK3CA,
Gene,9831,PIK3CB,PIK3CB,
Gene,9832,PIK3CD,PIK3CD,
Gene,9833,PIK3CG,PIK3CG,
Gene,9834,PIK3IP1,PIK3IP1,
Gene,9835,PIK3R1,PIK3R1,
Gene,9836,PIK3R2,PIK3R2,
Gene,9837,PIK3R3,PIK3R3,
Gene,9838,PIK3R4,PIK3R4,
Gene,9839,PIK3R5,PIK3R5,
Gene,9840,PIK3R6,PIK3R6,
Gene,9841,PIKFYVE,PIKFYVE,
Gene,9842,PILRA,PILRA,
Gene,9843,PILRB,PILRB,
Gene,9844,PIM1,PIM1,
Gene,9845,PIM2,PIM2,
Gene,9846,PIM3,PIM3,
Gene,9847,PIMREG,PIMREG,
Gene,9848,PIN1,PIN1,
Gene,9849,PIN4,PIN4,
Gene,9850,PINCR,PINCR,
Gene,9851,PINK1,PINK1,
Gene,9852,PINLYP,PINLYP,
Gene,9853,PINX1,PINX1,
Gene,9854,PIP,PIP,
Gene,9855,PIP4K2A,PIP4K2A,
Gene,9856,PIP4K2C,PIP4K2C,
Gene,9857,PIP4P1,PIP4P1,
Gene,9858,PIP5K1A,PIP5K1A,
Gene,9859,PIP5K1B,PIP5K1B,
Gene,9860,PIPOX,PIPOX,
Gene,9861,PIPSL,PIPSL,
Gene,9862,PIR,PIR,
Gene,9863,PIRT,PIRT,
Gene,9864,PISD,PISD,
Gene,9865,PIT54,PIT54,
Gene,9866,PITHD1,PITHD1,
Gene,9867,PITPNA,PITPNA,
Gene,9868,PITPNB,PITPNB,
Gene,9869,PITPNC1,PITPNC1,
Gene,9870,PITPNM1,PITPNM1,
Gene,9871,PITRM1,PITRM1,
Gene,9872,PITX1,PITX1,
Gene,9873,PITX2,PITX2,
Gene,9874,PITX3,PITX3,
Gene,9875,PIWIL1,PIWIL1,
Gene,9876,PIWIL2,PIWIL2,
Gene,9877,PJA1,PJA1,
Gene,9878,PJA2,PJA2,
Gene,9879,PJVK,PJVK,
Gene,9880,PKD1,PKD1,
Gene,9881,PKD1L1,PKD1L1,
Gene,9882,PKD1L2,PKD1L2,
Gene,9883,PKD1L3,PKD1L3,
Gene,9884,PKD2,PKD2,
Gene,9885,PKD2L1,PKD2L1,
Gene,9886,PKDCC,PKDCC,
Gene,9887,PKHD1,PKHD1,
Gene,9888,PKIA,PKIA,
Gene,9889,PKIB,PKIB,
Gene,9890,PKIG,PKIG,
Gene,9891,PKLR,PKLR,
Gene,9892,PKM,PKM,
Gene,9893,PKMYT1,PKMYT1,
Gene,9894,PKN1,PKN1,
Gene,9895,PKN2,PKN2,
Gene,9896,PKN2-AS1,PKN2-AS1,
Gene,9897,PKN3,PKN3,
Gene,9898,PKP2,PKP2,
Gene,9899,PKP3,PKP3,
Gene,9900,PKP4,PKP4,
Gene,9901,PLA1A,PLA1A,
Gene,9902,PLA2G10,PLA2G10,
Gene,9903,PLA2G12A,PLA2G12A,
Gene,9904,PLA2G12B,PLA2G12B,
Gene,9905,PLA2G1B,PLA2G1B,
Gene,9906,PLA2G2A,PLA2G2A,
Gene,9907,PLA2G2C,PLA2G2C,
Gene,9908,PLA2G2D,PLA2G2D,
Gene,9909,PLA2G2E,PLA2G2E,
Gene,9910,PLA2G3,PLA2G3,
Gene,9911,PLA2G4A,PLA2G4A,
Gene,9912,PLA2G4B,PLA2G4B,
Gene,9913,PLA2G4C,PLA2G4C,
Gene,9914,PLA2G4F,PLA2G4F,
Gene,9915,PLA2G5,PLA2G5,
Gene,9916,PLA2G7,PLA2G7,
Gene,9917,PLAA,PLAA,
Gene,9918,PLAAT3,PLAAT3,
Gene,9919,PLAAT4,PLAAT4,
Gene,9920,PLAAT5,PLAAT5,
Gene,9921,PLAC8,PLAC8,
Gene,9922,PLAC8L1,PLAC8L1,
Gene,9923,PLAG1,PLAG1,
Gene,9924,PLAGL1,PLAGL1,
Gene,9925,PLAGL2,PLAGL2,
Gene,9926,PLAT,PLAT,
Gene,9927,PLAU,PLAU,
Gene,9928,PLAUR,PLAUR,
Gene,9929,PLB1,PLB1,
Gene,9930,PLBD1,PLBD1,
Gene,9931,PLBD2,PLBD2,
Gene,9932,PLCB1,PLCB1,
Gene,9933,PLCB2,PLCB2,
Gene,9934,PLCB3,PLCB3,
Gene,9935,PLCB4,PLCB4,
Gene,9936,PLCD1,PLCD1,
Gene,9937,PLCD3,PLCD3,
Gene,9938,PLCD4,PLCD4,
Gene,9939,PLCE1,PLCE1,
Gene,9940,PLCG1,PLCG1,
Gene,9941,PLCG2,PLCG2,
Gene,9942,PLCH1,PLCH1,
Gene,9943,PLCH2,PLCH2,
Gene,9944,PLCL1,PLCL1,
Gene,9945,PLCL2,PLCL2,
Gene,9946,PLCXD1,PLCXD1,
Gene,9947,PLCXD2,PLCXD2,
Gene,9948,PLD1,PLD1,
Gene,9949,PLD2,PLD2,
Gene,9950,PLD3,PLD3,
Gene,9951,PLD4,PLD4,
Gene,9952,PLD5,PLD5,
Gene,9953,PLD6,PLD6,
Gene,9954,PLEC,PLEC,
Gene,9955,PLEK,PLEK,
Gene,9956,PLEK2,PLEK2,
Gene,9957,PLEKHA1,PLEKHA1,
Gene,9958,PLEKHA2,PLEKHA2,
Gene,9959,PLEKHA3,PLEKHA3,
Gene,9960,PLEKHA4,PLEKHA4,
Gene,9961,PLEKHA5,PLEKHA5,
Gene,9962,PLEKHA6,PLEKHA6,
Gene,9963,PLEKHA8,PLEKHA8,
Gene,9964,PLEKHD1,PLEKHD1,
Gene,9965,PLEKHF1,PLEKHF1,
Gene,9966,PLEKHF2,PLEKHF2,
Gene,9967,PLEKHG2,PLEKHG2,
Gene,9968,PLEKHG3,PLEKHG3,
Gene,9969,PLEKHG4,PLEKHG4,
Gene,9970,PLEKHG5,PLEKHG5,
Gene,9971,PLEKHG6,PLEKHG6,
Gene,9972,PLEKHH1,PLEKHH1,
Gene,9973,PLEKHH3,PLEKHH3,
Gene,9974,PLEKHJ1,PLEKHJ1,
Gene,9975,PLEKHM1,PLEKHM1,
Gene,9976,PLEKHM2,PLEKHM2,
Gene,9977,PLEKHN1,PLEKHN1,
Gene,9978,PLEKHO1,PLEKHO1,
Gene,9979,PLEKHO2,PLEKHO2,
Gene,9980,PLG,PLG,
Gene,9981,PLGRKT,PLGRKT,
Gene,9982,PLIN1,PLIN1,
Gene,9983,PLIN2,PLIN2,
Gene,9984,PLIN3,PLIN3,
Gene,9985,PLIN4,PLIN4,
Gene,9986,PLIN5,PLIN5,
Gene,9987,PLK1,PLK1,
Gene,9988,PLK2,PLK2,
Gene,9989,PLK3,PLK3,
Gene,9990,PLK4,PLK4,
Gene,9991,PLK5,PLK5,
Gene,9992,PLLP,PLLP,
Gene,9993,PLN,PLN,
Gene,9994,PLOD1,PLOD1,
Gene,9995,PLOD2,PLOD2,
Gene,9996,PLOD3,PLOD3,
Gene,9997,PLP1,PLP1,
Gene,9998,PLP2,PLP2,
Gene,9999,PLPBP,PLPBP,
Gene,10000,PLPP1,PLPP1,
Gene,10001,PLPP2,PLPP2,
Gene,10002,PLPP3,PLPP3,
Gene,10003,PLPP5,PLPP5,
Gene,10004,PLPP6,PLPP6,
Gene,10005,PLPP7,PLPP7,
Gene,10006,PLPPR1,PLPPR1,
Gene,10007,PLPPR2,PLPPR2,
Gene,10008,PLPPR3,PLPPR3,
Gene,10009,PLPPR4,PLPPR4,
Gene,10010,PLPPR5,PLPPR5,
Gene,10011,PLRG1,PLRG1,
Gene,10012,PLS1,PLS1,
Gene,10013,PLS3,PLS3,
Gene,10014,PLSCR1,PLSCR1,
Gene,10015,PLSCR3,PLSCR3,
Gene,10016,PLSCR4,PLSCR4,
Gene,10017,PLSCR5,PLSCR5,
Gene,10018,PLTP,PLTP,
Gene,10019,PLVAP,PLVAP,
Gene,10020,PLXDC1,PLXDC1,
Gene,10021,PLXDC2,PLXDC2,
Gene,10022,PLXNA1,PLXNA1,
Gene,10023,PLXNA2,PLXNA2,
Gene,10024,PLXNA3,PLXNA3,
Gene,10025,PLXNA4,PLXNA4,
Gene,10026,PLXNB1,PLXNB1,
Gene,10027,PLXNB2,PLXNB2,
Gene,10028,PLXNC1,PLXNC1,
Gene,10029,PMAIP1,PMAIP1,
Gene,10030,PMEPA1,PMEPA1,
Gene,10031,PMF1,PMF1,
Gene,10032,PMFBP1,PMFBP1,
Gene,10033,PMIS2,PMIS2,
Gene,10034,PML,PML,
Gene,10035,PMM1,PMM1,
Gene,10036,PMP2,PMP2,
Gene,10037,PMP22,PMP22,
Gene,10038,PMPCB,PMPCB,
Gene,10039,PMS1,PMS1,
Gene,10040,PMS2,PMS2,
Gene,10041,PMS2P2,PMS2P2,
Gene,10042,PMVK,PMVK,
Gene,10043,PNCK,PNCK,
Gene,10044,PNISR,PNISR,
Gene,10045,PNKD,PNKD,
Gene,10046,PNKP,PNKP,
Gene,10047,PNLDC1,PNLDC1,
Gene,10048,PNLIP,PNLIP,
Gene,10049,PNLIPRP1,PNLIPRP1,
Gene,10050,PNMA1,PNMA1,
Gene,10051,PNMA2,PNMA2,
Gene,10052,PNMA6A,PNMA6A,
Gene,10053,PNMA8A,PNMA8A,
Gene,10054,PNMA8B,PNMA8B,
Gene,10055,PNMT,PNMT,
Gene,10056,PNN,PNN,
Gene,10057,PNO1,PNO1,
Gene,10058,PNOC,PNOC,
Gene,10059,PNP,PNP,
Gene,10060,PNPLA2,PNPLA2,
Gene,10061,PNPLA3,PNPLA3,
Gene,10062,PNPLA4,PNPLA4,
Gene,10063,PNPLA5,PNPLA5,
Gene,10064,PNPLA6,PNPLA6,
Gene,10065,PNPLA8,PNPLA8,
Gene,10066,PNPO,PNPO,
Gene,10067,PNPT1,PNPT1,
Gene,10068,PNRC1,PNRC1,
Gene,10069,PNRC2,PNRC2,
Gene,10070,POC1A,POC1A,
Gene,10071,POC1B,POC1B,
Gene,10072,PODN,PODN,
Gene,10073,PODNL1,PODNL1,
Gene,10074,PODXL,PODXL,
Gene,10075,POF1B,POF1B,
Gene,10076,POFUT1,POFUT1,
Gene,10077,POFUT2,POFUT2,
Gene,10078,POGK,POGK,
Gene,10079,POGLUT2,POGLUT2,
Gene,10080,POGLUT3,POGLUT3,
Gene,10081,POGZ,POGZ,
Gene,10082,POLA1,POLA1,
Gene,10083,POLA2,POLA2,
Gene,10084,POLB,POLB,
Gene,10085,POLD1,POLD1,
Gene,10086,POLD2,POLD2,
Gene,10087,POLD3,POLD3,
Gene,10088,POLD4,POLD4,
Gene,10089,POLDIP2,POLDIP2,
Gene,10090,POLDIP3,POLDIP3,
Gene,10091,POLE,POLE,
Gene,10092,POLE2,POLE2,
Gene,10093,POLE4,POLE4,
Gene,10094,POLG,POLG,
Gene,10095,POLG2,POLG2,
Gene,10096,POLH,POLH,
Gene,10097,POLI,POLI,
Gene,10098,POLK,POLK,
Gene,10099,POLL,POLL,
Gene,10100,POLM,POLM,
Gene,10101,POLQ,POLQ,
Gene,10102,POLR1A,POLR1A,
Gene,10103,POLR1B,POLR1B,
Gene,10104,POLR1D,POLR1D,
Gene,10105,POLR1E,POLR1E,
Gene,10106,POLR1F,POLR1F,
Gene,10107,POLR1G,POLR1G,
Gene,10108,POLR1H,POLR1H,
Gene,10109,POLR1HASP,POLR1HASP,
Gene,10110,POLR2A,POLR2A,
Gene,10111,POLR2C,POLR2C,
Gene,10112,POLR2D,POLR2D,
Gene,10113,POLR2F,POLR2F,
Gene,10114,POLR2G,POLR2G,
Gene,10115,POLR2H,POLR2H,
Gene,10116,POLR2I,POLR2I,
Gene,10117,POLR2J,POLR2J,
Gene,10118,POLR2M,POLR2M,
Gene,10119,POLR3B,POLR3B,
Gene,10120,POLR3C,POLR3C,
Gene,10121,POLR3D,POLR3D,
Gene,10122,POLR3E,POLR3E,
Gene,10123,POLR3F,POLR3F,
Gene,10124,POLR3G,POLR3G,
Gene,10125,POLR3H,POLR3H,
Gene,10126,POLR3K,POLR3K,
Gene,10127,POLRMT,POLRMT,
Gene,10128,POM121,POM121,
Gene,10129,POM121C,POM121C,
Gene,10130,POM121L10P,POM121L10P,
Gene,10131,POMC,POMC,
Gene,10132,POMK,POMK,
Gene,10133,POMP,POMP,
Gene,10134,POMT1,POMT1,
Gene,10135,POMT2,POMT2,
Gene,10136,PON1,PON1,
Gene,10137,PON2,PON2,
Gene,10138,PON3,PON3,
Gene,10139,POP1,POP1,
Gene,10140,POPDC2,POPDC2,
Gene,10141,POPDC3,POPDC3,
Gene,10142,POR,POR,
Gene,10143,POSTN,POSTN,
Gene,10144,POT1,POT1,
Gene,10145,POTEE,POTEE,
Gene,10146,POTEF,POTEF,
Gene,10147,POTEI,POTEI,
Gene,10148,POU2AF1,POU2AF1,
Gene,10149,POU2AF2,POU2AF2,
Gene,10150,POU2AF3,POU2AF3,
Gene,10151,POU2F1,POU2F1,
Gene,10152,POU3F1,POU3F1,
Gene,10153,POU3F2,POU3F2,
Gene,10154,POU3F3,POU3F3,
Gene,10155,POU3F4,POU3F4,
Gene,10156,POU4F1,POU4F1,
Gene,10157,POU4F2,POU4F2,
Gene,10158,POU5F1,POU5F1,
Gene,10159,POU5F2,POU5F2,
Gene,10160,PPA2,PPA2,
Gene,10161,PPAN,PPAN,
Gene,10162,PPARA,PPARA,
Gene,10163,PPARD,PPARD,
Gene,10164,PPARG,PPARG,5468
Gene,10165,PPARGC1A,PPARGC1A,
Gene,10166,PPARGC1B,PPARGC1B,
Gene,10167,PPAT,PPAT,
Gene,10168,PPBP,PPBP,
Gene,10169,PPCDC,PPCDC,
Gene,10170,PPCS,PPCS,
Gene,10171,PPDPF,PPDPF,
Gene,10172,PPEF1,PPEF1,
Gene,10173,PPFIA1,PPFIA1,
Gene,10174,PPFIA2,PPFIA2,
Gene,10175,PPFIA4,PPFIA4,
Gene,10176,PPFIBP1,PPFIBP1,
Gene,10177,PPFIBP2,PPFIBP2,
Gene,10178,PPHLN1,PPHLN1,
Gene,10179,PPIA,PPIA,
Gene,10180,PPIAP78,PPIAP78,
Gene,10181,PPIB,PPIB,
Gene,10182,PPIC,PPIC,
Gene,10183,PPID,PPID,
Gene,10184,PPIF,PPIF,
Gene,10185,PPIG,PPIG,
Gene,10186,PPIL1,PPIL1,
Gene,10187,PPIL2,PPIL2,
Gene,10188,PPIL3,PPIL3,
Gene,10189,PPIL4,PPIL4,
Gene,10190,PPIP5K1,PPIP5K1,
Gene,10191,PPL,PPL,
Gene,10192,PPM1A,PPM1A,
Gene,10193,PPM1B,PPM1B,
Gene,10194,PPM1D,PPM1D,
Gene,10195,PPM1E,PPM1E,
Gene,10196,PPM1G,PPM1G,
Gene,10197,PPM1H,PPM1H,
Gene,10198,PPM1J,PPM1J,
Gene,10199,PPM1K,PPM1K,
Gene,10200,PPM1L,PPM1L,
Gene,10201,PPM1M,PPM1M,
Gene,10202,PPME1,PPME1,
Gene,10203,PPOX,PPOX,
Gene,10204,PPP1CA,PPP1CA,
Gene,10205,PPP1CB,PPP1CB,
Gene,10206,PPP1CC,PPP1CC,
Gene,10207,PPP1R10,PPP1R10,
Gene,10208,PPP1R12A,PPP1R12A,
Gene,10209,PPP1R12B,PPP1R12B,
Gene,10210,PPP1R12C,PPP1R12C,
Gene,10211,PPP1R13B,PPP1R13B,
Gene,10212,PPP1R13L,PPP1R13L,
Gene,10213,PPP1R14A,PPP1R14A,
Gene,10214,PPP1R14B,PPP1R14B,
Gene,10215,PPP1R14C,PPP1R14C,
Gene,10216,PPP1R15A,PPP1R15A,
Gene,10217,PPP1R15B,PPP1R15B,
Gene,10218,PPP1R16A,PPP1R16A,
Gene,10219,PPP1R16B,PPP1R16B,
Gene,10220,PPP1R17,PPP1R17,
Gene,10221,PPP1R18,PPP1R18,
Gene,10222,PPP1R1A,PPP1R1A,
Gene,10223,PPP1R1B,PPP1R1B,
Gene,10224,PPP1R1C,PPP1R1C,
Gene,10225,PPP1R2,PPP1R2,
Gene,10226,PPP1R21,PPP1R21,
Gene,10227,PPP1R27,PPP1R27,
Gene,10228,PPP1R37,PPP1R37,
Gene,10229,PPP1R3B,PPP1R3B,
Gene,10230,PPP1R3C,PPP1R3C,
Gene,10231,PPP1R3D,PPP1R3D,
Gene,10232,PPP1R3G,PPP1R3G,
Gene,10233,PPP1R7,PPP1R7,
Gene,10234,PPP1R8,PPP1R8,
Gene,10235,PPP1R9A,PPP1R9A,
Gene,10236,PPP1R9B,PPP1R9B,
Gene,10237,PPP2CA,PPP2CA,
Gene,10238,PPP2CB,PPP2CB,
Gene,10239,PPP2R1A,PPP2R1A,
Gene,10240,PPP2R1B,PPP2R1B,
Gene,10241,PPP2R2A,PPP2R2A,
Gene,10242,PPP2R2B,PPP2R2B,
Gene,10243,PPP2R2C,PPP2R2C,
Gene,10244,PPP2R2D,PPP2R2D,
Gene,10245,PPP2R3A,PPP2R3A,
Gene,10246,PPP2R3C,PPP2R3C,
Gene,10247,PPP2R5A,PPP2R5A,
Gene,10248,PPP2R5B,PPP2R5B,
Gene,10249,PPP2R5C,PPP2R5C,
Gene,10250,PPP2R5CP,PPP2R5CP,
Gene,10251,PPP2R5D,PPP2R5D,
Gene,10252,PPP2R5E,PPP2R5E,
Gene,10253,PPP3CA,PPP3CA,
Gene,10254,PPP3CB,PPP3CB,
Gene,10255,PPP3R1,PPP3R1,
Gene,10256,PPP3R2,PPP3R2,
Gene,10257,PPP4C,PPP4C,
Gene,10258,PPP4R1,PPP4R1,
Gene,10259,PPP4R2,PPP4R2,
Gene,10260,PPP4R3A,PPP4R3A,
Gene,10261,PPP4R3B,PPP4R3B,
Gene,10262,PPP4R4,PPP4R4,
Gene,10263,PPP5C,PPP5C,
Gene,10264,PPP6R1,PPP6R1,
Gene,10265,PPP6R2,PPP6R2,
Gene,10266,PPP6R3,PPP6R3,
Gene,10267,PPRC1,PPRC1,
Gene,10268,PPT1,PPT1,
Gene,10269,PPT2,PPT2,
Gene,10270,PPWD1,PPWD1,
Gene,10271,PPY,PPY,
Gene,10272,PRAF2,PRAF2,
Gene,10273,PRAG1,PRAG1,
Gene,10274,PRAMEF12,PRAMEF12,
Gene,10275,PRAMEF13,PRAMEF13,
Gene,10276,PRAP1,PRAP1,
Gene,10277,PRB4,PRB4,
Gene,10278,PRC1,PRC1,
Gene,10279,PRCC,PRCC,
Gene,10280,PRDM1,PRDM1,
Gene,10281,PRDM10,PRDM10,
Gene,10282,PRDM15,PRDM15,
Gene,10283,PRDM16,PRDM16,
Gene,10284,PRDM2,PRDM2,
Gene,10285,PRDM4,PRDM4,
Gene,10286,PRDM5,PRDM5,
Gene,10287,PRDM6,PRDM6,
Gene,10288,PRDM8,PRDM8,
Gene,10289,PRDX1,PRDX1,
Gene,10290,PRDX2,PRDX2,
Gene,10291,PRDX3,PRDX3,
Gene,10292,PRDX4,PRDX4,
Gene,10293,PRDX5,PRDX5,
Gene,10294,PRDX6,PRDX6,
Gene,10295,PREB,PREB,
Gene,10296,PRELID2,PRELID2,
Gene,10297,PRELID3A,PRELID3A,
Gene,10298,PRELP,PRELP,
Gene,10299,PREP,PREP,
Gene,10300,PREPL,PREPL,
Gene,10301,PREX1,PREX1,
Gene,10302,PRF1,PRF1,
Gene,10303,PRG2,PRG2,
Gene,10304,PRG3,PRG3,
Gene,10305,PRG4,PRG4,
Gene,10306,PRH1-PRR4,PRH1-PRR4,
Gene,10307,PRICKLE1,PRICKLE1,
Gene,10308,PRIM1,PRIM1,
Gene,10309,PRIM2,PRIM2,
Gene,10310,PRIMA1,PRIMA1,
Gene,10311,PRIMPOL,PRIMPOL,
Gene,10312,PRKAA1,PRKAA1,
Gene,10313,PRKAA2,PRKAA2,
Gene,10314,PRKAB1,PRKAB1,
Gene,10315,PRKAB2,PRKAB2,
Gene,10316,PRKACA,PRKACA,
Gene,10317,PRKACB,PRKACB,
Gene,10318,PRKAG1,PRKAG1,
Gene,10319,PRKAG2,PRKAG2,
Gene,10320,PRKAG3,PRKAG3,
Gene,10321,PRKAR1A,PRKAR1A,
Gene,10322,PRKAR1B,PRKAR1B,
Gene,10323,PRKAR2A,PRKAR2A,
Gene,10324,PRKAR2B,PRKAR2B,
Gene,10325,PRKCA,PRKCA,
Gene,10326,PRKCB,PRKCB,
Gene,10327,PRKCD,PRKCD,
Gene,10328,PRKCDBP,PRKCDBP,
Gene,10329,PRKCE,PRKCE,
Gene,10330,PRKCG,PRKCG,
Gene,10331,PRKCH,PRKCH,
Gene,10332,PRKCI,PRKCI,
Gene,10333,PRKCQ,PRKCQ,
Gene,10334,PRKCSH,PRKCSH,
Gene,10335,PRKCZ,PRKCZ,
Gene,10336,PRKD1,PRKD1,
Gene,10337,PRKD2,PRKD2,
Gene,10338,PRKD3,PRKD3,
Gene,10339,PRKDC,PRKDC,
Gene,10340,PRKG1,PRKG1,
Gene,10341,PRKN,PRKN,
Gene,10342,PRKRA,PRKRA,
Gene,10343,PRKRIP1,PRKRIP1,
Gene,10344,PRKX,PRKX,
Gene,10345,PRL,PRL,
Gene,10346,PRLH,PRLH,
Gene,10347,PRLR,PRLR,
Gene,10348,PRM1,PRM1,
Gene,10349,PRM2,PRM2,
Gene,10350,PRM3,PRM3,
Gene,10351,PRMT1,PRMT1,
Gene,10352,PRMT2,PRMT2,
Gene,10353,PRMT3,PRMT3,
Gene,10354,PRMT5,PRMT5,
Gene,10355,PRMT6,PRMT6,
Gene,10356,PRMT9,PRMT9,
Gene,10357,PRNP,PRNP,
Gene,10358,PROC,PROC,
Gene,10359,PROCA1,PROCA1,
Gene,10360,PROCR,PROCR,
Gene,10361,PRODH,PRODH,
Gene,10362,PRODH2,PRODH2,
Gene,10363,PROK1,PROK1,
Gene,10364,PROK2,PROK2,
Gene,10365,PROKR1,PROKR1,
Gene,10366,PROM1,PROM1,
Gene,10367,PROM2,PROM2,
Gene,10368,PRORP,PRORP,
Gene,10369,PRORSD1P,PRORSD1P,
Gene,10370,PROS1,PROS1,
Gene,10371,PROSER2,PROSER2,
Gene,10372,PROX1,PROX1,
Gene,10373,PROX1-AS1,PROX1-AS1,
Gene,10374,PROZ,PROZ,
Gene,10375,PRP4K,PRP4K,
Gene,10376,PRPF18,PRPF18,
Gene,10377,PRPF19,PRPF19,
Gene,10378,PRPF3,PRPF3,
Gene,10379,PRPF31,PRPF31,
Gene,10380,PRPF38B,PRPF38B,
Gene,10381,PRPF39,PRPF39,
Gene,10382,PRPF4,PRPF4,
Gene,10383,PRPF40A,PRPF40A,
Gene,10384,PRPF40B,PRPF40B,
Gene,10385,PRPF6,PRPF6,
Gene,10386,PRPF8,PRPF8,
Gene,10387,PRPH,PRPH,
Gene,10388,PRPS1,PRPS1,
Gene,10389,PRPS2,PRPS2,
Gene,10390,PRPSAP1,PRPSAP1,
Gene,10391,PRPSAP2,PRPSAP2,
Gene,10392,PRR11,PRR11,
Gene,10393,PRR12,PRR12,
Gene,10394,PRR13,PRR13,
Gene,10395,PRR14,PRR14,
Gene,10396,PRR14L,PRR14L,
Gene,10397,PRR15,PRR15,
Gene,10398,PRR18,PRR18,
Gene,10399,PRR27,PRR27,
Gene,10400,PRR3,PRR3,
Gene,10401,PRR32,PRR32,
Gene,10402,PRR33,PRR33,
Gene,10403,PRR36,PRR36,
Gene,10404,PRR5,PRR5,
Gene,10405,PRR5L,PRR5L,
Gene,10406,PRR7,PRR7,
Gene,10407,PRRC2A,PRRC2A,
Gene,10408,PRRC2B,PRRC2B,
Gene,10409,PRRC2C,PRRC2C,
Gene,10410,PRRG1,PRRG1,
Gene,10411,PRRG2,PRRG2,
Gene,10412,PRRG4,PRRG4,
Gene,10413,PRRT1,PRRT1,
Gene,10414,PRRT2,PRRT2,
Gene,10415,PRRT3,PRRT3,
Gene,10416,PRRT4,PRRT4,
Gene,10417,PRRX2,PRRX2,
Gene,10418,PRSS1,PRSS1,
Gene,10419,PRSS12,PRSS12,
Gene,10420,PRSS16,PRSS16,
Gene,10421,PRSS23,PRSS23,
Gene,10422,PRSS27,PRSS27,
Gene,10423,PRSS3,PRSS3,
Gene,10424,PRSS30P,PRSS30P,
Gene,10425,PRSS35,PRSS35,
Gene,10426,PRSS36,PRSS36,
Gene,10427,PRSS38,PRSS38,
Gene,10428,PRSS41,PRSS41,
Gene,10429,PRSS53,PRSS53,
Gene,10430,PRSS57,PRSS57,
Gene,10431,PRSS8,PRSS8,
Gene,10432,PRTG,PRTG,
Gene,10433,PRTN3,PRTN3,
Gene,10434,PRUNE1,PRUNE1,
Gene,10435,PRUNE2,PRUNE2,
Gene,10436,PRXL2A,PRXL2A,
Gene,10437,PRXL2B,PRXL2B,
Gene,10438,PRXL2C,PRXL2C,
Gene,10439,PSAP,PSAP,
Gene,10440,PSAPL1,PSAPL1,
Gene,10441,PSAT1,PSAT1,
Gene,10442,PSAT1P3,PSAT1P3,
Gene,10443,PSCA,PSCA,
Gene,10444,PSD2,PSD2,
Gene,10445,PSD3,PSD3,
Gene,10446,PSD4,PSD4,
Gene,10447,PSEN1,PSEN1,
Gene,10448,PSEN2,PSEN2,
Gene,10449,PSENEN,PSENEN,
Gene,10450,PSIP1,PSIP1,
Gene,10451,PSMA1,PSMA1,
Gene,10452,PSMA2,PSMA2,
Gene,10453,PSMA3,PSMA3,
Gene,10454,PSMA4,PSMA4,
Gene,10455,PSMA5,PSMA5,
Gene,10456,PSMA6,PSMA6,
Gene,10457,PSMA7,PSMA7,
Gene,10458,PSMA8,PSMA8,
Gene,10459,PSMB1,PSMB1,
Gene,10460,PSMB10,PSMB10,
Gene,10461,PSMB2,PSMB2,
Gene,10462,PSMB3,PSMB3,
Gene,10463,PSMB4,PSMB4,
Gene,10464,PSMB5,PSMB5,
Gene,10465,PSMB6,PSMB6,
Gene,10466,PSMB8,PSMB8,
Gene,10467,PSMB9,PSMB9,
Gene,10468,PSMC1,PSMC1,
Gene,10469,PSMC2,PSMC2,
Gene,10470,PSMC3,PSMC3,
Gene,10471,PSMC3IP,PSMC3IP,
Gene,10472,PSMC4,PSMC4,
Gene,10473,PSMC5,PSMC5,
Gene,10474,PSMC6,PSMC6,
Gene,10475,PSMD1,PSMD1,
Gene,10476,PSMD10,PSMD10,
Gene,10477,PSMD10P2,PSMD10P2,
Gene,10478,PSMD11,PSMD11,
Gene,10479,PSMD12,PSMD12,
Gene,10480,PSMD13,PSMD13,
Gene,10481,PSMD14,PSMD14,
Gene,10482,PSMD2,PSMD2,
Gene,10483,PSMD3,PSMD3,
Gene,10484,PSMD4,PSMD4,
Gene,10485,PSMD5,PSMD5,
Gene,10486,PSMD6,PSMD6,
Gene,10487,PSMD7,PSMD7,
Gene,10488,PSMD8,PSMD8,
Gene,10489,PSMD9,PSMD9,
Gene,10490,PSME1,PSME1,
Gene,10491,PSME2,PSME2,
Gene,10492,PSME3,PSME3,
Gene,10493,PSME4,PSME4,
Gene,10494,PSMG1,PSMG1,
Gene,10495,PSMG2,PSMG2,
Gene,10496,PSMG3-AS1,PSMG3-AS1,
Gene,10497,PSMG4,PSMG4,
Gene,10498,PSORS1C2,PSORS1C2,
Gene,10499,PSPC1,PSPC1,
Gene,10500,PSPH,PSPH,
Gene,10501,PSRC1,PSRC1,
Gene,10502,PSTK,PSTK,
Gene,10503,PSTPIP1,PSTPIP1,
Gene,10504,PSTPIP2,PSTPIP2,
Gene,10505,PTAFR,PTAFR,
Gene,10506,PTBP1,PTBP1,
Gene,10507,PTBP2,PTBP2,
Gene,10508,PTBP3,PTBP3,
Gene,10509,PTCD2,PTCD2,
Gene,10510,PTCD3,PTCD3,
Gene,10511,PTCH1,PTCH1,
Gene,10512,PTCHD1,PTCHD1,
Gene,10513,PTCHD4,PTCHD4,
Gene,10514,PTDSS1,PTDSS1,
Gene,10515,PTDSS2,PTDSS2,
Gene,10516,PTEN,PTEN,
Gene,10517,PTER,PTER,
Gene,10518,PTF1A,PTF1A,
Gene,10519,PTGDR,PTGDR,
Gene,10520,PTGDR2,PTGDR2,
Gene,10521,PTGDS,PTGDS,
Gene,10522,PTGER1,PTGER1,
Gene,10523,PTGER2,PTGER2,
Gene,10524,PTGER3,PTGER3,
Gene,10525,PTGER4,PTGER4,
Gene,10526,PTGES,PTGES,
Gene,10527,PTGES2-AS1,PTGES2-AS1,
Gene,10528,PTGES3,PTGES3,
Gene,10529,PTGFR,PTGFR,
Gene,10530,PTGFRN,PTGFRN,
Gene,10531,PTGIR,PTGIR,
Gene,10532,PTGIS,PTGIS,
Gene,10533,PTGR1,PTGR1,
Gene,10534,PTGR2,PTGR2,
Gene,10535,PTGR3,PTGR3,
Gene,10536,PTGS1,PTGS1,
Gene,10537,PTGS2,PTGS2,
Gene,10538,PTH,PTH,
Gene,10539,PTH1R,PTH1R,
Gene,10540,PTHLH,PTHLH,
Gene,10541,PTK2,PTK2,
Gene,10542,PTK2B,PTK2B,
Gene,10543,PTK6,PTK6,
Gene,10544,PTK7,PTK7,
Gene,10545,PTMA,PTMA,
Gene,10546,PTMS,PTMS,
Gene,10547,PTN,PTN,
Gene,10548,PTOV1,PTOV1,
Gene,10549,PTP4A1,PTP4A1,
Gene,10550,PTP4A2,PTP4A2,
Gene,10551,PTP4A3,PTP4A3,
Gene,10552,PTPA,PTPA,
Gene,10553,PTPMT1,PTPMT1,
Gene,10554,PTPN1,PTPN1,
Gene,10555,PTPN11,PTPN11,
Gene,10556,PTPN12,PTPN12,
Gene,10557,PTPN14,PTPN14,
Gene,10558,PTPN18,PTPN18,
Gene,10559,PTPN2,PTPN2,
Gene,10560,PTPN21,PTPN21,
Gene,10561,PTPN3,PTPN3,
Gene,10562,PTPN5,PTPN5,
Gene,10563,PTPN6,PTPN6,
Gene,10564,PTPN7,PTPN7,
Gene,10565,PTPN9,PTPN9,
Gene,10566,PTPRA,PTPRA,
Gene,10567,PTPRB,PTPRB,
Gene,10568,PTPRC,PTPRC,
Gene,10569,PTPRD,PTPRD,
Gene,10570,PTPRE,PTPRE,
Gene,10571,PTPRF,PTPRF,
Gene,10572,PTPRG,PTPRG,
Gene,10573,PTPRH,PTPRH,
Gene,10574,PTPRJ,PTPRJ,
Gene,10575,PTPRK,PTPRK,
Gene,10576,PTPRM,PTPRM,
Gene,10577,PTPRN,PTPRN,
Gene,10578,PTPRN2,PTPRN2,
Gene,10579,PTPRO,PTPRO,
Gene,10580,PTPRQ,PTPRQ,
Gene,10581,PTPRS,PTPRS,
Gene,10582,PTPRT,PTPRT,
Gene,10583,PTPRU,PTPRU,
Gene,10584,PTPRZ1,PTPRZ1,
Gene,10585,PTRH1,PTRH1,
Gene,10586,PTRH2,PTRH2,
Gene,10587,PTS,PTS,
Gene,10588,PTTG1,PTTG1,
Gene,10589,PTTG3P,PTTG3P,
Gene,10590,PTX3,PTX3,
Gene,10591,PUF60,PUF60,
Gene,10592,PUM1,PUM1,
Gene,10593,PUM2,PUM2,
Gene,10594,PURA,PURA,
Gene,10595,PURB,PURB,
Gene,10596,PUS1,PUS1,
Gene,10597,PUS10,PUS10,
Gene,10598,PUS3,PUS3,
Gene,10599,PUS7,PUS7,
Gene,10600,PUS7L,PUS7L,
Gene,10601,PUSL1,PUSL1,
Gene,10602,PVALB,PVALB,
Gene,10603,PVR,PVR,
Gene,10604,PVgp1,PVgp1,
Gene,10605,PWP1,PWP1,
Gene,10606,PWP2,PWP2,
Gene,10607,PWWP2B,PWWP2B,
Gene,10608,PWWP3A,PWWP3A,
Gene,10609,PXDC1,PXDC1,
Gene,10610,PXDN,PXDN,
Gene,10611,PXDNL,PXDNL,
Gene,10612,PXK,PXK,
Gene,10613,PXMP2,PXMP2,
Gene,10614,PXMP4,PXMP4,
Gene,10615,PXN,PXN,
Gene,10616,PXYLP1,PXYLP1,
Gene,10617,PYCARD,PYCARD,
Gene,10618,PYCR1,PYCR1,
Gene,10619,PYCR2,PYCR2,
Gene,10620,PYCR3,PYCR3,
Gene,10621,PYGB,PYGB,
Gene,10622,PYGL,PYGL,
Gene,10623,PYGM,PYGM,
Gene,10624,PYGO2,PYGO2,
Gene,10625,PYM1,PYM1,
Gene,10626,PYROXD1,PYROXD1,
Gene,10627,PYY,PYY,
Gene,10628,PZP,PZP,
Gene,10629,Pakap,Pakap,
Gene,10630,Parp2,Parp2,
Gene,10631,Pbld1,Pbld1,
Gene,10632,Pbld2,Pbld2,
Gene,10633,Pbsn,Pbsn,
Gene,10634,Pcdhb20,Pcdhb20,
Gene,10635,Pcx,Pcx,
Gene,10636,Pdzph1,Pdzph1,
Gene,10637,Pea15a,Pea15a,
Gene,10638,Penk-rs,Penk-rs,
Gene,10639,Pgk,Pgk,
Gene,10640,Pgr15l,Pgr15l,
Gene,10641,Phf11a,Phf11a,
Gene,10642,Phf11b,Phf11b,
Gene,10643,Phlpp,Phlpp,
Gene,10644,Phxr4,Phxr4,
Gene,10645,Pigyl,Pigyl,
Gene,10646,Pilrb2,Pilrb2,
Gene,10647,Pin4-ps,Pin4-ps,
Gene,10648,Pira1,Pira1,
Gene,10649,Pka-C1,Pka-C1,
Gene,10650,Pka-R1,Pka-R1,
Gene,10651,Pla2,Pla2,
Gene,10652,Platr7,Platr7,
Gene,10653,Plxna4os1,Plxna4os1,
Gene,10654,Pmvk,Pmvk,
Gene,10655,Polr1has,Polr1has,
Gene,10656,Ppp1r2-ps9,Ppp1r2-ps9,
Gene,10657,Pramel5,Pramel5,
Gene,10658,Prdm16os,Prdm16os,
Gene,10659,Prdx6b,Prdx6b,
Gene,10660,Prl2c2,Prl2c2,
Gene,10661,Prl2c3,Prl2c3,
Gene,10662,Prl3a1,Prl3a1,
Gene,10663,Prl3b1,Prl3b1,
Gene,10664,Prl3c1,Prl3c1,
Gene,10665,Prl3d2,Prl3d2,
Gene,10666,Prl3d4,Prl3d4,
Gene,10667,Prl5a1,Prl5a1,
Gene,10668,Prl5a2,Prl5a2,
Gene,10669,Prl7d1,Prl7d1,
Gene,10670,Prl8a4,Prl8a4,
Gene,10671,Prl8a6,Prl8a6,
Gene,10672,Prl8a7,Prl8a7,
Gene,10673,Prol1,Prol1,
Gene,10674,Prp15,Prp15,
Gene,10675,Prp2,Prp2,
Gene,10676,Prss28,Prss28,
Gene,10677,Prss29,Prss29,
Gene,10678,Prss30,Prss30,
Gene,10679,Prss32,Prss32,
Gene,10680,Prss34,Prss34,
Gene,10681,Prss40,Prss40,
Gene,10682,Prss46,Prss46,
Gene,10683,Psa,Psa,
Gene,10684,Psg22,Psg22,
Gene,10685,Psg27,Psg27,
Gene,10686,Psma6-ps1,Psma6-ps1,
Gene,10687,Ptprv,Ptprv,
Gene,10688,Ptx1,Ptx1,
Gene,10689,PyK,PyK,
Gene,10690,QARS1,QARS1,
Gene,10691,QDPR,QDPR,
Gene,10692,QKI,QKI,
Gene,10693,QPCT,QPCT,
Gene,10694,QPRT,QPRT,
Gene,10695,QRFP,QRFP,
Gene,10696,QRICH1,QRICH1,
Gene,10697,QRICH2,QRICH2,
Gene,10698,QRSL1,QRSL1,
Gene,10699,QSER1,QSER1,
Gene,10700,QSOX1,QSOX1,
Gene,10701,QSOX2,QSOX2,
Gene,10702,QTRT1,QTRT1,
Gene,10703,Qrfprl,Qrfprl,
Gene,10704,R04A9.7,R04A9.7,
Gene,10705,R3HCC1,R3HCC1,
Gene,10706,R3HDM1,R3HDM1,
Gene,10707,R3HDM2,R3HDM2,
Gene,10708,R3HDM4,R3HDM4,
Gene,10709,R3HDML,R3HDML,
Gene,10710,RAB10,RAB10,
Gene,10711,RAB11B,RAB11B,
Gene,10712,RAB11FIP1,RAB11FIP1,
Gene,10713,RAB11FIP4,RAB11FIP4,
Gene,10714,RAB11FIP5,RAB11FIP5,
Gene,10715,RAB12,RAB12,
Gene,10716,RAB13,RAB13,
Gene,10717,RAB14,RAB14,
Gene,10718,RAB15,RAB15,
Gene,10719,RAB18,RAB18,
Gene,10720,RAB1A,RAB1A,
Gene,10721,RAB1B,RAB1B,
Gene,10722,RAB20,RAB20,
Gene,10723,RAB21,RAB21,
Gene,10724,RAB23,RAB23,
Gene,10725,RAB25,RAB25,
Gene,10726,RAB26,RAB26,
Gene,10727,RAB27A,RAB27A,
Gene,10728,RAB27B,RAB27B,
Gene,10729,RAB28,RAB28,
Gene,10730,RAB29,RAB29,
Gene,10731,RAB2A,RAB2A,
Gene,10732,RAB2B,RAB2B,
Gene,10733,RAB30,RAB30,
Gene,10734,RAB31,RAB31,
Gene,10735,RAB32,RAB32,
Gene,10736,RAB33A,RAB33A,
Gene,10737,RAB33B,RAB33B,
Gene,10738,RAB34,RAB34,
Gene,10739,RAB36,RAB36,
Gene,10740,RAB37,RAB37,
Gene,10741,RAB38,RAB38,
Gene,10742,RAB39B,RAB39B,
Gene,10743,RAB3A,RAB3A,
Gene,10744,RAB3B,RAB3B,
Gene,10745,RAB3C,RAB3C,
Gene,10746,RAB3D,RAB3D,
Gene,10747,RAB3GAP2,RAB3GAP2,
Gene,10748,RAB3IL1,RAB3IL1,
Gene,10749,RAB3IP,RAB3IP,
Gene,10750,RAB40B,RAB40B,
Gene,10751,RAB40C,RAB40C,
Gene,10752,RAB41,RAB41,
Gene,10753,RAB42,RAB42,
Gene,10754,RAB43,RAB43,
Gene,10755,RAB4A,RAB4A,
Gene,10756,RAB4B,RAB4B,
Gene,10757,RAB5A,RAB5A,
Gene,10758,RAB5C,RAB5C,
Gene,10759,RAB6A,RAB6A,
Gene,10760,RAB6B,RAB6B,
Gene,10761,RAB7A,RAB7A,
Gene,10762,RAB7B,RAB7B,
Gene,10763,RAB8B,RAB8B,
Gene,10764,RAB9A,RAB9A,
Gene,10765,RAB9BP1,RAB9BP1,
Gene,10766,RABAC1,RABAC1,
Gene,10767,RABEP1,RABEP1,
Gene,10768,RABEP2,RABEP2,
Gene,10769,RABEPK,RABEPK,
Gene,10770,RABGAP1,RABGAP1,
Gene,10771,RABGAP1L,RABGAP1L,
Gene,10772,RABGAP1L-DT,RABGAP1L-DT,
Gene,10773,RABGEF1,RABGEF1,
Gene,10774,RABGGTA,RABGGTA,
Gene,10775,RABGGTB,RABGGTB,
Gene,10776,RABL2B,RABL2B,
Gene,10777,RABL6,RABL6,
Gene,10778,RAC1,RAC1,
Gene,10779,RAC2,RAC2,
Gene,10780,RAC3,RAC3,
Gene,10781,RACGAP1,RACGAP1,
Gene,10782,RACK1,RACK1,
Gene,10783,RAD1,RAD1,
Gene,10784,RAD17,RAD17,
Gene,10785,RAD18,RAD18,
Gene,10786,RAD21,RAD21,
Gene,10787,RAD23A,RAD23A,
Gene,10788,RAD23B,RAD23B,
Gene,10789,RAD50,RAD50,
Gene,10790,RAD51,RAD51,
Gene,10791,RAD51AP1,RAD51AP1,
Gene,10792,RAD51B,RAD51B,
Gene,10793,RAD51C,RAD51C,
Gene,10794,RAD51D,RAD51D,
Gene,10795,RAD52,RAD52,
Gene,10796,RAD54B,RAD54B,
Gene,10797,RAD54L,RAD54L,
Gene,10798,RAD9A,RAD9A,
Gene,10799,RAD9B,RAD9B,
Gene,10800,RADIL,RADIL,
Gene,10801,RADX,RADX,
Gene,10802,RAE1,RAE1,
Gene,10803,RAF1,RAF1,
Gene,10804,RAG1,RAG1,
Gene,10805,RAG2,RAG2,
Gene,10806,RAI1,RAI1,
Gene,10807,RAI14,RAI14,
Gene,10808,RALA,RALA,
Gene,10809,RALB,RALB,
Gene,10810,RALBP1,RALBP1,
Gene,10811,RALGAPA1,RALGAPA1,
Gene,10812,RALGAPA2,RALGAPA2,
Gene,10813,RALGAPB,RALGAPB,
Gene,10814,RALGDS,RALGDS,
Gene,10815,RALGPS1,RALGPS1,
Gene,10816,RALGPS2,RALGPS2,
Gene,10817,RALY,RALY,
Gene,10818,RAMP1,RAMP1,
Gene,10819,RAMP3,RAMP3,
Gene,10820,RAN,RAN,
Gene,10821,RANBP1,RANBP1,
Gene,10822,RANBP10,RANBP10,
Gene,10823,RANBP17,RANBP17,
Gene,10824,RANBP2,RANBP2,
Gene,10825,RANBP3,RANBP3,
Gene,10826,RANBP3L,RANBP3L,
Gene,10827,RANBP6,RANBP6,
Gene,10828,RANBP9,RANBP9,
Gene,10829,RANGAP1,RANGAP1,
Gene,10830,RANGRF,RANGRF,
Gene,10831,RAP1A,RAP1A,
Gene,10832,RAP1B,RAP1B,
Gene,10833,RAP1GAP,RAP1GAP,
Gene,10834,RAP1GAP2,RAP1GAP2,
Gene,10835,RAP1GDS1,RAP1GDS1,
Gene,10836,RAP2A,RAP2A,
Gene,10837,RAP2B,RAP2B,
Gene,10838,RAP2C,RAP2C,
Gene,10839,RAP2C-AS1,RAP2C-AS1,
Gene,10840,RAPGEF2,RAPGEF2,
Gene,10841,RAPGEF3,RAPGEF3,
Gene,10842,RAPGEF5,RAPGEF5,
Gene,10843,RAPGEF6,RAPGEF6,
Gene,10844,RAPGEFL1,RAPGEFL1,
Gene,10845,RAPH1,RAPH1,
Gene,10846,RAPSN,RAPSN,
Gene,10847,RARA,RARA,
Gene,10848,RARB,RARB,
Gene,10849,RARG,RARG,
Gene,10850,RARRES1,RARRES1,
Gene,10851,RARRES2,RARRES2,
Gene,10852,RARS2,RARS2,
Gene,10853,RASA1,RASA1,
Gene,10854,RASA3,RASA3,
Gene,10855,RASA4,RASA4,
Gene,10856,RASAL1,RASAL1,
Gene,10857,RASAL2,RASAL2,
Gene,10858,RASD1,RASD1,
Gene,10859,RASD2,RASD2,
Gene,10860,RASGEF1B,RASGEF1B,
Gene,10861,RASGEF1C,RASGEF1C,
Gene,10862,RASGRF2,RASGRF2,
Gene,10863,RASGRP1,RASGRP1,
Gene,10864,RASGRP2,RASGRP2,
Gene,10865,RASGRP3,RASGRP3,
Gene,10866,RASIP1,RASIP1,
Gene,10867,RASL10A,RASL10A,
Gene,10868,RASL10B,RASL10B,
Gene,10869,RASL11A,RASL11A,
Gene,10870,RASL11B,RASL11B,
Gene,10871,RASL12,RASL12,
Gene,10872,RASSF1,RASSF1,
Gene,10873,RASSF10,RASSF10,
Gene,10874,RASSF2,RASSF2,
Gene,10875,RASSF3,RASSF3,
Gene,10876,RASSF4,RASSF4,
Gene,10877,RASSF5,RASSF5,
Gene,10878,RASSF6,RASSF6,
Gene,10879,RASSF7,RASSF7,
Gene,10880,RASSF8,RASSF8,
Gene,10881,RASSF9,RASSF9,
Gene,10882,RAVER1,RAVER1,
Gene,10883,RAVER2,RAVER2,
Gene,10884,RB1,RB1,
Gene,10885,RB1CC1,RB1CC1,
Gene,10886,RBAK,RBAK,
Gene,10887,RBBP4,RBBP4,
Gene,10888,RBBP5,RBBP5,
Gene,10889,RBBP6,RBBP6,
Gene,10890,RBBP8,RBBP8,
Gene,10891,RBBP8NL,RBBP8NL,
Gene,10892,RBBP9,RBBP9,
Gene,10893,RBCK1,RBCK1,
Gene,10894,RBFOX1,RBFOX1,
Gene,10895,RBFOX2,RBFOX2,
Gene,10896,RBFOX3,RBFOX3,
Gene,10897,RBIS,RBIS,
Gene,10898,RBKS,RBKS,
Gene,10899,RBL1,RBL1,
Gene,10900,RBL2,RBL2,
Gene,10901,RBM10,RBM10,
Gene,10902,RBM12,RBM12,
Gene,10903,RBM12B,RBM12B,
Gene,10904,RBM14,RBM14,
Gene,10905,RBM15,RBM15,
Gene,10906,RBM15B,RBM15B,
Gene,10907,RBM17,RBM17,
Gene,10908,RBM18,RBM18,
Gene,10909,RBM19,RBM19,
Gene,10910,RBM20,RBM20,
Gene,10911,RBM22,RBM22,
Gene,10912,RBM23,RBM23,
Gene,10913,RBM24,RBM24,
Gene,10914,RBM25,RBM25,
Gene,10915,RBM26,RBM26,
Gene,10916,RBM3,RBM3,
Gene,10917,RBM33,RBM33,
Gene,10918,RBM34,RBM34,
Gene,10919,RBM38,RBM38,
Gene,10920,RBM39,RBM39,
Gene,10921,RBM4,RBM4,
Gene,10922,RBM42,RBM42,
Gene,10923,RBM43,RBM43,
Gene,10924,RBM45,RBM45,
Gene,10925,RBM46,RBM46,
Gene,10926,RBM47,RBM47,
Gene,10927,RBM4B,RBM4B,
Gene,10928,RBM5,RBM5,
Gene,10929,RBM6,RBM6,
Gene,10930,RBM7,RBM7,
Gene,10931,RBM8A,RBM8A,
Gene,10932,RBMS1,RBMS1,
Gene,10933,RBMS2,RBMS2,
Gene,10934,RBMX,RBMX,
Gene,10935,RBMXL2,RBMXL2,
Gene,10936,RBP1,RBP1,
Gene,10937,RBP2,RBP2,
Gene,10938,RBP3,RBP3,
Gene,10939,RBP4,RBP4,
Gene,10940,RBP5,RBP5,
Gene,10941,RBP7,RBP7,
Gene,10942,RBPJ,RBPJ,
Gene,10943,RBPJL,RBPJL,
Gene,10944,RBPMS,RBPMS,
Gene,10945,RBPMS2,RBPMS2,
Gene,10946,RBSN,RBSN,
Gene,10947,RC3H1,RC3H1,
Gene,10948,RC3H2,RC3H2,
Gene,10949,RCAN1,RCAN1,
Gene,10950,RCAN2,RCAN2,
Gene,10951,RCBTB1,RCBTB1,
Gene,10952,RCC1,RCC1,
Gene,10953,RCC1L,RCC1L,
Gene,10954,RCC2,RCC2,
Gene,10955,RCHY1,RCHY1,
Gene,10956,RCL1,RCL1,
Gene,10957,RCN1,RCN1,
Gene,10958,RCN2,RCN2,
Gene,10959,RCN3,RCN3,
Gene,10960,RCOR2,RCOR2,
Gene,10961,RCOR3,RCOR3,
Gene,10962,RCSD1,RCSD1,
Gene,10963,RCVRN,RCVRN,
Gene,10964,RD3,RD3,
Gene,10965,RDH10,RDH10,
Gene,10966,RDH11,RDH11,
Gene,10967,RDH12,RDH12,
Gene,10968,RDH13,RDH13,
Gene,10969,RDH14,RDH14,
Gene,10970,RDH16,RDH16,
Gene,10971,RDH5,RDH5,
Gene,10972,RDH8,RDH8,
Gene,10973,RDX,RDX,
Gene,10974,REC8,REC8,
Gene,10975,RECK,RECK,
Gene,10976,RECQL,RECQL,
Gene,10977,RECQL4,RECQL4,
Gene,10978,RECQL5,RECQL5,
Gene,10979,REEP1,REEP1,
Gene,10980,REEP2,REEP2,
Gene,10981,REEP3,REEP3,
Gene,10982,REEP5,REEP5,
Gene,10983,REEP6,REEP6,
Gene,10984,REG1A,REG1A,
Gene,10985,REG3A,REG3A,
Gene,10986,REG4,REG4,
Gene,10987,REL,REL,
Gene,10988,RELA,RELA,
Gene,10989,RELB,RELB,
Gene,10990,RELCH,RELCH,
Gene,10991,RELL1,RELL1,
Gene,10992,RELL2,RELL2,
Gene,10993,RELN,RELN,
Gene,10994,RELT,RELT,
Gene,10995,REM1,REM1,
Gene,10996,REM2,REM2,
Gene,10997,REN,REN,
Gene,10998,RENBP,RENBP,
Gene,10999,REPIN1,REPIN1,
Gene,11000,REPS1,REPS1,
Gene,11001,REPS2,REPS2,
Gene,11002,RER1,RER1,
Gene,11003,RERE,RERE,
Gene,11004,RERG,RERG,
Gene,11005,RESF1,RESF1,
Gene,11006,RESP18,RESP18,
Gene,11007,REST,REST,
Gene,11008,RET,RET,
Gene,11009,RETN,RETN,
Gene,11010,RETREG1,RETREG1,
Gene,11011,RETREG2,RETREG2,
Gene,11012,RETREG3,RETREG3,
Gene,11013,RETSAT,RETSAT,
Gene,11014,REV1,REV1,
Gene,11015,REV3L,REV3L,
Gene,11016,REXO1,REXO1,
Gene,11017,REXO1L1P,REXO1L1P,
Gene,11018,REXO2,REXO2,
Gene,11019,REXO4,REXO4,
Gene,11020,REXO5,REXO5,
Gene,11021,RFC1,RFC1,
Gene,11022,RFC2,RFC2,
Gene,11023,RFC3,RFC3,
Gene,11024,RFC4,RFC4,
Gene,11025,RFC5,RFC5,
Gene,11026,RFESD,RFESD,
Gene,11027,RFFL,RFFL,
Gene,11028,RFK,RFK,
Gene,11029,RFLNA,RFLNA,
Gene,11030,RFNG,RFNG,
Gene,11031,RFPL3S,RFPL3S,
Gene,11032,RFPL4A,RFPL4A,
Gene,11033,RFTN1,RFTN1,
Gene,11034,RFTN2,RFTN2,
Gene,11035,RFWD3,RFWD3,
Gene,11036,RFX5,RFX5,
Gene,11037,RFX7,RFX7,
Gene,11038,RFXAP,RFXAP,
Gene,11039,RGCC,RGCC,
Gene,11040,RGD1309362,RGD1309362,
Gene,11041,RGD1359108,RGD1359108,
Gene,11042,RGD1559600,RGD1559600,
Gene,11043,RGL1,RGL1,
Gene,11044,RGMA,RGMA,
Gene,11045,RGMB,RGMB,
Gene,11046,RGMB-AS1,RGMB-AS1,
Gene,11047,RGN,RGN,
Gene,11048,RGPD3,RGPD3,
Gene,11049,RGPD8,RGPD8,
Gene,11050,RGS1,RGS1,
Gene,11051,RGS10,RGS10,
Gene,11052,RGS12,RGS12,
Gene,11053,RGS13,RGS13,
Gene,11054,RGS16,RGS16,
Gene,11055,RGS17,RGS17,
Gene,11056,RGS18,RGS18,
Gene,11057,RGS19,RGS19,
Gene,11058,RGS2,RGS2,
Gene,11059,RGS20,RGS20,
Gene,11060,RGS22,RGS22,
Gene,11061,RGS3,RGS3,
Gene,11062,RGS4,RGS4,
Gene,11063,RGS5,RGS5,
Gene,11064,RGS6,RGS6,
Gene,11065,RGS7,RGS7,
Gene,11066,RGS8,RGS8,
Gene,11067,RGS9,RGS9,
Gene,11068,RGS9BP,RGS9BP,
Gene,11069,RHAG,RHAG,
Gene,11070,RHBDD2,RHBDD2,
Gene,11071,RHBDD3,RHBDD3,
Gene,11072,RHBDF1,RHBDF1,
Gene,11073,RHBDF2,RHBDF2,
Gene,11074,RHBDL2,RHBDL2,
Gene,11075,RHBG,RHBG,
Gene,11076,RHCE,RHCE,
Gene,11077,RHD,RHD,
Gene,11078,RHEB,RHEB,
Gene,11079,RHEBL1,RHEBL1,
Gene,11080,RHEX,RHEX,
Gene,11081,RHO,RHO,
Gene,11082,RHOA,RHOA,
Gene,11083,RHOB,RHOB,
Gene,11084,RHOBTB1,RHOBTB1,
Gene,11085,RHOBTB2,RHOBTB2,
Gene,11086,RHOBTB3,RHOBTB3,
Gene,11087,RHOC,RHOC,
Gene,11088,RHOD,RHOD,
Gene,11089,RHOF,RHOF,
Gene,11090,RHOG,RHOG,
Gene,11091,RHOJ,RHOJ,
Gene,11092,RHOQ,RHOQ,
Gene,11093,RHOT1,RHOT1,
Gene,11094,RHOT2,RHOT2,
Gene,11095,RHOU,RHOU,
Gene,11096,RHOV,RHOV,
Gene,11097,RHOXF2B,RHOXF2B,
Gene,11098,RHPN1,RHPN1,
Gene,11099,RIBC1,RIBC1,
Gene,11100,RIBC2,RIBC2,
Gene,11101,RIC8A,RIC8A,
Gene,11102,RIC8B,RIC8B,
Gene,11103,RICTOR,RICTOR,
Gene,11104,RIDA,RIDA,
Gene,11105,RIF1,RIF1,
Gene,11106,RIGI,RIGI,
Gene,11107,RILP,RILP,
Gene,11108,RILPL1,RILPL1,
Gene,11109,RILPL2,RILPL2,
Gene,11110,RIMBP2,RIMBP2,
Gene,11111,RIMBP3,RIMBP3,
Gene,11112,RIMKLA,RIMKLA,
Gene,11113,RIMKLB,RIMKLB,
Gene,11114,RIMS1,RIMS1,
Gene,11115,RIMS2,RIMS2,
Gene,11116,RIMS3,RIMS3,
Gene,11117,RIMS4,RIMS4,
Gene,11118,RIN1,RIN1,
Gene,11119,RIN2,RIN2,
Gene,11120,RING1,RING1,
Gene,11121,RINT1,RINT1,
Gene,11122,RIOK1,RIOK1,
Gene,11123,RIOK2,RIOK2,
Gene,11124,RIOK3,RIOK3,
Gene,11125,RIOX1,RIOX1,
Gene,11126,RIPK1,RIPK1,
Gene,11127,RIPK2,RIPK2,
Gene,11128,RIPK3,RIPK3,
Gene,11129,RIPK4,RIPK4,
Gene,11130,RIPOR2,RIPOR2,
Gene,11131,RIPOR3,RIPOR3,
Gene,11132,RIPPLY3,RIPPLY3,
Gene,11133,RIT1,RIT1,
Gene,11134,RIT2,RIT2,
Gene,11135,RLBP1,RLBP1,
Gene,11136,RLF,RLF,
Gene,11137,RLIM,RLIM,
Gene,11138,RLN1,RLN1,
Gene,11139,RLN3,RLN3,
Gene,11140,RMI1,RMI1,
Gene,11141,RMI2,RMI2,
Gene,11142,RMND1,RMND1,
Gene,11143,RMND5B,RMND5B,
Gene,11144,RNASE1,RNASE1,
Gene,11145,RNASE10,RNASE10,
Gene,11146,RNASE12,RNASE12,
Gene,11147,RNASE3,RNASE3,
Gene,11148,RNASE4,RNASE4,
Gene,11149,RNASEH1,RNASEH1,
Gene,11150,RNASEH2A,RNASEH2A,
Gene,11151,RNASEH2B,RNASEH2B,
Gene,11152,RNASEH2C,RNASEH2C,
Gene,11153,RNASEK,RNASEK,
Gene,11154,RNASEL,RNASEL,
Gene,11155,RNASET2,RNASET2,
Gene,11156,RND1,RND1,
Gene,11157,RND2,RND2,
Gene,11158,RND3,RND3,
Gene,11159,RNF10,RNF10,
Gene,11160,RNF103,RNF103,
Gene,11161,RNF103-CHMP3,RNF103-CHMP3,
Gene,11162,RNF11,RNF11,
Gene,11163,RNF111,RNF111,
Gene,11164,RNF113A,RNF113A,
Gene,11165,RNF115,RNF115,
Gene,11166,RNF121,RNF121,
Gene,11167,RNF122,RNF122,
Gene,11168,RNF123,RNF123,
Gene,11169,RNF125,RNF125,
Gene,11170,RNF126,RNF126,
Gene,11171,RNF13,RNF13,
Gene,11172,RNF133,RNF133,
Gene,11173,RNF135,RNF135,
Gene,11174,RNF138,RNF138,
Gene,11175,RNF139,RNF139,
Gene,11176,RNF14,RNF14,
Gene,11177,RNF141,RNF141,
Gene,11178,RNF144B,RNF144B,
Gene,11179,RNF145,RNF145,
Gene,11180,RNF146,RNF146,
Gene,11181,RNF149,RNF149,
Gene,11182,RNF150,RNF150,
Gene,11183,RNF152,RNF152,
Gene,11184,RNF157,RNF157,
Gene,11185,RNF168,RNF168,
Gene,11186,RNF169,RNF169,
Gene,11187,RNF180,RNF180,
Gene,11188,RNF181,RNF181,
Gene,11189,RNF183,RNF183,
Gene,11190,RNF19A,RNF19A,
Gene,11191,RNF19B,RNF19B,
Gene,11192,RNF20,RNF20,
Gene,11193,RNF207,RNF207,
Gene,11194,RNF212,RNF212,
Gene,11195,RNF213,RNF213,
Gene,11196,RNF214,RNF214,
Gene,11197,RNF217,RNF217,
Gene,11198,RNF217-AS1,RNF217-AS1,
Gene,11199,RNF220,RNF220,
Gene,11200,RNF225,RNF225,
Gene,11201,RNF227,RNF227,
Gene,11202,RNF24,RNF24,
Gene,11203,RNF31,RNF31,
Gene,11204,RNF32-DT,RNF32-DT,
Gene,11205,RNF34,RNF34,
Gene,11206,RNF38,RNF38,
Gene,11207,RNF4,RNF4,
Gene,11208,RNF40,RNF40,
Gene,11209,RNF43,RNF43,
Gene,11210,RNF5,RNF5,
Gene,11211,RNF6,RNF6,
Gene,11212,RNF8,RNF8,
Gene,11213,RNFT1,RNFT1,
Gene,11214,RNFT2,RNFT2,
Gene,11215,RNGTT,RNGTT,
Gene,11216,RNH1,RNH1,
Gene,11217,RNLS,RNLS,
Gene,11218,RNMT,RNMT,
Gene,11219,RNPC3,RNPC3,
Gene,11220,RNPEP,RNPEP,
Gene,11221,RNPS1,RNPS1,
Gene,11222,RNR1,RNR1,6052
Gene,11223,RNU1-70P,RNU1-70P,
Gene,11224,RO60,RO60,
Gene,11225,ROBO1,ROBO1,
Gene,11226,ROBO2,ROBO2,
Gene,11227,ROBO4,ROBO4,
Gene,11228,ROCK1,ROCK1,
Gene,11229,ROCK2,ROCK2,
Gene,11230,ROGDI,ROGDI,
Gene,11231,ROPN1L,ROPN1L,
Gene,11232,ROR2,ROR2,
Gene,11233,RORA,RORA,
Gene,11234,RORB,RORB,
Gene,11235,RORC,RORC,
Gene,11236,ROS1,ROS1,
Gene,11237,RP1L1,RP1L1,
Gene,11238,RP2,RP2,
Gene,11239,RP9,RP9,
Gene,11240,RP9P,RP9P,
Gene,11241,RPA1,RPA1,
Gene,11242,RPA2,RPA2,
Gene,11243,RPA3,RPA3,
Gene,11244,RPA4,RPA4,
Gene,11245,RPAP1,RPAP1,
Gene,11246,RPE,RPE,
Gene,11247,RPE65,RPE65,
Gene,11248,RPF2,RPF2,
Gene,11249,RPGR,RPGR,
Gene,11250,RPGRIP1L,RPGRIP1L,
Gene,11251,RPH3A,RPH3A,
Gene,11252,RPH3AL,RPH3AL,
Gene,11253,RPIA,RPIA,
Gene,11254,RPL10,RPL10,
Gene,11255,RPL10A,RPL10A,
Gene,11256,RPL10P9,RPL10P9,
Gene,11257,RPL11,RPL11,
Gene,11258,RPL12,RPL12,
Gene,11259,RPL13,RPL13,
Gene,11260,RPL13A,RPL13A,
Gene,11261,RPL14,RPL14,
Gene,11262,RPL15,RPL15,
Gene,11263,RPL15P17,RPL15P17,
Gene,11264,RPL17,RPL17,
Gene,11265,RPL17-C18orf32,RPL17-C18orf32,
Gene,11266,RPL18,RPL18,
Gene,11267,RPL18A,RPL18A,
Gene,11268,RPL19,RPL19,
Gene,11269,RPL19P9,RPL19P9,
Gene,11270,RPL21,RPL21,
Gene,11271,RPL22L1,RPL22L1,
Gene,11272,RPL23,RPL23,
Gene,11273,RPL23AP37,RPL23AP37,
Gene,11274,RPL23P6,RPL23P6,
Gene,11275,RPL24,RPL24,
Gene,11276,RPL26,RPL26,
Gene,11277,RPL27,RPL27,
Gene,11278,RPL27A,RPL27A,
Gene,11279,RPL28,RPL28,
Gene,11280,RPL29,RPL29,
Gene,11281,RPL3,RPL3,
Gene,11282,RPL30,RPL30,
Gene,11283,RPL31,RPL31,
Gene,11284,RPL32,RPL32,
Gene,11285,RPL32P3,RPL32P3,
Gene,11286,RPL34,RPL34,
Gene,11287,RPL35A,RPL35A,
Gene,11288,RPL36,RPL36,
Gene,11289,RPL36A,RPL36A,
Gene,11290,RPL37,RPL37,
Gene,11291,RPL38,RPL38,
Gene,11292,RPL39,RPL39,
Gene,11293,RPL4,RPL4,
Gene,11294,RPL41,RPL41,
Gene,11295,RPL5,RPL5,
Gene,11296,RPL6,RPL6,
Gene,11297,RPL7,RPL7,
Gene,11298,RPL7AP34,RPL7AP34,
Gene,11299,RPL7L1,RPL7L1,
Gene,11300,RPL7P59,RPL7P59,
Gene,11301,RPL8,RPL8,
Gene,11302,RPL9,RPL9,
Gene,11303,RPL9P11,RPL9P11,
Gene,11304,RPLP0P10,RPLP0P10,
Gene,11305,RPLP0P5,RPLP0P5,
Gene,11306,RPLP0P6,RPLP0P6,
Gene,11307,RPLP2,RPLP2,
Gene,11308,RPN1,RPN1,
Gene,11309,RPN2,RPN2,
Gene,11310,RPP14,RPP14,
Gene,11311,RPP25,RPP25,
Gene,11312,RPP25L,RPP25L,
Gene,11313,RPP30,RPP30,
Gene,11314,RPP38,RPP38,
Gene,11315,RPP40,RPP40,
Gene,11316,RPPH1,RPPH1,
Gene,11317,RPRD1A,RPRD1A,
Gene,11318,RPRD1B,RPRD1B,
Gene,11319,RPRD2,RPRD2,
Gene,11320,RPRM,RPRM,
Gene,11321,RPRML,RPRML,
Gene,11322,RPS10,RPS10,
Gene,11323,RPS11,RPS11,
Gene,11324,RPS12,RPS12,
Gene,11325,RPS12P22,RPS12P22,
Gene,11326,RPS13,RPS13,
Gene,11327,RPS14,RPS14,
Gene,11328,RPS15,RPS15,
Gene,11329,RPS15A,RPS15A,
Gene,11330,RPS16,RPS16,
Gene,11331,RPS17,RPS17,
Gene,11332,RPS17P16,RPS17P16,
Gene,11333,RPS18,RPS18,
Gene,11334,RPS19,RPS19,
Gene,11335,RPS2,RPS2,
Gene,11336,RPS20,RPS20,
Gene,11337,RPS21,RPS21,
Gene,11338,RPS23,RPS23,
Gene,11339,RPS25,RPS25,
Gene,11340,RPS26,RPS26,
Gene,11341,RPS27,RPS27,
Gene,11342,RPS27L,RPS27L,
Gene,11343,RPS29,RPS29,
Gene,11344,RPS29P9,RPS29P9,
Gene,11345,RPS2P20,RPS2P20,
Gene,11346,RPS3,RPS3,
Gene,11347,RPS3A,RPS3A,
Gene,11348,RPS3AP25,RPS3AP25,
Gene,11349,RPS4X,RPS4X,
Gene,11350,RPS4Y1,RPS4Y1,
Gene,11351,RPS6,RPS6,
Gene,11352,RPS6KA1,RPS6KA1,
Gene,11353,RPS6KA2,RPS6KA2,
Gene,11354,RPS6KA3,RPS6KA3,
Gene,11355,RPS6KA4,RPS6KA4,
Gene,11356,RPS6KA5,RPS6KA5,
Gene,11357,RPS6KB1,RPS6KB1,
Gene,11358,RPS6KB2,RPS6KB2,
Gene,11359,RPS6KC1,RPS6KC1,
Gene,11360,RPS6P25,RPS6P25,
Gene,11361,RPS7,RPS7,
Gene,11362,RPS9,RPS9,
Gene,11363,RPSA,RPSA,
Gene,11364,RPTN,RPTN,
Gene,11365,RPTOR,RPTOR,
Gene,11366,RPUSD4,RPUSD4,
Gene,11367,RRAD,RRAD,
Gene,11368,RRAGA,RRAGA,
Gene,11369,RRAGB,RRAGB,
Gene,11370,RRAGD,RRAGD,
Gene,11371,RRAS,RRAS,
Gene,11372,RRAS2,RRAS2,
Gene,11373,RRBP1,RRBP1,
Gene,11374,RREB1,RREB1,
Gene,11375,RRM1,RRM1,
Gene,11376,RRM2,RRM2,
Gene,11377,RRM2B,RRM2B,
Gene,11378,RRN3,RRN3,
Gene,11379,RRN3P2,RRN3P2,
Gene,11380,RRN3P3,RRN3P3,
Gene,11381,RRP1,RRP1,
Gene,11382,RRP12,RRP12,
Gene,11383,RRP15,RRP15,
Gene,11384,RRP1B,RRP1B,
Gene,11385,RRP7A,RRP7A,
Gene,11386,RRP8,RRP8,
Gene,11387,RRP9,RRP9,
Gene,11388,RRS1,RRS1,
Gene,11389,RSAD1,RSAD1,
Gene,11390,RSAD2,RSAD2,
Gene,11391,RSF1,RSF1,
Gene,11392,RSL1D1,RSL1D1,
Gene,11393,RSPH1,RSPH1,
Gene,11394,RSPH6A,RSPH6A,
Gene,11395,RSPO1,RSPO1,
Gene,11396,RSPO3,RSPO3,
Gene,11397,RSRC1,RSRC1,
Gene,11398,RSRC2,RSRC2,
Gene,11399,RSRP1,RSRP1,
Gene,11400,RT1-A2,RT1-A2,
Gene,11401,RT1-Ba,RT1-Ba,
Gene,11402,RT1-CE10,RT1-CE10,
Gene,11403,RT1-CE5,RT1-CE5,
Gene,11404,RT1-CE7,RT1-CE7,
Gene,11405,RT1-Da,RT1-Da,
Gene,11406,RT1-Db1,RT1-Db1,
Gene,11407,RT1-EC2,RT1-EC2,
Gene,11408,RT1-M1-5,RT1-M1-5,
Gene,11409,RT1-M10-1,RT1-M10-1,
Gene,11410,RT1-M5,RT1-M5,
Gene,11411,RTCA,RTCA,
Gene,11412,RTCB,RTCB,
Gene,11413,RTEL1,RTEL1,
Gene,11414,RTKN,RTKN,
Gene,11415,RTL1,RTL1,
Gene,11416,RTL10,RTL10,
Gene,11417,RTL6,RTL6,
Gene,11418,RTL8A,RTL8A,
Gene,11419,RTL8C,RTL8C,
Gene,11420,RTL9,RTL9,
Gene,11421,RTN1,RTN1,
Gene,11422,RTN2,RTN2,
Gene,11423,RTN3,RTN3,
Gene,11424,RTN4,RTN4,
Gene,11425,RTN4IP1,RTN4IP1,
Gene,11426,RTN4R,RTN4R,
Gene,11427,RTN4RL1,RTN4RL1,
Gene,11428,RTN4RL2,RTN4RL2,
Gene,11429,RTP4,RTP4,
Gene,11430,RTRAF,RTRAF,
Gene,11431,RTTN,RTTN,
Gene,11432,RUBCNL,RUBCNL,
Gene,11433,RUFY1,RUFY1,
Gene,11434,RUFY2,RUFY2,
Gene,11435,RUFY3,RUFY3,
Gene,11436,RUNDC3B,RUNDC3B,
Gene,11437,RUNX1,RUNX1,
Gene,11438,RUNX1T1,RUNX1T1,
Gene,11439,RUNX2,RUNX2,
Gene,11440,RUNX3,RUNX3,
Gene,11441,RUSC1,RUSC1,
Gene,11442,RUSC2,RUSC2,
Gene,11443,RUSF1,RUSF1,
Gene,11444,RUVBL1,RUVBL1,
Gene,11445,RUVBL2,RUVBL2,
Gene,11446,RWDD1,RWDD1,
Gene,11447,RWDD2A,RWDD2A,
Gene,11448,RWDD2B,RWDD2B,
Gene,11449,RXFP1,RXFP1,
Gene,11450,RXFP2,RXFP2,
Gene,11451,RXRA,RXRA,
Gene,11452,RXRB,RXRB,
Gene,11453,RXRG,RXRG,
Gene,11454,RYBP,RYBP,
Gene,11455,RYK,RYK,
Gene,11456,RYR1,RYR1,
Gene,11457,RYR2,RYR2,
Gene,11458,Rab2,Rab2,
Gene,11459,RatNP-3b,RatNP-3b,
Gene,11460,Rbm12b2,Rbm12b2,
Gene,11461,Rbm13,Rbm13,
Gene,11462,Rbm3os,Rbm3os,
Gene,11463,Reg3b,Reg3b,
Gene,11464,Retnlg,Retnlg,
Gene,11465,Rhox6,Rhox6,
Gene,11466,Rhox7,Rhox7,
Gene,11467,Rhox8,Rhox8,
Gene,11468,Rian,Rian,
Gene,11469,Rpl15-ps6,Rpl15-ps6,
Gene,11470,Rpl19-ps3,Rpl19-ps3,
Gene,11471,Rpl26-ps6,Rpl26-ps6,
Gene,11472,Rpl9-ps1,Rpl9-ps1,
Gene,11473,Rpp20,Rpp20,
Gene,11474,Rps11-ps2,Rps11-ps2,
Gene,11475,Rps15a-ps4,Rps15a-ps4,
Gene,11476,Rps23rg1,Rps23rg1,
Gene,11477,Rps27a-ps1,Rps27a-ps1,
Gene,11478,Rps27rt,Rps27rt,
Gene,11479,Rptoros,Rptoros,
Gene,11480,Rsf1os2,Rsf1os2,
Gene,11481,Rv1372,Rv1372,
Gene,11482,Rv1885c,Rv1885c,
Gene,11483,Rwdd4a,Rwdd4a,
Gene,11484,S100A1,S100A1,
Gene,11485,S100A10,S100A10,
Gene,11486,S100A11,S100A11,
Gene,11487,S100A13,S100A13,
Gene,11488,S100A14,S100A14,
Gene,11489,S100A16,S100A16,
Gene,11490,S100A2,S100A2,
Gene,11491,S100A3,S100A3,
Gene,11492,S100A4,S100A4,
Gene,11493,S100A6,S100A6,
Gene,11494,S100A7A,S100A7A,
Gene,11495,S100A8,S100A8,
Gene,11496,S100A9,S100A9,
Gene,11497,S100B,S100B,
Gene,11498,S100G,S100G,
Gene,11499,S100P,S100P,
Gene,11500,S1PR1,S1PR1,
Gene,11501,S1PR2,S1PR2,
Gene,11502,S1PR3,S1PR3,
Gene,11503,S1PR5,S1PR5,
Gene,11504,SAA1,SAA1,
Gene,11505,SAA2,SAA2,
Gene,11506,SAA4,SAA4,
Gene,11507,SAC3D1,SAC3D1,
Gene,11508,SACS,SACS,
Gene,11509,SAE1,SAE1,
Gene,11510,SAFB,SAFB,
Gene,11511,SAFB2,SAFB2,
Gene,11512,SAG,SAG,
Gene,11513,SALL1,SALL1,
Gene,11514,SALL2,SALL2,
Gene,11515,SAMD1,SAMD1,
Gene,11516,SAMD10,SAMD10,
Gene,11517,SAMD13,SAMD13,
Gene,11518,SAMD15,SAMD15,
Gene,11519,SAMD4A,SAMD4A,
Gene,11520,SAMD4B,SAMD4B,
Gene,11521,SAMD5,SAMD5,
Gene,11522,SAMD9,SAMD9,
Gene,11523,SAMHD1,SAMHD1,
Gene,11524,SAMM50,SAMM50,
Gene,11525,SAMSN1,SAMSN1,
Gene,11526,SAP18,SAP18,
Gene,11527,SAP30,SAP30,
Gene,11528,SAP30BP,SAP30BP,
Gene,11529,SAP30L,SAP30L,
Gene,11530,SAPCD1,SAPCD1,
Gene,11531,SAPCD2,SAPCD2,
Gene,11532,SAR1B,SAR1B,
Gene,11533,SARAF,SARAF,
Gene,11534,SARDH,SARDH,
Gene,11535,SARM1,SARM1,
Gene,11536,SARS1,SARS1,
Gene,11537,SART1,SART1,
Gene,11538,SART3,SART3,
Gene,11539,SASH1,SASH1,
Gene,11540,SASH3,SASH3,
Gene,11541,SASS6,SASS6,
Gene,11542,SAT1,SAT1,
Gene,11543,SAT2,SAT2,
Gene,11544,SATB1,SATB1,
Gene,11545,SATB2,SATB2,
Gene,11546,SAXO1,SAXO1,
Gene,11547,SAXO2,SAXO2,
Gene,11548,SAXO4,SAXO4,
Gene,11549,SAYSD1,SAYSD1,
Gene,11550,SBDS,SBDS,
Gene,11551,SBF1,SBF1,
Gene,11552,SBF2,SBF2,
Gene,11553,SBK1,SBK1,
Gene,11554,SBK3,SBK3,
Gene,11555,SBSN,SBSN,
Gene,11556,SBSPON,SBSPON,
Gene,11557,SC5D,SC5D,
Gene,11558,SCAF1,SCAF1,
Gene,11559,SCAF11,SCAF11,
Gene,11560,SCAF4,SCAF4,
Gene,11561,SCAF8,SCAF8,
Gene,11562,SCAMP1,SCAMP1,
Gene,11563,SCAMP2,SCAMP2,
Gene,11564,SCAMP3,SCAMP3,
Gene,11565,SCAMP4,SCAMP4,
Gene,11566,SCAMP5,SCAMP5,
Gene,11567,SCAND3,SCAND3,
Gene,11568,SCAP,SCAP,
Gene,11569,SCAPER,SCAPER,
Gene,11570,SCARA3,SCARA3,
Gene,11571,SCARA5,SCARA5,
Gene,11572,SCARB1,SCARB1,
Gene,11573,SCARB2,SCARB2,
Gene,11574,SCARF2,SCARF2,
Gene,11575,SCARNA12,SCARNA12,
Gene,11576,SCARNA13,SCARNA13,
Gene,11577,SCARNA17,SCARNA17,
Gene,11578,SCARNA2,SCARNA2,
Gene,11579,SCARNA3,SCARNA3,
Gene,11580,SCART1,SCART1,
Gene,11581,SCD,SCD,
Gene,11582,SCD5,SCD5,
Gene,11583,SCEL,SCEL,
Gene,11584,SCFD1,SCFD1,
Gene,11585,SCFD2,SCFD2,
Gene,11586,SCG2,SCG2,
Gene,11587,SCG3,SCG3,
Gene,11588,SCG5,SCG5,
Gene,11589,SCGB1A1,SCGB1A1,
Gene,11590,SCGB1C1,SCGB1C1,
Gene,11591,SCGB1D2,SCGB1D2,
Gene,11592,SCGB1D4,SCGB1D4,
Gene,11593,SCGB2A2,SCGB2A2,
Gene,11594,SCGB3A1,SCGB3A1,
Gene,11595,SCGN,SCGN,
Gene,11596,SCHIP1,SCHIP1,
Gene,11597,SCIN,SCIN,
Gene,11598,SCLT1,SCLT1,
Gene,11599,SCLY,SCLY,
Gene,11600,SCMH1,SCMH1,
Gene,11601,SCML1,SCML1,
Gene,11602,SCML2,SCML2,
Gene,11603,SCN1A,SCN1A,
Gene,11604,SCN2A,SCN2A,
Gene,11605,SCN3A,SCN3A,
Gene,11606,SCN3B,SCN3B,
Gene,11607,SCN4A,SCN4A,
Gene,11608,SCN4B,SCN4B,
Gene,11609,SCN5A,SCN5A,
Gene,11610,SCN7A,SCN7A,
Gene,11611,SCN8A,SCN8A,
Gene,11612,SCN9A,SCN9A,
Gene,11613,SCNM1,SCNM1,
Gene,11614,SCNN1A,SCNN1A,
Gene,11615,SCNN1B,SCNN1B,
Gene,11616,SCNN1G,SCNN1G,
Gene,11617,SCP2,SCP2,
Gene,11618,SCPEP1,SCPEP1,
Gene,11619,SCRIB,SCRIB,
Gene,11620,SCRN1,SCRN1,
Gene,11621,SCRN2,SCRN2,
Gene,11622,SCRN3,SCRN3,
Gene,11623,SCRT1,SCRT1,
Gene,11624,SCT,SCT,
Gene,11625,SCTR,SCTR,
Gene,11626,SCUBE1,SCUBE1,
Gene,11627,SCX,SCX,
Gene,11628,SCYL1,SCYL1,
Gene,11629,SDAD1,SDAD1,
Gene,11630,SDC1,SDC1,
Gene,11631,SDC2,SDC2,
Gene,11632,SDC3,SDC3,
Gene,11633,SDC4,SDC4,
Gene,11634,SDCBP,SDCBP,
Gene,11635,SDCBP2,SDCBP2,
Gene,11636,SDCCAG8,SDCCAG8,
Gene,11637,SDF2L1,SDF2L1,
Gene,11638,SDF4,SDF4,
Gene,11639,SDHA,SDHA,
Gene,11640,SDHAF3,SDHAF3,
Gene,11641,SDHAF4,SDHAF4,
Gene,11642,SDHAP1,SDHAP1,
Gene,11643,SDHB,SDHB,
Gene,11644,SDHC,SDHC,
Gene,11645,SDHD,SDHD,
Gene,11646,SDHDP2,SDHDP2,
Gene,11647,SDK1,SDK1,
Gene,11648,SDK2,SDK2,
Gene,11649,SDR16C5,SDR16C5,
Gene,11650,SDR39U1,SDR39U1,
Gene,11651,SDSL,SDSL,
Gene,11652,SEBOX,SEBOX,
Gene,11653,SEC11A,SEC11A,
Gene,11654,SEC11C,SEC11C,
Gene,11655,SEC13,SEC13,
Gene,11656,SEC14L1,SEC14L1,
Gene,11657,SEC14L2,SEC14L2,
Gene,11658,SEC14L3,SEC14L3,
Gene,11659,SEC14L4,SEC14L4,
Gene,11660,SEC14L5,SEC14L5,
Gene,11661,SEC16A,SEC16A,
Gene,11662,SEC22A,SEC22A,
Gene,11663,SEC22B,SEC22B,
Gene,11664,SEC23A,SEC23A,
Gene,11665,SEC23B,SEC23B,
Gene,11666,SEC24A,SEC24A,
Gene,11667,SEC24C,SEC24C,
Gene,11668,SEC24D,SEC24D,
Gene,11669,SEC31A,SEC31A,
Gene,11670,SEC31B,SEC31B,
Gene,11671,SEC61A1,SEC61A1,
Gene,11672,SEC61B,SEC61B,
Gene,11673,SEC61G,SEC61G,
Gene,11674,SEC62,SEC62,
Gene,11675,SEC63,SEC63,
Gene,11676,SECISBP2L,SECISBP2L,
Gene,11677,SECTM1,SECTM1,
Gene,11678,SEH1L,SEH1L,
Gene,11679,SEL1L,SEL1L,
Gene,11680,SEL1L2,SEL1L2,
Gene,11681,SEL1L3,SEL1L3,
Gene,11682,SELE,SELE,
Gene,11683,SELENBP1,SELENBP1,
Gene,11684,SELENOF,SELENOF,
Gene,11685,SELENOK,SELENOK,
Gene,11686,SELENOM,SELENOM,
Gene,11687,SELENOO,SELENOO,
Gene,11688,SELENOP,SELENOP,
Gene,11689,SELENOS,SELENOS,
Gene,11690,SELENOV,SELENOV,
Gene,11691,SELENOW,SELENOW,
Gene,11692,SELL,SELL,
Gene,11693,SELP,SELP,
Gene,11694,SELPLG,SELPLG,
Gene,11695,SEMA3A,SEMA3A,
Gene,11696,SEMA3B,SEMA3B,
Gene,11697,SEMA3C,SEMA3C,
Gene,11698,SEMA3D,SEMA3D,
Gene,11699,SEMA3E,SEMA3E,
Gene,11700,SEMA3F,SEMA3F,
Gene,11701,SEMA3G,SEMA3G,
Gene,11702,SEMA4A,SEMA4A,
Gene,11703,SEMA4B,SEMA4B,
Gene,11704,SEMA4C,SEMA4C,
Gene,11705,SEMA4F,SEMA4F,
Gene,11706,SEMA4G,SEMA4G,
Gene,11707,SEMA5A,SEMA5A,
Gene,11708,SEMA5B,SEMA5B,
Gene,11709,SEMA6A,SEMA6A,
Gene,11710,SEMA6A-AS1,SEMA6A-AS1,
Gene,11711,SEMA6D,SEMA6D,
Gene,11712,SEMA7A,SEMA7A,
Gene,11713,SENP1,SENP1,
Gene,11714,SENP2,SENP2,
Gene,11715,SENP3,SENP3,
Gene,11716,SENP5,SENP5,
Gene,11717,SENP6,SENP6,
Gene,11718,SENP7,SENP7,
Gene,11719,SEPHS1,SEPHS1,
Gene,11720,SEPHS2,SEPHS2,
Gene,11721,SEPSECS,SEPSECS,
Gene,11722,SEPTIN11,SEPTIN11,
Gene,11723,SEPTIN2,SEPTIN2,
Gene,11724,SEPTIN3,SEPTIN3,
Gene,11725,SEPTIN4,SEPTIN4,
Gene,11726,SEPTIN6,SEPTIN6,
Gene,11727,SEPTIN7,SEPTIN7,
Gene,11728,SEPTIN8,SEPTIN8,
Gene,11729,SEPTIN9,SEPTIN9,
Gene,11730,SERAC1,SERAC1,
Gene,11731,SERBP1,SERBP1,
Gene,11732,SERF1B,SERF1B,
Gene,11733,SERF2,SERF2,
Gene,11734,SERGEF,SERGEF,
Gene,11735,SERHL,SERHL,
Gene,11736,SERHL2,SERHL2,
Gene,11737,SERINC1,SERINC1,
Gene,11738,SERINC2,SERINC2,
Gene,11739,SERINC3,SERINC3,
Gene,11740,SERINC5,SERINC5,
Gene,11741,SERP1,SERP1,27230
Gene,11742,SERP2,SERP2,
Gene,11743,SERPINA1,SERPINA1,
Gene,11744,SERPINA10,SERPINA10,
Gene,11745,SERPINA11,SERPINA11,
Gene,11746,SERPINA3,SERPINA3,
Gene,11747,SERPINA4,SERPINA4,
Gene,11748,SERPINA5,SERPINA5,
Gene,11749,SERPINA6,SERPINA6,
Gene,11750,SERPINA7,SERPINA7,
Gene,11751,SERPINA9,SERPINA9,
Gene,11752,SERPINB1,SERPINB1,
Gene,11753,SERPINB10,SERPINB10,
Gene,11754,SERPINB11,SERPINB11,
Gene,11755,SERPINB12,SERPINB12,
Gene,11756,SERPINB2,SERPINB2,
Gene,11757,SERPINB3,SERPINB3,
Gene,11758,SERPINB5,SERPINB5,
Gene,11759,SERPINB6,SERPINB6,
Gene,11760,SERPINB7,SERPINB7,
Gene,11761,SERPINB8,SERPINB8,
Gene,11762,SERPINB9,SERPINB9,
Gene,11763,SERPINC1,SERPINC1,
Gene,11764,SERPIND1,SERPIND1,
Gene,11765,SERPINE1,SERPINE1,
Gene,11766,SERPINE2,SERPINE2,
Gene,11767,SERPINE3,SERPINE3,
Gene,11768,SERPINF1,SERPINF1,
Gene,11769,SERPINF2,SERPINF2,
Gene,11770,SERPING1,SERPING1,
Gene,11771,SERPINH1,SERPINH1,
Gene,11772,SERPINI1,SERPINI1,
Gene,11773,SERPINI2,SERPINI2,
Gene,11774,SERTAD1,SERTAD1,
Gene,11775,SERTAD2,SERTAD2,
Gene,11776,SERTAD3,SERTAD3,
Gene,11777,SERTM1,SERTM1,
Gene,11778,SESN1,SESN1,
Gene,11779,SESN2,SESN2,
Gene,11780,SESN3,SESN3,
Gene,11781,SESTD1,SESTD1,
Gene,11782,SET,SET,
Gene,11783,SETBP1,SETBP1,
Gene,11784,SETD1A,SETD1A,
Gene,11785,SETD2,SETD2,
Gene,11786,SETD4,SETD4,
Gene,11787,SETD5,SETD5,
Gene,11788,SETD6,SETD6,
Gene,11789,SETD7,SETD7,
Gene,11790,SETDB1,SETDB1,
Gene,11791,SETDB2,SETDB2,
Gene,11792,SETMAR,SETMAR,
Gene,11793,SETX,SETX,
Gene,11794,SEZ6,SEZ6,
Gene,11795,SF1,SF1,
Gene,11796,SF3A1,SF3A1,
Gene,11797,SF3A2,SF3A2,
Gene,11798,SF3A3,SF3A3,
Gene,11799,SF3B1,SF3B1,
Gene,11800,SF3B2,SF3B2,
Gene,11801,SF3B3,SF3B3,
Gene,11802,SF3B4,SF3B4,
Gene,11803,SF3B5,SF3B5,
Gene,11804,SFI1,SFI1,
Gene,11805,SFMBT1,SFMBT1,
Gene,11806,SFN,SFN,
Gene,11807,SFPQ,SFPQ,
Gene,11808,SFRP1,SFRP1,
Gene,11809,SFRP2,SFRP2,
Gene,11810,SFRP4,SFRP4,
Gene,11811,SFRP5,SFRP5,
Gene,11812,SFSWAP,SFSWAP,
Gene,11813,SFT2D1,SFT2D1,
Gene,11814,SFT2D2,SFT2D2,
Gene,11815,SFTA1P,SFTA1P,
Gene,11816,SFTA2,SFTA2,
Gene,11817,SFTPB,SFTPB,
Gene,11818,SFTPC,SFTPC,
Gene,11819,SFTPD,SFTPD,
Gene,11820,SFXN2,SFXN2,
Gene,11821,SFXN3,SFXN3,
Gene,11822,SFXN4,SFXN4,
Gene,11823,SFXN5,SFXN5,
Gene,11824,SGCA,SGCA,
Gene,11825,SGCB,SGCB,
Gene,11826,SGCE,SGCE,
Gene,11827,SGCZ,SGCZ,
Gene,11828,SGF29,SGF29,
Gene,11829,SGK1,SGK1,
Gene,11830,SGK2,SGK2,
Gene,11831,SGK3,SGK3,
Gene,11832,SGMS1,SGMS1,
Gene,11833,SGO1,SGO1,
Gene,11834,SGO2,SGO2,
Gene,11835,SGPP1,SGPP1,
Gene,11836,SGPP2,SGPP2,
Gene,11837,SGSH,SGSH,
Gene,11838,SGSM2,SGSM2,
Gene,11839,SGSM3,SGSM3,
Gene,11840,SGTA,SGTA,
Gene,11841,SH2B1,SH2B1,
Gene,11842,SH2B3,SH2B3,
Gene,11843,SH2D3A,SH2D3A,
Gene,11844,SH2D4A,SH2D4A,
Gene,11845,SH2D4B,SH2D4B,
Gene,11846,SH2D5,SH2D5,
Gene,11847,SH3BGR,SH3BGR,
Gene,11848,SH3BGRL,SH3BGRL,
Gene,11849,SH3BGRL2,SH3BGRL2,
Gene,11850,SH3BGRL3,SH3BGRL3,
Gene,11851,SH3BP2,SH3BP2,
Gene,11852,SH3BP4,SH3BP4,
Gene,11853,SH3BP5,SH3BP5,
Gene,11854,SH3BP5L,SH3BP5L,
Gene,11855,SH3D19,SH3D19,
Gene,11856,SH3D21,SH3D21,
Gene,11857,SH3GL1,SH3GL1,
Gene,11858,SH3GL2,SH3GL2,
Gene,11859,SH3GL3,SH3GL3,
Gene,11860,SH3GLB1,SH3GLB1,
Gene,11861,SH3GLB2,SH3GLB2,
Gene,11862,SH3KBP1,SH3KBP1,
Gene,11863,SH3PXD2A,SH3PXD2A,
Gene,11864,SH3RF1,SH3RF1,
Gene,11865,SH3RF2,SH3RF2,
Gene,11866,SH3RF3,SH3RF3,
Gene,11867,SH3TC1,SH3TC1,
Gene,11868,SH3TC2,SH3TC2,
Gene,11869,SH3YL1,SH3YL1,
Gene,11870,SHANK1,SHANK1,
Gene,11871,SHANK2,SHANK2,
Gene,11872,SHANK3,SHANK3,
Gene,11873,SHBG,SHBG,
Gene,11874,SHC1,SHC1,
Gene,11875,SHC2,SHC2,
Gene,11876,SHC3,SHC3,
Gene,11877,SHC4,SHC4,
Gene,11878,SHCBP1L,SHCBP1L,
Gene,11879,SHD,SHD,
Gene,11880,SHE,SHE,
Gene,11881,SHH,SHH,
Gene,11882,SHISA2,SHISA2,
Gene,11883,SHISA5,SHISA5,
Gene,11884,SHISA8,SHISA8,
Gene,11885,SHISAL1,SHISAL1,
Gene,11886,SHKBP1,SHKBP1,
Gene,11887,SHLD1,SHLD1,
Gene,11888,SHLD2,SHLD2,
Gene,11889,SHMT1,SHMT1,
Gene,11890,SHMT2,SHMT2,
Gene,11891,SHOX2,SHOX2,
Gene,11892,SHPK,SHPK,
Gene,11893,SHPRH,SHPRH,
Gene,11894,SHQ1,SHQ1,
Gene,11895,SHROOM1,SHROOM1,
Gene,11896,SHROOM3,SHROOM3,
Gene,11897,SHROOM4,SHROOM4,
Gene,11898,SHTN1,SHTN1,
Gene,11899,SI,SI,
Gene,11900,SIAE,SIAE,
Gene,11901,SIAH1,SIAH1,
Gene,11902,SIAH2,SIAH2,
Gene,11903,SIDT1,SIDT1,
Gene,11904,SIGLEC1,SIGLEC1,
Gene,11905,SIGLEC10,SIGLEC10,
Gene,11906,SIGMAR1,SIGMAR1,
Gene,11907,SIK1,SIK1,
Gene,11908,SIK2,SIK2,
Gene,11909,SIK3,SIK3,
Gene,11910,SIKE1,SIKE1,
Gene,11911,SIM1,SIM1,
Gene,11912,SIM2,SIM2,
Gene,11913,SIN3A,SIN3A,
Gene,11914,SIN3B,SIN3B,
Gene,11915,SINHCAF,SINHCAF,
Gene,11916,SIPA1,SIPA1,
Gene,11917,SIPA1L1,SIPA1L1,
Gene,11918,SIPA1L2,SIPA1L2,
Gene,11919,SIPA1L3,SIPA1L3,
Gene,11920,SIRPA,SIRPA,
Gene,11921,SIRT1,SIRT1,
Gene,11922,SIRT2,SIRT2,
Gene,11923,SIRT3,SIRT3,
Gene,11924,SIRT4,SIRT4,
Gene,11925,SIRT5,SIRT5,
Gene,11926,SIRT6,SIRT6,
Gene,11927,SIRT7,SIRT7,
Gene,11928,SIT1,SIT1,
Gene,11929,SIVA1,SIVA1,
Gene,11930,SIX1,SIX1,
Gene,11931,SIX4,SIX4,
Gene,11932,SIX5,SIX5,
Gene,11933,SIX6,SIX6,
Gene,11934,SKA1,SKA1,
Gene,11935,SKAP2,SKAP2,
Gene,11936,SKI,SKI,
Gene,11937,SKIC2,SKIC2,
Gene,11938,SKIC3,SKIC3,
Gene,11939,SKIC8,SKIC8,
Gene,11940,SKIDA1,SKIDA1,
Gene,11941,SKIL,SKIL,
Gene,11942,SKP1,SKP1,
Gene,11943,SKP2,SKP2,
Gene,11944,SLAIN1,SLAIN1,
Gene,11945,SLAIN2,SLAIN2,
Gene,11946,SLAMF1,SLAMF1,
Gene,11947,SLAMF6,SLAMF6,
Gene,11948,SLAMF7,SLAMF7,
Gene,11949,SLAMF8,SLAMF8,
Gene,11950,SLBP,SLBP,
Gene,11951,SLC10A1,SLC10A1,
Gene,11952,SLC10A2,SLC10A2,
Gene,11953,SLC10A4,SLC10A4,
Gene,11954,SLC10A5,SLC10A5,
Gene,11955,SLC10A6,SLC10A6,
Gene,11956,SLC10A7,SLC10A7,
Gene,11957,SLC11A2,SLC11A2,
Gene,11958,SLC12A1,SLC12A1,
Gene,11959,SLC12A2,SLC12A2,
Gene,11960,SLC12A4,SLC12A4,
Gene,11961,SLC12A5,SLC12A5,
Gene,11962,SLC12A6,SLC12A6,
Gene,11963,SLC12A7,SLC12A7,
Gene,11964,SLC12A8,SLC12A8,
Gene,11965,SLC13A1,SLC13A1,
Gene,11966,SLC13A2,SLC13A2,
Gene,11967,SLC13A3,SLC13A3,
Gene,11968,SLC13A4,SLC13A4,
Gene,11969,SLC13A5,SLC13A5,
Gene,11970,SLC14A2,SLC14A2,
Gene,11971,SLC15A1,SLC15A1,
Gene,11972,SLC15A2,SLC15A2,
Gene,11973,SLC15A3,SLC15A3,
Gene,11974,SLC16A1,SLC16A1,
Gene,11975,SLC16A10,SLC16A10,
Gene,11976,SLC16A11,SLC16A11,
Gene,11977,SLC16A12,SLC16A12,
Gene,11978,SLC16A13,SLC16A13,
Gene,11979,SLC16A14,SLC16A14,
Gene,11980,SLC16A2,SLC16A2,
Gene,11981,SLC16A3,SLC16A3,
Gene,11982,SLC16A4,SLC16A4,
Gene,11983,SLC16A5,SLC16A5,
Gene,11984,SLC16A6,SLC16A6,
Gene,11985,SLC16A7,SLC16A7,
Gene,11986,SLC16A8,SLC16A8,
Gene,11987,SLC16A9,SLC16A9,
Gene,11988,SLC17A1,SLC17A1,
Gene,11989,SLC17A2,SLC17A2,
Gene,11990,SLC17A3,SLC17A3,
Gene,11991,SLC17A6,SLC17A6,
Gene,11992,SLC17A7,SLC17A7,
Gene,11993,SLC17A8,SLC17A8,
Gene,11994,SLC17A9,SLC17A9,
Gene,11995,SLC18A1,SLC18A1,
Gene,11996,SLC18A2,SLC18A2,
Gene,11997,SLC18A3,SLC18A3,
Gene,11998,SLC18B1,SLC18B1,
Gene,11999,SLC19A1,SLC19A1,6573
Gene,12000,SLC19A2,SLC19A2,
Gene,12001,SLC19A3,SLC19A3,
Gene,12002,SLC1A1,SLC1A1,
Gene,12003,SLC1A2,SLC1A2,
Gene,12004,SLC1A3,SLC1A3,
Gene,12005,SLC1A4,SLC1A4,
Gene,12006,SLC1A5,SLC1A5,
Gene,12007,SLC1A6,SLC1A6,
Gene,12008,SLC20A1,SLC20A1,
Gene,12009,SLC20A2,SLC20A2,
Gene,12010,SLC22A1,SLC22A1,
Gene,12011,SLC22A10,SLC22A10,
Gene,12012,SLC22A11,SLC22A11,
Gene,12013,SLC22A12,SLC22A12,
Gene,12014,SLC22A15,SLC22A15,
Gene,12015,SLC22A16,SLC22A16,
Gene,12016,SLC22A17,SLC22A17,
Gene,12017,SLC22A18,SLC22A18,
Gene,12018,SLC22A2,SLC22A2,
Gene,12019,SLC22A23,SLC22A23,
Gene,12020,SLC22A25,SLC22A25,
Gene,12021,SLC22A3,SLC22A3,
Gene,12022,SLC22A4,SLC22A4,
Gene,12023,SLC22A5,SLC22A5,
Gene,12024,SLC22A6,SLC22A6,
Gene,12025,SLC22A7,SLC22A7,
Gene,12026,SLC22A8,SLC22A8,
Gene,12027,SLC22A9,SLC22A9,
Gene,12028,SLC23A1,SLC23A1,
Gene,12029,SLC23A2,SLC23A2,
Gene,12030,SLC23A3,SLC23A3,
Gene,12031,SLC24A1,SLC24A1,
Gene,12032,SLC24A2,SLC24A2,
Gene,12033,SLC25A1,SLC25A1,
Gene,12034,SLC25A10,SLC25A10,
Gene,12035,SLC25A11,SLC25A11,
Gene,12036,SLC25A12,SLC25A12,
Gene,12037,SLC25A13,SLC25A13,
Gene,12038,SLC25A16,SLC25A16,
Gene,12039,SLC25A18,SLC25A18,
Gene,12040,SLC25A19,SLC25A19,
Gene,12041,SLC25A20,SLC25A20,
Gene,12042,SLC25A21,SLC25A21,
Gene,12043,SLC25A22,SLC25A22,
Gene,12044,SLC25A23,SLC25A23,
Gene,12045,SLC25A24,SLC25A24,
Gene,12046,SLC25A25,SLC25A25,
Gene,12047,SLC25A27,SLC25A27,
Gene,12048,SLC25A28,SLC25A28,
Gene,12049,SLC25A3,SLC25A3,
Gene,12050,SLC25A30,SLC25A30,
Gene,12051,SLC25A31,SLC25A31,
Gene,12052,SLC25A32,SLC25A32,
Gene,12053,SLC25A33,SLC25A33,
Gene,12054,SLC25A34,SLC25A34,
Gene,12055,SLC25A35,SLC25A35,
Gene,12056,SLC25A36,SLC25A36,
Gene,12057,SLC25A37,SLC25A37,
Gene,12058,SLC25A39,SLC25A39,
Gene,12059,SLC25A4,SLC25A4,
Gene,12060,SLC25A40,SLC25A40,
Gene,12061,SLC25A42,SLC25A42,
Gene,12062,SLC25A43,SLC25A43,
Gene,12063,SLC25A44,SLC25A44,
Gene,12064,SLC25A45,SLC25A45,
Gene,12065,SLC25A46,SLC25A46,
Gene,12066,SLC25A5,SLC25A5,
Gene,12067,SLC25A6,SLC25A6,
Gene,12068,SLC26A1,SLC26A1,
Gene,12069,SLC26A11,SLC26A11,
Gene,12070,SLC26A2,SLC26A2,
Gene,12071,SLC26A3,SLC26A3,
Gene,12072,SLC26A5,SLC26A5,
Gene,12073,SLC26A6,SLC26A6,
Gene,12074,SLC26A7,SLC26A7,
Gene,12075,SLC26A8,SLC26A8,
Gene,12076,SLC26A9,SLC26A9,
Gene,12077,SLC27A1,SLC27A1,
Gene,12078,SLC27A2,SLC27A2,
Gene,12079,SLC27A3,SLC27A3,
Gene,12080,SLC27A4,SLC27A4,
Gene,12081,SLC27A5,SLC27A5,
Gene,12082,SLC27A6,SLC27A6,
Gene,12083,SLC28A1,SLC28A1,
Gene,12084,SLC28A2,SLC28A2,
Gene,12085,SLC28A3,SLC28A3,
Gene,12086,SLC29A1,SLC29A1,
Gene,12087,SLC29A2,SLC29A2,
Gene,12088,SLC29A3,SLC29A3,
Gene,12089,SLC29A4,SLC29A4,
Gene,12090,SLC2A1,SLC2A1,
Gene,12091,SLC2A10,SLC2A10,
Gene,12092,SLC2A11,SLC2A11,
Gene,12093,SLC2A12,SLC2A12,
Gene,12094,SLC2A13,SLC2A13,
Gene,12095,SLC2A14,SLC2A14,
Gene,12096,SLC2A2,SLC2A2,
Gene,12097,SLC2A3,SLC2A3,
Gene,12098,SLC2A4,SLC2A4,
Gene,12099,SLC2A4RG,SLC2A4RG,
Gene,12100,SLC2A5,SLC2A5,
Gene,12101,SLC2A7,SLC2A7,
Gene,12102,SLC2A8,SLC2A8,
Gene,12103,SLC2A9,SLC2A9,
Gene,12104,SLC30A1,SLC30A1,
Gene,12105,SLC30A10,SLC30A10,
Gene,12106,SLC30A2,SLC30A2,
Gene,12107,SLC30A3,SLC30A3,
Gene,12108,SLC30A4,SLC30A4,
Gene,12109,SLC30A5,SLC30A5,
Gene,12110,SLC30A6,SLC30A6,
Gene,12111,SLC30A7,SLC30A7,
Gene,12112,SLC30A9,SLC30A9,
Gene,12113,SLC31A1,SLC31A1,
Gene,12114,SLC31A2,SLC31A2,
Gene,12115,SLC32A1,SLC32A1,
Gene,12116,SLC33A1,SLC33A1,
Gene,12117,SLC34A1,SLC34A1,
Gene,12118,SLC34A2,SLC34A2,
Gene,12119,SLC34A3,SLC34A3,
Gene,12120,SLC35A1,SLC35A1,
Gene,12121,SLC35A2,SLC35A2,
Gene,12122,SLC35A3,SLC35A3,
Gene,12123,SLC35B1,SLC35B1,
Gene,12124,SLC35B2,SLC35B2,
Gene,12125,SLC35D1,SLC35D1,
Gene,12126,SLC35D2,SLC35D2,
Gene,12127,SLC35D3,SLC35D3,
Gene,12128,SLC35E1,SLC35E1,
Gene,12129,SLC35E2B,SLC35E2B,
Gene,12130,SLC35E3,SLC35E3,
Gene,12131,SLC35E4,SLC35E4,
Gene,12132,SLC35F1,SLC35F1,
Gene,12133,SLC35F2,SLC35F2,
Gene,12134,SLC35F3,SLC35F3,
Gene,12135,SLC35F4,SLC35F4,
Gene,12136,SLC35F5,SLC35F5,
Gene,12137,SLC35G1,SLC35G1,
Gene,12138,SLC35G2,SLC35G2,
Gene,12139,SLC36A1,SLC36A1,
Gene,12140,SLC36A2,SLC36A2,
Gene,12141,SLC37A1,SLC37A1,
Gene,12142,SLC37A2,SLC37A2,
Gene,12143,SLC37A3,SLC37A3,
Gene,12144,SLC37A4,SLC37A4,
Gene,12145,SLC38A1,SLC38A1,
Gene,12146,SLC38A10,SLC38A10,
Gene,12147,SLC38A11,SLC38A11,
Gene,12148,SLC38A2,SLC38A2,
Gene,12149,SLC38A3,SLC38A3,
Gene,12150,SLC38A4,SLC38A4,
Gene,12151,SLC38A5,SLC38A5,
Gene,12152,SLC38A6,SLC38A6,
Gene,12153,SLC38A7,SLC38A7,
Gene,12154,SLC38A8,SLC38A8,
Gene,12155,SLC38A9,SLC38A9,
Gene,12156,SLC39A1,SLC39A1,
Gene,12157,SLC39A10,SLC39A10,
Gene,12158,SLC39A11,SLC39A11,
Gene,12159,SLC39A12,SLC39A12,
Gene,12160,SLC39A13,SLC39A13,
Gene,12161,SLC39A14,SLC39A14,
Gene,12162,SLC39A2,SLC39A2,
Gene,12163,SLC39A3,SLC39A3,
Gene,12164,SLC39A4,SLC39A4,
Gene,12165,SLC39A5,SLC39A5,
Gene,12166,SLC39A6,SLC39A6,
Gene,12167,SLC39A7,SLC39A7,
Gene,12168,SLC39A8,SLC39A8,
Gene,12169,SLC39A9,SLC39A9,
Gene,12170,SLC3A1,SLC3A1,
Gene,12171,SLC3A2,SLC3A2,
Gene,12172,SLC40A1,SLC40A1,
Gene,12173,SLC41A1,SLC41A1,
Gene,12174,SLC41A2,SLC41A2,
Gene,12175,SLC41A3,SLC41A3,
Gene,12176,SLC43A1,SLC43A1,
Gene,12177,SLC43A3,SLC43A3,
Gene,12178,SLC44A1,SLC44A1,
Gene,12179,SLC44A2,SLC44A2,
Gene,12180,SLC44A3,SLC44A3,
Gene,12181,SLC44A4,SLC44A4,
Gene,12182,SLC44A5,SLC44A5,
Gene,12183,SLC45A1,SLC45A1,
Gene,12184,SLC45A2,SLC45A2,
Gene,12185,SLC45A4,SLC45A4,
Gene,12186,SLC46A1,SLC46A1,
Gene,12187,SLC46A2,SLC46A2,
Gene,12188,SLC47A1,SLC47A1,
Gene,12189,SLC47A2,SLC47A2,
Gene,12190,SLC48A1,SLC48A1,
Gene,12191,SLC49A4,SLC49A4,
Gene,12192,SLC4A1,SLC4A1,
Gene,12193,SLC4A11,SLC4A11,
Gene,12194,SLC4A1AP,SLC4A1AP,
Gene,12195,SLC4A2,SLC4A2,
Gene,12196,SLC4A4,SLC4A4,
Gene,12197,SLC4A5,SLC4A5,
Gene,12198,SLC4A7,SLC4A7,
Gene,12199,SLC50A1,SLC50A1,
Gene,12200,SLC51A,SLC51A,
Gene,12201,SLC51B,SLC51B,
Gene,12202,SLC52A2,SLC52A2,
Gene,12203,SLC52A3,SLC52A3,
Gene,12204,SLC5A1,SLC5A1,
Gene,12205,SLC5A10,SLC5A10,
Gene,12206,SLC5A11,SLC5A11,
Gene,12207,SLC5A12,SLC5A12,
Gene,12208,SLC5A2,SLC5A2,
Gene,12209,SLC5A3,SLC5A3,
Gene,12210,SLC5A5,SLC5A5,
Gene,12211,SLC5A6,SLC5A6,
Gene,12212,SLC5A7,SLC5A7,
Gene,12213,SLC5A8,SLC5A8,
Gene,12214,SLC5A9,SLC5A9,
Gene,12215,SLC66A1,SLC66A1,
Gene,12216,SLC66A2,SLC66A2,
Gene,12217,SLC66A3,SLC66A3,
Gene,12218,SLC6A1,SLC6A1,
Gene,12219,SLC6A11,SLC6A11,
Gene,12220,SLC6A12,SLC6A12,
Gene,12221,SLC6A13,SLC6A13,
Gene,12222,SLC6A14,SLC6A14,
Gene,12223,SLC6A15,SLC6A15,
Gene,12224,SLC6A17,SLC6A17,
Gene,12225,SLC6A18,SLC6A18,
Gene,12226,SLC6A2,SLC6A2,
Gene,12227,SLC6A20,SLC6A20,
Gene,12228,SLC6A3,SLC6A3,
Gene,12229,SLC6A4,SLC6A4,
Gene,12230,SLC6A5,SLC6A5,
Gene,12231,SLC6A6,SLC6A6,
Gene,12232,SLC6A7,SLC6A7,
Gene,12233,SLC6A8,SLC6A8,
Gene,12234,SLC6A9,SLC6A9,
Gene,12235,SLC7A1,SLC7A1,
Gene,12236,SLC7A10,SLC7A10,
Gene,12237,SLC7A11,SLC7A11,
Gene,12238,SLC7A14,SLC7A14,
Gene,12239,SLC7A2,SLC7A2,
Gene,12240,SLC7A3,SLC7A3,
Gene,12241,SLC7A4,SLC7A4,
Gene,12242,SLC7A5,SLC7A5,
Gene,12243,SLC7A5P1,SLC7A5P1,
Gene,12244,SLC7A5P2,SLC7A5P2,
Gene,12245,SLC7A6,SLC7A6,
Gene,12246,SLC7A6OS,SLC7A6OS,
Gene,12247,SLC7A7,SLC7A7,
Gene,12248,SLC7A8,SLC7A8,
Gene,12249,SLC7A9,SLC7A9,
Gene,12250,SLC8A1,SLC8A1,
Gene,12251,SLC8A3,SLC8A3,
Gene,12252,SLC9A1,SLC9A1,
Gene,12253,SLC9A2,SLC9A2,
Gene,12254,SLC9A3,SLC9A3,
Gene,12255,SLC9A5,SLC9A5,
Gene,12256,SLC9A6,SLC9A6,
Gene,12257,SLC9A8,SLC9A8,
Gene,12258,SLC9B2,SLC9B2,
Gene,12259,SLCO1A2,SLCO1A2,
Gene,12260,SLCO1B1,SLCO1B1,
Gene,12261,SLCO1B3,SLCO1B3,
Gene,12262,SLCO2A1,SLCO2A1,
Gene,12263,SLCO2B1,SLCO2B1,
Gene,12264,SLCO3A1,SLCO3A1,
Gene,12265,SLCO4A1,SLCO4A1,
Gene,12266,SLCO4C1,SLCO4C1,
Gene,12267,SLCO5A1,SLCO5A1,
Gene,12268,SLF1,SLF1,
Gene,12269,SLF2,SLF2,
Gene,12270,SLFN12L,SLFN12L,
Gene,12271,SLFN5,SLFN5,
Gene,12272,SLFNL1,SLFNL1,
Gene,12273,SLIT1,SLIT1,
Gene,12274,SLIT2,SLIT2,
Gene,12275,SLIT3,SLIT3,
Gene,12276,SLITRK1,SLITRK1,
Gene,12277,SLITRK5,SLITRK5,
Gene,12278,SLITRK6,SLITRK6,
Gene,12279,SLK,SLK,
Gene,12280,SLMAP,SLMAP,
Gene,12281,SLPI,SLPI,
Gene,12282,SLTM,SLTM,
Gene,12283,SLURP1,SLURP1,
Gene,12284,SLURP2,SLURP2,
Gene,12285,SLX1A-SULT1A3,SLX1A-SULT1A3,
Gene,12286,SLX1B,SLX1B,
Gene,12287,SLX4IP,SLX4IP,
Gene,12288,SMAD1,SMAD1,
Gene,12289,SMAD2,SMAD2,
Gene,12290,SMAD3,SMAD3,
Gene,12291,SMAD4,SMAD4,
Gene,12292,SMAD5,SMAD5,
Gene,12293,SMAD6,SMAD6,
Gene,12294,SMAD7,SMAD7,4092
Gene,12295,SMAD9,SMAD9,
Gene,12296,SMAGP,SMAGP,
Gene,12297,SMAP1,SMAP1,
Gene,12298,SMAP2,SMAP2,
Gene,12299,SMARCA1,SMARCA1,
Gene,12300,SMARCA2,SMARCA2,
Gene,12301,SMARCA4,SMARCA4,
Gene,12302,SMARCA5,SMARCA5,
Gene,12303,SMARCAD1,SMARCAD1,
Gene,12304,SMARCAL1,SMARCAL1,
Gene,12305,SMARCB1,SMARCB1,
Gene,12306,SMARCC1,SMARCC1,
Gene,12307,SMARCC2,SMARCC2,
Gene,12308,SMARCD2,SMARCD2,
Gene,12309,SMARCD3,SMARCD3,
Gene,12310,SMARCE1,SMARCE1,
Gene,12311,SMC1A,SMC1A,
Gene,12312,SMC2,SMC2,
Gene,12313,SMC3,SMC3,
Gene,12314,SMC4,SMC4,
Gene,12315,SMC5,SMC5,
Gene,12316,SMC6,SMC6,
Gene,12317,SMCHD1,SMCHD1,
Gene,12318,SMCP,SMCP,
Gene,12319,SMDT1,SMDT1,
Gene,12320,SMG1,SMG1,
Gene,12321,SMG5,SMG5,
Gene,12322,SMG6,SMG6,
Gene,12323,SMG7,SMG7,
Gene,12324,SMG9,SMG9,
Gene,12325,SMIM10L2A,SMIM10L2A,
Gene,12326,SMIM10L2B,SMIM10L2B,
Gene,12327,SMIM13,SMIM13,
Gene,12328,SMIM14,SMIM14,
Gene,12329,SMIM19,SMIM19,
Gene,12330,SMIM20,SMIM20,
Gene,12331,SMIM24,SMIM24,
Gene,12332,SMIM29,SMIM29,
Gene,12333,SMIM3,SMIM3,
Gene,12334,SMIM43,SMIM43,
Gene,12335,SMIM6,SMIM6,
Gene,12336,SMIM7,SMIM7,
Gene,12337,SMN1,SMN1,
Gene,12338,SMN2,SMN2,
Gene,12339,SMNDC1,SMNDC1,
Gene,12340,SMO,SMO,
Gene,12341,SMOC1,SMOC1,
Gene,12342,SMOC2,SMOC2,
Gene,12343,SMOX,SMOX,
Gene,12344,SMPD1,SMPD1,
Gene,12345,SMPD2,SMPD2,
Gene,12346,SMPD3,SMPD3,
Gene,12347,SMPD4,SMPD4,
Gene,12348,SMPDL3A,SMPDL3A,
Gene,12349,SMPDL3B,SMPDL3B,
Gene,12350,SMPX,SMPX,
Gene,12351,SMR3A,SMR3A,
Gene,12352,SMR3B,SMR3B,
Gene,12353,SMTN,SMTN,
Gene,12354,SMTNL2,SMTNL2,
Gene,12355,SMUG1,SMUG1,
Gene,12356,SMURF1,SMURF1,
Gene,12357,SMURF2,SMURF2,
Gene,12358,SMYD1,SMYD1,
Gene,12359,SMYD2,SMYD2,
Gene,12360,SMYD3,SMYD3,
Gene,12361,SMYD4,SMYD4,
Gene,12362,SNAI1,SNAI1,
Gene,12363,SNAI2,SNAI2,
Gene,12364,SNAI3,SNAI3,
Gene,12365,SNAP23,SNAP23,
Gene,12366,SNAP25,SNAP25,
Gene,12367,SNAP47,SNAP47,
Gene,12368,SNAP91,SNAP91,
Gene,12369,SNAPC2,SNAPC2,
Gene,12370,SNAPC3,SNAPC3,
Gene,12371,SNAPC4,SNAPC4,
Gene,12372,SNAPIN,SNAPIN,
Gene,12373,SNAR-F,SNAR-F,
Gene,12374,SNAR-G2,SNAR-G2,
Gene,12375,SNAR-H,SNAR-H,
Gene,12376,SNCA,SNCA,
Gene,12377,SNCB,SNCB,
Gene,12378,SNCG,SNCG,
Gene,12379,SND1,SND1,
Gene,12380,SNED1,SNED1,
Gene,12381,SNHG1,SNHG1,
Gene,12382,SNHG10,SNHG10,
Gene,12383,SNHG11,SNHG11,
Gene,12384,SNHG12,SNHG12,
Gene,12385,SNHG14,SNHG14,
Gene,12386,SNHG16,SNHG16,
Gene,12387,SNHG20,SNHG20,
Gene,12388,SNHG27,SNHG27,
Gene,12389,SNHG29,SNHG29,
Gene,12390,SNHG3,SNHG3,
Gene,12391,SNHG31,SNHG31,
Gene,12392,SNHG32,SNHG32,
Gene,12393,SNHG4,SNHG4,
Gene,12394,SNHG5,SNHG5,
Gene,12395,SNHG6,SNHG6,
Gene,12396,SNHG7,SNHG7,
Gene,12397,SNHG8,SNHG8,
Gene,12398,SNIP1,SNIP1,
Gene,12399,SNORA13,SNORA13,
Gene,12400,SNORA20,SNORA20,
Gene,12401,SNORA21,SNORA21,
Gene,12402,SNORA25,SNORA25,
Gene,12403,SNORA26,SNORA26,
Gene,12404,SNORA44,SNORA44,
Gene,12405,SNORA58,SNORA58,
Gene,12406,SNORA61,SNORA61,
Gene,12407,SNORA62,SNORA62,
Gene,12408,SNORA63,SNORA63,
Gene,12409,SNORA68,SNORA68,
Gene,12410,SNORA70B,SNORA70B,
Gene,12411,SNORA73A,SNORA73A,
Gene,12412,SNORA73B,SNORA73B,
Gene,12413,SNORA75,SNORA75,
Gene,12414,SNORA7A,SNORA7A,
Gene,12415,SNORC,SNORC,
Gene,12416,SNORD104,SNORD104,
Gene,12417,SNORD108,SNORD108,
Gene,12418,SNORD22,SNORD22,
Gene,12419,SNORD34,SNORD34,
Gene,12420,SNORD47,SNORD47,
Gene,12421,SNORD49A,SNORD49A,
Gene,12422,SNORD52,SNORD52,
Gene,12423,SNORD68,SNORD68,
Gene,12424,SNORD8,SNORD8,
Gene,12425,SNORD82,SNORD82,
Gene,12426,SNORD87,SNORD87,
Gene,12427,SNORD95,SNORD95,
Gene,12428,SNORD96A,SNORD96A,
Gene,12429,SNRK,SNRK,
Gene,12430,SNRNP200,SNRNP200,
Gene,12431,SNRNP25,SNRNP25,
Gene,12432,SNRNP27,SNRNP27,
Gene,12433,SNRNP35,SNRNP35,
Gene,12434,SNRNP40,SNRNP40,
Gene,12435,SNRNP70,SNRNP70,
Gene,12436,SNRPA,SNRPA,
Gene,12437,SNRPA1,SNRPA1,
Gene,12438,SNRPB,SNRPB,
Gene,12439,SNRPB2,SNRPB2,
Gene,12440,SNRPC,SNRPC,
Gene,12441,SNRPD1,SNRPD1,
Gene,12442,SNRPD2,SNRPD2,
Gene,12443,SNRPD2P2,SNRPD2P2,
Gene,12444,SNRPD3,SNRPD3,
Gene,12445,SNRPE,SNRPE,
Gene,12446,SNRPGP15,SNRPGP15,
Gene,12447,SNRPN,SNRPN,
Gene,12448,SNTA1,SNTA1,
Gene,12449,SNTB1,SNTB1,
Gene,12450,SNTB2,SNTB2,
Gene,12451,SNTG2,SNTG2,
Gene,12452,SNU13,SNU13,
Gene,12453,SNUPN,SNUPN,
Gene,12454,SNURF,SNURF,
Gene,12455,SNW1,SNW1,
Gene,12456,SNX1,SNX1,
Gene,12457,SNX12,SNX12,
Gene,12458,SNX13,SNX13,
Gene,12459,SNX14,SNX14,
Gene,12460,SNX17,SNX17,
Gene,12461,SNX18,SNX18,
Gene,12462,SNX24,SNX24,
Gene,12463,SNX29,SNX29,
Gene,12464,SNX3,SNX3,
Gene,12465,SNX30,SNX30,
Gene,12466,SNX32,SNX32,
Gene,12467,SNX33,SNX33,
Gene,12468,SNX4,SNX4,
Gene,12469,SNX5,SNX5,
Gene,12470,SNX6,SNX6,
Gene,12471,SNX7,SNX7,
Gene,12472,SNX8,SNX8,
Gene,12473,SNX9,SNX9,
Gene,12474,SOAT1,SOAT1,
Gene,12475,SOAT2,SOAT2,
Gene,12476,SOBP,SOBP,
Gene,12477,SOCS1,SOCS1,
Gene,12478,SOCS2,SOCS2,
Gene,12479,SOCS3,SOCS3,
Gene,12480,SOCS4,SOCS4,
Gene,12481,SOCS6,SOCS6,
Gene,12482,SOD1,SOD1,
Gene,12483,SOD2,SOD2,
Gene,12484,SOD3,SOD3,
Gene,12485,SOHLH2,SOHLH2,
Gene,12486,SON,SON,
Gene,12487,SORBS1,SORBS1,
Gene,12488,SORBS2,SORBS2,
Gene,12489,SORBS3,SORBS3,
Gene,12490,SORCS1,SORCS1,
Gene,12491,SORCS2,SORCS2,
Gene,12492,SORCS3,SORCS3,
Gene,12493,SORD,SORD,
Gene,12494,SORD2P,SORD2P,
Gene,12495,SORL1,SORL1,
Gene,12496,SORT1,SORT1,
Gene,12497,SOS1,SOS1,
Gene,12498,SOS2,SOS2,
Gene,12499,SOST,SOST,
Gene,12500,SOSTDC1,SOSTDC1,
Gene,12501,SOWAHB,SOWAHB,
Gene,12502,SOWAHC,SOWAHC,
Gene,12503,SOWAHD,SOWAHD,
Gene,12504,SOX1,SOX1,
Gene,12505,SOX10,SOX10,
Gene,12506,SOX11,SOX11,
Gene,12507,SOX12,SOX12,
Gene,12508,SOX13,SOX13,
Gene,12509,SOX14,SOX14,
Gene,12510,SOX15,SOX15,
Gene,12511,SOX17,SOX17,
Gene,12512,SOX18,SOX18,
Gene,12513,SOX2,SOX2,
Gene,12514,SOX3,SOX3,
Gene,12515,SOX30,SOX30,
Gene,12516,SOX4,SOX4,
Gene,12517,SOX5,SOX5,
Gene,12518,SOX6,SOX6,
Gene,12519,SOX7,SOX7,
Gene,12520,SOX8,SOX8,
Gene,12521,SOX9,SOX9,
Gene,12522,SOX9-AS1,SOX9-AS1,
Gene,12523,SP1,SP1,
Gene,12524,SP100,SP100,
Gene,12525,SP140,SP140,
Gene,12526,SP140L,SP140L,
Gene,12527,SP3,SP3,
Gene,12528,SP4,SP4,
Gene,12529,SP5,SP5,
Gene,12530,SP6,SP6,
Gene,12531,SP7,SP7,
Gene,12532,SPA17,SPA17,
Gene,12533,SPACA1,SPACA1,
Gene,12534,SPACA5,SPACA5,
Gene,12535,SPACA9,SPACA9,
Gene,12536,SPACDR,SPACDR,
Gene,12537,SPAG1,SPAG1,
Gene,12538,SPAG16,SPAG16,
Gene,12539,SPAG4,SPAG4,
Gene,12540,SPAG5,SPAG5,
Gene,12541,SPAG7,SPAG7,
Gene,12542,SPAG9,SPAG9,
Gene,12543,SPAM1,SPAM1,
Gene,12544,SPARC,SPARC,
Gene,12545,SPARCL1,SPARCL1,
Gene,12546,SPART,SPART,
Gene,12547,SPAST,SPAST,
Gene,12548,SPATA13,SPATA13,
Gene,12549,SPATA17,SPATA17,
Gene,12550,SPATA18,SPATA18,
Gene,12551,SPATA2,SPATA2,
Gene,12552,SPATA20,SPATA20,
Gene,12553,SPATA21,SPATA21,
Gene,12554,SPATA2L,SPATA2L,
Gene,12555,SPATA31F1,SPATA31F1,
Gene,12556,SPATA31H1,SPATA31H1,
Gene,12557,SPATA32,SPATA32,
Gene,12558,SPATA33,SPATA33,
Gene,12559,SPATA42,SPATA42,
Gene,12560,SPATA46,SPATA46,
Gene,12561,SPATA6,SPATA6,
Gene,12562,SPATA7,SPATA7,
Gene,12563,SPATC1,SPATC1,
Gene,12564,SPATS2L,SPATS2L,
Gene,12565,SPC24,SPC24,
Gene,12566,SPC25,SPC25,
Gene,12567,SPCS2,SPCS2,
Gene,12568,SPDEF,SPDEF,
Gene,12569,SPDL1,SPDL1,
Gene,12570,SPDYA,SPDYA,
Gene,12571,SPDYE2,SPDYE2,
Gene,12572,SPDYE8,SPDYE8,
Gene,12573,SPECC1,SPECC1,
Gene,12574,SPECC1L,SPECC1L,
Gene,12575,SPEG,SPEG,
Gene,12576,SPEN,SPEN,
Gene,12577,SPG11,SPG11,
Gene,12578,SPG21,SPG21,
Gene,12579,SPG7,SPG7,
Gene,12580,SPHK1,SPHK1,
Gene,12581,SPHK2,SPHK2,
Gene,12582,SPIB,SPIB,
Gene,12583,SPIDR,SPIDR,
Gene,12584,SPIN1,SPIN1,
Gene,12585,SPIN3,SPIN3,
Gene,12586,SPIN4,SPIN4,
Gene,12587,SPINDOC,SPINDOC,
Gene,12588,SPINK1,SPINK1,
Gene,12589,SPINK14,SPINK14,
Gene,12590,SPINK2,SPINK2,
Gene,12591,SPINK4,SPINK4,
Gene,12592,SPINK5,SPINK5,
Gene,12593,SPINT1,SPINT1,
Gene,12594,SPINT2,SPINT2,
Gene,12595,SPIRE2,SPIRE2,
Gene,12596,SPMIP10,SPMIP10,
Gene,12597,SPMIP7,SPMIP7,
Gene,12598,SPMIP8,SPMIP8,
Gene,12599,SPN,SPN,
Gene,12600,SPNS1,SPNS1,83985
Gene,12601,SPNS2,SPNS2,
Gene,12602,SPNS3,SPNS3,
Gene,12603,SPO11,SPO11,
Gene,12604,SPOCD1,SPOCD1,
Gene,12605,SPOCK1,SPOCK1,
Gene,12606,SPOCK2,SPOCK2,
Gene,12607,SPOCK3,SPOCK3,
Gene,12608,SPON1,SPON1,
Gene,12609,SPON2,SPON2,
Gene,12610,SPOP,SPOP,
Gene,12611,SPOUT1,SPOUT1,
Gene,12612,SPP1,SPP1,
Gene,12613,SPP2,SPP2,
Gene,12614,SPPL2B,SPPL2B,
Gene,12615,SPPL2C,SPPL2C,
Gene,12616,SPR,SPR,
Gene,12617,SPRED2,SPRED2,
Gene,12618,SPRED3,SPRED3,
Gene,12619,SPRN,SPRN,
Gene,12620,SPRR1A,SPRR1A,
Gene,12621,SPRR1B,SPRR1B,
Gene,12622,SPRR2A,SPRR2A,
Gene,12623,SPRR2B,SPRR2B,
Gene,12624,SPRR2C,SPRR2C,
Gene,12625,SPRR2E,SPRR2E,
Gene,12626,SPRR2F,SPRR2F,
Gene,12627,SPRR2G,SPRR2G,
Gene,12628,SPRTN,SPRTN,
Gene,12629,SPRY1,SPRY1,
Gene,12630,SPRY2,SPRY2,
Gene,12631,SPRY4,SPRY4,
Gene,12632,SPRYD3,SPRYD3,
Gene,12633,SPSB1,SPSB1,
Gene,12634,SPSB2,SPSB2,
Gene,12635,SPSB3,SPSB3,
Gene,12636,SPSB4,SPSB4,
Gene,12637,SPTA1,SPTA1,
Gene,12638,SPTAN1,SPTAN1,
Gene,12639,SPTB,SPTB,
Gene,12640,SPTBN1,SPTBN1,
Gene,12641,SPTBN2,SPTBN2,
Gene,12642,SPTBN5,SPTBN5,
Gene,12643,SPTLC1,SPTLC1,
Gene,12644,SPTLC2,SPTLC2,
Gene,12645,SPTLC3,SPTLC3,
Gene,12646,SPTSSB,SPTSSB,
Gene,12647,SPX,SPX,
Gene,12648,SQLE,SQLE,
Gene,12649,SQOR,SQOR,
Gene,12650,SQSTM1,SQSTM1,
Gene,12651,SRA1,SRA1,
Gene,12652,SRARP,SRARP,
Gene,12653,SRBD1,SRBD1,
Gene,12654,SRC,SRC,
Gene,12655,SRCAP,SRCAP,
Gene,12656,SRCIN1,SRCIN1,
Gene,12657,SRD5A1,SRD5A1,
Gene,12658,SRD5A2,SRD5A2,
Gene,12659,SRD5A3,SRD5A3,
Gene,12660,SREBF1,SREBF1,
Gene,12661,SREBF2,SREBF2,
Gene,12662,SREK1,SREK1,
Gene,12663,SRF,SRF,
Gene,12664,SRGAP1,SRGAP1,
Gene,12665,SRGAP2,SRGAP2,
Gene,12666,SRGAP2C,SRGAP2C,
Gene,12667,SRGAP3,SRGAP3,
Gene,12668,SRI,SRI,
Gene,12669,SRL,SRL,
Gene,12670,SRM,SRM,
Gene,12671,SRP19,SRP19,
Gene,12672,SRP72,SRP72,
Gene,12673,SRPK1,SRPK1,
Gene,12674,SRPK2,SRPK2,
Gene,12675,SRPK3,SRPK3,
Gene,12676,SRPRA,SRPRA,
Gene,12677,SRPRB,SRPRB,
Gene,12678,SRPX,SRPX,
Gene,12679,SRPX2,SRPX2,
Gene,12680,SRR,SRR,
Gene,12681,SRRM1,SRRM1,
Gene,12682,SRRM2,SRRM2,
Gene,12683,SRRM2-AS1,SRRM2-AS1,
Gene,12684,SRRM4,SRRM4,
Gene,12685,SRRT,SRRT,
Gene,12686,SRSF1,SRSF1,
Gene,12687,SRSF10,SRSF10,
Gene,12688,SRSF11,SRSF11,
Gene,12689,SRSF12,SRSF12,
Gene,12690,SRSF2,SRSF2,
Gene,12691,SRSF3,SRSF3,
Gene,12692,SRSF4,SRSF4,
Gene,12693,SRSF5,SRSF5,
Gene,12694,SRSF6,SRSF6,
Gene,12695,SRSF7,SRSF7,
Gene,12696,SRSF8,SRSF8,
Gene,12697,SRSF9,SRSF9,
Gene,12698,SRXN1,SRXN1,
Gene,12699,SS18,SS18,
Gene,12700,SSB,SSB,
Gene,12701,SSBP1,SSBP1,
Gene,12702,SSBP2,SSBP2,
Gene,12703,SSBP3,SSBP3,
Gene,12704,SSBP4,SSBP4,
Gene,12705,SSC4D,SSC4D,
Gene,12706,SSC5D,SSC5D,
Gene,12707,SSH2,SSH2,
Gene,12708,SSNA1,SSNA1,
Gene,12709,SSPN,SSPN,
Gene,12710,SSR1,SSR1,
Gene,12711,SSR2,SSR2,
Gene,12712,SSR3,SSR3,
Gene,12713,SSR4,SSR4,
Gene,12714,SSRP1,SSRP1,
Gene,12715,SST,SST,
Gene,12716,SSTR1,SSTR1,
Gene,12717,SSTR2,SSTR2,
Gene,12718,SSTR3,SSTR3,
Gene,12719,SSTR5,SSTR5,
Gene,12720,SSU72,SSU72,
Gene,12721,SSUH2,SSUH2,
Gene,12722,SSX2IP,SSX2IP,
Gene,12723,ST13,ST13,
Gene,12724,ST14,ST14,
Gene,12725,ST18,ST18,
Gene,12726,ST3GAL1,ST3GAL1,
Gene,12727,ST3GAL2,ST3GAL2,
Gene,12728,ST3GAL3,ST3GAL3,
Gene,12729,ST3GAL4,ST3GAL4,
Gene,12730,ST3GAL5,ST3GAL5,
Gene,12731,ST3GAL6,ST3GAL6,
Gene,12732,ST6GAL1,ST6GAL1,
Gene,12733,ST6GALNAC1,ST6GALNAC1,
Gene,12734,ST6GALNAC3,ST6GALNAC3,
Gene,12735,ST6GALNAC4,ST6GALNAC4,
Gene,12736,ST6GALNAC5,ST6GALNAC5,
Gene,12737,ST6GALNAC6,ST6GALNAC6,
Gene,12738,ST7,ST7,
Gene,12739,ST7L,ST7L,
Gene,12740,ST8SIA1,ST8SIA1,
Gene,12741,ST8SIA2,ST8SIA2,
Gene,12742,ST8SIA3,ST8SIA3,
Gene,12743,ST8SIA4,ST8SIA4,
Gene,12744,ST8SIA5,ST8SIA5,
Gene,12745,ST8SIA6,ST8SIA6,
Gene,12746,STAB1,STAB1,
Gene,12747,STAC,STAC,
Gene,12748,STAC2,STAC2,
Gene,12749,STAC3,STAC3,
Gene,12750,STAG1,STAG1,
Gene,12751,STAG2,STAG2,
Gene,12752,STAG3L4,STAG3L4,
Gene,12753,STAMBP,STAMBP,
Gene,12754,STAP2,STAP2,
Gene,12755,STAR,STAR,
Gene,12756,STARD10,STARD10,
Gene,12757,STARD13,STARD13,
Gene,12758,STARD3,STARD3,
Gene,12759,STARD3NL,STARD3NL,
Gene,12760,STARD4,STARD4,
Gene,12761,STARD5,STARD5,
Gene,12762,STARD7,STARD7,
Gene,12763,STARD9,STARD9,
Gene,12764,STAT1,STAT1,
Gene,12765,STAT2,STAT2,
Gene,12766,STAT3,STAT3,
Gene,12767,STAT4,STAT4,
Gene,12768,STAT5A,STAT5A,
Gene,12769,STAT5B,STAT5B,
Gene,12770,STAT6,STAT6,
Gene,12771,STAU1,STAU1,
Gene,12772,STAU2,STAU2,
Gene,12773,STBD1,STBD1,
Gene,12774,STC1,STC1,
Gene,12775,STC2,STC2,
Gene,12776,STEAP1,STEAP1,
Gene,12777,STEAP2,STEAP2,
Gene,12778,STEAP3,STEAP3,
Gene,12779,STEAP4,STEAP4,
Gene,12780,STEEP1,STEEP1,
Gene,12781,STIL,STIL,
Gene,12782,STIM1,STIM1,
Gene,12783,STIM2,STIM2,
Gene,12784,STING1,STING1,
Gene,12785,STIP1,STIP1,
Gene,12786,STK10,STK10,
Gene,12787,STK11,STK11,
Gene,12788,STK11IP,STK11IP,
Gene,12789,STK16,STK16,
Gene,12790,STK17A,STK17A,
Gene,12791,STK17B,STK17B,
Gene,12792,STK24,STK24,
Gene,12793,STK25,STK25,
Gene,12794,STK26,STK26,
Gene,12795,STK3,STK3,
Gene,12796,STK31,STK31,
Gene,12797,STK32A,STK32A,
Gene,12798,STK32C,STK32C,
Gene,12799,STK33,STK33,
Gene,12800,STK38,STK38,
Gene,12801,STK38L,STK38L,
Gene,12802,STK39,STK39,
Gene,12803,STK4,STK4,
Gene,12804,STK40,STK40,
Gene,12805,STMN1,STMN1,
Gene,12806,STMN2,STMN2,
Gene,12807,STMN3,STMN3,
Gene,12808,STMN4,STMN4,
Gene,12809,STMND1,STMND1,
Gene,12810,STN1,STN1,
Gene,12811,STOM,STOM,
Gene,12812,STOML1,STOML1,
Gene,12813,STOML2,STOML2,
Gene,12814,STON1,STON1,
Gene,12815,STOX2,STOX2,
Gene,12816,STPG2,STPG2,
Gene,12817,STPG4,STPG4,
Gene,12818,STRA6,STRA6,
Gene,12819,STRA8,STRA8,
Gene,12820,STRADA,STRADA,
Gene,12821,STRAP,STRAP,
Gene,12822,STRBP,STRBP,
Gene,12823,STRIP2,STRIP2,
Gene,12824,STRN,STRN,
Gene,12825,STRN3,STRN3,
Gene,12826,STRN4,STRN4,
Gene,12827,STS,STS,
Gene,12828,STT3A,STT3A,
Gene,12829,STUB1,STUB1,
Gene,12830,STUM,STUM,
Gene,12831,STX11,STX11,
Gene,12832,STX16,STX16,
Gene,12833,STX17,STX17,
Gene,12834,STX18,STX18,
Gene,12835,STX18-AS1,STX18-AS1,
Gene,12836,STX19,STX19,
Gene,12837,STX1A,STX1A,
Gene,12838,STX1B,STX1B,
Gene,12839,STX2,STX2,
Gene,12840,STX3,STX3,
Gene,12841,STX4,STX4,
Gene,12842,STX5,STX5,
Gene,12843,STX6,STX6,
Gene,12844,STX8,STX8,
Gene,12845,STXBP1,STXBP1,
Gene,12846,STXBP2,STXBP2,
Gene,12847,STXBP3,STXBP3,
Gene,12848,STXBP4,STXBP4,
Gene,12849,STXBP5,STXBP5,
Gene,12850,STXBP5-AS1,STXBP5-AS1,
Gene,12851,STXBP5L,STXBP5L,
Gene,12852,STXBP6,STXBP6,
Gene,12853,STYX,STYX,
Gene,12854,STYXL1,STYXL1,
Gene,12855,STYXL2,STYXL2,
Gene,12856,SUB1,SUB1,
Gene,12857,SUCLA2,SUCLA2,
Gene,12858,SUCLG1,SUCLG1,
Gene,12859,SUCLG2,SUCLG2,
Gene,12860,SUCNR1,SUCNR1,
Gene,12861,SUFU,SUFU,
Gene,12862,SUGCT,SUGCT,
Gene,12863,SUGP1,SUGP1,
Gene,12864,SUGP2,SUGP2,
Gene,12865,SUGT1,SUGT1,
Gene,12866,SULF2,SULF2,
Gene,12867,SULT1A1,SULT1A1,
Gene,12868,SULT1A2,SULT1A2,
Gene,12869,SULT1A3,SULT1A3,
Gene,12870,SULT1A4,SULT1A4,
Gene,12871,SULT1B1,SULT1B1,
Gene,12872,SULT1C2,SULT1C2,
Gene,12873,SULT1C3,SULT1C3,
Gene,12874,SULT1E1,SULT1E1,
Gene,12875,SULT2A1,SULT2A1,
Gene,12876,SULT2B1,SULT2B1,
Gene,12877,SULT4A1,SULT4A1,
Gene,12878,SUMF1,SUMF1,
Gene,12879,SUMF2,SUMF2,
Gene,12880,SUMO1,SUMO1,
Gene,12881,SUMO2,SUMO2,
Gene,12882,SUMO3,SUMO3,
Gene,12883,SUMO4,SUMO4,
Gene,12884,SUN1,SUN1,
Gene,12885,SUN2,SUN2,
Gene,12886,SUN3,SUN3,
Gene,12887,SUOX,SUOX,
Gene,12888,SUPT16H,SUPT16H,
Gene,12889,SUPT20H,SUPT20H,
Gene,12890,SUPT3H,SUPT3H,
Gene,12891,SUPT4H1,SUPT4H1,
Gene,12892,SUPT5H,SUPT5H,
Gene,12893,SUPT6H,SUPT6H,
Gene,12894,SUPV3L1,SUPV3L1,
Gene,12895,SURF1,SURF1,
Gene,12896,SURF2,SURF2,
Gene,12897,SURF4,SURF4,
Gene,12898,SURF6,SURF6,
Gene,12899,SUSD1,SUSD1,
Gene,12900,SUSD3,SUSD3,
Gene,12901,SUSD4,SUSD4,
Gene,12902,SUV39H1,SUV39H1,
Gene,12903,SUV39H2,SUV39H2,
Gene,12904,SUZ12,SUZ12,
Gene,12905,SV2A,SV2A,
Gene,12906,SV2B,SV2B,
Gene,12907,SV2C,SV2C,
Gene,12908,SVEP1,SVEP1,
Gene,12909,SVIL,SVIL,
Gene,12910,SVIP,SVIP,
Gene,12911,SVOP,SVOP,
Gene,12912,SVOPL,SVOPL,
Gene,12913,SWAP70,SWAP70,
Gene,12914,SWT1,SWT1,
Gene,12915,SYAP1,SYAP1,
Gene,12916,SYBU,SYBU,
Gene,12917,SYCE1,SYCE1,
Gene,12918,SYCE2,SYCE2,
Gene,12919,SYCN,SYCN,
Gene,12920,SYCP1,SYCP1,
Gene,12921,SYCP3,SYCP3,
Gene,12922,SYDE1,SYDE1,
Gene,12923,SYK,SYK,
Gene,12924,SYN1,SYN1,
Gene,12925,SYN2,SYN2,
Gene,12926,SYNC,SYNC,
Gene,12927,SYNCRIP,SYNCRIP,
Gene,12928,SYNDIG1,SYNDIG1,
Gene,12929,SYNDIG1L,SYNDIG1L,
Gene,12930,SYNE1,SYNE1,
Gene,12931,SYNE2,SYNE2,
Gene,12932,SYNE3,SYNE3,
Gene,12933,SYNE4,SYNE4,
Gene,12934,SYNGAP1,SYNGAP1,
Gene,12935,SYNGR1,SYNGR1,
Gene,12936,SYNGR2,SYNGR2,
Gene,12937,SYNGR3,SYNGR3,
Gene,12938,SYNJ1,SYNJ1,
Gene,12939,SYNJ2,SYNJ2,
Gene,12940,SYNM,SYNM,
Gene,12941,SYNPO,SYNPO,
Gene,12942,SYNPO2,SYNPO2,
Gene,12943,SYNPO2L,SYNPO2L,
Gene,12944,SYNPR,SYNPR,
Gene,12945,SYNRG,SYNRG,
Gene,12946,SYP,SYP,
Gene,12947,SYPL1,SYPL1,
Gene,12948,SYPL2,SYPL2,
Gene,12949,SYS1,SYS1,
Gene,12950,SYT10,SYT10,
Gene,12951,SYT11,SYT11,
Gene,12952,SYT12,SYT12,
Gene,12953,SYT13,SYT13,
Gene,12954,SYT15,SYT15,
Gene,12955,SYT17,SYT17,
Gene,12956,SYT2,SYT2,
Gene,12957,SYT4,SYT4,
Gene,12958,SYT5,SYT5,
Gene,12959,SYT6,SYT6,
Gene,12960,SYT7,SYT7,
Gene,12961,SYT9,SYT9,
Gene,12962,SYTL1,SYTL1,
Gene,12963,SYTL2,SYTL2,
Gene,12964,SYTL4,SYTL4,
Gene,12965,SYTL5,SYTL5,
Gene,12966,SYVN1,SYVN1,
Gene,12967,SZRD1,SZRD1,
Gene,12968,Saa3,Saa3,
Gene,12969,Sbp,Sbp,
Gene,12970,Sbp2,Sbp2,
Gene,12971,Scd1,Scd1,
Gene,12972,Scd2,Scd2,
Gene,12973,Scd3,Scd3,
Gene,12974,Scd4,Scd4,
Gene,12975,Scgb2b25-ps,Scgb2b25-ps,
Gene,12976,Scgb2b26,Scgb2b26,
Gene,12977,Scgb2b27,Scgb2b27,
Gene,12978,Sec1,Sec1,
Gene,12979,Sec6,Sec6,
Gene,12980,Sectm1a,Sectm1a,
Gene,12981,Sectm1b,Sectm1b,
Gene,12982,Selenbp2,Selenbp2,
Gene,12983,Serpina1a,Serpina1a,
Gene,12984,Serpina1b,Serpina1b,
Gene,12985,Serpina1d,Serpina1d,
Gene,12986,Serpina1e,Serpina1e,
Gene,12987,Serpina1f,Serpina1f,
Gene,12988,Serpina3a,Serpina3a,
Gene,12989,Serpina3f,Serpina3f,
Gene,12990,Serpina3g,Serpina3g,
Gene,12991,Serpina3i,Serpina3i,
Gene,12992,Serpina3l-ps,Serpina3l-ps,
Gene,12993,Serpina3m,Serpina3m,
Gene,12994,Serpina3n,Serpina3n,
Gene,12995,Serpinb1a,Serpinb1a,
Gene,12996,Serpinb1c,Serpinb1c,
Gene,12997,Serpinb6a,Serpinb6a,
Gene,12998,Sert1,Sert1,
Gene,12999,Sgo2a,Sgo2a,
Gene,13000,Shaw,Shaw,
Gene,13001,Siglecf,Siglecf,
Gene,13002,Sirpb3,Sirpb3,
Gene,13003,Slc18a2,Slc18a2,
Gene,13004,Slc22a19,Slc22a19,
Gene,13005,Slc22a20,Slc22a20,
Gene,13006,Slc22a26,Slc22a26,
Gene,13007,Slc22a27,Slc22a27,
Gene,13008,Slc23a4,Slc23a4,
Gene,13009,Slc26a10,Slc26a10,
Gene,13010,Slc35e2,Slc35e2,
Gene,13011,Slc5a4a,Slc5a4a,
Gene,13012,Slc5a4b,Slc5a4b,
Gene,13013,Slc6a21,Slc6a21,
Gene,13014,Slc7a12,Slc7a12,
Gene,13015,Slc7a15,Slc7a15,
Gene,13016,Slco1a1,Slco1a1,
Gene,13017,Slco1a3,Slco1a3,
Gene,13018,Slco1a4,Slco1a4,
Gene,13019,Slco1b2,Slco1b2,
Gene,13020,Slco6c1,Slco6c1,
Gene,13021,Slco6d1,Slco6d1,
Gene,13022,Slfn3,Slfn3,
Gene,13023,Slfn4,Slfn4,
Gene,13024,Slfn9,Slfn9,
Gene,13025,Smgc,Smgc,
Gene,13026,Smp_043030,Smp_043030,
Gene,13027,Smptb,Smptb,
Gene,13028,Smr2,Smr2,
Gene,13029,Snhg7os,Snhg7os,
Gene,13030,Snora3,Snora3,
Gene,13031,Sox2ot,Sox2ot,
Gene,13032,Speer4d,Speer4d,
Gene,13033,Speer4f1,Speer4f1,
Gene,13034,Spi15,Spi15,
Gene,13035,Spin2c,Spin2c,
Gene,13036,Sprr2a3,Sprr2a3,
Gene,13037,Sprr2h,Sprr2h,
Gene,13038,Sprr2i,Sprr2i,
Gene,13039,Ssu2,Ssu2,
Gene,13040,Stfa1,Stfa1,
Gene,13041,Stfa2,Stfa2,
Gene,13042,Stfa2l1,Stfa2l1,
Gene,13043,Stfa3,Stfa3,
Gene,13044,Stra6l,Stra6l,
Gene,13045,Stx5a,Stx5a,
Gene,13046,Sult1c1,Sult1c1,
Gene,13047,Sult1c2a,Sult1c2a,
Gene,13048,Sult1d1,Sult1d1,
Gene,13049,Sult2a2,Sult2a2,
Gene,13050,Sult2a3,Sult2a3,
Gene,13051,Sult2a6,Sult2a6,
Gene,13052,Sult2a7,Sult2a7,
Gene,13053,Sult3a1,Sult3a1,
Gene,13054,Sult5a1,Sult5a1,
Gene,13055,Supt16,Supt16,
Gene,13056,Supt20,Supt20,
Gene,13057,Supt5,Supt5,
Gene,13058,Sval2,Sval2,
Gene,13059,Svs5,Svs5,
Gene,13060,Svs6,Svs6,
Gene,13061,Syn,Syn,
Gene,13062,T02G5.15,T02G5.15,
Gene,13063,T16H12.2,T16H12.2,
Gene,13064,T2,T2,
Gene,13065,T21C12.4,T21C12.4,
Gene,13066,TAAR1,TAAR1,
Gene,13067,TAAR5,TAAR5,
Gene,13068,TAAR9,TAAR9,
Gene,13069,TAB3,TAB3,
Gene,13070,TAC1,TAC1,
Gene,13071,TAC4,TAC4,
Gene,13072,TACC1,TACC1,
Gene,13073,TACC2,TACC2,
Gene,13074,TACC3,TACC3,
Gene,13075,TACO1,TACO1,
Gene,13076,TACR1,TACR1,
Gene,13077,TACR2,TACR2,
Gene,13078,TACR3,TACR3,
Gene,13079,TACSTD2,TACSTD2,
Gene,13080,TADA1,TADA1,
Gene,13081,TADA2A,TADA2A,
Gene,13082,TADA3,TADA3,
Gene,13083,TAF1,TAF1,
Gene,13084,TAF11L4,TAF11L4,
Gene,13085,TAF12,TAF12,
Gene,13086,TAF13,TAF13,
Gene,13087,TAF15,TAF15,
Gene,13088,TAF1A,TAF1A,
Gene,13089,TAF1B,TAF1B,
Gene,13090,TAF1C,TAF1C,
Gene,13091,TAF1D,TAF1D,
Gene,13092,TAF2,TAF2,
Gene,13093,TAF3,TAF3,
Gene,13094,TAF5,TAF5,
Gene,13095,TAF5L,TAF5L,
Gene,13096,TAF6,TAF6,
Gene,13097,TAF6L,TAF6L,
Gene,13098,TAF7,TAF7,
Gene,13099,TAF9,TAF9,
Gene,13100,TAF9B,TAF9B,
Gene,13101,TAFA2,TAFA2,
Gene,13102,TAFA4,TAFA4,
Gene,13103,TAFA5,TAFA5,
Gene,13104,TAFAZZIN,TAFAZZIN,
Gene,13105,TAGLN,TAGLN,
Gene,13106,TAGLN2,TAGLN2,
Gene,13107,TAL2,TAL2,
Gene,13108,TALDO1,TALDO1,
Gene,13109,TAMALIN,TAMALIN,
Gene,13110,TANC1,TANC1,
Gene,13111,TANC2,TANC2,
Gene,13112,TANGO2,TANGO2,
Gene,13113,TANK,TANK,
Gene,13114,TAOK1,TAOK1,
Gene,13115,TAOK2,TAOK2,
Gene,13116,TAOK3,TAOK3,
Gene,13117,TAP1,TAP1,
Gene,13118,TAP2,TAP2,
Gene,13119,TAPBP,TAPBP,
Gene,13120,TAPBPL,TAPBPL,
Gene,13121,TARBP1,TARBP1,
Gene,13122,TARBP2,TARBP2,
Gene,13123,TARDBP,TARDBP,
Gene,13124,TARP,TARP,
Gene,13125,TARS1,TARS1,
Gene,13126,TAS1R1,TAS1R1,
Gene,13127,TAS1R2,TAS1R2,
Gene,13128,TAS1R3,TAS1R3,83756
Gene,13129,TAS2R10,TAS2R10,
Gene,13130,TAS2R14,TAS2R14,
Gene,13131,TAS2R20,TAS2R20,
Gene,13132,TAS2R39,TAS2R39,
Gene,13133,TAS2R50,TAS2R50,
Gene,13134,TASOR,TASOR,
Gene,13135,TASOR2,TASOR2,
Gene,13136,TASP1,TASP1,
Gene,13137,TAT,TAT,
Gene,13138,TATDN1,TATDN1,
Gene,13139,TATDN3,TATDN3,
Gene,13140,TAX1BP1,TAX1BP1,
Gene,13141,TAX1BP3,TAX1BP3,
Gene,13142,TBC1D1,TBC1D1,
Gene,13143,TBC1D10B,TBC1D10B,
Gene,13144,TBC1D14,TBC1D14,
Gene,13145,TBC1D15,TBC1D15,
Gene,13146,TBC1D16,TBC1D16,
Gene,13147,TBC1D17,TBC1D17,
Gene,13148,TBC1D22A,TBC1D22A,
Gene,13149,TBC1D22B,TBC1D22B,
Gene,13150,TBC1D23,TBC1D23,
Gene,13151,TBC1D2B,TBC1D2B,
Gene,13152,TBC1D3,TBC1D3,
Gene,13153,TBC1D32,TBC1D32,
Gene,13154,TBC1D4,TBC1D4,
Gene,13155,TBC1D5,TBC1D5,
Gene,13156,TBC1D7,TBC1D7,
Gene,13157,TBC1D8,TBC1D8,
Gene,13158,TBC1D8B,TBC1D8B,
Gene,13159,TBC1D9,TBC1D9,23158
Gene,13160,TBC1D9B,TBC1D9B,
Gene,13161,TBCB,TBCB,
Gene,13162,TBCC,TBCC,
Gene,13163,TBCCD1,TBCCD1,
Gene,13164,TBCD,TBCD,
Gene,13165,TBCK,TBCK,
Gene,13166,TBK1,TBK1,
Gene,13167,TBL1X,TBL1X,
Gene,13168,TBL3,TBL3,
Gene,13169,TBP,TBP,
Gene,13170,TBR1,TBR1,
Gene,13171,TBRG4,TBRG4,
Gene,13172,TBX15,TBX15,
Gene,13173,TBX18,TBX18,
Gene,13174,TBX19,TBX19,
Gene,13175,TBX2,TBX2,
Gene,13176,TBX21,TBX21,
Gene,13177,TBX3,TBX3,
Gene,13178,TBX4,TBX4,
Gene,13179,TBX5,TBX5,
Gene,13180,TBXA2R,TBXA2R,
Gene,13181,TBXAS1,TBXAS1,
Gene,13182,TC2N,TC2N,
Gene,13183,TCAF1,TCAF1,
Gene,13184,TCAF2,TCAF2,
Gene,13185,TCAIM,TCAIM,
Gene,13186,TCAP,TCAP,
Gene,13187,TCEA1,TCEA1,
Gene,13188,TCEA2,TCEA2,
Gene,13189,TCEA3,TCEA3,
Gene,13190,TCEAL1,TCEAL1,
Gene,13191,TCEAL4,TCEAL4,
Gene,13192,TCEAL8,TCEAL8,
Gene,13193,TCEANC,TCEANC,
Gene,13194,TCERG1,TCERG1,
Gene,13195,TCF12,TCF12,
Gene,13196,TCF15,TCF15,
Gene,13197,TCF19,TCF19,
Gene,13198,TCF20,TCF20,
Gene,13199,TCF21,TCF21,
Gene,13200,TCF23,TCF23,
Gene,13201,TCF25,TCF25,
Gene,13202,TCF3,TCF3,
Gene,13203,TCF4,TCF4,
Gene,13204,TCF7,TCF7,
Gene,13205,TCF7L1,TCF7L1,
Gene,13206,TCF7L2,TCF7L2,
Gene,13207,TCFL5,TCFL5,
Gene,13208,TCHH,TCHH,
Gene,13209,TCHP,TCHP,
Gene,13210,TCIM,TCIM,
Gene,13211,TCL1A,TCL1A,
Gene,13212,TCOF1,TCOF1,
Gene,13213,TCP1,TCP1,
Gene,13214,TCP11,TCP11,
Gene,13215,TCP11L1,TCP11L1,
Gene,13216,TCP11L2,TCP11L2,
Gene,13217,TCTA,TCTA,
Gene,13218,TCTE1,TCTE1,
Gene,13219,TCTN1,TCTN1,
Gene,13220,TCTN3,TCTN3,
Gene,13221,TDG,TDG,
Gene,13222,TDH,TDH,
Gene,13223,TDO2,TDO2,
Gene,13224,TDP1,TDP1,
Gene,13225,TDP2,TDP2,
Gene,13226,TDRD12,TDRD12,
Gene,13227,TDRD3,TDRD3,
Gene,13228,TDRD7,TDRD7,
Gene,13229,TDRD9,TDRD9,
Gene,13230,TDRKH,TDRKH,
Gene,13231,TEAD1,TEAD1,
Gene,13232,TEAD2,TEAD2,
Gene,13233,TEAD3,TEAD3,
Gene,13234,TEAD4,TEAD4,
Gene,13235,TEC,TEC,
Gene,13236,TECR,TECR,
Gene,13237,TECTA,TECTA,
Gene,13238,TECTB,TECTB,
Gene,13239,TEDC1,TEDC1,
Gene,13240,TEDC2,TEDC2,
Gene,13241,TEF,TEF,
Gene,13242,TEFM,TEFM,
Gene,13243,TEK,TEK,
Gene,13244,TEKT1,TEKT1,
Gene,13245,TEKT2,TEKT2,
Gene,13246,TELO2,TELO2,
Gene,13247,TEN1,TEN1,
Gene,13248,TENM1,TENM1,
Gene,13249,TENM2,TENM2,
Gene,13250,TENM3,TENM3,
Gene,13251,TENM4,TENM4,
Gene,13252,TENT4A,TENT4A,
Gene,13253,TENT5A,TENT5A,
Gene,13254,TENT5B,TENT5B,
Gene,13255,TENT5C,TENT5C,
Gene,13256,TEP1,TEP1,
Gene,13257,TEPSIN,TEPSIN,
Gene,13258,TERC,TERC,
Gene,13259,TERF1,TERF1,
Gene,13260,TERF2,TERF2,
Gene,13261,TERF2IP,TERF2IP,
Gene,13262,TERT,TERT,
Gene,13263,TES,TES,
Gene,13264,TESC,TESC,
Gene,13265,TESK2,TESK2,
Gene,13266,TESPA1,TESPA1,
Gene,13267,TET1,TET1,
Gene,13268,TET2,TET2,
Gene,13269,TET3,TET3,
Gene,13270,TEX10,TEX10,
Gene,13271,TEX13A,TEX13A,
Gene,13272,TEX15,TEX15,
Gene,13273,TEX19,TEX19,
Gene,13274,TEX2,TEX2,
Gene,13275,TEX264,TEX264,
Gene,13276,TEX28,TEX28,
Gene,13277,TEX41,TEX41,
Gene,13278,TEX51,TEX51,
Gene,13279,TEX9,TEX9,
Gene,13280,TF,TF,
Gene,13281,TFAM,TFAM,
Gene,13282,TFAP2A,TFAP2A,
Gene,13283,TFAP2B,TFAP2B,
Gene,13284,TFAP2C,TFAP2C,
Gene,13285,TFAP2E,TFAP2E,
Gene,13286,TFAP4,TFAP4,
Gene,13287,TFB1M,TFB1M,
Gene,13288,TFB2M,TFB2M,
Gene,13289,TFCP2,TFCP2,
Gene,13290,TFDP1,TFDP1,
Gene,13291,TFDP2,TFDP2,
Gene,13292,TFE3,TFE3,
Gene,13293,TFEB,TFEB,
Gene,13294,TFF1,TFF1,
Gene,13295,TFF2,TFF2,
Gene,13296,TFF3,TFF3,7033
Gene,13297,TFIP11,TFIP11,
Gene,13298,TFPI,TFPI,
Gene,13299,TFPI2,TFPI2,
Gene,13300,TFPT,TFPT,
Gene,13301,TFR2,TFR2,
Gene,13302,TFRC,TFRC,
Gene,13303,TG,TG,
Gene,13304,TGFA,TGFA,
Gene,13305,TGFB1,TGFB1,
Gene,13306,TGFB1I1,TGFB1I1,
Gene,13307,TGFB2,TGFB2,
Gene,13308,TGFB3,TGFB3,
Gene,13309,TGFBI,TGFBI,
Gene,13310,TGFBR1,TGFBR1,
Gene,13311,TGFBR2,TGFBR2,
Gene,13312,TGFBR3,TGFBR3,
Gene,13313,TGFBRAP1,TGFBRAP1,
Gene,13314,TGIF1,TGIF1,
Gene,13315,TGIF2,TGIF2,
Gene,13316,TGM1,TGM1,
Gene,13317,TGM2,TGM2,
Gene,13318,TGM3,TGM3,
Gene,13319,TGM4,TGM4,
Gene,13320,TGM5,TGM5,
Gene,13321,TGOLN2,TGOLN2,
Gene,13322,TGS1,TGS1,
Gene,13323,TH,TH,
Gene,13324,THADA,THADA,
Gene,13325,THAP10,THAP10,
Gene,13326,THAP11,THAP11,
Gene,13327,THAP2,THAP2,
Gene,13328,THAP3,THAP3,
Gene,13329,THAP4,THAP4,
Gene,13330,THAP7,THAP7,
Gene,13331,THAP8,THAP8,
Gene,13332,THBD,THBD,
Gene,13333,THBS1,THBS1,
Gene,13334,THBS2,THBS2,
Gene,13335,THBS4,THBS4,
Gene,13336,THEM6,THEM6,
Gene,13337,THEMIS,THEMIS,
Gene,13338,THEMIS2,THEMIS2,
Gene,13339,THG1L,THG1L,
Gene,13340,THNSL1,THNSL1,
Gene,13341,THNSL2,THNSL2,
Gene,13342,THOC1,THOC1,
Gene,13343,THOC2,THOC2,
Gene,13344,THOC3,THOC3,
Gene,13345,THOC5,THOC5,
Gene,13346,THOC7,THOC7,
Gene,13347,THOP1,THOP1,
Gene,13348,THPO,THPO,
Gene,13349,THRA,THRA,
Gene,13350,THRAP3,THRAP3,
Gene,13351,THRB,THRB,
Gene,13352,THRSP,THRSP,
Gene,13353,THSD1,THSD1,
Gene,13354,THSD4,THSD4,
Gene,13355,THSD7A,THSD7A,
Gene,13356,THSD7B,THSD7B,
Gene,13357,THTPA,THTPA,
Gene,13358,THUMPD1,THUMPD1,
Gene,13359,THUMPD3,THUMPD3,
Gene,13360,THY1,THY1,
Gene,13361,THYN1,THYN1,
Gene,13362,TIA1,TIA1,
Gene,13363,TIAL1,TIAL1,
Gene,13364,TIAM1,TIAM1,
Gene,13365,TIAM2,TIAM2,
Gene,13366,TICAM1,TICAM1,
Gene,13367,TICAM2,TICAM2,
Gene,13368,TICRR,TICRR,
Gene,13369,TIE1,TIE1,
Gene,13370,TIFA,TIFA,
Gene,13371,TIGAR,TIGAR,
Gene,13372,TIGD1,TIGD1,
Gene,13373,TIGD2,TIGD2,
Gene,13374,TIGD3,TIGD3,
Gene,13375,TIMD4,TIMD4,
Gene,13376,TIMELESS,TIMELESS,
Gene,13377,TIMM10,TIMM10,
Gene,13378,TIMM10B,TIMM10B,
Gene,13379,TIMM13,TIMM13,
Gene,13380,TIMM17A,TIMM17A,
Gene,13381,TIMM17B,TIMM17B,
Gene,13382,TIMM22,TIMM22,
Gene,13383,TIMM44,TIMM44,
Gene,13384,TIMM50,TIMM50,
Gene,13385,TIMM8A,TIMM8A,
Gene,13386,TIMM9,TIMM9,
Gene,13387,TIMMDC1,TIMMDC1,
Gene,13388,TIMP1,TIMP1,
Gene,13389,TIMP2,TIMP2,
Gene,13390,TIMP3,TIMP3,
Gene,13391,TIMP4,TIMP4,
Gene,13392,TINAGL1,TINAGL1,
Gene,13393,TINF2,TINF2,
Gene,13394,TIPARP,TIPARP,
Gene,13395,TIPIN,TIPIN,
Gene,13396,TIRAP,TIRAP,
Gene,13397,TJP1,TJP1,
Gene,13398,TJP2,TJP2,
Gene,13399,TJP3,TJP3,
Gene,13400,TK1,TK1,
Gene,13401,TK2,TK2,
Gene,13402,TKFC,TKFC,
Gene,13403,TKT,TKT,
Gene,13404,TLCD1,TLCD1,
Gene,13405,TLCD2,TLCD2,
Gene,13406,TLCD3A,TLCD3A,
Gene,13407,TLE1,TLE1,
Gene,13408,TLE2,TLE2,
Gene,13409,TLE3,TLE3,
Gene,13410,TLE4,TLE4,
Gene,13411,TLE5,TLE5,
Gene,13412,TLK1,TLK1,
Gene,13413,TLK2,TLK2,
Gene,13414,TLL2,TLL2,
Gene,13415,TLN1,TLN1,
Gene,13416,TLN2,TLN2,
Gene,13417,TLNRD1,TLNRD1,
Gene,13418,TLR1,TLR1,
Gene,13419,TLR2,TLR2,
Gene,13420,TLR3,TLR3,
Gene,13421,TLR4,TLR4,
Gene,13422,TLR5,TLR5,
Gene,13423,TLR6,TLR6,
Gene,13424,TLR7,TLR7,
Gene,13425,TLR8,TLR8,
Gene,13426,TLR9,TLR9,
Gene,13427,TLX1,TLX1,
Gene,13428,TM2D3,TM2D3,
Gene,13429,TM4SF1,TM4SF1,
Gene,13430,TM4SF19,TM4SF19,
Gene,13431,TM4SF20,TM4SF20,
Gene,13432,TM4SF4,TM4SF4,
Gene,13433,TM4SF5,TM4SF5,
Gene,13434,TM6SF1,TM6SF1,
Gene,13435,TM6SF2,TM6SF2,
Gene,13436,TM7SF2,TM7SF2,
Gene,13437,TM7SF3,TM7SF3,
Gene,13438,TM9SF1,TM9SF1,
Gene,13439,TMA16,TMA16,
Gene,13440,TMA7,TMA7,
Gene,13441,TMBIM1,TMBIM1,
Gene,13442,TMBIM4,TMBIM4,
Gene,13443,TMBIM6,TMBIM6,
Gene,13444,TMC4,TMC4,
Gene,13445,TMC5,TMC5,
Gene,13446,TMC6,TMC6,
Gene,13447,TMC7,TMC7,
Gene,13448,TMCC1,TMCC1,
Gene,13449,TMCC2,TMCC2,
Gene,13450,TMCO1,TMCO1,
Gene,13451,TMED10,TMED10,
Gene,13452,TMED2,TMED2,
Gene,13453,TMED3,TMED3,
Gene,13454,TMED6,TMED6,
Gene,13455,TMED7-TICAM2,TMED7-TICAM2,
Gene,13456,TMED9,TMED9,
Gene,13457,TMEFF1,TMEFF1,
Gene,13458,TMEFF2,TMEFF2,
Gene,13459,TMEM100,TMEM100,
Gene,13460,TMEM101,TMEM101,
Gene,13461,TMEM104,TMEM104,
Gene,13462,TMEM106A,TMEM106A,
Gene,13463,TMEM106C,TMEM106C,
Gene,13464,TMEM11,TMEM11,
Gene,13465,TMEM114,TMEM114,
Gene,13466,TMEM115,TMEM115,
Gene,13467,TMEM116,TMEM116,
Gene,13468,TMEM117,TMEM117,
Gene,13469,TMEM119,TMEM119,
Gene,13470,TMEM120A,TMEM120A,
Gene,13471,TMEM120B,TMEM120B,
Gene,13472,TMEM121,TMEM121,
Gene,13473,TMEM121B,TMEM121B,
Gene,13474,TMEM123,TMEM123,
Gene,13475,TMEM126A,TMEM126A,
Gene,13476,TMEM126B,TMEM126B,
Gene,13477,TMEM128,TMEM128,
Gene,13478,TMEM129,TMEM129,
Gene,13479,TMEM130,TMEM130,
Gene,13480,TMEM131L,TMEM131L,
Gene,13481,TMEM132A,TMEM132A,
Gene,13482,TMEM132C,TMEM132C,
Gene,13483,TMEM132D,TMEM132D,
Gene,13484,TMEM132E,TMEM132E,
Gene,13485,TMEM134,TMEM134,
Gene,13486,TMEM135,TMEM135,
Gene,13487,TMEM138,TMEM138,
Gene,13488,TMEM139,TMEM139,
Gene,13489,TMEM140,TMEM140,
Gene,13490,TMEM141,TMEM141,
Gene,13491,TMEM145,TMEM145,
Gene,13492,TMEM14A,TMEM14A,
Gene,13493,TMEM14B,TMEM14B,
Gene,13494,TMEM14C,TMEM14C,
Gene,13495,TMEM150A,TMEM150A,
Gene,13496,TMEM150B,TMEM150B,
Gene,13497,TMEM150C,TMEM150C,
Gene,13498,TMEM151A,TMEM151A,
Gene,13499,TMEM156,TMEM156,
Gene,13500,TMEM160,TMEM160,
Gene,13501,TMEM161A,TMEM161A,
Gene,13502,TMEM161B,TMEM161B,
Gene,13503,TMEM163,TMEM163,
Gene,13504,TMEM164,TMEM164,
Gene,13505,TMEM165,TMEM165,
Gene,13506,TMEM167A,TMEM167A,
Gene,13507,TMEM168,TMEM168,
Gene,13508,TMEM169,TMEM169,
Gene,13509,TMEM170A,TMEM170A,
Gene,13510,TMEM170B,TMEM170B,
Gene,13511,TMEM175,TMEM175,
Gene,13512,TMEM176A,TMEM176A,
Gene,13513,TMEM176B,TMEM176B,
Gene,13514,TMEM178A,TMEM178A,
Gene,13515,TMEM178B,TMEM178B,
Gene,13516,TMEM182,TMEM182,
Gene,13517,TMEM184A,TMEM184A,
Gene,13518,TMEM185A,TMEM185A,
Gene,13519,TMEM185B,TMEM185B,
Gene,13520,TMEM186,TMEM186,
Gene,13521,TMEM187,TMEM187,
Gene,13522,TMEM19,TMEM19,
Gene,13523,TMEM191A,TMEM191A,
Gene,13524,TMEM191B,TMEM191B,
Gene,13525,TMEM191C,TMEM191C,
Gene,13526,TMEM192,TMEM192,
Gene,13527,TMEM198B,TMEM198B,
Gene,13528,TMEM200A,TMEM200A,
Gene,13529,TMEM201,TMEM201,
Gene,13530,TMEM204,TMEM204,
Gene,13531,TMEM205,TMEM205,
Gene,13532,TMEM208,TMEM208,
Gene,13533,TMEM209,TMEM209,
Gene,13534,TMEM210,TMEM210,
Gene,13535,TMEM213,TMEM213,
Gene,13536,TMEM214,TMEM214,
Gene,13537,TMEM218,TMEM218,
Gene,13538,TMEM220,TMEM220,
Gene,13539,TMEM222,TMEM222,
Gene,13540,TMEM230,TMEM230,
Gene,13541,TMEM232,TMEM232,
Gene,13542,TMEM237,TMEM237,
Gene,13543,TMEM240,TMEM240,
Gene,13544,TMEM242,TMEM242,
Gene,13545,TMEM245,TMEM245,
Gene,13546,TMEM249,TMEM249,
Gene,13547,TMEM250,TMEM250,
Gene,13548,TMEM254,TMEM254,
Gene,13549,TMEM254-AS1,TMEM254-AS1,
Gene,13550,TMEM255A,TMEM255A,
Gene,13551,TMEM256,TMEM256,
Gene,13552,TMEM259,TMEM259,
Gene,13553,TMEM26,TMEM26,
Gene,13554,TMEM260,TMEM260,
Gene,13555,TMEM263,TMEM263,
Gene,13556,TMEM266,TMEM266,
Gene,13557,TMEM268,TMEM268,
Gene,13558,TMEM273,TMEM273,
Gene,13559,TMEM30A,TMEM30A,
Gene,13560,TMEM33,TMEM33,
Gene,13561,TMEM35A,TMEM35A,
Gene,13562,TMEM38A,TMEM38A,
Gene,13563,TMEM38B,TMEM38B,
Gene,13564,TMEM39A,TMEM39A,
Gene,13565,TMEM40,TMEM40,
Gene,13566,TMEM41B,TMEM41B,
Gene,13567,TMEM42,TMEM42,
Gene,13568,TMEM43,TMEM43,
Gene,13569,TMEM44,TMEM44,
Gene,13570,TMEM45A,TMEM45A,
Gene,13571,TMEM45B,TMEM45B,
Gene,13572,TMEM50B,TMEM50B,
Gene,13573,TMEM51,TMEM51,
Gene,13574,TMEM52,TMEM52,
Gene,13575,TMEM54,TMEM54,
Gene,13576,TMEM59,TMEM59,
Gene,13577,TMEM60,TMEM60,
Gene,13578,TMEM61,TMEM61,
Gene,13579,TMEM63A,TMEM63A,
Gene,13580,TMEM63B,TMEM63B,
Gene,13581,TMEM63C,TMEM63C,
Gene,13582,TMEM64,TMEM64,
Gene,13583,TMEM65,TMEM65,
Gene,13584,TMEM67,TMEM67,
Gene,13585,TMEM68,TMEM68,
Gene,13586,TMEM71,TMEM71,
Gene,13587,TMEM82,TMEM82,
Gene,13588,TMEM86A,TMEM86A,
Gene,13589,TMEM86B,TMEM86B,
Gene,13590,TMEM87A,TMEM87A,
Gene,13591,TMEM87B,TMEM87B,
Gene,13592,TMEM88B,TMEM88B,
Gene,13593,TMEM9,TMEM9,
Gene,13594,TMEM92,TMEM92,
Gene,13595,TMEM94,TMEM94,
Gene,13596,TMEM97,TMEM97,
Gene,13597,TMEM9B,TMEM9B,
Gene,13598,TMF1,TMF1,
Gene,13599,TMIE,TMIE,
Gene,13600,TMIGD1,TMIGD1,
Gene,13601,TMIGD2,TMIGD2,
Gene,13602,TMLHE,TMLHE,
Gene,13603,TMOD1,TMOD1,
Gene,13604,TMOD2,TMOD2,
Gene,13605,TMOD3,TMOD3,
Gene,13606,TMPO,TMPO,
Gene,13607,TMPRSS13,TMPRSS13,
Gene,13608,TMPRSS2,TMPRSS2,
Gene,13609,TMPRSS4,TMPRSS4,
Gene,13610,TMPRSS5,TMPRSS5,
Gene,13611,TMPRSS6,TMPRSS6,
Gene,13612,TMPRSS7,TMPRSS7,
Gene,13613,TMSB10,TMSB10,
Gene,13614,TMSB15A,TMSB15A,
Gene,13615,TMSB15B,TMSB15B,
Gene,13616,TMSB4X,TMSB4X,
Gene,13617,TMT1A,TMT1A,
Gene,13618,TMT1B,TMT1B,
Gene,13619,TMTC1,TMTC1,
Gene,13620,TMTC2,TMTC2,
Gene,13621,TMTC3,TMTC3,
Gene,13622,TMUB1,TMUB1,
Gene,13623,TMUB2,TMUB2,
Gene,13624,TMX1,TMX1,
Gene,13625,TMX2,TMX2,
Gene,13626,TMX3,TMX3,
Gene,13627,TMX4,TMX4,
Gene,13628,TNC,TNC,
Gene,13629,TNF,TNF,7124
Gene,13630,TNFAIP1,TNFAIP1,
Gene,13631,TNFAIP2,TNFAIP2,
Gene,13632,TNFAIP3,TNFAIP3,
Gene,13633,TNFAIP6,TNFAIP6,
Gene,13634,TNFAIP8,TNFAIP8,
Gene,13635,TNFAIP8L1,TNFAIP8L1,
Gene,13636,TNFAIP8L3,TNFAIP8L3,
Gene,13637,TNFRSF10A,TNFRSF10A,
Gene,13638,TNFRSF10B,TNFRSF10B,
Gene,13639,TNFRSF10D,TNFRSF10D,
Gene,13640,TNFRSF11A,TNFRSF11A,
Gene,13641,TNFRSF11B,TNFRSF11B,
Gene,13642,TNFRSF12A,TNFRSF12A,
Gene,13643,TNFRSF13B,TNFRSF13B,
Gene,13644,TNFRSF14,TNFRSF14,
Gene,13645,TNFRSF17,TNFRSF17,
Gene,13646,TNFRSF18,TNFRSF18,
Gene,13647,TNFRSF19,TNFRSF19,
Gene,13648,TNFRSF1A,TNFRSF1A,7132
Gene,13649,TNFRSF1B,TNFRSF1B,
Gene,13650,TNFRSF21,TNFRSF21,
Gene,13651,TNFRSF25,TNFRSF25,
Gene,13652,TNFRSF4,TNFRSF4,
Gene,13653,TNFRSF6B,TNFRSF6B,
Gene,13654,TNFRSF8,TNFRSF8,
Gene,13655,TNFRSF9,TNFRSF9,
Gene,13656,TNFSF10,TNFSF10,
Gene,13657,TNFSF11,TNFSF11,
Gene,13658,TNFSF13B,TNFSF13B,
Gene,13659,TNFSF14,TNFSF14,
Gene,13660,TNFSF15,TNFSF15,
Gene,13661,TNFSF4,TNFSF4,
Gene,13662,TNFSF8,TNFSF8,
Gene,13663,TNFSF9,TNFSF9,
Gene,13664,TNIK,TNIK,
Gene,13665,TNIP1,TNIP1,
Gene,13666,TNIP2,TNIP2,
Gene,13667,TNIP3,TNIP3,
Gene,13668,TNK1,TNK1,
Gene,13669,TNK2,TNK2,
Gene,13670,TNKS,TNKS,
Gene,13671,TNKS1BP1,TNKS1BP1,
Gene,13672,TNKS2,TNKS2,
Gene,13673,TNMD,TNMD,
Gene,13674,TNN,TNN,
Gene,13675,TNNC1,TNNC1,
Gene,13676,TNNC2,TNNC2,
Gene,13677,TNNI1,TNNI1,
Gene,13678,TNNI2,TNNI2,
Gene,13679,TNNI3,TNNI3,
Gene,13680,TNNI3K,TNNI3K,
Gene,13681,TNNT1,TNNT1,
Gene,13682,TNNT2,TNNT2,
Gene,13683,TNNT3,TNNT3,
Gene,13684,TNP1,TNP1,
Gene,13685,TNPO1,TNPO1,
Gene,13686,TNPO2,TNPO2,
Gene,13687,TNR,TNR,
Gene,13688,TNRC18,TNRC18,
Gene,13689,TNRC6A,TNRC6A,
Gene,13690,TNRC6B,TNRC6B,
Gene,13691,TNRC6C,TNRC6C,
Gene,13692,TNS1,TNS1,
Gene,13693,TNS2,TNS2,
Gene,13694,TNS3,TNS3,
Gene,13695,TNS4,TNS4,
Gene,13696,TNXB,TNXB,
Gene,13697,TOB1,TOB1,
Gene,13698,TOB2,TOB2,
Gene,13699,TOGARAM1,TOGARAM1,
Gene,13700,TOLLIP,TOLLIP,
Gene,13701,TOM1,TOM1,
Gene,13702,TOM1L1,TOM1L1,
Gene,13703,TOMM20,TOMM20,
Gene,13704,TOMM20L,TOMM20L,
Gene,13705,TOMM22,TOMM22,
Gene,13706,TOMM34,TOMM34,
Gene,13707,TOMM40,TOMM40,
Gene,13708,TOMM40L,TOMM40L,
Gene,13709,TOMM7,TOMM7,
Gene,13710,TOMM70,TOMM70,
Gene,13711,TONSL,TONSL,
Gene,13712,TOP1,TOP1,
Gene,13713,TOP2A,TOP2A,
Gene,13714,TOP2B,TOP2B,
Gene,13715,TOP3A,TOP3A,
Gene,13716,TOPORS,TOPORS,
Gene,13717,TOR1A,TOR1A,
Gene,13718,TOR1AIP1,TOR1AIP1,
Gene,13719,TOR1AIP2,TOR1AIP2,
Gene,13720,TOR2A,TOR2A,
Gene,13721,TOR3A,TOR3A,
Gene,13722,TOX,TOX,
Gene,13723,TOX3,TOX3,
Gene,13724,TOX4,TOX4,
Gene,13725,TP53,TP53,
Gene,13726,TP53AIP1,TP53AIP1,
Gene,13727,TP53BP1,TP53BP1,
Gene,13728,TP53BP2,TP53BP2,
Gene,13729,TP53I11,TP53I11,
Gene,13730,TP53I3,TP53I3,
Gene,13731,TP53INP1,TP53INP1,
Gene,13732,TP53INP2,TP53INP2,
Gene,13733,TP53RK,TP53RK,
Gene,13734,TP53TG1,TP53TG1,
Gene,13735,TP53TG3,TP53TG3,
Gene,13736,TP63,TP63,
Gene,13737,TP73,TP73,
Gene,13738,TPBG,TPBG,
Gene,13739,TPBGL,TPBGL,
Gene,13740,TPCN1,TPCN1,
Gene,13741,TPD52,TPD52,
Gene,13742,TPD52L1,TPD52L1,
Gene,13743,TPD52L2,TPD52L2,
Gene,13744,TPD52L3,TPD52L3,
Gene,13745,TPH1,TPH1,
Gene,13746,TPH2,TPH2,
Gene,13747,TPI1,TPI1,
Gene,13748,TPK1,TPK1,
Gene,13749,TPM1,TPM1,
Gene,13750,TPM2,TPM2,
Gene,13751,TPM3,TPM3,
Gene,13752,TPM4,TPM4,
Gene,13753,TPO,TPO,
Gene,13754,TPP1,TPP1,
Gene,13755,TPPP3,TPPP3,
Gene,13756,TPR,TPR,
Gene,13757,TPRA1,TPRA1,
Gene,13758,TPRG1,TPRG1,
Gene,13759,TPRKB,TPRKB,
Gene,13760,TPRN,TPRN,
Gene,13761,TPSAB1,TPSAB1,
Gene,13762,TPSB2,TPSB2,
Gene,13763,TPSG1,TPSG1,
Gene,13764,TPST1,TPST1,
Gene,13765,TPST2,TPST2,
Gene,13766,TPT1,TPT1,
Gene,13767,TPTE,TPTE,
Gene,13768,TPX2,TPX2,
Gene,13769,TRA2A,TRA2A,
Gene,13770,TRA2B,TRA2B,
Gene,13771,TRADD,TRADD,
Gene,13772,TRAF1,TRAF1,
Gene,13773,TRAF2,TRAF2,
Gene,13774,TRAF3,TRAF3,
Gene,13775,TRAF3IP1,TRAF3IP1,
Gene,13776,TRAF3IP2,TRAF3IP2,
Gene,13777,TRAF3IP3,TRAF3IP3,
Gene,13778,TRAF4,TRAF4,
Gene,13779,TRAF5,TRAF5,
Gene,13780,TRAF6,TRAF6,
Gene,13781,TRAFD1,TRAFD1,
Gene,13782,TRAIP,TRAIP,
Gene,13783,TRAK1,TRAK1,
Gene,13784,TRAM1,TRAM1,
Gene,13785,TRAM1L1,TRAM1L1,
Gene,13786,TRAM2,TRAM2,
Gene,13787,TRANK1,TRANK1,
Gene,13788,TRAP1,TRAP1,
Gene,13789,TRAPPC10,TRAPPC10,
Gene,13790,TRAPPC11,TRAPPC11,
Gene,13791,TRAPPC14,TRAPPC14,
Gene,13792,TRAPPC2,TRAPPC2,
Gene,13793,TRAPPC3,TRAPPC3,
Gene,13794,TRAPPC3L,TRAPPC3L,
Gene,13795,TRAPPC6A,TRAPPC6A,
Gene,13796,TRAPPC6B,TRAPPC6B,
Gene,13797,TRAPPC8,TRAPPC8,
Gene,13798,TRAPPC9,TRAPPC9,
Gene,13799,TRAV8-5,TRAV8-5,
Gene,13800,TRBC1,TRBC1,
Gene,13801,TRBV17,TRBV17,
Gene,13802,TRDMT1,TRDMT1,
Gene,13803,TRDN,TRDN,
Gene,13804,TRDV3,TRDV3,
Gene,13805,TREH,TREH,
Gene,13806,TREM1,TREM1,
Gene,13807,TREM2,TREM2,
Gene,13808,TREML1,TREML1,
Gene,13809,TREML4,TREML4,
Gene,13810,TRERF1,TRERF1,
Gene,13811,TREX1,TREX1,
Gene,13812,TREX2,TREX2,
Gene,13813,TRGV5,TRGV5,
Gene,13814,TRH,TRH,
Gene,13815,TRHDE,TRHDE,
Gene,13816,TRHR,TRHR,
Gene,13817,TRIAP1,TRIAP1,
Gene,13818,TRIB1,TRIB1,
Gene,13819,TRIB2,TRIB2,
Gene,13820,TRIB3,TRIB3,
Gene,13821,TRIL,TRIL,
Gene,13822,TRIM10,TRIM10,
Gene,13823,TRIM11,TRIM11,
Gene,13824,TRIM13,TRIM13,
Gene,13825,TRIM14,TRIM14,
Gene,13826,TRIM16,TRIM16,
Gene,13827,TRIM2,TRIM2,
Gene,13828,TRIM21,TRIM21,
Gene,13829,TRIM22,TRIM22,
Gene,13830,TRIM23,TRIM23,
Gene,13831,TRIM24,TRIM24,
Gene,13832,TRIM25,TRIM25,
Gene,13833,TRIM26,TRIM26,
Gene,13834,TRIM27,TRIM27,
Gene,13835,TRIM28,TRIM28,
Gene,13836,TRIM29,TRIM29,
Gene,13837,TRIM31,TRIM31,
Gene,13838,TRIM35,TRIM35,
Gene,13839,TRIM36,TRIM36,
Gene,13840,TRIM38,TRIM38,
Gene,13841,TRIM39,TRIM39,
Gene,13842,TRIM39-RPP21,TRIM39-RPP21,
Gene,13843,TRIM4,TRIM4,
Gene,13844,TRIM41,TRIM41,
Gene,13845,TRIM43,TRIM43,
Gene,13846,TRIM43B,TRIM43B,
Gene,13847,TRIM44,TRIM44,
Gene,13848,TRIM45,TRIM45,
Gene,13849,TRIM47,TRIM47,
Gene,13850,TRIM5,TRIM5,
Gene,13851,TRIM52,TRIM52,
Gene,13852,TRIM55,TRIM55,
Gene,13853,TRIM56,TRIM56,
Gene,13854,TRIM59,TRIM59,
Gene,13855,TRIM6,TRIM6,
Gene,13856,TRIM62,TRIM62,
Gene,13857,TRIM63,TRIM63,
Gene,13858,TRIM65,TRIM65,
Gene,13859,TRIM66,TRIM66,
Gene,13860,TRIM69,TRIM69,
Gene,13861,TRIM73,TRIM73,
Gene,13862,TRIM74,TRIM74,
Gene,13863,TRIM9,TRIM9,
Gene,13864,TRIML1,TRIML1,
Gene,13865,TRIML2,TRIML2,
Gene,13866,TRIO,TRIO,
Gene,13867,TRIOBP,TRIOBP,
Gene,13868,TRIP10,TRIP10,
Gene,13869,TRIP12,TRIP12,
Gene,13870,TRIP13,TRIP13,
Gene,13871,TRIP6,TRIP6,
Gene,13872,TRIQK,TRIQK,
Gene,13873,TRIT1,TRIT1,
Gene,13874,TRMT1,TRMT1,
Gene,13875,TRMT10A,TRMT10A,
Gene,13876,TRMT11,TRMT11,
Gene,13877,TRMT112,TRMT112,
Gene,13878,TRMT12,TRMT12,
Gene,13879,TRMT1L,TRMT1L,
Gene,13880,TRMT2A,TRMT2A,
Gene,13881,TRMT6,TRMT6,
Gene,13882,TRMT61A,TRMT61A,
Gene,13883,TRMT61B,TRMT61B,
Gene,13884,TRMU,TRMU,
Gene,13885,TRNP1,TRNP1,
Gene,13886,TRO,TRO,
Gene,13887,TRPA1,TRPA1,
Gene,13888,TRPC1,TRPC1,
Gene,13889,TRPC2,TRPC2,
Gene,13890,TRPC4,TRPC4,
Gene,13891,TRPC4AP,TRPC4AP,
Gene,13892,TRPC5,TRPC5,
Gene,13893,TRPC6,TRPC6,
Gene,13894,TRPM1,TRPM1,
Gene,13895,TRPM2,TRPM2,
Gene,13896,TRPM3,TRPM3,
Gene,13897,TRPM6,TRPM6,
Gene,13898,TRPM7,TRPM7,
Gene,13899,TRPM8,TRPM8,
Gene,13900,TRPS1,TRPS1,
Gene,13901,TRPT1,TRPT1,
Gene,13902,TRPV1,TRPV1,
Gene,13903,TRPV2,TRPV2,
Gene,13904,TRPV3,TRPV3,
Gene,13905,TRPV4,TRPV4,
Gene,13906,TRPV5,TRPV5,
Gene,13907,TRPV6,TRPV6,
Gene,13908,TRRAP,TRRAP,
Gene,13909,TRUB1,TRUB1,
Gene,13910,TRUB2,TRUB2,
Gene,13911,TSBP1,TSBP1,
Gene,13912,TSC1,TSC1,
Gene,13913,TSC2,TSC2,
Gene,13914,TSC22D1,TSC22D1,
Gene,13915,TSC22D1-AS1,TSC22D1-AS1,
Gene,13916,TSC22D2,TSC22D2,
Gene,13917,TSC22D3,TSC22D3,
Gene,13918,TSC22D4,TSC22D4,
Gene,13919,TSEN15,TSEN15,
Gene,13920,TSEN2,TSEN2,
Gene,13921,TSEN34,TSEN34,
Gene,13922,TSEN54,TSEN54,
Gene,13923,TSFM,TSFM,
Gene,13924,TSG101,TSG101,
Gene,13925,TSGA10,TSGA10,
Gene,13926,TSGA13,TSGA13,
Gene,13927,TSHB,TSHB,
Gene,13928,TSHR,TSHR,
Gene,13929,TSHZ1,TSHZ1,
Gene,13930,TSHZ2,TSHZ2,
Gene,13931,TSHZ3,TSHZ3,
Gene,13932,TSKU,TSKU,
Gene,13933,TSLP,TSLP,
Gene,13934,TSN,TSN,
Gene,13935,TSNARE1,TSNARE1,
Gene,13936,TSPAN1,TSPAN1,
Gene,13937,TSPAN10,TSPAN10,
Gene,13938,TSPAN11,TSPAN11,
Gene,13939,TSPAN12,TSPAN12,
Gene,13940,TSPAN13,TSPAN13,
Gene,13941,TSPAN14,TSPAN14,
Gene,13942,TSPAN15,TSPAN15,
Gene,13943,TSPAN19,TSPAN19,
Gene,13944,TSPAN2,TSPAN2,
Gene,13945,TSPAN3,TSPAN3,
Gene,13946,TSPAN32,TSPAN32,
Gene,13947,TSPAN33,TSPAN33,
Gene,13948,TSPAN4,TSPAN4,
Gene,13949,TSPAN5,TSPAN5,
Gene,13950,TSPAN6,TSPAN6,
Gene,13951,TSPAN7,TSPAN7,
Gene,13952,TSPAN8,TSPAN8,
Gene,13953,TSPAN9,TSPAN9,
Gene,13954,TSPO,TSPO,
Gene,13955,TSPOAP1,TSPOAP1,
Gene,13956,TSPYL1,TSPYL1,
Gene,13957,TSPYL2,TSPYL2,
Gene,13958,TSPYL4,TSPYL4,
Gene,13959,TSPYL5,TSPYL5,
Gene,13960,TSR1,TSR1,
Gene,13961,TSR3,TSR3,
Gene,13962,TSSC4,TSSC4,
Gene,13963,TSSK4,TSSK4,
Gene,13964,TSSK6,TSSK6,
Gene,13965,TST,TST,
Gene,13966,TSTD2,TSTD2,
Gene,13967,TSTD3,TSTD3,
Gene,13968,TTBK2,TTBK2,
Gene,13969,TTC1,TTC1,
Gene,13970,TTC12,TTC12,
Gene,13971,TTC14,TTC14,
Gene,13972,TTC17,TTC17,
Gene,13973,TTC19,TTC19,
Gene,13974,TTC21B,TTC21B,
Gene,13975,TTC23L,TTC23L,
Gene,13976,TTC24,TTC24,
Gene,13977,TTC27,TTC27,
Gene,13978,TTC28,TTC28,
Gene,13979,TTC3,TTC3,
Gene,13980,TTC31,TTC31,
Gene,13981,TTC33,TTC33,
Gene,13982,TTC39A,TTC39A,
Gene,13983,TTC39A-AS1,TTC39A-AS1,
Gene,13984,TTC39B,TTC39B,
Gene,13985,TTC39C,TTC39C,
Gene,13986,TTC4,TTC4,
Gene,13987,TTC41P,TTC41P,
Gene,13988,TTC6,TTC6,
Gene,13989,TTC7B,TTC7B,
Gene,13990,TTC8,TTC8,
Gene,13991,TTC9,TTC9,
Gene,13992,TTC9C,TTC9C,
Gene,13993,TTF1,TTF1,
Gene,13994,TTF2,TTF2,
Gene,13995,TTK,TTK,
Gene,13996,TTL,TTL,
Gene,13997,TTLL10,TTLL10,
Gene,13998,TTLL12,TTLL12,
Gene,13999,TTLL2,TTLL2,
Gene,14000,TTLL3,TTLL3,
Gene,14001,TTLL5,TTLL5,
Gene,14002,TTLL9,TTLL9,
Gene,14003,TTN,TTN,
Gene,14004,TTPA,TTPA,
Gene,14005,TTPAL,TTPAL,
Gene,14006,TTR,TTR,
Gene,14007,TTTY14,TTTY14,
Gene,14008,TTTY5,TTTY5,
Gene,14009,TTYH1,TTYH1,
Gene,14010,TTYH2,TTYH2,
Gene,14011,TTYH3,TTYH3,
Gene,14012,TUBA1A,TUBA1A,
Gene,14013,TUBA1B,TUBA1B,
Gene,14014,TUBA1C,TUBA1C,
Gene,14015,TUBA3D,TUBA3D,
Gene,14016,TUBA3E,TUBA3E,
Gene,14017,TUBA4A,TUBA4A,
Gene,14018,TUBA8,TUBA8,
Gene,14019,TUBAL3,TUBAL3,
Gene,14020,TUBB,TUBB,
Gene,14021,TUBB1,TUBB1,
Gene,14022,TUBB2A,TUBB2A,
Gene,14023,TUBB2B,TUBB2B,
Gene,14024,TUBB3,TUBB3,
Gene,14025,TUBB4A,TUBB4A,
Gene,14026,TUBB4B,TUBB4B,
Gene,14027,TUBB6,TUBB6,
Gene,14028,TUBBP5,TUBBP5,
Gene,14029,TUBD1,TUBD1,
Gene,14030,TUBE1,TUBE1,
Gene,14031,TUBG1,TUBG1,
Gene,14032,TUBGCP2,TUBGCP2,
Gene,14033,TUBGCP3,TUBGCP3,
Gene,14034,TUBGCP5,TUBGCP5,
Gene,14035,TUBGCP6,TUBGCP6,
Gene,14036,TUFM,TUFM,
Gene,14037,TUFT1,TUFT1,
Gene,14038,TUG1,TUG1,
Gene,14039,TULP2,TULP2,
Gene,14040,TULP3,TULP3,
Gene,14041,TULP4,TULP4,
Gene,14042,TUSC3,TUSC3,
Gene,14043,TVP23A,TVP23A,
Gene,14044,TVP23B,TVP23B,
Gene,14045,TWF1,TWF1,
Gene,14046,TWF2,TWF2,
Gene,14047,TWIST1,TWIST1,
Gene,14048,TWIST2,TWIST2,
Gene,14049,TWNK,TWNK,
Gene,14050,TWSG1,TWSG1,
Gene,14051,TXK,TXK,
Gene,14052,TXLNA,TXLNA,
Gene,14053,TXLNG,TXLNG,
Gene,14054,TXLNGY,TXLNGY,
Gene,14055,TXN,TXN,
Gene,14056,TXN2,TXN2,
Gene,14057,TXNDC15,TXNDC15,
Gene,14058,TXNDC16,TXNDC16,
Gene,14059,TXNDC17,TXNDC17,
Gene,14060,TXNDC5,TXNDC5,
Gene,14061,TXNDC9,TXNDC9,
Gene,14062,TXNIP,TXNIP,
Gene,14063,TXNL1,TXNL1,
Gene,14064,TXNL4B,TXNL4B,
Gene,14065,TXNRD1,TXNRD1,
Gene,14066,TXNRD2,TXNRD2,
Gene,14067,TXNRD3,TXNRD3,
Gene,14068,TYK2,TYK2,
Gene,14069,TYMP,TYMP,
Gene,14070,TYMS,TYMS,7298
Gene,14071,TYR,TYR,
Gene,14072,TYRO3,TYRO3,
Gene,14073,TYROBP,TYROBP,
Gene,14074,TYRP1,TYRP1,
Gene,14075,TYSND1,TYSND1,
Gene,14076,TYW1,TYW1,
Gene,14077,TYW1B,TYW1B,
Gene,14078,TYW3,TYW3,
Gene,14079,Taar4,Taar4,
Gene,14080,Taar7b,Taar7b,
Gene,14081,Tac2,Tac2,
Gene,14082,Tas2r105,Tas2r105,
Gene,14083,Tas2r107,Tas2r107,
Gene,14084,Tas2r114,Tas2r114,
Gene,14085,Tas2r125,Tas2r125,
Gene,14086,Tas2r129,Tas2r129,
Gene,14087,Tas2r130,Tas2r130,
Gene,14088,Tas2r136,Tas2r136,
Gene,14089,Tcl1b1,Tcl1b1,
Gene,14090,Tcl1b5,Tcl1b5,
Gene,14091,Tcra,Tcra,
Gene,14092,Tcrd,Tcrd,
Gene,14093,Tescl,Tescl,
Gene,14094,Testin,Testin,
Gene,14095,Tex13c3,Tex13c3,
Gene,14096,Tex21,Tex21,
Gene,14097,Tgoln1,Tgoln1,
Gene,14098,Tgtp1,Tgtp1,
Gene,14099,Them7,Them7,
Gene,14100,Timd2,Timd2,
Gene,14101,Timm8a1,Timm8a1,
Gene,14102,Tmem178,Tmem178,
Gene,14103,Tmem45a2,Tmem45a2,
Gene,14104,Tnfrsf26,Tnfrsf26,
Gene,14105,Top2,Top2,
Gene,14106,Tpc1808,Tpc1808,
Gene,14107,Tpi,Tpi,
Gene,14108,Trav6-3,Trav6-3,
Gene,14109,Trbv13-2,Trbv13-2,
Gene,14110,Trcg1,Trcg1,
Gene,14111,Trdv2-2,Trdv2-2,
Gene,14112,Trf,Trf,
Gene,14113,Trhr2,Trhr2,
Gene,14114,Trim30a,Trim30a,
Gene,14115,Trim30b,Trim30b,
Gene,14116,Trim30d,Trim30d,
Gene,14117,Trp53,Trp53,
Gene,14118,Trp53bp1,Trp53bp1,
Gene,14119,Trp53i11,Trp53i11,
Gene,14120,Trp53inp1,Trp53inp1,
Gene,14121,Trp53inp2,Trp53inp2,
Gene,14122,Trp63,Trp63,
Gene,14123,Trp73,Trp73,
Gene,14124,Trpa1,Trpa1,
Gene,14125,Trpm7,Trpm7,
Gene,14126,Trpm8,Trpm8,
Gene,14127,Trpv2,Trpv2,
Gene,14128,Trpv3,Trpv3,
Gene,14129,Trpv4,Trpv4,
Gene,14130,Trxr1,Trxr1,
Gene,14131,Try10,Try10,
Gene,14132,Tspy-ps,Tspy-ps,
Gene,14133,Tspyl3,Tspyl3,
Gene,14134,Tssk1,Tssk1,
Gene,14135,Tssk5,Tssk5,
Gene,14136,Tsx,Tsx,
Gene,14137,Ttc39d,Ttc39d,
Gene,14138,Tuba3a,Tuba3a,
Gene,14139,Tubb5,Tubb5,
Gene,14140,Txn1,Txn1,
Gene,14141,TyrR,TyrR,
Gene,14142,U2AF1,U2AF1,
Gene,14143,U2AF2,U2AF2,
Gene,14144,UACA,UACA,
Gene,14145,UAP1,UAP1,
Gene,14146,UAP1L1,UAP1L1,
Gene,14147,UBA1,UBA1,
Gene,14148,UBA2,UBA2,
Gene,14149,UBA3,UBA3,
Gene,14150,UBA5,UBA5,
Gene,14151,UBA52,UBA52,
Gene,14152,UBA7,UBA7,
Gene,14153,UBAC1,UBAC1,
Gene,14154,UBAC2,UBAC2,
Gene,14155,UBALD1,UBALD1,
Gene,14156,UBALD2,UBALD2,
Gene,14157,UBAP1,UBAP1,
Gene,14158,UBAP1L,UBAP1L,
Gene,14159,UBAP2,UBAP2,
Gene,14160,UBAP2L,UBAP2L,
Gene,14161,UBASH3A,UBASH3A,
Gene,14162,UBASH3B,UBASH3B,
Gene,14163,UBB,UBB,
Gene,14164,UBC,UBC,
Gene,14165,UBD,UBD,
Gene,14166,UBE2A,UBE2A,
Gene,14167,UBE2B,UBE2B,
Gene,14168,UBE2C,UBE2C,
Gene,14169,UBE2D1,UBE2D1,
Gene,14170,UBE2D2,UBE2D2,
Gene,14171,UBE2D3,UBE2D3,
Gene,14172,UBE2E2,UBE2E2,
Gene,14173,UBE2F,UBE2F,
Gene,14174,UBE2H,UBE2H,
Gene,14175,UBE2I,UBE2I,
Gene,14176,UBE2J1,UBE2J1,
Gene,14177,UBE2J2,UBE2J2,
Gene,14178,UBE2L3,UBE2L3,
Gene,14179,UBE2L6,UBE2L6,
Gene,14180,UBE2M,UBE2M,
Gene,14181,UBE2N,UBE2N,
Gene,14182,UBE2O,UBE2O,
Gene,14183,UBE2Q2,UBE2Q2,
Gene,14184,UBE2S,UBE2S,
Gene,14185,UBE2T,UBE2T,
Gene,14186,UBE2U,UBE2U,
Gene,14187,UBE2V1,UBE2V1,
Gene,14188,UBE2Z,UBE2Z,
Gene,14189,UBE3A,UBE3A,
Gene,14190,UBE3B,UBE3B,
Gene,14191,UBE3C,UBE3C,
Gene,14192,UBE3D,UBE3D,
Gene,14193,UBE4B,UBE4B,
Gene,14194,UBFD1,UBFD1,
Gene,14195,UBL3,UBL3,
Gene,14196,UBL4A,UBL4A,
Gene,14197,UBL7,UBL7,
Gene,14198,UBN1,UBN1,
Gene,14199,UBP1,UBP1,
Gene,14200,UBQLN2,UBQLN2,
Gene,14201,UBQLN4,UBQLN4,
Gene,14202,UBR2,UBR2,
Gene,14203,UBR4,UBR4,
Gene,14204,UBR5,UBR5,
Gene,14205,UBR7,UBR7,
Gene,14206,UBTF,UBTF,
Gene,14207,UBXN1,UBXN1,
Gene,14208,UBXN10,UBXN10,
Gene,14209,UBXN11,UBXN11,
Gene,14210,UBXN2B,UBXN2B,
Gene,14211,UBXN4,UBXN4,
Gene,14212,UBXN6,UBXN6,
Gene,14213,UBXN7,UBXN7,
Gene,14214,UCHL1,UCHL1,
Gene,14215,UCHL3,UCHL3,
Gene,14216,UCHL5,UCHL5,
Gene,14217,UCK1,UCK1,
Gene,14218,UCK2,UCK2,
Gene,14219,UCKL1,UCKL1,
Gene,14220,UCN,UCN,
Gene,14221,UCP1,UCP1,
Gene,14222,UCP2,UCP2,
Gene,14223,UCP3,UCP3,
Gene,14224,UFD1,UFD1,
Gene,14225,UFM1,UFM1,
Gene,14226,UFSP2,UFSP2,
Gene,14227,UGCG,UGCG,
Gene,14228,UGDH,UGDH,
Gene,14229,UGGT2,UGGT2,
Gene,14230,UGP2,UGP2,
Gene,14231,UGT1A1,UGT1A1,54658
Gene,14232,UGT1A10,UGT1A10,
Gene,14233,UGT1A3,UGT1A3,
Gene,14234,UGT1A4,UGT1A4,
Gene,14235,UGT1A6,UGT1A6,
Gene,14236,UGT1A7,UGT1A7,
Gene,14237,UGT1A8,UGT1A8,
Gene,14238,UGT1A9,UGT1A9,
Gene,14239,UGT2A1,UGT2A1,
Gene,14240,UGT2A3,UGT2A3,
Gene,14241,UGT2B10,UGT2B10,
Gene,14242,UGT2B11,UGT2B11,
Gene,14243,UGT2B15,UGT2B15,
Gene,14244,UGT2B17,UGT2B17,
Gene,14245,UGT2B28,UGT2B28,
Gene,14246,UGT2B4,UGT2B4,
Gene,14247,UGT2B7,UGT2B7,
Gene,14248,UGT3A1,UGT3A1,
Gene,14249,UGT8,UGT8,
Gene,14250,UHMK1,UHMK1,
Gene,14251,UHRF1,UHRF1,
Gene,14252,UHRF2,UHRF2,
Gene,14253,UIMC1,UIMC1,
Gene,14254,UL30,UL30,
Gene,14255,ULBP1,ULBP1,
Gene,14256,ULBP2,ULBP2,
Gene,14257,ULK1,ULK1,
Gene,14258,ULK2,ULK2,
Gene,14259,ULK4,ULK4,
Gene,14260,UMOD,UMOD,
Gene,14261,UMODL1,UMODL1,
Gene,14262,UMPS,UMPS,
Gene,14263,UNC119,UNC119,
Gene,14264,UNC119B,UNC119B,
Gene,14265,UNC13B,UNC13B,
Gene,14266,UNC13C,UNC13C,
Gene,14267,UNC13D,UNC13D,
Gene,14268,UNC50,UNC50,
Gene,14269,UNC5A,UNC5A,
Gene,14270,UNC5B,UNC5B,
Gene,14271,UNC5C,UNC5C,
Gene,14272,UNC5CL,UNC5CL,
Gene,14273,UNC5D,UNC5D,
Gene,14274,UNC79,UNC79,
Gene,14275,UNC80,UNC80,
Gene,14276,UNC93B1,UNC93B1,
Gene,14277,UNG,UNG,
Gene,14278,UOX,UOX,
Gene,14279,UPB1,UPB1,
Gene,14280,UPF1,UPF1,
Gene,14281,UPF2,UPF2,
Gene,14282,UPF3A,UPF3A,
Gene,14283,UPF3B,UPF3B,
Gene,14284,UPK1B,UPK1B,
Gene,14285,UPK2,UPK2,
Gene,14286,UPK3A,UPK3A,
Gene,14287,UPK3B,UPK3B,
Gene,14288,UPP1,UPP1,
Gene,14289,UPP2,UPP2,
Gene,14290,UPRT,UPRT,
Gene,14291,UQCC1,UQCC1,
Gene,14292,UQCR11,UQCR11,
Gene,14293,UQCRB,UQCRB,
Gene,14294,UQCRC1,UQCRC1,
Gene,14295,UQCRC2,UQCRC2,
Gene,14296,UQCRFS1,UQCRFS1,
Gene,14297,UQCRH,UQCRH,
Gene,14298,UQCRHL,UQCRHL,
Gene,14299,UQCRQ,UQCRQ,
Gene,14300,URB1,URB1,
Gene,14301,URB2,URB2,
Gene,14302,URGCP,URGCP,
Gene,14303,URGCP-MRPS24,URGCP-MRPS24,
Gene,14304,URI1,URI1,
Gene,14305,UROC1,UROC1,
Gene,14306,UROD,UROD,
Gene,14307,USF1,USF1,
Gene,14308,USF2,USF2,
Gene,14309,USF3,USF3,
Gene,14310,USH2A,USH2A,
Gene,14311,USO1,USO1,
Gene,14312,USP1,USP1,
Gene,14313,USP10,USP10,
Gene,14314,USP11,USP11,
Gene,14315,USP13,USP13,
Gene,14316,USP14,USP14,
Gene,14317,USP15,USP15,
Gene,14318,USP16,USP16,
Gene,14319,USP18,USP18,
Gene,14320,USP19,USP19,
Gene,14321,USP2,USP2,
Gene,14322,USP20,USP20,
Gene,14323,USP21,USP21,
Gene,14324,USP22,USP22,
Gene,14325,USP25,USP25,
Gene,14326,USP27X,USP27X,
Gene,14327,USP3,USP3,
Gene,14328,USP30-AS1,USP30-AS1,
Gene,14329,USP31,USP31,
Gene,14330,USP32,USP32,
Gene,14331,USP33,USP33,
Gene,14332,USP34,USP34,
Gene,14333,USP35,USP35,
Gene,14334,USP36,USP36,
Gene,14335,USP37,USP37,
Gene,14336,USP39,USP39,
Gene,14337,USP4,USP4,
Gene,14338,USP40,USP40,
Gene,14339,USP42,USP42,
Gene,14340,USP43,USP43,
Gene,14341,USP45,USP45,
Gene,14342,USP46,USP46,
Gene,14343,USP47,USP47,
Gene,14344,USP48,USP48,
Gene,14345,USP53,USP53,
Gene,14346,USP6NL,USP6NL,
Gene,14347,USP7,USP7,
Gene,14348,USP8,USP8,
Gene,14349,USP9X,USP9X,
Gene,14350,USPL1,USPL1,
Gene,14351,UTP11,UTP11,
Gene,14352,UTP14A,UTP14A,
Gene,14353,UTP14C,UTP14C,
Gene,14354,UTP15,UTP15,
Gene,14355,UTP18,UTP18,
Gene,14356,UTP20,UTP20,
Gene,14357,UTP25,UTP25,
Gene,14358,UTP3,UTP3,
Gene,14359,UTRN,UTRN,
Gene,14360,UTS2R,UTS2R,
Gene,14361,UTY,UTY,
Gene,14362,UXS1,UXS1,
Gene,14363,Uba1y,Uba1y,
Gene,14364,Ube2d2a,Ube2d2a,
Gene,14365,Uchl1,Uchl1,
Gene,14366,Ugt1a2,Ugt1a2,
Gene,14367,Ugt1a6a,Ugt1a6a,
Gene,14368,Ugt2b,Ugt2b,
Gene,14369,Ugt2b1,Ugt2b1,
Gene,14370,Ugt2b34,Ugt2b34,
Gene,14371,Ugt2b35,Ugt2b35,
Gene,14372,Ugt2b36,Ugt2b36,
Gene,14373,Ugt2b37,Ugt2b37,
Gene,14374,Ugt2b5,Ugt2b5,
Gene,14375,Urah,Urah,
Gene,14376,Ust5r,Ust5r,
Gene,14377,VAC14,VAC14,
Gene,14378,VAMP1,VAMP1,
Gene,14379,VAMP2,VAMP2,
Gene,14380,VAMP3,VAMP3,
Gene,14381,VAMP4,VAMP4,
Gene,14382,VAMP5,VAMP5,
Gene,14383,VANGL1,VANGL1,
Gene,14384,VANGL2,VANGL2,
Gene,14385,VAPA,VAPA,
Gene,14386,VAPB,VAPB,
Gene,14387,VARS2,VARS2,
Gene,14388,VASH2,VASH2,
Gene,14389,VASN,VASN,
Gene,14390,VASP,VASP,
Gene,14391,VAT1,VAT1,
Gene,14392,VAV1,VAV1,
Gene,14393,VAV2,VAV2,
Gene,14394,VAV3,VAV3,
Gene,14395,VAX1,VAX1,
Gene,14396,VAX2,VAX2,
Gene,14397,VCAM1,VCAM1,
Gene,14398,VCAN,VCAN,
Gene,14399,VCF1,VCF1,
Gene,14400,VCL,VCL,
Gene,14401,VCP,VCP,
Gene,14402,VCPIP1,VCPIP1,
Gene,14403,VCPKMT,VCPKMT,
Gene,14404,VDAC1,VDAC1,
Gene,14405,VDAC2,VDAC2,
Gene,14406,VDR,VDR,
Gene,14407,VEGFA,VEGFA,
Gene,14408,VEGFB,VEGFB,
Gene,14409,VEGFC,VEGFC,
Gene,14410,VEGFD,VEGFD,
Gene,14411,VEPH1,VEPH1,
Gene,14412,VEZF1,VEZF1,
Gene,14413,VEZT,VEZT,
Gene,14414,VGF,VGF,
Gene,14415,VGLL1,VGLL1,
Gene,14416,VGLL3,VGLL3,
Gene,14417,VGLL4,VGLL4,
Gene,14418,VHL,VHL,
Gene,14419,VIL1,VIL1,
Gene,14420,VIM,VIM,
Gene,14421,VIP,VIP,
Gene,14422,VIPAS39,VIPAS39,
Gene,14423,VIPR1,VIPR1,
Gene,14424,VIPR2,VIPR2,
Gene,14425,VIRMA,VIRMA,
Gene,14426,VIT,VIT,
Gene,14427,VKORC1,VKORC1,
Gene,14428,VKORC1L1,VKORC1L1,
Gene,14429,VLDLR,VLDLR,
Gene,14430,VMA21,VMA21,
Gene,14431,VMAC,VMAC,
Gene,14432,VMO1,VMO1,
Gene,14433,VMP1,VMP1,
Gene,14434,VN1R1,VN1R1,
Gene,14435,VN1R3,VN1R3,
Gene,14436,VNN1,VNN1,
Gene,14437,VNN3P,VNN3P,
Gene,14438,VOPP1,VOPP1,
Gene,14439,VPREB3,VPREB3,
Gene,14440,VPS11,VPS11,
Gene,14441,VPS13B,VPS13B,
Gene,14442,VPS13D,VPS13D,
Gene,14443,VPS16,VPS16,
Gene,14444,VPS25,VPS25,
Gene,14445,VPS26B,VPS26B,
Gene,14446,VPS26C,VPS26C,
Gene,14447,VPS28,VPS28,
Gene,14448,VPS33A,VPS33A,
Gene,14449,VPS33B,VPS33B,
Gene,14450,VPS35L,VPS35L,
Gene,14451,VPS36,VPS36,
Gene,14452,VPS37A,VPS37A,
Gene,14453,VPS39,VPS39,
Gene,14454,VPS41,VPS41,
Gene,14455,VPS45,VPS45,
Gene,14456,VPS4A,VPS4A,
Gene,14457,VPS4B,VPS4B,
Gene,14458,VPS50,VPS50,
Gene,14459,VPS52,VPS52,
Gene,14460,VPS54,VPS54,
Gene,14461,VPS72,VPS72,
Gene,14462,VPS8,VPS8,
Gene,14463,VPS9D1-AS1,VPS9D1-AS1,
Gene,14464,VRK1,VRK1,
Gene,14465,VRK2,VRK2,
Gene,14466,VSIG1,VSIG1,
Gene,14467,VSIG10,VSIG10,
Gene,14468,VSIG10L,VSIG10L,
Gene,14469,VSIG2,VSIG2,
Gene,14470,VSNL1,VSNL1,
Gene,14471,VSTM2A,VSTM2A,
Gene,14472,VSTM4,VSTM4,
Gene,14473,VTI1A,VTI1A,
Gene,14474,VTI1B,VTI1B,
Gene,14475,VTN,VTN,
Gene,14476,VWA1,VWA1,
Gene,14477,VWA3A,VWA3A,
Gene,14478,VWA3B,VWA3B,
Gene,14479,VWA5A,VWA5A,
Gene,14480,VWA5B1,VWA5B1,
Gene,14481,VWA5B2,VWA5B2,
Gene,14482,VWA8,VWA8,
Gene,14483,VWC2,VWC2,
Gene,14484,VWCE,VWCE,
Gene,14485,VWF,VWF,
Gene,14486,VXN,VXN,
Gene,14487,Vegp2,Vegp2,
Gene,14488,Vmat,Vmat,
Gene,14489,Vmn1r227,Vmn1r227,
Gene,14490,Vmn1r53,Vmn1r53,
Gene,14491,Vmn1r71,Vmn1r71,
Gene,14492,Vmn2r111,Vmn2r111,
Gene,14493,Vmn2r3,Vmn2r3,
Gene,14494,Vmn2r43,Vmn2r43,
Gene,14495,Vmn2r71,Vmn2r71,
Gene,14496,Vmn2r96,Vmn2r96,
Gene,14497,Vmn2r97,Vmn2r97,
Gene,14498,Vof16,Vof16,
Gene,14499,Vom1r21,Vom1r21,
Gene,14500,Vom1r24,Vom1r24,
Gene,14501,Vom1r31,Vom1r31,
Gene,14502,Vom1r68,Vom1r68,
Gene,14503,Vom1r73,Vom1r73,
Gene,14504,Vom1r76,Vom1r76,
Gene,14505,Vom1r77,Vom1r77,
Gene,14506,Vom1r92,Vom1r92,
Gene,14507,Vom2r28,Vom2r28,
Gene,14508,Vom2r35,Vom2r35,
Gene,14509,Vom2r37,Vom2r37,
Gene,14510,Vom2r38,Vom2r38,
Gene,14511,Vom2r44,Vom2r44,
Gene,14512,Vom2r51,Vom2r51,
Gene,14513,Vom2r75,Vom2r75,
Gene,14514,Vps24,Vps24,
Gene,14515,WAC,WAC,
Gene,14516,WAPL,WAPL,
Gene,14517,WARS1,WARS1,
Gene,14518,WARS2,WARS2,
Gene,14519,WAS,WAS,
Gene,14520,WASF1,WASF1,
Gene,14521,WASF2,WASF2,
Gene,14522,WASH2P,WASH2P,
Gene,14523,WASH5P,WASH5P,
Gene,14524,WASHC1,WASHC1,
Gene,14525,WASHC2A,WASHC2A,
Gene,14526,WASHC2C,WASHC2C,
Gene,14527,WASHC3,WASHC3,
Gene,14528,WASHC5,WASHC5,
Gene,14529,WASL,WASL,
Gene,14530,WBP1,WBP1,
Gene,14531,WBP11,WBP11,
Gene,14532,WBP1L,WBP1L,
Gene,14533,WBP2,WBP2,
Gene,14534,WDCP,WDCP,
Gene,14535,WDFY1,WDFY1,
Gene,14536,WDFY2,WDFY2,
Gene,14537,WDFY3-AS2,WDFY3-AS2,
Gene,14538,WDHD1,WDHD1,
Gene,14539,WDPCP,WDPCP,
Gene,14540,WDR1,WDR1,9948
Gene,14541,WDR11,WDR11,
Gene,14542,WDR12,WDR12,
Gene,14543,WDR13,WDR13,
Gene,14544,WDR17,WDR17,
Gene,14545,WDR18,WDR18,
Gene,14546,WDR19,WDR19,
Gene,14547,WDR24,WDR24,
Gene,14548,WDR25,WDR25,
Gene,14549,WDR26,WDR26,
Gene,14550,WDR27,WDR27,
Gene,14551,WDR3,WDR3,
Gene,14552,WDR31,WDR31,
Gene,14553,WDR33,WDR33,
Gene,14554,WDR37,WDR37,
Gene,14555,WDR38,WDR38,
Gene,14556,WDR4,WDR4,
Gene,14557,WDR41,WDR41,
Gene,14558,WDR43,WDR43,
Gene,14559,WDR44,WDR44,
Gene,14560,WDR45,WDR45,
Gene,14561,WDR45B,WDR45B,
Gene,14562,WDR47,WDR47,
Gene,14563,WDR49,WDR49,
Gene,14564,WDR53,WDR53,
Gene,14565,WDR54,WDR54,
Gene,14566,WDR5B,WDR5B,
Gene,14567,WDR6,WDR6,
Gene,14568,WDR62,WDR62,
Gene,14569,WDR7,WDR7,
Gene,14570,WDR70,WDR70,
Gene,14571,WDR72,WDR72,
Gene,14572,WDR73,WDR73,
Gene,14573,WDR74,WDR74,
Gene,14574,WDR75,WDR75,
Gene,14575,WDR77,WDR77,
Gene,14576,WDR81,WDR81,
Gene,14577,WDR82,WDR82,
Gene,14578,WDR83OS,WDR83OS,
Gene,14579,WDR86,WDR86,
Gene,14580,WDR87,WDR87,
Gene,14581,WDR88,WDR88,
Gene,14582,WDR90,WDR90,
Gene,14583,WDR93,WDR93,
Gene,14584,WDSUB1,WDSUB1,
Gene,14585,WEE1,WEE1,
Gene,14586,WFDC1,WFDC1,
Gene,14587,WFDC2,WFDC2,
Gene,14588,WFDC3,WFDC3,
Gene,14589,WFIKKN2,WFIKKN2,
Gene,14590,WFS1,WFS1,
Gene,14591,WHAMMP3,WHAMMP3,
Gene,14592,WHRN,WHRN,
Gene,14593,WIF1,WIF1,
Gene,14594,WIPF3,WIPF3,
Gene,14595,WIPI1,WIPI1,
Gene,14596,WIPI2,WIPI2,
Gene,14597,WIZ,WIZ,
Gene,14598,WLS,WLS,
Gene,14599,WNK1,WNK1,
Gene,14600,WNK2,WNK2,
Gene,14601,WNK3,WNK3,
Gene,14602,WNK4,WNK4,
Gene,14603,WNT1,WNT1,
Gene,14604,WNT10A,WNT10A,
Gene,14605,WNT10B,WNT10B,
Gene,14606,WNT11,WNT11,
Gene,14607,WNT2,WNT2,
Gene,14608,WNT2B,WNT2B,
Gene,14609,WNT3,WNT3,
Gene,14610,WNT3A,WNT3A,
Gene,14611,WNT4,WNT4,
Gene,14612,WNT5A,WNT5A,
Gene,14613,WNT5B,WNT5B,
Gene,14614,WNT6,WNT6,
Gene,14615,WNT7A,WNT7A,
Gene,14616,WNT7B,WNT7B,
Gene,14617,WNT8A,WNT8A,
Gene,14618,WNT9A,WNT9A,
Gene,14619,WNT9B,WNT9B,
Gene,14620,WRAP53,WRAP53,
Gene,14621,WRAP73,WRAP73,
Gene,14622,WRN,WRN,
Gene,14623,WRNIP1,WRNIP1,
Gene,14624,WSB1,WSB1,
Gene,14625,WSB2,WSB2,
Gene,14626,WSCD1,WSCD1,
Gene,14627,WT1,WT1,
Gene,14628,WTIP,WTIP,
Gene,14629,WWC1,WWC1,
Gene,14630,WWC2,WWC2,
Gene,14631,WWC3,WWC3,
Gene,14632,WWOX,WWOX,
Gene,14633,WWP1,WWP1,
Gene,14634,WWP2,WWP2,
Gene,14635,WWTR1,WWTR1,
Gene,14636,Wap,Wap,
Gene,14637,Wbscr25,Wbscr25,
Gene,14638,Wdr95,Wdr95,
Gene,14639,Wfdc15b,Wfdc15b,
Gene,14640,Wfdc16,Wfdc16,
Gene,14641,Wfdc18,Wfdc18,
Gene,14642,Wfdc21,Wfdc21,
Gene,14643,Wfdc6a,Wfdc6a,
Gene,14644,XAF1,XAF1,
Gene,14645,XBP1,XBP1,
Gene,14646,XCL1,XCL1,
Gene,14647,XCR1,XCR1,
Gene,14648,XDH,XDH,
Gene,14649,XIAP,XIAP,
Gene,14650,XIRP1,XIRP1,
Gene,14651,XIRP2,XIRP2,
Gene,14652,XK,XK,
Gene,14653,XKR5,XKR5,
Gene,14654,XKR6,XKR6,
Gene,14655,XKR8,XKR8,
Gene,14656,XPC,XPC,
Gene,14657,XPNPEP1,XPNPEP1,
Gene,14658,XPNPEP2,XPNPEP2,
Gene,14659,XPNPEP3,XPNPEP3,
Gene,14660,XPO1,XPO1,
Gene,14661,XPO4,XPO4,
Gene,14662,XPO5,XPO5,
Gene,14663,XPO6,XPO6,
Gene,14664,XPO7,XPO7,
Gene,14665,XPOT,XPOT,
Gene,14666,XPR1,XPR1,
Gene,14667,XRCC1,XRCC1,7515
Gene,14668,XRCC2,XRCC2,
Gene,14669,XRCC3,XRCC3,
Gene,14670,XRCC4,XRCC4,
Gene,14671,XRCC5,XRCC5,7520
Gene,14672,XRCC6,XRCC6,
Gene,14673,XRN1,XRN1,
Gene,14674,XRN2,XRN2,
Gene,14675,XXYLT1,XXYLT1,
Gene,14676,XYLT1,XYLT1,
Gene,14677,XYLT2,XYLT2,
Gene,14678,Xlr,Xlr,
Gene,14679,Xlr3a,Xlr3a,
Gene,14680,Xlr4b,Xlr4b,
Gene,14681,Xlr4c,Xlr4c,
Gene,14682,Y39B6A.25,Y39B6A.25,
Gene,14683,Y57G11C.8,Y57G11C.8,
Gene,14684,Y94H6A.10,Y94H6A.10,
Gene,14685,YAE1,YAE1,
Gene,14686,YAF2,YAF2,
Gene,14687,YAP1,YAP1,
Gene,14688,YARS1,YARS1,
Gene,14689,YARS2,YARS2,
Gene,14690,YBEY,YBEY,
Gene,14691,YBX1,YBX1,
Gene,14692,YBX3,YBX3,
Gene,14693,YDJC,YDJC,
Gene,14694,YES1,YES1,
Gene,14695,YIF1A,YIF1A,
Gene,14696,YIF1B,YIF1B,
Gene,14697,YIPF3,YIPF3,
Gene,14698,YIPF5,YIPF5,
Gene,14699,YJU2,YJU2,
Gene,14700,YJU2B,YJU2B,
Gene,14701,YKT6,YKT6,
Gene,14702,YLPM1,YLPM1,
Gene,14703,YPEL1,YPEL1,
Gene,14704,YPEL2,YPEL2,
Gene,14705,YPEL3,YPEL3,
Gene,14706,YPEL5,YPEL5,
Gene,14707,YRDC,YRDC,
Gene,14708,YTHDC1,YTHDC1,
Gene,14709,YTHDC2,YTHDC2,
Gene,14710,YTHDF1,YTHDF1,
Gene,14711,YWHAB,YWHAB,
Gene,14712,YWHAE,YWHAE,
Gene,14713,YWHAG,YWHAG,
Gene,14714,YWHAH,YWHAH,
Gene,14715,YWHAQ,YWHAQ,
Gene,14716,YWHAZ,YWHAZ,
Gene,14717,YY1,YY1,
Gene,14718,YY1AP1,YY1AP1,
Gene,14719,ZACN,ZACN,
Gene,14720,ZAN,ZAN,
Gene,14721,ZAP70,ZAP70,
Gene,14722,ZAR1L,ZAR1L,
Gene,14723,ZBED1,ZBED1,
Gene,14724,ZBED2,ZBED2,
Gene,14725,ZBED3,ZBED3,
Gene,14726,ZBED5,ZBED5,
Gene,14727,ZBED6,ZBED6,
Gene,14728,ZBP1,ZBP1,
Gene,14729,ZBTB1,ZBTB1,
Gene,14730,ZBTB10,ZBTB10,
Gene,14731,ZBTB11,ZBTB11,
Gene,14732,ZBTB12,ZBTB12,
Gene,14733,ZBTB14,ZBTB14,
Gene,14734,ZBTB16,ZBTB16,
Gene,14735,ZBTB17,ZBTB17,
Gene,14736,ZBTB18,ZBTB18,
Gene,14737,ZBTB2,ZBTB2,
Gene,14738,ZBTB20,ZBTB20,
Gene,14739,ZBTB21,ZBTB21,
Gene,14740,ZBTB22,ZBTB22,
Gene,14741,ZBTB24,ZBTB24,
Gene,14742,ZBTB3,ZBTB3,
Gene,14743,ZBTB33,ZBTB33,
Gene,14744,ZBTB38,ZBTB38,
Gene,14745,ZBTB40,ZBTB40,
Gene,14746,ZBTB41,ZBTB41,
Gene,14747,ZBTB43,ZBTB43,
Gene,14748,ZBTB44,ZBTB44,
Gene,14749,ZBTB46,ZBTB46,
Gene,14750,ZBTB7A,ZBTB7A,
Gene,14751,ZBTB7C,ZBTB7C,
Gene,14752,ZBTB8A,ZBTB8A,
Gene,14753,ZBTB8OS,ZBTB8OS,
Gene,14754,ZBTB9,ZBTB9,
Gene,14755,ZC2HC1A,ZC2HC1A,
Gene,14756,ZC2HC1C,ZC2HC1C,
Gene,14757,ZC3H10,ZC3H10,
Gene,14758,ZC3H11A,ZC3H11A,
Gene,14759,ZC3H12A,ZC3H12A,
Gene,14760,ZC3H12C,ZC3H12C,
Gene,14761,ZC3H13,ZC3H13,
Gene,14762,ZC3H14,ZC3H14,
Gene,14763,ZC3H15,ZC3H15,
Gene,14764,ZC3H18,ZC3H18,
Gene,14765,ZC3H4,ZC3H4,
Gene,14766,ZC3H6,ZC3H6,
Gene,14767,ZC3H7A,ZC3H7A,
Gene,14768,ZC3H7B,ZC3H7B,
Gene,14769,ZC3H8,ZC3H8,
Gene,14770,ZC3HAV1,ZC3HAV1,
Gene,14771,ZC3HC1,ZC3HC1,
Gene,14772,ZCCHC12,ZCCHC12,
Gene,14773,ZCCHC14,ZCCHC14,
Gene,14774,ZCCHC17,ZCCHC17,
Gene,14775,ZCCHC18,ZCCHC18,
Gene,14776,ZCCHC2,ZCCHC2,
Gene,14777,ZCCHC24,ZCCHC24,
Gene,14778,ZCCHC7,ZCCHC7,
Gene,14779,ZCCHC8,ZCCHC8,
Gene,14780,ZCRB1,ZCRB1,
Gene,14781,ZCWPW1,ZCWPW1,
Gene,14782,ZCWPW2,ZCWPW2,
Gene,14783,ZDBF2,ZDBF2,
Gene,14784,ZDHHC12,ZDHHC12,
Gene,14785,ZDHHC13,ZDHHC13,
Gene,14786,ZDHHC14,ZDHHC14,
Gene,14787,ZDHHC19,ZDHHC19,
Gene,14788,ZDHHC2,ZDHHC2,
Gene,14789,ZDHHC20,ZDHHC20,
Gene,14790,ZDHHC21,ZDHHC21,
Gene,14791,ZDHHC23,ZDHHC23,
Gene,14792,ZDHHC3,ZDHHC3,
Gene,14793,ZDHHC4,ZDHHC4,
Gene,14794,ZDHHC5,ZDHHC5,
Gene,14795,ZDHHC6,ZDHHC6,
Gene,14796,ZDHHC7,ZDHHC7,
Gene,14797,ZEB1,ZEB1,
Gene,14798,ZEB2,ZEB2,
Gene,14799,ZER1,ZER1,
Gene,14800,ZFAND1,ZFAND1,
Gene,14801,ZFAND2A,ZFAND2A,
Gene,14802,ZFAND2B,ZFAND2B,
Gene,14803,ZFAND3,ZFAND3,
Gene,14804,ZFAND4,ZFAND4,
Gene,14805,ZFAND5,ZFAND5,
Gene,14806,ZFAS1,ZFAS1,
Gene,14807,ZFAT,ZFAT,
Gene,14808,ZFC3H1,ZFC3H1,
Gene,14809,ZFHX2,ZFHX2,
Gene,14810,ZFHX3,ZFHX3,
Gene,14811,ZFP1,ZFP1,
Gene,14812,ZFP2,ZFP2,
Gene,14813,ZFP30,ZFP30,
Gene,14814,ZFP36,ZFP36,
Gene,14815,ZFP36L1,ZFP36L1,
Gene,14816,ZFP36L2,ZFP36L2,
Gene,14817,ZFP37,ZFP37,
Gene,14818,ZFP41,ZFP41,
Gene,14819,ZFP57,ZFP57,
Gene,14820,ZFP62,ZFP62,
Gene,14821,ZFP69,ZFP69,
Gene,14822,ZFP69B,ZFP69B,
Gene,14823,ZFP90,ZFP90,
Gene,14824,ZFP91,ZFP91,
Gene,14825,ZFPL1,ZFPL1,
Gene,14826,ZFPM2,ZFPM2,
Gene,14827,ZFR2,ZFR2,
Gene,14828,ZFTA,ZFTA,
Gene,14829,ZFTRAF1,ZFTRAF1,
Gene,14830,ZFX,ZFX,
Gene,14831,ZFY,ZFY,
Gene,14832,ZFYVE1,ZFYVE1,
Gene,14833,ZFYVE16,ZFYVE16,
Gene,14834,ZFYVE19,ZFYVE19,
Gene,14835,ZFYVE21,ZFYVE21,
Gene,14836,ZFYVE26,ZFYVE26,
Gene,14837,ZFYVE27,ZFYVE27,
Gene,14838,ZG16,ZG16,
Gene,14839,ZG16B,ZG16B,
Gene,14840,ZGPAT,ZGPAT,
Gene,14841,ZHX1,ZHX1,
Gene,14842,ZHX2,ZHX2,
Gene,14843,ZHX3,ZHX3,
Gene,14844,ZIC2,ZIC2,
Gene,14845,ZIC5,ZIC5,
Gene,14846,ZKSCAN1,ZKSCAN1,
Gene,14847,ZKSCAN2,ZKSCAN2,
Gene,14848,ZKSCAN4,ZKSCAN4,
Gene,14849,ZKSCAN5,ZKSCAN5,
Gene,14850,ZKSCAN8,ZKSCAN8,
Gene,14851,ZMAT2,ZMAT2,
Gene,14852,ZMAT3,ZMAT3,
Gene,14853,ZMAT5,ZMAT5,
Gene,14854,ZMIZ1,ZMIZ1,
Gene,14855,ZMIZ2,ZMIZ2,
Gene,14856,ZMPSTE24,ZMPSTE24,
Gene,14857,ZMYM2,ZMYM2,
Gene,14858,ZMYM3,ZMYM3,
Gene,14859,ZMYM4,ZMYM4,
Gene,14860,ZMYM5,ZMYM5,
Gene,14861,ZMYM6,ZMYM6,
Gene,14862,ZMYND11,ZMYND11,
Gene,14863,ZMYND12,ZMYND12,
Gene,14864,ZMYND15,ZMYND15,
Gene,14865,ZMYND19,ZMYND19,
Gene,14866,ZMYND8,ZMYND8,
Gene,14867,ZNF10,ZNF10,
Gene,14868,ZNF106,ZNF106,
Gene,14869,ZNF112,ZNF112,
Gene,14870,ZNF114,ZNF114,
Gene,14871,ZNF117,ZNF117,
Gene,14872,ZNF12,ZNF12,
Gene,14873,ZNF121,ZNF121,
Gene,14874,ZNF131,ZNF131,
Gene,14875,ZNF134,ZNF134,
Gene,14876,ZNF137P,ZNF137P,
Gene,14877,ZNF138,ZNF138,
Gene,14878,ZNF141,ZNF141,
Gene,14879,ZNF146,ZNF146,
Gene,14880,ZNF148,ZNF148,
Gene,14881,ZNF154,ZNF154,
Gene,14882,ZNF165,ZNF165,
Gene,14883,ZNF177,ZNF177,
Gene,14884,ZNF180,ZNF180,
Gene,14885,ZNF184,ZNF184,
Gene,14886,ZNF185,ZNF185,
Gene,14887,ZNF189,ZNF189,
Gene,14888,ZNF195,ZNF195,
Gene,14889,ZNF205,ZNF205,
Gene,14890,ZNF207,ZNF207,
Gene,14891,ZNF211,ZNF211,
Gene,14892,ZNF212,ZNF212,
Gene,14893,ZNF215,ZNF215,
Gene,14894,ZNF217,ZNF217,
Gene,14895,ZNF219,ZNF219,
Gene,14896,ZNF22,ZNF22,
Gene,14897,ZNF224,ZNF224,
Gene,14898,ZNF225,ZNF225,
Gene,14899,ZNF227,ZNF227,
Gene,14900,ZNF229,ZNF229,
Gene,14901,ZNF23,ZNF23,
Gene,14902,ZNF239,ZNF239,
Gene,14903,ZNF24,ZNF24,
Gene,14904,ZNF248,ZNF248,
Gene,14905,ZNF254,ZNF254,
Gene,14906,ZNF256,ZNF256,
Gene,14907,ZNF26,ZNF26,
Gene,14908,ZNF260,ZNF260,
Gene,14909,ZNF263,ZNF263,
Gene,14910,ZNF264,ZNF264,
Gene,14911,ZNF266,ZNF266,
Gene,14912,ZNF268,ZNF268,
Gene,14913,ZNF274,ZNF274,
Gene,14914,ZNF276,ZNF276,
Gene,14915,ZNF280A,ZNF280A,
Gene,14916,ZNF280C,ZNF280C,
Gene,14917,ZNF281,ZNF281,
Gene,14918,ZNF285,ZNF285,
Gene,14919,ZNF286A,ZNF286A,
Gene,14920,ZNF292,ZNF292,
Gene,14921,ZNF296,ZNF296,
Gene,14922,ZNF30,ZNF30,
Gene,14923,ZNF304,ZNF304,
Gene,14924,ZNF316,ZNF316,
Gene,14925,ZNF318,ZNF318,
Gene,14926,ZNF324,ZNF324,
Gene,14927,ZNF329,ZNF329,
Gene,14928,ZNF331,ZNF331,
Gene,14929,ZNF334,ZNF334,
Gene,14930,ZNF337,ZNF337,
Gene,14931,ZNF33B,ZNF33B,
Gene,14932,ZNF343,ZNF343,
Gene,14933,ZNF354A,ZNF354A,
Gene,14934,ZNF354B,ZNF354B,
Gene,14935,ZNF354C,ZNF354C,
Gene,14936,ZNF358,ZNF358,
Gene,14937,ZNF362,ZNF362,
Gene,14938,ZNF37A,ZNF37A,
Gene,14939,ZNF37BP,ZNF37BP,
Gene,14940,ZNF382,ZNF382,
Gene,14941,ZNF385B,ZNF385B,
Gene,14942,ZNF394,ZNF394,
Gene,14943,ZNF395,ZNF395,
Gene,14944,ZNF407,ZNF407,
Gene,14945,ZNF41,ZNF41,
Gene,14946,ZNF410,ZNF410,
Gene,14947,ZNF418,ZNF418,
Gene,14948,ZNF419,ZNF419,
Gene,14949,ZNF423,ZNF423,
Gene,14950,ZNF430,ZNF430,
Gene,14951,ZNF431,ZNF431,
Gene,14952,ZNF432,ZNF432,
Gene,14953,ZNF439,ZNF439,
Gene,14954,ZNF44,ZNF44,
Gene,14955,ZNF440,ZNF440,
Gene,14956,ZNF441,ZNF441,
Gene,14957,ZNF442,ZNF442,
Gene,14958,ZNF443,ZNF443,
Gene,14959,ZNF446,ZNF446,
Gene,14960,ZNF45,ZNF45,
Gene,14961,ZNF451,ZNF451,
Gene,14962,ZNF467,ZNF467,
Gene,14963,ZNF468,ZNF468,
Gene,14964,ZNF470,ZNF470,
Gene,14965,ZNF473,ZNF473,
Gene,14966,ZNF480,ZNF480,
Gene,14967,ZNF483,ZNF483,
Gene,14968,ZNF487,ZNF487,
Gene,14969,ZNF490,ZNF490,
Gene,14970,ZNF492,ZNF492,
Gene,14971,ZNF502,ZNF502,
Gene,14972,ZNF503,ZNF503,
Gene,14973,ZNF510,ZNF510,
Gene,14974,ZNF511,ZNF511,
Gene,14975,ZNF513,ZNF513,
Gene,14976,ZNF518A,ZNF518A,
Gene,14977,ZNF521,ZNF521,
Gene,14978,ZNF525,ZNF525,
Gene,14979,ZNF529,ZNF529,
Gene,14980,ZNF532,ZNF532,
Gene,14981,ZNF547,ZNF547,
Gene,14982,ZNF550,ZNF550,
Gene,14983,ZNF552,ZNF552,
Gene,14984,ZNF555,ZNF555,
Gene,14985,ZNF557,ZNF557,
Gene,14986,ZNF559,ZNF559,
Gene,14987,ZNF561,ZNF561,
Gene,14988,ZNF562,ZNF562,
Gene,14989,ZNF565,ZNF565,
Gene,14990,ZNF566,ZNF566,
Gene,14991,ZNF569,ZNF569,
Gene,14992,ZNF57,ZNF57,
Gene,14993,ZNF571,ZNF571,
Gene,14994,ZNF572,ZNF572,
Gene,14995,ZNF573,ZNF573,
Gene,14996,ZNF576,ZNF576,
Gene,14997,ZNF579,ZNF579,
Gene,14998,ZNF580,ZNF580,
Gene,14999,ZNF581,ZNF581,
Gene,15000,ZNF586,ZNF586,
Gene,15001,ZNF587B,ZNF587B,
Gene,15002,ZNF589,ZNF589,
Gene,15003,ZNF592,ZNF592,
Gene,15004,ZNF593,ZNF593,
Gene,15005,ZNF594,ZNF594,
Gene,15006,ZNF597,ZNF597,
Gene,15007,ZNF598,ZNF598,
Gene,15008,ZNF600,ZNF600,
Gene,15009,ZNF606,ZNF606,
Gene,15010,ZNF608,ZNF608,
Gene,15011,ZNF609,ZNF609,
Gene,15012,ZNF611,ZNF611,
Gene,15013,ZNF622,ZNF622,
Gene,15014,ZNF624,ZNF624,
Gene,15015,ZNF627,ZNF627,
Gene,15016,ZNF628,ZNF628,
Gene,15017,ZNF638,ZNF638,
Gene,15018,ZNF639,ZNF639,
Gene,15019,ZNF644,ZNF644,
Gene,15020,ZNF648,ZNF648,
Gene,15021,ZNF652,ZNF652,
Gene,15022,ZNF655,ZNF655,
Gene,15023,ZNF658,ZNF658,
Gene,15024,ZNF662,ZNF662,
Gene,15025,ZNF665,ZNF665,
Gene,15026,ZNF667,ZNF667,
Gene,15027,ZNF668,ZNF668,
Gene,15028,ZNF671,ZNF671,
Gene,15029,ZNF672,ZNF672,
Gene,15030,ZNF682,ZNF682,
Gene,15031,ZNF684,ZNF684,
Gene,15032,ZNF687,ZNF687,
Gene,15033,ZNF692,ZNF692,
Gene,15034,ZNF699,ZNF699,
Gene,15035,ZNF700,ZNF700,
Gene,15036,ZNF703,ZNF703,
Gene,15037,ZNF704,ZNF704,
Gene,15038,ZNF706,ZNF706,
Gene,15039,ZNF707,ZNF707,
Gene,15040,ZNF708,ZNF708,
Gene,15041,ZNF709,ZNF709,
Gene,15042,ZNF71,ZNF71,
Gene,15043,ZNF711,ZNF711,
Gene,15044,ZNF714,ZNF714,
Gene,15045,ZNF717,ZNF717,
Gene,15046,ZNF721,ZNF721,
Gene,15047,ZNF726,ZNF726,
Gene,15048,ZNF74,ZNF74,
Gene,15049,ZNF75A,ZNF75A,
Gene,15050,ZNF75D,ZNF75D,
Gene,15051,ZNF761,ZNF761,
Gene,15052,ZNF768,ZNF768,
Gene,15053,ZNF770,ZNF770,
Gene,15054,ZNF771,ZNF771,
Gene,15055,ZNF772,ZNF772,
Gene,15056,ZNF775,ZNF775,
Gene,15057,ZNF777,ZNF777,
Gene,15058,ZNF780A,ZNF780A,
Gene,15059,ZNF788P,ZNF788P,
Gene,15060,ZNF789,ZNF789,
Gene,15061,ZNF79,ZNF79,
Gene,15062,ZNF790,ZNF790,
Gene,15063,ZNF791,ZNF791,
Gene,15064,ZNF792,ZNF792,
Gene,15065,ZNF8-ERVK3-1,ZNF8-ERVK3-1,
Gene,15066,ZNF821,ZNF821,
Gene,15067,ZNF827,ZNF827,
Gene,15068,ZNF83,ZNF83,
Gene,15069,ZNF831,ZNF831,
Gene,15070,ZNF839,ZNF839,
Gene,15071,ZNF84,ZNF84,
Gene,15072,ZNF85,ZNF85,
Gene,15073,ZNF850,ZNF850,
Gene,15074,ZNF853,ZNF853,
Gene,15075,ZNF860,ZNF860,
Gene,15076,ZNF875,ZNF875,
Gene,15077,ZNF878,ZNF878,
Gene,15078,ZNF91,ZNF91,
Gene,15079,ZNF92,ZNF92,
Gene,15080,ZNF93,ZNF93,
Gene,15081,ZNFX1,ZNFX1,
Gene,15082,ZNG1C,ZNG1C,
Gene,15083,ZNG1E,ZNG1E,
Gene,15084,ZNHIT1,ZNHIT1,
Gene,15085,ZNHIT6,ZNHIT6,
Gene,15086,ZNRD2,ZNRD2,
Gene,15087,ZNRF3,ZNRF3,
Gene,15088,ZP1,ZP1,
Gene,15089,ZP2,ZP2,
Gene,15090,ZP3,ZP3,
Gene,15091,ZPR1,ZPR1,
Gene,15092,ZRANB2,ZRANB2,
Gene,15093,ZRANB2-DT,ZRANB2-DT,
Gene,15094,ZRANB3,ZRANB3,
Gene,15095,ZRSR2,ZRSR2,
Gene,15096,ZSCAN12,ZSCAN12,
Gene,15097,ZSCAN12P1,ZSCAN12P1,
Gene,15098,ZSCAN16,ZSCAN16,
Gene,15099,ZSCAN18,ZSCAN18,
Gene,15100,ZSCAN21,ZSCAN21,
Gene,15101,ZSCAN26,ZSCAN26,
Gene,15102,ZSCAN29,ZSCAN29,
Gene,15103,ZSCAN31,ZSCAN31,
Gene,15104,ZSCAN4,ZSCAN4,
Gene,15105,ZSCAN5A,ZSCAN5A,
Gene,15106,ZSCAN5C,ZSCAN5C,
Gene,15107,ZSCAN9,ZSCAN9,
Gene,15108,ZSWIM1,ZSWIM1,
Gene,15109,ZSWIM4,ZSWIM4,
Gene,15110,ZSWIM5,ZSWIM5,
Gene,15111,ZSWIM6,ZSWIM6,
Gene,15112,ZSWIM8,ZSWIM8,
Gene,15113,ZW10,ZW10,
Gene,15114,ZWILCH,ZWILCH,
Gene,15115,ZWINT,ZWINT,
Gene,15116,ZXDB,ZXDB,
Gene,15117,ZXDC,ZXDC,
Gene,15118,ZYX,ZYX,
Gene,15119,ZZEF1,ZZEF1,
Gene,15120,ZZZ3,ZZZ3,
Gene,15121,Zfa-ps,Zfa-ps,
Gene,15122,Zfp110,Zfp110,
Gene,15123,Zfp120,Zfp120,
Gene,15124,Zfp146,Zfp146,
Gene,15125,Zfp157,Zfp157,
Gene,15126,Zfp184,Zfp184,
Gene,15127,Zfp213,Zfp213,
Gene,15128,Zfp219,Zfp219,
Gene,15129,Zfp248,Zfp248,
Gene,15130,Zfp260,Zfp260,
Gene,15131,Zfp275,Zfp275,
Gene,15132,Zfp282,Zfp282,
Gene,15133,Zfp286,Zfp286,
Gene,15134,Zfp292,Zfp292,
Gene,15135,Zfp300,Zfp300,
Gene,15136,Zfp318,Zfp318,
Gene,15137,Zfp324,Zfp324,
Gene,15138,Zfp330,Zfp330,
Gene,15139,Zfp346,Zfp346,
Gene,15140,Zfp35,Zfp35,
Gene,15141,Zfp354a,Zfp354a,
Gene,15142,Zfp354b,Zfp354b,
Gene,15143,Zfp384,Zfp384,
Gene,15144,Zfp385d,Zfp385d,
Gene,15145,Zfp386,Zfp386,
Gene,15146,Zfp395,Zfp395,
Gene,15147,Zfp410,Zfp410,
Gene,15148,Zfp414,Zfp414,
Gene,15149,Zfp428,Zfp428,
Gene,15150,Zfp444,Zfp444,
Gene,15151,Zfp449,Zfp449,
Gene,15152,Zfp451,Zfp451,
Gene,15153,Zfp46,Zfp46,
Gene,15154,Zfp462,Zfp462,
Gene,15155,Zfp467,Zfp467,
Gene,15156,Zfp469,Zfp469,
Gene,15157,Zfp512,Zfp512,
Gene,15158,Zfp521,Zfp521,
Gene,15159,Zfp566,Zfp566,
Gene,15160,Zfp579,Zfp579,
Gene,15161,Zfp599,Zfp599,
Gene,15162,Zfp61,Zfp61,
Gene,15163,Zfp617,Zfp617,
Gene,15164,Zfp618,Zfp618,
Gene,15165,Zfp637,Zfp637,
Gene,15166,Zfp644,Zfp644,
Gene,15167,Zfp647,Zfp647,
Gene,15168,Zfp672,Zfp672,
Gene,15169,Zfp683,Zfp683,
Gene,15170,Zfp688,Zfp688,
Gene,15171,Zfp691,Zfp691,
Gene,15172,Zfp704,Zfp704,
Gene,15173,Zfp706,Zfp706,
Gene,15174,Zfp707,Zfp707,
Gene,15175,Zfp709,Zfp709,
Gene,15176,Zfp711,Zfp711,
Gene,15177,Zfp719,Zfp719,
Gene,15178,Zfp750,Zfp750,
Gene,15179,Zfp781b,Zfp781b,
Gene,15180,Zfp783,Zfp783,
Gene,15181,Zfp799,Zfp799,
Gene,15182,Zfp809,Zfp809,
Gene,15183,Zfp810,Zfp810,
Gene,15184,Zfp811,Zfp811,
Gene,15185,Zfp819,Zfp819,
Gene,15186,Zfp825,Zfp825,
Gene,15187,Zfp827,Zfp827,
Gene,15188,Zfp882,Zfp882,
Gene,15189,Zfp941,Zfp941,
Gene,15190,Zfp943,Zfp943,
Gene,15191,Zfp950,Zfp950,
Gene,15192,Zfp957,Zfp957,
Gene,15193,Zfp958,Zfp958,
Gene,15194,Zfp972,Zfp972,
Gene,15195,Zfp974,Zfp974,
Gene,15196,Zfp984,Zfp984,
Gene,15197,Zim1,Zim1,
Gene,15198,Zkscan16,Zkscan16,
Gene,15199,Zp3r,Zp3r,
Gene,15200,a,a,
Gene,15201,aanat2,aanat2,
Gene,15202,abcb11b,abcb11b,
Gene,15203,abcg2a,abcg2a,
Gene,15204,act-2,act-2,
Gene,15205,adh8b,adh8b,
Gene,15206,age-1,age-1,
Gene,15207,agxtb,agxtb,
Gene,15208,ahr1a,ahr1a,
Gene,15209,ahr1b,ahr1b,
Gene,15210,ahr2,ahr2,
Gene,15211,alox5b.3,alox5b.3,
Gene,15212,alr,alr,
Gene,15213,alt,alt,
Gene,15214,ampC,ampC,
Gene,15215,amx-2,amx-2,
Gene,15216,amyE,amyE,
Gene,15217,ankrd1b,ankrd1b,
Gene,15218,ankrd50l,ankrd50l,
Gene,15219,antxr2a,antxr2a,
Gene,15220,anxa11b,anxa11b,
Gene,15221,apoba,apoba,
Gene,15222,apobb.1,apobb.1,
Gene,15223,apooa,apooa,
Gene,15224,aqp3a,aqp3a,
Gene,15225,ar.L,ar.L,
Gene,15226,ascl1a,ascl1a,
Gene,15227,asp,asp,
Gene,15228,aspA,aspA,
Gene,15229,atf5b,atf5b,
Gene,15230,atp1a1b,atp1a1b,
Gene,15231,atp1a3b,atp1a3b,
Gene,15232,atp1b2b,atp1b2b,
Gene,15233,baxa,baxa,
Gene,15234,bcl11ba,bcl11ba,
Gene,15235,bcl2a,bcl2a,
Gene,15236,bin1b,bin1b,
Gene,15237,blaP,blaP,
Gene,15238,bmal1a,bmal1a,
Gene,15239,bmb,bmb,
Gene,15240,bsk,bsk,
Gene,15241,c3a.4,c3a.4,
Gene,15242,calb2b,calb2b,
Gene,15243,calr3a,calr3a,
Gene,15244,canA,canA,
Gene,15245,canB,canB,
Gene,15246,caprin1b,caprin1b,
Gene,15247,cart1,cart1,
Gene,15248,casp3a,casp3a,
Gene,15249,casq1b,casq1b,
Gene,15250,cat-1,cat-1,
Gene,15251,catA,catA,
Gene,15252,cdk1,cdk1,
Gene,15253,cdk5r1b,cdk5r1b,
Gene,15254,cga.S,cga.S,
Gene,15255,chk-1,chk-1,
Gene,15256,cipcb,cipcb,
Gene,15257,ckmb,ckmb,
Gene,15258,cldnk,cldnk,
Gene,15259,clk4a,clk4a,
Gene,15260,cmoJ,cmoJ,
Gene,15261,cnbpa,cnbpa,
Gene,15262,cnrip1a,cnrip1a,
Gene,15263,cobT,cobT,
Gene,15264,col18a1b,col18a1b,
Gene,15265,col1a1a,col1a1a,
Gene,15266,col28a1b,col28a1b,
Gene,15267,comta,comta,
Gene,15268,cpt1ab,cpt1ab,
Gene,15269,crema,crema,
Gene,15270,crybb1l1,crybb1l1,
Gene,15271,crygm2a,crygm2a,
Gene,15272,crygm2b,crygm2b,
Gene,15273,crygm4,crygm4,
Gene,15274,crygm6,crygm6,
Gene,15275,crygm7,crygm7,
Gene,15276,cst,cst,
Gene,15277,cst14b.2,cst14b.2,
Gene,15278,cxcl18b,cxcl18b,
Gene,15279,cxcl8a,cxcl8a,
Gene,15280,cxcr7,cxcr7,
Gene,15281,cyp19a1a,cyp19a1a,
Gene,15282,cyp19a1b,cyp19a1b,
Gene,15283,cyp1a,cyp1a,
Gene,15284,cyp2k19,cyp2k19,
Gene,15285,cyp3a65,cyp3a65,
Gene,15286,cypC,cypC,
Gene,15287,daf-16,daf-16,
Gene,15288,daf-2,daf-2,
Gene,15289,dat-1,dat-1,
Gene,15290,ddp-1,ddp-1,
Gene,15291,ddx3xa,ddx3xa,
Gene,15292,dhhc-3,dhhc-3,
Gene,15293,dhrs13a.2,dhrs13a.2,
Gene,15294,dimt1l,dimt1l,
Gene,15295,dkk1b,dkk1b,
Gene,15296,dmbx1a,dmbx1a,
Gene,15297,dnm1a,dnm1a,
Gene,15298,dnmt3aa,dnmt3aa,
Gene,15299,dop-2,dop-2,
Gene,15300,dpysl5a,dpysl5a,
Gene,15301,dpysl5b,dpysl5b,
Gene,15302,dxr,dxr,
Gene,15303,e,e,
Gene,15304,eco,eco,
Gene,15305,ecrg4b,ecrg4b,
Gene,15306,egl-30,egl-30,
Gene,15307,egr2b,egr2b,
Gene,15308,eif4ebp3l,eif4ebp3l,
Gene,15309,eif4g1a,eif4g1a,
Gene,15310,ela3b,ela3b,
Gene,15311,elovl4b,elovl4b,
Gene,15312,epb41b,epb41b,
Gene,15313,er,er,
Gene,15314,esr1.L,esr1.L,
Gene,15315,esr2.L,esr2.L,
Gene,15316,esr2a,esr2a,
Gene,15317,esr2b,esr2b,
Gene,15318,ezra,ezra,
Gene,15319,fabB,fabB,
Gene,15320,fabF,fabF,
Gene,15321,fabH,fabH,
Gene,15322,fabI,fabI,
Gene,15323,fabZ,fabZ,
Gene,15324,fabp,fabp,
Gene,15325,fabp10a,fabp10a,
Gene,15326,fabp4a,fabp4a,
Gene,15327,fabp7a,fabp7a,
Gene,15328,fadR,fadR,
Gene,15329,fhl1a,fhl1a,
Gene,15330,fhuA,fhuA,
Gene,15331,fip1l1a,fip1l1a,
Gene,15332,fth1b,fth1b,
Gene,15333,ftl2,ftl2,
Gene,15334,fumC,fumC,
Gene,15335,fy,fy,
Gene,15336,g6pc1a.2,g6pc1a.2,
Gene,15337,gadd45aa,gadd45aa,
Gene,15338,gadd45bb,gadd45bb,
Gene,15339,gas-1,gas-1,
Gene,15340,gbp,gbp,
Gene,15341,glk,glk,
Gene,15342,glnA,glnA,
Gene,15343,glnA1,glnA1,
Gene,15344,glpF,glpF,
Gene,15345,glula,glula,
Gene,15346,gnao1a,gnao1a,
Gene,15347,gngt2b,gngt2b,
Gene,15348,gnrh3,gnrh3,
Gene,15349,gpd1a,gpd1a,
Gene,15350,gpx1a,gpx1a,
Gene,15351,gpx1b,gpx1b,
Gene,15352,gpx4a,gpx4a,
Gene,15353,grk-2,grk-2,
Gene,15354,gsdmeb,gsdmeb,
Gene,15355,gst-4,gst-4,
Gene,15356,gsta.1,gsta.1,
Gene,15357,gstk4,gstk4,
Gene,15358,gstm.1,gstm.1,
Gene,15359,gstm.2,gstm.2,
Gene,15360,gtpbp1l,gtpbp1l,
Gene,15361,guaA,guaA,
Gene,15362,gyg1a,gyg1a,
Gene,15363,hdlbpa,hdlbpa,
Gene,15364,hdlbpb,hdlbpb,
Gene,15365,hhatlb,hhatlb,
Gene,15366,hlh-30,hlh-30,
Gene,15367,hmbsa,hmbsa,
Gene,15368,hmox1a,hmox1a,
Gene,15369,hpda,hpda,
Gene,15370,hprt1l,hprt1l,
Gene,15371,hsc70,hsc70,
Gene,15372,hsp-16.2,hsp-16.2,
Gene,15373,hspb11,hspb11,
Gene,15374,icd,icd,
Gene,15375,icn,icn,
Gene,15376,ifng1,ifng1,
Gene,15377,igfbp1a,igfbp1a,
Gene,15378,inhA,inhA,
Gene,15379,inhbab,inhbab,
Gene,15380,irgf1,irgf1,
Gene,15381,jac6,jac6,
Gene,15382,jdp2b,jdp2b,
Gene,15383,keap1a,keap1a,
Gene,15384,keap1b,keap1b,
Gene,15385,kiss2,kiss2,
Gene,15386,kmt2bb,kmt2bb,
Gene,15387,kpnb3,kpnb3,
Gene,15388,kyat3.2,kyat3.2,
Gene,15389,lamB,lamB,
Gene,15390,lamb1b,lamb1b,
Gene,15391,larp,larp,
Gene,15392,lipB,lipB,
Gene,15393,lncRNA:Hsromega,lncRNA:Hsromega,
Gene,15394,lpxC,lpxC,
Gene,15395,lyz,lyz,
Gene,15396,mafga,mafga,
Gene,15397,malE,malE,
Gene,15398,malP,malP,
Gene,15399,map2k4a,map2k4a,
Gene,15400,mapk8b,mapk8b,
Gene,15401,mat2al,mat2al,
Gene,15402,mbpa,mbpa,
Gene,15403,mbpb,mbpb,
Gene,15404,mdh1ab,mdh1ab,
Gene,15405,mea,mea,
Gene,15406,mel,mel,
Gene,15407,mglB,mglB,
Gene,15408,mlc-2,mlc-2,
Gene,15409,mln51,mln51,
Gene,15410,mn1b,mn1b,
Gene,15411,mod-1,mod-1,
Gene,15412,mod-5,mod-5,
Gene,15413,mrps-15,mrps-15,
Gene,15414,msf,msf,
Gene,15415,mstna,mstna,
Gene,15416,mtnr1aa,mtnr1aa,
Gene,15417,mutL,mutL,
Gene,15418,mutY,mutY,
Gene,15419,mybpc2b,mybpc2b,
Gene,15420,mybpha,mybpha,
Gene,15421,myom1b,myom1b,
Gene,15422,myoz1b,myoz1b,
Gene,15423,myoz2a,myoz2a,
Gene,15424,myoz2b,myoz2b,
Gene,15425,mys,mys,
Gene,15426,nadD,nadD,
Gene,15427,ndrg3b,ndrg3b,
Gene,15428,ndufa9a,ndufa9a,
Gene,15429,nefla,nefla,
Gene,15430,neflb,neflb,
Gene,15431,nefma,nefma,
Gene,15432,nfe2l2a,nfe2l2a,
Gene,15433,nfe2l2b,nfe2l2b,
Gene,15434,ngs,ngs,
Gene,15435,nid1a,nid1a,
Gene,15436,ninaB,ninaB,
Gene,15437,nkx2.5,nkx2.5,
Gene,15438,nme2b.1,nme2b.1,
Gene,15439,nos2a,nos2a,
Gene,15440,notch1a,notch1a,
Gene,15441,npm1a,npm1a,
Gene,15442,nrdB,nrdB,
Gene,15443,nrp1a,nrp1a,
Gene,15444,nrxn3a,nrxn3a,
Gene,15445,nsfa,nsfa,
Gene,15446,nt5c2l1,nt5c2l1,
Gene,15447,ntng2a,ntng2a,
Gene,15448,ognb,ognb,
Gene,15449,opn1lw1,opn1lw1,
Gene,15450,or94a1,or94a1,
Gene,15451,p38c,p38c,
Gene,15452,p53,p53,
Gene,15453,paqr7b,paqr7b,
Gene,15454,pargl,pargl,
Gene,15455,park,park,
Gene,15456,pcdh1gb9,pcdh1gb9,
Gene,15457,pdcd4a,pdcd4a,
Gene,15458,pdgfbb,pdgfbb,
Gene,15459,pdlim5a,pdlim5a,
Gene,15460,pfkfb4b,pfkfb4b,
Gene,15461,pgam1a,pgam1a,
Gene,15462,pik3r3a,pik3r3a,
Gene,15463,pimr115,pimr115,
Gene,15464,pimr188,pimr188,
Gene,15465,pimr191,pimr191,
Gene,15466,pimr213,pimr213,
Gene,15467,pimr60,pimr60,
Gene,15468,pimr62,pimr62,
Gene,15469,plcA,plcA,
Gene,15470,plecb,plecb,
Gene,15471,plk,plk,
Gene,15472,pon3.1,pon3.1,
Gene,15473,porb,porb,
Gene,15474,pqn-59,pqn-59,
Gene,15475,pr,pr,
Gene,15476,prkcbb,prkcbb,
Gene,15477,prmt-5,prmt-5,
Gene,15478,prodha,prodha,
Gene,15479,prps1a,prps1a,
Gene,15480,prss59.1,prss59.1,
Gene,15481,pssA,pssA,
Gene,15482,pvalb4,pvalb4,
Gene,15483,pvdQ,pvdQ,
Gene,15484,pycr1b,pycr1b,
Gene,15485,rangap1b,rangap1b,
Gene,15486,rbp2a,rbp2a,
Gene,15487,rhoub,rhoub,
Gene,15488,ribC,ribC,
Gene,15489,rpe65a,rpe65a,
Gene,15490,rplp2l,rplp2l,
Gene,15491,rps27.2,rps27.2,
Gene,15492,rpz5,rpz5,
Gene,15493,rtcA,rtcA,
Gene,15494,runx2a,runx2a,
Gene,15495,rx3,rx3,
Gene,15496,sacB,sacB,
Gene,15497,sagb,sagb,
Gene,15498,scn1bb,scn1bb,
Gene,15499,sdhb-1,sdhb-1,
Gene,15500,sdsA1,sdsA1,
Gene,15501,sek-1,sek-1,
Gene,15502,ser-1,ser-1,
Gene,15503,ser-4,ser-4,
Gene,15504,shha,shha,
Gene,15505,shps,shps,
Gene,15506,six7,six7,
Gene,15507,slc16a9b,slc16a9b,
Gene,15508,slc3a2a,slc3a2a,
Gene,15509,smx5,smx5,
Gene,15510,snap91b,snap91b,
Gene,15511,sod-3,sod-3,
Gene,15512,spo-11,spo-11,
Gene,15513,spon1a,spon1a,
Gene,15514,ssp-9,ssp-9,
Gene,15515,ssrp1b,ssrp1b,
Gene,15516,st3gal3b,st3gal3b,
Gene,15517,stg,stg,
Gene,15518,stm,stm,
Gene,15519,strl-1,strl-1,
Gene,15520,sult1st6,sult1st6,
Gene,15521,sult3st1,sult3st1,
Gene,15522,sybl1,sybl1,
Gene,15523,syne2a,syne2a,
Gene,15524,syngr1b,syngr1b,
Gene,15525,sypa,sypa,
Gene,15526,tbxta,tbxta,
Gene,15527,tesA,tesA,
Gene,15528,tetX,tetX,
Gene,15529,tfa,tfa,
Gene,15530,tfr1a,tfr1a,
Gene,15531,tfr1b,tfr1b,
Gene,15532,tgfb1a,tgfb1a,
Gene,15533,th2,th2,
Gene,15534,thiB,thiB,
Gene,15535,thra.L,thra.L,
Gene,15536,thraa,thraa,
Gene,15537,tln2a,tln2a,
Gene,15538,tlr21,tlr21,
Gene,15539,tmem79a,tmem79a,
Gene,15540,tna,tna,
Gene,15541,tnfa,tnfa,
Gene,15542,tnnc1a,tnnc1a,
Gene,15543,tnni2b.1,tnni2b.1,
Gene,15544,tonB,tonB,
Gene,15545,toxA,toxA,
Gene,15546,tpm4b,tpm4b,
Gene,15547,tpma,tpma,
Gene,15548,trim35-34,trim35-34,
Gene,15549,trpR,trpR,
Gene,15550,trpl,trpl,
Gene,15551,ttn.1,ttn.1,
Gene,15552,ttn.2,ttn.2,
Gene,15553,tuba2,tuba2,
Gene,15554,tuba4l,tuba4l,
Gene,15555,twist1b,twist1b,
Gene,15556,txnipb,txnipb,
Gene,15557,ubap2b,ubap2b,
Gene,15558,ubtd1b,ubtd1b,
Gene,15559,ugt1ab,ugt1ab,
Gene,15560,ugt5a1,ugt5a1,
Gene,15561,uidA,uidA,
Gene,15562,unc-43,unc-43,
Gene,15563,usp2a,usp2a,
Gene,15564,vdrb,vdrb,
Gene,15565,vg,vg,
Gene,15566,vit-3,vit-3,
Gene,15567,vit-6,vit-6,
Gene,15568,vsnl1a,vsnl1a,
Gene,15569,vtg1,vtg1,
Gene,15570,vtg2,vtg2,
Gene,15571,vtg3,vtg3,
Gene,15572,vtg4,vtg4,
Gene,15573,vtg5,vtg5,
Gene,15574,vtg6,vtg6,
Gene,15575,vtg7,vtg7,
Gene,15576,wnt2bb,wnt2bb,
Gene,15577,yfiH,yfiH,
Gene,15578,zdhhc20b,zdhhc20b,
Gene,15579,znf1043,znf1043,
Gene,15580,znf1065,znf1065,
Gene,15581,znf106a,znf106a,
Gene,15582,znf740b,znf740b,
Gene,15583,zp2.1,zp2.1,
Gene,15584,zp2.2,zp2.2,
Gene,15585,zp2.6,zp2.6,
Gene,15586,zp2l1,zp2l1,
Gene,15587,zp3.2,zp3.2,
Gene,15588,zp3b,zp3b,
Gene,15589,zp3e,zp3e,
Gene,15590,zpax1,zpax1,
Gene,15591,zpax4,zpax4,
Indication,0,D000038,Abscess,D000038
Indication,1,D000096722,"""Cystitis, Hemorrhagic""",D000096722
Indication,2,D000292,Pelvic Inflammatory Disease,D000292
Indication,3,D000428,Alcohol Drinking,D000428
Indication,4,D000437,Alcoholism,D000437
Indication,5,D000881,Anthrax,D000881
Indication,6,D001007,Anxiety,D001007
Indication,7,D001289,Attention Deficit Disorder with Hyperactivity,D001289
Indication,8,D001424,Bacterial Infections,D001424
Indication,9,D001750,"""Urinary Bladder, Neurogenic""",D001750
Indication,10,D001987,Bronchiectasis,D001987
Indication,11,D002318,Cardiovascular Diseases,D002318
Indication,12,D002821,Chorioamnionitis,D002821
Indication,13,D002972,Cleft Palate,D002972
Indication,14,D003071,Cognition,D003071
Indication,15,D003141,Communicable Diseases,D003141
Indication,16,D003234,"""Conjunctivitis, Bacterial""",D003234
Indication,17,D003424,Crohn Disease,D003424
Indication,18,D003967,Diarrhea,D003967
Indication,19,D004932,Esophageal and Gastric Varices,D004932
Indication,20,D005128,Eye Diseases,D005128
Indication,21,D005902,"""Glaucoma, Open-Angle""",D005902
Indication,22,D006333,Heart Failure,D006333
Indication,23,D006526,Hepatitis C,D006526
Indication,24,D006973,Hypertension,D006973
Indication,25,D007239,Infections,D007239
Indication,26,D007669,Kidney Calculi,D007669
Indication,27,D007863,Lecithin Cholesterol Acyltransferase Deficiency,D007863
Indication,28,D008103,Liver Cirrhosis,D008103
Indication,29,D008569,Memory Disorders,D008569
Indication,30,D010019,Osteomyelitis,D010019
Indication,31,D010033,Otitis Media,D010033
Indication,32,D010195,Pancreatitis,D010195
Indication,33,D010538,Peritonitis,D010538
Indication,34,D011014,Pneumonia,D011014
Indication,35,D011552,Pseudomonas Infections,D011552
Indication,36,D012216,Rheumatic Diseases,D012216
Indication,37,D012772,"""Shock, Septic""",D012772
Indication,38,D013167,"""Spondylitis, Ankylosing""",D013167
Indication,39,D013313,"""Stress Disorders, Post-Traumatic""",D013313
Indication,40,D013375,Substance Withdrawal Syndrome,D013375
Indication,41,D014029,Tobacco Use Disorder,D014029
Indication,42,D014552,Urinary Tract Infections,D014552
Indication,43,D014947,Wounds and Injuries,D014947
Indication,44,D015817,Eye Infections,D015817
Indication,45,D016540,Smoking Cessation,D016540
Indication,46,D016553,"""Purpura, Thrombocytopenic, Idiopathic""",D016553
Indication,47,D017719,Diabetic Foot,D017719
Indication,48,D018410,"""Pneumonia, Bacterial""",D018410
Indication,49,D018771,Arthralgia,D018771
Indication,50,D019969,Amphetamine-Related Disorders,D019969
Indication,51,D019970,Cocaine-Related Disorders,D019970
Indication,52,D020250,Postoperative Nausea and Vomiting,D020250
Indication,53,D022861,Hermanski-Pudlak Syndrome,D022861
Indication,54,D029424,"""Pulmonary Disease, Chronic Obstructive""",D029424
Indication,55,D034381,Hearing Loss,D034381
Indication,56,D041881,"""Cholecystitis, Acute""",D041881
Indication,57,D045169,Severe Acute Respiratory Syndrome,D045169
Indication,58,D047928,Premature Birth,D047928
Indication,59,D056844,Renal Colic,D056844
Indication,60,D060825,Cognitive Dysfunction,D060825
Indication,61,D063806,Myalgia,D063806
Indication,62,name:22q11.2 deletion syndrome,22q11.2 deletion syndrome,
Indication,63,name:AIDS,AIDS,
Indication,64,name:AIDS dementia,AIDS dementia,
Indication,65,name:AIDS related complex,AIDS related complex,
Indication,66,name:AL amyloidosis,AL amyloidosis,
Indication,67,name:Abdominal Aortic Aneurysm,Abdominal Aortic Aneurysm,
Indication,68,name:Abdominal pain,Abdominal pain,
Indication,69,name:Abnormal cardiovascular system morphology,Abnormal cardiovascular system morphology,
Indication,70,name:Abnormal circulating lipid concentration,Abnormal circulating lipid concentration,
Indication,71,name:Abnormality of blood and blood-forming tissues,Abnormality of blood and blood-forming tissues,
Indication,72,name:Abnormality of movement,Abnormality of movement,
Indication,73,name:Abnormality of refraction,Abnormality of refraction,
Indication,74,name:Abnormality of the cardiovascular system,Abnormality of the cardiovascular system,
Indication,75,name:Abnormality of the gastrointestinal tract,Abnormality of the gastrointestinal tract,
Indication,76,name:Abnormality of the kidney,Abnormality of the kidney,
Indication,77,name:Abnormality of the skin,Abnormality of the skin,
Indication,78,name:Abnormality of the thyroid gland,Abnormality of the thyroid gland,
Indication,79,name:Abruptio Placentae,Abruptio Placentae,
Indication,80,name:Acanthamoeba keratitis,Acanthamoeba keratitis,
Indication,81,name:Achalasia,Achalasia,
Indication,82,name:Achondroplasia,Achondroplasia,
Indication,83,name:Acute bronchitis,Acute bronchitis,
Indication,84,name:Acute hepatic failure,Acute hepatic failure,
Indication,85,name:Acute kidney injury,Acute kidney injury,
Indication,86,name:Adenoma sebaceum,Adenoma sebaceum,
Indication,87,name:Adenomyosis,Adenomyosis,
Indication,88,name:Adenoviridae Infections,Adenoviridae Infections,
Indication,89,name:African iron overload,African iron overload,
Indication,90,name:Agitation,Agitation,
Indication,91,name:Airway obstruction,Airway obstruction,
Indication,92,name:Alagille syndrome,Alagille syndrome,
Indication,93,name:Alpha-thalassemia,Alpha-thalassemia,
Indication,94,name:Alport syndrome,Alport syndrome,
Indication,95,name:Alzheimer disease,Alzheimer disease,
Indication,96,name:American trypanosomiasis,American trypanosomiasis,
Indication,97,name:Anal fissure,Anal fissure,
Indication,98,name:Anemia,Anemia,
Indication,99,"name:Anemia, Hemolytic, Autoimmune","Anemia, Hemolytic, Autoimmune",
Indication,100,name:Angelman syndrome,Angelman syndrome,
Indication,101,name:Angiofibroma,Angiofibroma,
Indication,102,name:Anisometropia,Anisometropia,
Indication,103,name:Anorexia,Anorexia,
Indication,104,name:Anosmia,Anosmia,
Indication,105,name:Aortic Coarctation,Aortic Coarctation,
Indication,106,name:Aortic valve stenosis,Aortic valve stenosis,
Indication,107,name:Apathy,Apathy,
Indication,108,name:Aphasia,Aphasia,
Indication,109,name:Aplastic anemia,Aplastic anemia,
Indication,110,name:Apnea,Apnea,
Indication,111,name:Arrhythmogenic right ventricular dysplasia,Arrhythmogenic right ventricular dysplasia,
Indication,112,name:Arthralgia,Arthralgia,
Indication,113,name:Arthropathy,Arthropathy,
Indication,114,name:Ascites,Ascites,
Indication,115,name:Asperger syndrome,Asperger syndrome,
Indication,116,name:Aspirin-induced asthma,Aspirin-induced asthma,
Indication,117,name:Astigmatism,Astigmatism,
Indication,118,name:Ataxia-telangiectasia,Ataxia-telangiectasia,
Indication,119,name:Atrophic Vaginitis,Atrophic Vaginitis,
Indication,120,name:Atrophy,Atrophy,
Indication,121,name:Atypical Endometrial Hyperplasia,Atypical Endometrial Hyperplasia,
Indication,122,name:Autoimmune Hepatitis,Autoimmune Hepatitis,
Indication,123,name:Autosomal dominant hyper-IgE syndrome,Autosomal dominant hyper-IgE syndrome,
Indication,124,name:Autosomal dominant polycystic kidney disease,Autosomal dominant polycystic kidney disease,
Indication,125,name:B-Cell Prolymphocytic Leukemia,B-Cell Prolymphocytic Leukemia,
Indication,126,name:B-cell acute lymphoblastic leukemia,B-cell acute lymphoblastic leukemia,
Indication,127,name:B-cell non-Hodgkins lymphoma,B-cell non-Hodgkins lymphoma,
Indication,128,name:Back pain,Back pain,
Indication,129,name:Bardet-Biedl syndrome,Bardet-Biedl syndrome,
Indication,130,name:Barrett's esophagus,Barrett's esophagus,
Indication,131,name:Becker muscular dystrophy,Becker muscular dystrophy,
Indication,132,name:Behcet's syndrome,Behcet's syndrome,
Indication,133,name:Bell's palsy,Bell's palsy,
Indication,134,name:Benign essential blepharospasm,Benign essential blepharospasm,
Indication,135,name:Beta-thalassemia,Beta-thalassemia,
Indication,136,name:Bicuspid aortic valve,Bicuspid aortic valve,
Indication,137,name:Bilateral tonic-clonic seizure,Bilateral tonic-clonic seizure,
Indication,138,name:Bile Duct Adenoma,Bile Duct Adenoma,
Indication,139,name:Birt-Hogg-Dube syndrome,Birt-Hogg-Dube syndrome,
Indication,140,"name:Blast Phase Chronic Myelogenous Leukemia, BCR-ABL1 Positive","Blast Phase Chronic Myelogenous Leukemia, BCR-ABL1 Positive",
Indication,141,name:Blindness,Blindness,
Indication,142,name:Borderline personality disorder,Borderline personality disorder,
Indication,143,name:Borrelia infectious disease,Borrelia infectious disease,
Indication,144,name:Bowen disease of the skin,Bowen disease of the skin,
Indication,145,name:Bradycardia,Bradycardia,
Indication,146,name:Breech presentation,Breech presentation,
Indication,147,name:Bronchiectasis,Bronchiectasis,
Indication,148,name:Bronchiolitis,Bronchiolitis,
Indication,149,name:Bronchoconstriction,Bronchoconstriction,
Indication,150,name:Brugada syndrome,Brugada syndrome,
Indication,151,name:Burkitts lymphoma,Burkitts lymphoma,
Indication,152,name:Buruli ulcer disease,Buruli ulcer disease,
Indication,153,name:CADASIL,CADASIL,
Indication,154,name:COVID-19,COVID-19,
Indication,155,name:Cachexia,Cachexia,
Indication,156,name:Canavan disease,Canavan disease,
Indication,157,name:Candidemia,Candidemia,
Indication,158,"name:Candidiasis, Invasive","Candidiasis, Invasive",
Indication,159,name:Cardiodysrhythmic potassium-sensitive periodic paralysis,Cardiodysrhythmic potassium-sensitive periodic paralysis,
Indication,160,name:Castleman disease,Castleman disease,
Indication,161,name:Cataplexy,Cataplexy,
Indication,162,name:Cauda equina syndrome,Cauda equina syndrome,
Indication,163,name:Central Nervous System Neoplasm,Central Nervous System Neoplasm,
Indication,164,name:Cerebral arteriovenous malformation,Cerebral arteriovenous malformation,
Indication,165,name:Cerebral ischemia,Cerebral ischemia,
Indication,166,name:Cervicitis,Cervicitis,
Indication,167,name:Chagas cardiomyopathy,Chagas cardiomyopathy,
Indication,168,name:Chagas disease,Chagas disease,
Indication,169,name:Charcot-Marie-Tooth disease,Charcot-Marie-Tooth disease,
Indication,170,name:Charcot-Marie-Tooth disease type 1A,Charcot-Marie-Tooth disease type 1A,
Indication,171,name:Chemotherapy-induced nausea and vomiting,Chemotherapy-induced nausea and vomiting,
Indication,172,name:Chest pain,Chest pain,
Indication,173,name:Chlamydia trachomatis infectious disease,Chlamydia trachomatis infectious disease,
Indication,174,name:Cholangitis,Cholangitis,
Indication,175,name:Cholecystitis,Cholecystitis,
Indication,176,"name:Cholecystitis, Acute","Cholecystitis, Acute",
Indication,177,name:Chorioretinitis,Chorioretinitis,
Indication,178,name:Chromosomal anomaly,Chromosomal anomaly,
Indication,179,name:Chronic Neutrophilic Leukemia,Chronic Neutrophilic Leukemia,
Indication,180,name:Chronic mucocutaneous candidosis,Chronic mucocutaneous candidosis,
Indication,181,name:Chronic pain,Chronic pain,
Indication,182,name:Churg-Strauss syndrome,Churg-Strauss syndrome,
Indication,183,name:Classical progressive supranuclear palsy,Classical progressive supranuclear palsy,
Indication,184,name:Cleft palate,Cleft palate,
Indication,185,name:Cluster headache,Cluster headache,
Indication,186,name:Cognitive impairment,Cognitive impairment,
Indication,187,name:Colonic diverticula,Colonic diverticula,
Indication,188,name:Combined hyperlipidemia,Combined hyperlipidemia,
Indication,189,name:Congenital myasthenic syndromes,Congenital myasthenic syndromes,
Indication,190,name:Constipation,Constipation,
Indication,191,name:Corneal opacity,Corneal opacity,
Indication,192,name:Corneal scarring,Corneal scarring,
Indication,193,name:Cornelia de Lange syndrome,Cornelia de Lange syndrome,
Indication,194,name:Coronary Restenosis,Coronary Restenosis,
Indication,195,name:Coronary Vasospasm,Coronary Vasospasm,
Indication,196,name:Cough,Cough,
Indication,197,name:Craniopharyngioma,Craniopharyngioma,
Indication,198,name:Creutzfeldt Jacob Disease,Creutzfeldt Jacob Disease,
Indication,199,name:Crohn's disease,Crohn's disease,
Indication,200,name:Cushing syndrome,Cushing syndrome,
Indication,201,name:Cutaneous T-cell lymphoma,Cutaneous T-cell lymphoma,
Indication,202,name:Cutaneous photosensitivity,Cutaneous photosensitivity,
Indication,203,name:Cytomegalovirus Retinitis,Cytomegalovirus Retinitis,
Indication,204,name:Decreased liver function,Decreased liver function,
Indication,205,name:Dementia,Dementia,
Indication,206,name:Dengue Hemorrhagic Fever,Dengue Hemorrhagic Fever,
Indication,207,"name:Dermatitis, Perioral","Dermatitis, Perioral",
Indication,208,name:Desmoid-type fibromatosis,Desmoid-type fibromatosis,
Indication,209,name:Diamond-Blackfan anemia,Diamond-Blackfan anemia,
Indication,210,name:Diarrhea,Diarrhea,
Indication,211,name:Disorder of lipid metabolism,Disorder of lipid metabolism,
Indication,212,name:Disorder of urea cycle metabolism and ammonia detoxification,Disorder of urea cycle metabolism and ammonia detoxification,
Indication,213,name:Disseminated intravascular coagulation,Disseminated intravascular coagulation,
Indication,214,name:Down syndrome,Down syndrome,
Indication,215,name:Drooling,Drooling,
Indication,216,name:Duchenne muscular dystrophy,Duchenne muscular dystrophy,
Indication,217,name:Dupuytren Contracture,Dupuytren Contracture,
Indication,218,name:Dysmenorrhea,Dysmenorrhea,
Indication,219,name:Dyspareunia,Dyspareunia,
Indication,220,name:Dysphagia,Dysphagia,
Indication,221,name:Dyspnea,Dyspnea,
Indication,222,name:Ebola hemorrhagic fever,Ebola hemorrhagic fever,
Indication,223,name:Eclampsia,Eclampsia,
Indication,224,name:Ectopic pregnancy,Ectopic pregnancy,
Indication,225,name:Eczematoid dermatitis,Eczematoid dermatitis,
Indication,226,"name:Ehlers-Danlos syndrome, vascular type","Ehlers-Danlos syndrome, vascular type",
Indication,227,name:Eisenmenger syndrome,Eisenmenger syndrome,
Indication,228,name:Elevated circulating hepatic transaminase concentration,Elevated circulating hepatic transaminase concentration,
Indication,229,name:Encephalopathy,Encephalopathy,
Indication,230,name:Endometritis,Endometritis,
Indication,231,name:Enterobacteriaceae Infections,Enterobacteriaceae Infections,
Indication,232,name:Eosinophilia,Eosinophilia,
Indication,233,name:Epidermal Inclusion Cyst,Epidermal Inclusion Cyst,
Indication,234,name:Epileptic spasm,Epileptic spasm,
Indication,235,name:Epiphora,Epiphora,
Indication,236,name:Epstein-Barr virus infection,Epstein-Barr virus infection,
Indication,237,name:Erdheim-Chester disease,Erdheim-Chester disease,
Indication,238,name:Erythema,Erythema,
Indication,239,name:Escherichia coli Infections,Escherichia coli Infections,
Indication,240,name:Esophageal stenosis,Esophageal stenosis,
Indication,241,name:Esophageal stricture,Esophageal stricture,
Indication,242,name:Esophagitis,Esophagitis,
Indication,243,name:Ewing sarcoma,Ewing sarcoma,
Indication,244,name:Extramammary Paget Disease,Extramammary Paget Disease,
Indication,245,name:Eye Burns,Eye Burns,
Indication,246,name:Fabry disease,Fabry disease,
Indication,247,name:Facioscapulohumeral dystrophy,Facioscapulohumeral dystrophy,
Indication,248,name:Fallopian Tube Carcinoma,Fallopian Tube Carcinoma,
Indication,249,name:Familial adenomatous polyposis,Familial adenomatous polyposis,
Indication,250,name:Familial dysautonomia,Familial dysautonomia,
Indication,251,name:Fanconi anemia,Fanconi anemia,
Indication,252,name:Fascioliasis,Fascioliasis,
Indication,253,name:Fatigue,Fatigue,
Indication,254,name:Fever,Fever,
Indication,255,name:Fish-eye disease,Fish-eye disease,
Indication,256,name:Flexion contracture,Flexion contracture,
Indication,257,name:Flushing,Flushing,
Indication,258,name:Focal-onset seizure,Focal-onset seizure,
Indication,259,name:Follicular Cyst,Follicular Cyst,
Indication,260,name:Foster-Kennedy syndrome,Foster-Kennedy syndrome,
Indication,261,name:Friedreich ataxia,Friedreich ataxia,
Indication,262,name:Fuchs endothelial corneal dystrophy,Fuchs endothelial corneal dystrophy,
Indication,263,name:Fuchs' endothelial dystrophy,Fuchs' endothelial dystrophy,
Indication,264,name:GM1 gangliosidosis,GM1 gangliosidosis,
Indication,265,name:GM2 gangliosidosis,GM2 gangliosidosis,
Indication,266,name:Gastrointestinal desmoid tumor,Gastrointestinal desmoid tumor,
Indication,267,name:Gastrointestinal hemorrhage,Gastrointestinal hemorrhage,
Indication,268,name:Gaucher disease,Gaucher disease,
Indication,269,name:Gaucher disease type 1,Gaucher disease type 1,
Indication,270,name:Gaucher disease type 2,Gaucher disease type 2,
Indication,271,name:Gaucher disease type 3,Gaucher disease type 3,
Indication,272,name:Generalized non-motor (absence) seizure,Generalized non-motor (absence) seizure,
Indication,273,name:Genetic disorder of sex development,Genetic disorder of sex development,
Indication,274,name:Genetic hypopigmentation of the skin,Genetic hypopigmentation of the skin,
Indication,275,name:Genetic neuromuscular junction disease,Genetic neuromuscular junction disease,
Indication,276,"name:Genital neoplasm, female","Genital neoplasm, female",
Indication,277,name:Glucose intolerance,Glucose intolerance,
Indication,278,name:Glycogen storage disease due to acid maltase deficiency,Glycogen storage disease due to acid maltase deficiency,
Indication,279,name:Glycogen storage disease due to glucose-6-phosphatase deficiency,Glycogen storage disease due to glucose-6-phosphatase deficiency,
Indication,280,name:Granulocytic Sarcoma,Granulocytic Sarcoma,
Indication,281,name:Granuloma,Granuloma,
Indication,282,name:Granulomatosis with Polyangiitis,Granulomatosis with Polyangiitis,
Indication,283,name:Graves disease,Graves disease,
Indication,284,name:Graves ophthalmopathy,Graves ophthalmopathy,
Indication,285,name:Growth delay,Growth delay,
Indication,286,name:Guillain-Barre syndrome,Guillain-Barre syndrome,
Indication,287,name:Gynecomastia,Gynecomastia,
Indication,288,name:HELLP syndrome,HELLP syndrome,
Indication,289,name:HER2 Positive Breast Carcinoma,HER2 Positive Breast Carcinoma,
Indication,290,name:HIV infection,HIV infection,
Indication,291,name:HIV wasting syndrome,HIV wasting syndrome,
Indication,292,name:HIV-1 infection,HIV-1 infection,
Indication,293,name:HIV-Associated Lipodystrophy Syndrome,HIV-Associated Lipodystrophy Syndrome,
Indication,294,name:HIV-associated nephropathy,HIV-associated nephropathy,
Indication,295,name:Hair-pulling,Hair-pulling,
Indication,296,name:Hallucinations,Hallucinations,
Indication,297,name:Hallux valgus,Hallux valgus,
Indication,298,name:Hand-foot syndrome,Hand-foot syndrome,
Indication,299,name:Hantavirus infectious disease,Hantavirus infectious disease,
Indication,300,name:Hashimoto's thyroiditis,Hashimoto's thyroiditis,
Indication,301,name:Headache,Headache,
Indication,302,name:Heat Stroke,Heat Stroke,
Indication,303,name:Helicobacter pylori infectious disease,Helicobacter pylori infectious disease,
Indication,304,name:Helminthiasis,Helminthiasis,
Indication,305,"name:Hemangioma, Cavernous, Central Nervous System","Hemangioma, Cavernous, Central Nervous System",
Indication,306,name:Hematemesis,Hematemesis,
Indication,307,name:Hemoglobin SC Disease,Hemoglobin SC Disease,
Indication,308,name:Hemoptysis,Hemoptysis,
Indication,309,name:Henoch-Schoenlein purpura,Henoch-Schoenlein purpura,
Indication,310,name:Hepatic failure,Hepatic failure,
Indication,311,name:Hepatic fibrosis,Hepatic fibrosis,
Indication,312,name:Hepatic steatosis,Hepatic steatosis,
Indication,313,name:Hepatitis,Hepatitis,
Indication,314,"name:Hepatitis, Alcoholic","Hepatitis, Alcoholic",
Indication,315,name:Hepatoblastoma,Hepatoblastoma,
Indication,316,name:Hepatopulmonary Syndrome,Hepatopulmonary Syndrome,
Indication,317,name:Hereditary breast and ovarian cancer syndrome,Hereditary breast and ovarian cancer syndrome,
Indication,318,name:Hermansky-Pudlak syndrome,Hermansky-Pudlak syndrome,
Indication,319,name:Hernia,Hernia,
Indication,320,name:Herpes Labialis,Herpes Labialis,
Indication,321,name:Herpes Zoster,Herpes Zoster,
Indication,322,name:Herpes simplex infection,Herpes simplex infection,
Indication,323,name:Herpes simplex virus gingivostomatitis,Herpes simplex virus gingivostomatitis,
Indication,324,name:Herpes simplex virus keratitis,Herpes simplex virus keratitis,
Indication,325,name:Herpetic encephalitis,Herpetic encephalitis,
Indication,326,name:Hirsutism,Hirsutism,
Indication,327,name:Histiocytosis,Histiocytosis,
Indication,328,name:Hodgkins lymphoma,Hodgkins lymphoma,
Indication,329,name:Hot flashes,Hot flashes,
Indication,330,name:Human T-lymphotropic virus 1 infectious disease,Human T-lymphotropic virus 1 infectious disease,
Indication,331,name:Huntington disease,Huntington disease,
Indication,332,name:Hutchinson-Gilford progeria syndrome,Hutchinson-Gilford progeria syndrome,
Indication,333,name:Hydatidiform Mole,Hydatidiform Mole,
Indication,334,name:Hyperammonemia,Hyperammonemia,
Indication,335,name:Hyperammonemia due to N-acetylglutamate synthetase deficiency,Hyperammonemia due to N-acetylglutamate synthetase deficiency,
Indication,336,name:Hypercalcemia,Hypercalcemia,
Indication,337,name:Hypercholesterolemia,Hypercholesterolemia,
Indication,338,name:Hypereosinophilic syndrome,Hypereosinophilic syndrome,
Indication,339,name:Hyperhidrosis,Hyperhidrosis,
Indication,340,name:Hyperinsulinemia,Hyperinsulinemia,
Indication,341,name:Hyperkalemia,Hyperkalemia,
Indication,342,name:Hyperlipoproteinemia type 1,Hyperlipoproteinemia type 1,
Indication,343,name:Hyperlipoproteinemia type 4,Hyperlipoproteinemia type 4,
Indication,344,name:Hypermetropia,Hypermetropia,
Indication,345,name:Hypernatremia,Hypernatremia,
Indication,346,name:Hyperphenylalaninemia,Hyperphenylalaninemia,
Indication,347,name:Hyperphosphatemia,Hyperphosphatemia,
Indication,348,name:Hyperreflexia,Hyperreflexia,
Indication,349,name:Hypertriglyceridemia,Hypertriglyceridemia,
Indication,350,name:Hypoalbuminemia,Hypoalbuminemia,
Indication,351,name:Hypocalcemia,Hypocalcemia,
Indication,352,name:Hypoglycemia,Hypoglycemia,
Indication,353,name:Hypogonadotropic hypogonadism,Hypogonadotropic hypogonadism,
Indication,354,name:Hyponatremia,Hyponatremia,
Indication,355,name:Hypophosphatemia,Hypophosphatemia,
Indication,356,name:Hypothermia,Hypothermia,
Indication,357,name:Hypovolemia,Hypovolemia,
Indication,358,name:IGA glomerulonephritis,IGA glomerulonephritis,
Indication,359,name:IgG4-related disease,IgG4-related disease,
Indication,360,name:IgG4-related retroperitoneal fibrosis,IgG4-related retroperitoneal fibrosis,
Indication,361,name:Immunodeficiency,Immunodeficiency,
Indication,362,name:Impotence,Impotence,
Indication,363,name:Inguinal hernia,Inguinal hernia,
Indication,364,name:Intellectual disability,Intellectual disability,
Indication,365,name:Interstitial pneumonitis,Interstitial pneumonitis,
Indication,366,name:Intervertebral Disc Displacement,Intervertebral Disc Displacement,
Indication,367,name:Intervertebral disk degeneration,Intervertebral disk degeneration,
Indication,368,name:Intussusception,Intussusception,
Indication,369,name:Iridocyclitis,Iridocyclitis,
Indication,370,name:Iron deficiency anemia,Iron deficiency anemia,
Indication,371,name:Ischemic stroke,Ischemic stroke,
Indication,372,name:Japanese encephalitis,Japanese encephalitis,
Indication,373,name:Jaundice,Jaundice,
Indication,374,name:Juvenile Myelomonocytic Leukemia,Juvenile Myelomonocytic Leukemia,
Indication,375,name:Kallmann syndrome,Kallmann syndrome,
Indication,376,name:Kaposi's sarcoma,Kaposi's sarcoma,
Indication,377,name:Keloid,Keloid,
Indication,378,name:Kennedy disease,Kennedy disease,
Indication,379,name:Kidney Angiomyolipoma,Kidney Angiomyolipoma,
Indication,380,name:Klinefelter's syndrome,Klinefelter's syndrome,
Indication,381,name:Krabbe disease,Krabbe disease,
Indication,382,name:Lambert-Eaton myasthenic syndrome,Lambert-Eaton myasthenic syndrome,
Indication,383,name:Landau-Kleffner syndrome,Landau-Kleffner syndrome,
Indication,384,name:Langerhans Cell Histiocytosis,Langerhans Cell Histiocytosis,
Indication,385,name:Laryngomalacia,Laryngomalacia,
Indication,386,name:Laryngopharyngeal Reflux,Laryngopharyngeal Reflux,
Indication,387,name:Laryngospasm,Laryngospasm,
Indication,388,name:Lassa fever,Lassa fever,
Indication,389,name:Leber hereditary optic neuropathy,Leber hereditary optic neuropathy,
Indication,390,name:Leishmaniasis,Leishmaniasis,
Indication,391,name:Lennox-Gastaut syndrome,Lennox-Gastaut syndrome,
Indication,392,name:Lesch-Nyhan syndrome,Lesch-Nyhan syndrome,
Indication,393,name:Lewy body dementia,Lewy body dementia,
Indication,394,name:Li-Fraumeni syndrome,Li-Fraumeni syndrome,
Indication,395,name:Liver abscess,Liver abscess,
Indication,396,name:Low back pain,Low back pain,
Indication,397,name:Lung Abscess,Lung Abscess,
Indication,398,name:Lyme disease,Lyme disease,
Indication,399,"name:Lymphoma, AIDS-Related","Lymphoma, AIDS-Related",
Indication,400,name:Lynch syndrome,Lynch syndrome,
Indication,401,name:MALT lymphoma,MALT lymphoma,
Indication,402,name:MELAS,MELAS,
Indication,403,name:MODY,MODY,
Indication,404,name:Malignant Bone Neoplasm,Malignant Bone Neoplasm,
Indication,405,name:Malignant Mesothelioma,Malignant Mesothelioma,
Indication,406,name:Malignant Pancreatic Neoplasm,Malignant Pancreatic Neoplasm,
Indication,407,name:Malignant hyperthermia,Malignant hyperthermia,
Indication,408,name:Mandibular prognathia,Mandibular prognathia,
Indication,409,name:Mantle cell lymphoma,Mantle cell lymphoma,
Indication,410,name:Marfan syndrome,Marfan syndrome,
Indication,411,name:Mastocytosis,Mastocytosis,
Indication,412,name:Mastoiditis,Mastoiditis,
Indication,413,name:McCune-Albright syndrome,McCune-Albright syndrome,
Indication,414,name:Meniere disease,Meniere disease,
Indication,415,name:Menorrhagia,Menorrhagia,
Indication,416,name:Mental deterioration,Mental deterioration,
Indication,417,name:Merkel cell skin cancer,Merkel cell skin cancer,
Indication,418,name:Metrorrhagia,Metrorrhagia,
Indication,419,name:Middle East respiratory syndrome,Middle East respiratory syndrome,
Indication,420,name:Miosis,Miosis,
Indication,421,name:Miscarriage,Miscarriage,
Indication,422,name:Mitral regurgitation,Mitral regurgitation,
Indication,423,name:Morton Neuroma,Morton Neuroma,
Indication,424,name:Multiple Organ Failure,Multiple Organ Failure,
Indication,425,name:Muscle spasm,Muscle spasm,
Indication,426,name:Muscle weakness,Muscle weakness,
Indication,427,name:Myalgia,Myalgia,
Indication,428,name:Myasthenia gravis,Myasthenia gravis,
Indication,429,name:Mycobacterium avium complex disease,Mycobacterium avium complex disease,
Indication,430,name:Mycobacterium infection,Mycobacterium infection,
Indication,431,name:Mydriasis,Mydriasis,
Indication,432,name:Myelofibrosis,Myelofibrosis,
Indication,433,name:Myelopathy,Myelopathy,
Indication,434,name:Myocardial Ischemia,Myocardial Ischemia,
Indication,435,name:Myopia,Myopia,
Indication,436,name:NF2-related schwannomatosis,NF2-related schwannomatosis,
Indication,437,name:Nasal Cavity Polyp,Nasal Cavity Polyp,
Indication,438,name:Nasal congestion,Nasal congestion,
Indication,439,name:Nasal polyposis,Nasal polyposis,
Indication,440,name:Nausea,Nausea,
Indication,441,name:Nausea and vomiting,Nausea and vomiting,
Indication,442,name:Neck pain,Neck pain,
Indication,443,name:Neonatal sepsis,Neonatal sepsis,
Indication,444,name:Nephrocalcinosis,Nephrocalcinosis,
Indication,445,name:Netherton syndrome,Netherton syndrome,
Indication,446,name:Neurodevelopmental disorder,Neurodevelopmental disorder,
Indication,447,name:Neurogenic bladder,Neurogenic bladder,
Indication,448,name:Niemann-Pick disease,Niemann-Pick disease,
Indication,449,name:Niemann-Pick disease type C,Niemann-Pick disease type C,
Indication,450,name:Nijmegen breakage syndrome,Nijmegen breakage syndrome,
Indication,451,name:Non-ST Elevation Myocardial Infarction,Non-ST Elevation Myocardial Infarction,
Indication,452,name:Noonan syndrome,Noonan syndrome,
Indication,453,name:Ocular Melanoma,Ocular Melanoma,
Indication,454,name:Ocular pain,Ocular pain,
Indication,455,name:Olfactory Neuroblastoma,Olfactory Neuroblastoma,
Indication,456,name:Oppositional defiant disorder,Oppositional defiant disorder,
Indication,457,name:Opsoclonus-Myoclonus Syndrome,Opsoclonus-Myoclonus Syndrome,
Indication,458,name:Oral leukoplakia,Oral leukoplakia,
Indication,459,name:Oral ulcer,Oral ulcer,
Indication,460,name:Orthomyxoviridae infectious disease,Orthomyxoviridae infectious disease,
Indication,461,name:Osteopenia,Osteopenia,
Indication,462,name:Otitis media,Otitis media,
Indication,463,name:Ovarian Embryonal Carcinoma,Ovarian Embryonal Carcinoma,
Indication,464,name:Ovarian Yolk Sac Tumor,Ovarian Yolk Sac Tumor,
Indication,465,name:Ovarian cyst,Ovarian cyst,
Indication,466,name:PEComa,PEComa,
Indication,467,name:POEMS syndrome,POEMS syndrome,
Indication,468,name:PTEN hamartoma tumor syndrome,PTEN hamartoma tumor syndrome,
Indication,469,name:Paget disease,Paget disease,
Indication,470,name:Pancreatic cysts,Pancreatic cysts,
Indication,471,name:Paraganglioma,Paraganglioma,
Indication,472,name:Paralysis,Paralysis,
Indication,473,name:Paralytic ileus,Paralytic ileus,
Indication,474,name:Parathyroid Gland Carcinoma,Parathyroid Gland Carcinoma,
Indication,475,name:Parkinson disease,Parkinson disease,
Indication,476,name:Parkinsonism,Parkinsonism,
Indication,477,name:Patent ductus arteriosus,Patent ductus arteriosus,
Indication,478,name:Patent foramen ovale,Patent foramen ovale,
Indication,479,name:Pelvic Inflammatory Disease,Pelvic Inflammatory Disease,
Indication,480,name:Penile Carcinoma,Penile Carcinoma,
Indication,481,name:Peptic ulcer,Peptic ulcer,
Indication,482,name:Peri-Implantitis,Peri-Implantitis,
Indication,483,name:Periapical Periodontitis,Periapical Periodontitis,
Indication,484,name:Periodontal Pocket,Periodontal Pocket,
Indication,485,name:Peripheral demyelination,Peripheral demyelination,
Indication,486,name:Peutz-Jeghers syndrome,Peutz-Jeghers syndrome,
Indication,487,name:Peyronie disease,Peyronie disease,
Indication,488,name:Phlebitis,Phlebitis,
Indication,489,name:Pick disease,Pick disease,
Indication,490,name:Pilonidal sinus,Pilonidal sinus,
Indication,491,name:Pineoblastoma,Pineoblastoma,
Indication,492,name:Pituitary Gland Adenoma,Pituitary Gland Adenoma,
Indication,493,name:Plantar Fasciitis,Plantar Fasciitis,
Indication,494,name:Plasmodium falciparum malaria,Plasmodium falciparum malaria,
Indication,495,name:Plasmodium vivax malaria,Plasmodium vivax malaria,
Indication,496,"name:Pneumonia, Aspiration","Pneumonia, Aspiration",
Indication,497,name:Pneumothorax,Pneumothorax,
Indication,498,name:Polycystic Kidney Disease,Polycystic Kidney Disease,
Indication,499,name:Polyuria,Polyuria,
Indication,500,name:Postpericardiotomy Syndrome,Postpericardiotomy Syndrome,
Indication,501,name:Prader-Willi syndrome,Prader-Willi syndrome,
Indication,502,name:Premature ovarian insufficiency,Premature ovarian insufficiency,
Indication,503,name:Premature rupture of membranes,Premature rupture of membranes,
Indication,504,name:Priapism,Priapism,
Indication,505,name:Primary Effusion Lymphoma,Primary Effusion Lymphoma,
Indication,506,name:Primary hyperaldosteronism,Primary hyperaldosteronism,
Indication,507,name:Prinzmetal's angina,Prinzmetal's angina,
Indication,508,name:Proteinuria,Proteinuria,
Indication,509,name:Proximal spinal muscular atrophy type 3,Proximal spinal muscular atrophy type 3,
Indication,510,name:Pruritus,Pruritus,
Indication,511,name:Pseudomonas infection,Pseudomonas infection,
Indication,512,name:Purpura,Purpura,
Indication,513,name:Pyoderma,Pyoderma,
Indication,514,name:REM sleep behavior disorder,REM sleep behavior disorder,
Indication,515,name:Radiation-induced nausea and vomiting,Radiation-induced nausea and vomiting,
Indication,516,name:Raynaud disease,Raynaud disease,
Indication,517,name:Rectal prolapse,Rectal prolapse,
Indication,518,name:Recurrent thrombophlebitis,Recurrent thrombophlebitis,
Indication,519,name:Recurrent tonsillitis,Recurrent tonsillitis,
Indication,520,name:Reduced sperm motility,Reduced sperm motility,
Indication,521,name:Renal artery stenosis,Renal artery stenosis,
Indication,522,name:Renal insufficiency,Renal insufficiency,
Indication,523,name:Respiratory Syncytial Virus Infection,Respiratory Syncytial Virus Infection,
Indication,524,name:Respiratory insufficiency,Respiratory insufficiency,
Indication,525,name:Retinal Neoplasm,Retinal Neoplasm,
Indication,526,name:Rett syndrome,Rett syndrome,
Indication,527,"name:Rhinitis, Allergic, Perennial","Rhinitis, Allergic, Perennial",
Indication,528,name:Rigidity,Rigidity,
Indication,529,name:Riley-Day syndrome,Riley-Day syndrome,
Indication,530,name:Rubinstein-Taybi syndrome,Rubinstein-Taybi syndrome,
Indication,531,name:SAPHO syndrome,SAPHO syndrome,
Indication,532,name:ST Elevation Myocardial Infarction,ST Elevation Myocardial Infarction,
Indication,533,name:Salmonella gastroenteritis,Salmonella gastroenteritis,
Indication,534,name:Sandhoff disease,Sandhoff disease,
Indication,535,name:Sciatica,Sciatica,
Indication,536,name:Seizure,Seizure,
Indication,537,name:Self-injurious behavior,Self-injurious behavior,
Indication,538,name:Sepsis,Sepsis,
Indication,539,name:Severe combined immunodeficiency due to adenosine deaminase deficiency,Severe combined immunodeficiency due to adenosine deaminase deficiency,
Indication,540,name:Sezary's disease,Sezary's disease,
Indication,541,name:Shock,Shock,
Indication,542,name:Shoulder pain,Shoulder pain,
Indication,543,name:Shwachman-Diamond syndrome,Shwachman-Diamond syndrome,
Indication,544,name:Sjogren syndrome,Sjogren syndrome,
Indication,545,name:Skin ulcer,Skin ulcer,
Indication,546,name:Sleep Disorder,Sleep Disorder,
Indication,547,name:Smith-Lemli-Opitz syndrome,Smith-Lemli-Opitz syndrome,
Indication,548,name:Smith-Magenis syndrome,Smith-Magenis syndrome,
Indication,549,name:Snoring,Snoring,
Indication,550,name:Soft Tissue Neoplasm,Soft Tissue Neoplasm,
Indication,551,name:Spastic paraplegia,Spastic paraplegia,
Indication,552,name:Spasticity,Spasticity,
Indication,553,name:Spinal cord injury,Spinal cord injury,
Indication,554,name:Spinocerebellar ataxia type 3,Spinocerebellar ataxia type 3,
Indication,555,name:Splenomegaly,Splenomegaly,
Indication,556,name:Staphylococcus aureus infection,Staphylococcus aureus infection,
Indication,557,name:Stargardt disease,Stargardt disease,
Indication,558,name:Status Asthmaticus,Status Asthmaticus,
Indication,559,name:Steinert myotonic dystrophy,Steinert myotonic dystrophy,
Indication,560,name:Stevens-Johnson syndrome,Stevens-Johnson syndrome,
Indication,561,name:Stiff-Person syndrome,Stiff-Person syndrome,
Indication,562,name:Strabismus,Strabismus,
Indication,563,name:Stress urinary incontinence,Stress urinary incontinence,
Indication,564,name:Striae distensae,Striae distensae,
Indication,565,name:Stridor,Stridor,
Indication,566,name:Sturge-Weber syndrome,Sturge-Weber syndrome,
Indication,567,name:Supraventricular tachycardia,Supraventricular tachycardia,
Indication,568,name:Syncope,Syncope,
Indication,569,name:T-Cell Prolymphocytic Leukemia,T-Cell Prolymphocytic Leukemia,
Indication,570,name:T-cell acute lymphoblastic leukemia,T-cell acute lymphoblastic leukemia,
Indication,571,name:T-cell large granular lymphocyte leukemia,T-cell large granular lymphocyte leukemia,
Indication,572,name:T-cell leukemia,T-cell leukemia,
Indication,573,name:T-cell non-Hodgkin lymphoma,T-cell non-Hodgkin lymphoma,
Indication,574,name:T-lymphoblastic lymphoma,T-lymphoblastic lymphoma,
Indication,575,name:Tachycardia,Tachycardia,
Indication,576,name:Takayasu arteritis,Takayasu arteritis,
Indication,577,name:Takotsubo cardiomyopathy,Takotsubo cardiomyopathy,
Indication,578,name:Tay-Sachs disease,Tay-Sachs disease,
Indication,579,name:Tendinopathy,Tendinopathy,
Indication,580,name:Tenosynovial Giant Cell Tumor,Tenosynovial Giant Cell Tumor,
Indication,581,name:Tension-type headache,Tension-type headache,
Indication,582,name:Testicular Choriocarcinoma,Testicular Choriocarcinoma,
Indication,583,name:Testicular Yolk Sac Tumor,Testicular Yolk Sac Tumor,
Indication,584,name:Tetralogy of Fallot,Tetralogy of Fallot,
Indication,585,name:Thalassemia,Thalassemia,
Indication,586,name:Thiamine deficiency,Thiamine deficiency,
Indication,587,name:Thrombocytopenia,Thrombocytopenia,
Indication,588,name:Thromboembolism,Thromboembolism,
Indication,589,name:Thrombophlebitis,Thrombophlebitis,
Indication,590,name:Thymic Carcinoma,Thymic Carcinoma,
Indication,591,name:Thymoma,Thymoma,
Indication,592,name:Thyroid Gland Undifferentiated (Anaplastic) Carcinoma,Thyroid Gland Undifferentiated (Anaplastic) Carcinoma,
Indication,593,name:Thyrotoxicosis,Thyrotoxicosis,
Indication,594,name:Tics,Tics,
Indication,595,name:Tinnitus,Tinnitus,
Indication,596,name:Torticollis,Torticollis,
Indication,597,name:Tourette syndrome,Tourette syndrome,
Indication,598,name:Transitional Cell Carcinoma,Transitional Cell Carcinoma,
Indication,599,name:Tremor,Tremor,
Indication,600,name:Trichomonas vaginitis,Trichomonas vaginitis,
Indication,601,name:Tube feeding,Tube feeding,
Indication,602,name:Tularemia,Tularemia,
Indication,603,name:Tumor Lysis Syndrome,Tumor Lysis Syndrome,
Indication,604,name:Turner syndrome,Turner syndrome,
Indication,605,name:Umbilical hernia,Umbilical hernia,
Indication,606,name:Unverricht-Lundborg disease,Unverricht-Lundborg disease,
Indication,607,name:Unverricht-Lundborg syndrome,Unverricht-Lundborg syndrome,
Indication,608,name:Urethral stricture,Urethral stricture,
Indication,609,name:Urinary incontinence,Urinary incontinence,
Indication,610,name:Urinary retention,Urinary retention,
Indication,611,name:Uterine Carcinosarcoma,Uterine Carcinosarcoma,
Indication,612,name:Uterine leiomyoma,Uterine leiomyoma,
Indication,613,name:Uveal Melanoma,Uveal Melanoma,
Indication,614,name:Vaccinia virus Lister,Vaccinia virus Lister,
Indication,615,name:Varicose veins,Varicose veins,
Indication,616,name:Vasovagal syncope,Vasovagal syncope,
Indication,617,name:Venous thrombosis,Venous thrombosis,
Indication,618,name:Ventricular arrhythmia,Ventricular arrhythmia,
Indication,619,name:Vertigo,Vertigo,
Indication,620,name:Vestibular schwannoma,Vestibular schwannoma,
Indication,621,name:Vibrio infectious disease,Vibrio infectious disease,
Indication,622,name:Vitiligo,Vitiligo,
Indication,623,name:Vogt-Koyanagi-Harada disease,Vogt-Koyanagi-Harada disease,
Indication,624,name:Vomiting,Vomiting,
Indication,625,name:Von Willebrand disease,Von Willebrand disease,
Indication,626,name:Vulvar Lichen Sclerosus,Vulvar Lichen Sclerosus,
Indication,627,name:Waldenstrom macroglobulinemia,Waldenstrom macroglobulinemia,
Indication,628,name:Weight loss,Weight loss,
Indication,629,name:West Nile fever,West Nile fever,
Indication,630,name:West syndrome,West syndrome,
Indication,631,name:Williams syndrome,Williams syndrome,
Indication,632,name:Wilms tumor,Wilms tumor,
Indication,633,name:Wilson disease,Wilson disease,
Indication,634,name:Wiskott-Aldrich syndrome,Wiskott-Aldrich syndrome,
Indication,635,name:Wolff-Parkinson-White Syndrome,Wolff-Parkinson-White Syndrome,
Indication,636,name:Wolfram syndrome,Wolfram syndrome,
Indication,637,name:Wolman disease,Wolman disease,
Indication,638,name:X-Linked Combined Immunodeficiency Diseases,X-Linked Combined Immunodeficiency Diseases,
Indication,639,name:X-linked Alport syndrome,X-linked Alport syndrome,
Indication,640,name:X-linked adrenoleukodystrophy,X-linked adrenoleukodystrophy,
Indication,641,name:X-linked hypophosphatemia,X-linked hypophosphatemia,
Indication,642,name:Yersinia pestis infectious disease,Yersinia pestis infectious disease,
Indication,643,name:Zellweger syndrome,Zellweger syndrome,
Indication,644,name:Zika virus infectious disease,Zika virus infectious disease,
Indication,645,name:Zollinger-Ellison Syndrome,Zollinger-Ellison Syndrome,
Indication,646,name:abdominal abscess,abdominal abscess,
Indication,647,name:abdominal injury,abdominal injury,
Indication,648,name:abnormal glucose tolerance,abnormal glucose tolerance,
Indication,649,name:abscess,abscess,
Indication,650,name:aceruloplasminemia,aceruloplasminemia,
Indication,651,name:acidosis,acidosis,
Indication,652,name:acne,acne,
Indication,653,name:acneiform dermatitis,acneiform dermatitis,
Indication,654,name:acquired paroxysmal nocturnal hemoglobinuria,acquired paroxysmal nocturnal hemoglobinuria,
Indication,655,name:acromegaly,acromegaly,
Indication,656,name:actinic keratosis,actinic keratosis,
Indication,657,name:acute basophilic leukemia,acute basophilic leukemia,
Indication,658,name:acute chest syndrome,acute chest syndrome,
Indication,659,name:acute coronary syndrome,acute coronary syndrome,
Indication,660,name:acute erythroblastic leukemia,acute erythroblastic leukemia,
Indication,661,name:acute erythroleukemia,acute erythroleukemia,
Indication,662,name:acute graft vs. host disease,acute graft vs. host disease,
Indication,663,name:acute hypotension,acute hypotension,
Indication,664,name:acute kidney failure,acute kidney failure,
Indication,665,name:acute kidney tubular necrosis,acute kidney tubular necrosis,
Indication,666,name:acute leukemia of ambiguous lineage,acute leukemia of ambiguous lineage,
Indication,667,name:acute liver failure,acute liver failure,
Indication,668,name:acute lung injury,acute lung injury,
Indication,669,name:acute lymphoblastic leukemia,acute lymphoblastic leukemia,
Indication,670,name:acute megakaryoblastic leukaemia,acute megakaryoblastic leukaemia,
Indication,671,name:acute monocytic leukemia,acute monocytic leukemia,
Indication,672,name:acute myeloblastic leukemia with maturation,acute myeloblastic leukemia with maturation,
Indication,673,name:acute myeloblastic leukemia without maturation,acute myeloblastic leukemia without maturation,
Indication,674,name:acute myeloid leukemia,acute myeloid leukemia,
Indication,675,name:acute myelomonocytic leukemia,acute myelomonocytic leukemia,
Indication,676,name:acute myocardial infarction,acute myocardial infarction,
Indication,677,name:acute pancreatitis,acute pancreatitis,
Indication,678,name:acute promyelocytic leukemia,acute promyelocytic leukemia,
Indication,679,name:acute respiratory distress syndrome,acute respiratory distress syndrome,
Indication,680,name:acute stress reaction,acute stress reaction,
Indication,681,name:adenocarcinoma,adenocarcinoma,
Indication,682,name:adenoid cystic carcinoma,adenoid cystic carcinoma,
Indication,683,name:adenoma,adenoma,
Indication,684,name:adenomyosis,adenomyosis,
Indication,685,name:adenoviridae infectious disease,adenoviridae infectious disease,
Indication,686,name:adiposis dolorosa,adiposis dolorosa,
Indication,687,name:adrenal cortex carcinoma,adrenal cortex carcinoma,
Indication,688,name:adrenal cortex neoplasm,adrenal cortex neoplasm,
Indication,689,name:adrenal gland disease,adrenal gland disease,
Indication,690,name:adrenal gland hyperfunction,adrenal gland hyperfunction,
Indication,691,name:adrenal gland pheochromocytoma,adrenal gland pheochromocytoma,
Indication,692,name:adrenocortical insufficiency,adrenocortical insufficiency,
Indication,693,name:adrenogenital syndrome,adrenogenital syndrome,
Indication,694,name:adrenoleukodystrophy,adrenoleukodystrophy,
Indication,695,name:adrenomyeloneuropathy,adrenomyeloneuropathy,
Indication,696,name:adult T-cell leukemia/lymphoma,adult T-cell leukemia/lymphoma,
Indication,697,name:adult acute respiratory distress syndrome,adult acute respiratory distress syndrome,
Indication,698,name:adult fibrosarcoma,adult fibrosarcoma,
Indication,699,name:adult glioblastoma,adult glioblastoma,
Indication,700,name:adult hepatocellular carcinoma,adult hepatocellular carcinoma,
Indication,701,name:adult liposarcoma,adult liposarcoma,
Indication,702,name:adult lymphoma,adult lymphoma,
Indication,703,name:adult medulloblastoma,adult medulloblastoma,
Indication,704,name:adult oligodendroglioma,adult oligodendroglioma,
Indication,705,name:age-related macular degeneration,age-related macular degeneration,
Indication,706,name:aggressive behavior,aggressive behavior,
Indication,707,name:aging,aging,
Indication,708,name:agoraphobia,agoraphobia,
Indication,709,name:albinism,albinism,
Indication,710,name:albuminuria,albuminuria,
Indication,711,name:alcohol abuse,alcohol abuse,
Indication,712,name:alcohol dependence,alcohol dependence,
Indication,713,name:alcohol drinking,alcohol drinking,
Indication,714,name:alcohol withdrawal,alcohol withdrawal,
Indication,715,name:alcohol-related disorders,alcohol-related disorders,
Indication,716,name:alcoholic fatty liver disease,alcoholic fatty liver disease,
Indication,717,name:alcoholic liver cirrhosis,alcoholic liver cirrhosis,
Indication,718,name:alcoholic liver disease,alcoholic liver disease,
Indication,719,name:alkaptonuria,alkaptonuria,
Indication,720,name:allergic bronchopulmonary aspergillosis,allergic bronchopulmonary aspergillosis,
Indication,721,name:allergic conjunctivitis,allergic conjunctivitis,
Indication,722,name:allergic contact dermatitis,allergic contact dermatitis,
Indication,723,name:allergic disease,allergic disease,
Indication,724,name:allergic rhinitis,allergic rhinitis,
Indication,725,name:alopecia,alopecia,
Indication,726,name:alopecia areata,alopecia areata,
Indication,727,name:alpha 1-antitrypsin deficiency,alpha 1-antitrypsin deficiency,
Indication,728,name:alternating hemiplegia of childhood,alternating hemiplegia of childhood,
Indication,729,name:altitude sickness,altitude sickness,
Indication,730,name:alveolar rhabdomyosarcoma,alveolar rhabdomyosarcoma,
Indication,731,name:alveolar soft part sarcoma,alveolar soft part sarcoma,
Indication,732,name:amblyopia,amblyopia,
Indication,733,name:amebiasis,amebiasis,
Indication,734,name:ameloblastoma,ameloblastoma,
Indication,735,name:amenorrhea,amenorrhea,
Indication,736,name:amnesia,amnesia,
Indication,737,name:amyloidosis,amyloidosis,
Indication,738,name:amyotrophic lateral sclerosis,amyotrophic lateral sclerosis,
Indication,739,name:anal carcinoma,anal carcinoma,
Indication,740,name:anal neoplasm,anal neoplasm,
Indication,741,name:anaphylaxis,anaphylaxis,
Indication,742,name:anaplastic astrocytoma,anaplastic astrocytoma,
Indication,743,name:anaplastic ependymoma,anaplastic ependymoma,
Indication,744,name:anaplastic large cell lymphoma,anaplastic large cell lymphoma,
Indication,745,name:anaplastic meningioma,anaplastic meningioma,
Indication,746,name:anaplastic oligodendroglioma,anaplastic oligodendroglioma,
Indication,747,name:androgenetic alopecia,androgenetic alopecia,
Indication,748,name:anemia,anemia,
Indication,749,name:anemia (phenotype),anemia (phenotype),
Indication,750,name:aneurysm,aneurysm,
Indication,751,name:angina pectoris,angina pectoris,
Indication,752,name:angioedema,angioedema,
Indication,753,name:angioimmunoblastic T-cell lymphoma,angioimmunoblastic T-cell lymphoma,
Indication,754,name:angiomyolipoma,angiomyolipoma,
Indication,755,name:angiosarcoma,angiosarcoma,
Indication,756,name:angle-closure glaucoma,angle-closure glaucoma,
Indication,757,name:aniridia,aniridia,
Indication,758,name:ankle fracture,ankle fracture,
Indication,759,name:ankylosing spondylitis,ankylosing spondylitis,
Indication,760,name:anogenital venereal wart,anogenital venereal wart,
Indication,761,name:anorexia nervosa,anorexia nervosa,
Indication,762,name:anovulation,anovulation,
Indication,763,name:anterior ischemic optic neuropathy,anterior ischemic optic neuropathy,
Indication,764,name:anterior uveitis,anterior uveitis,
Indication,765,name:anthrax infection,anthrax infection,
Indication,766,name:anti-neutrophil antibody associated vasculitis,anti-neutrophil antibody associated vasculitis,
Indication,767,name:anti-neutrophil cytoplasmic antibody-associated vasculitis,anti-neutrophil cytoplasmic antibody-associated vasculitis,
Indication,768,name:antiphospholipid syndrome,antiphospholipid syndrome,
Indication,769,name:anus cancer,anus cancer,
Indication,770,name:anus disease,anus disease,
Indication,771,name:anxiety,anxiety,
Indication,772,name:anxiety disorder,anxiety disorder,
Indication,773,name:aortic aneurysm,aortic aneurysm,
Indication,774,name:aortic disease,aortic disease,
Indication,775,name:aortic stenosis,aortic stenosis,
Indication,776,name:aortic valve disease,aortic valve disease,
Indication,777,name:aortic valve insufficiency,aortic valve insufficiency,
Indication,778,name:aphthous ulcer,aphthous ulcer,
Indication,779,name:aplastic anemia,aplastic anemia,
Indication,780,name:appendicitis,appendicitis,
Indication,781,name:appendix cancer,appendix cancer,
Indication,782,name:appendix carcinoma,appendix carcinoma,
Indication,783,name:argininosuccinic aciduria,argininosuccinic aciduria,
Indication,784,name:arterial occlusive disease,arterial occlusive disease,
Indication,785,name:arteriosclerosis,arteriosclerosis,
Indication,786,name:arteriosclerosis disorder,arteriosclerosis disorder,
Indication,787,name:arteriosclerosis obliterans,arteriosclerosis obliterans,
Indication,788,name:arthritis,arthritis,
Indication,789,name:ascorbic acid deficiency,ascorbic acid deficiency,
Indication,790,name:aseptic meningitis,aseptic meningitis,
Indication,791,name:aspergillosis,aspergillosis,
Indication,792,name:asphyxia neonatorum,asphyxia neonatorum,
Indication,793,name:asthenia,asthenia,
Indication,794,name:asthma,asthma,
Indication,795,name:astrocytoma,astrocytoma,
Indication,796,name:asymptomatic myeloma,asymptomatic myeloma,
Indication,797,name:ataxia telangiectasia,ataxia telangiectasia,
Indication,798,name:atherosclerosis,atherosclerosis,
Indication,799,name:atopic eczema,atopic eczema,
Indication,800,name:atrial fibrillation,atrial fibrillation,
Indication,801,name:atrial flutter,atrial flutter,
Indication,802,name:atrial septal defect 1,atrial septal defect 1,
Indication,803,name:atrioventricular block,atrioventricular block,
Indication,804,name:atrophic macular degeneration,atrophic macular degeneration,
Indication,805,name:attempted suicide,attempted suicide,
Indication,806,name:attention deficit hyperactivity disorder,attention deficit hyperactivity disorder,
Indication,807,name:atypical hemolytic-uremic syndrome,atypical hemolytic-uremic syndrome,
Indication,808,name:autism,autism,
Indication,809,name:autism spectrum disorder,autism spectrum disorder,
Indication,810,name:autoimmune disease,autoimmune disease,
Indication,811,name:autoimmune disorder of the nervous system,autoimmune disorder of the nervous system,
Indication,812,name:autoimmune encephalitis,autoimmune encephalitis,
Indication,813,name:autoimmune polyendocrinopathy,autoimmune polyendocrinopathy,
Indication,814,name:autoimmune pulmonary alveolar proteinosis,autoimmune pulmonary alveolar proteinosis,
Indication,815,name:autoimmune thrombocytopenia,autoimmune thrombocytopenia,
Indication,816,name:autoimmune thrombocytopenic purpura,autoimmune thrombocytopenic purpura,
Indication,817,name:autonomic dysreflexia,autonomic dysreflexia,
Indication,818,name:autosomal dominant cerebellar ataxia type II,autosomal dominant cerebellar ataxia type II,
Indication,819,name:autosomal recessive inherited pseudoxanthoma elasticum,autosomal recessive inherited pseudoxanthoma elasticum,
Indication,820,name:avascular necrosis,avascular necrosis,
Indication,821,name:avian influenza,avian influenza,
Indication,822,name:azoospermia,azoospermia,
Indication,823,name:babesiosis,babesiosis,
Indication,824,name:bacterial conjunctivitis,bacterial conjunctivitis,
Indication,825,name:bacterial disease,bacterial disease,
Indication,826,name:bacterial endocarditis,bacterial endocarditis,
Indication,827,name:bacterial infectious disease,bacterial infectious disease,
Indication,828,name:bacterial meningitis,bacterial meningitis,
Indication,829,name:bacterial pneumonia,bacterial pneumonia,
Indication,830,name:bacterial vaginosis,bacterial vaginosis,
Indication,831,name:bacteriemia,bacteriemia,
Indication,832,name:basal cell carcinoma,basal cell carcinoma,
Indication,833,name:benign essential blepharospasm,benign essential blepharospasm,
Indication,834,name:benign muscle neoplasm,benign muscle neoplasm,
Indication,835,name:benign prostatic hyperplasia,benign prostatic hyperplasia,
Indication,836,name:benign urinary system neoplasm,benign urinary system neoplasm,
Indication,837,name:beriberi,beriberi,
Indication,838,name:berylliosis,berylliosis,
Indication,839,name:beta-thalassemia intermedia,beta-thalassemia intermedia,
Indication,840,name:beta-thalassemia major,beta-thalassemia major,
Indication,841,name:bile duct cancer,bile duct cancer,
Indication,842,name:bile duct carcinoma,bile duct carcinoma,
Indication,843,name:bile duct disorder,bile duct disorder,
Indication,844,name:biliary atresia,biliary atresia,
Indication,845,name:biliary dyskinesia,biliary dyskinesia,
Indication,846,name:biliary liver cirrhosis,biliary liver cirrhosis,
Indication,847,name:biliary tract cancer,biliary tract cancer,
Indication,848,name:biliary tract disease,biliary tract disease,
Indication,849,name:biliary tract neoplasm,biliary tract neoplasm,
Indication,850,name:binge eating,binge eating,
Indication,851,name:bipolar I disorder,bipolar I disorder,
Indication,852,name:bipolar II disorder,bipolar II disorder,
Indication,853,name:bipolar disorder,bipolar disorder,
Indication,854,name:bladder tumor,bladder tumor,
Indication,855,name:blastic plasmacytoid dendritic cell neoplasm,blastic plasmacytoid dendritic cell neoplasm,
Indication,856,name:blastomycosis,blastomycosis,
Indication,857,name:blepharitis,blepharitis,
Indication,858,name:blindness (disorder),blindness (disorder),
Indication,859,name:blood coagulation disease,blood coagulation disease,
Indication,860,name:blood platelet disease,blood platelet disease,
Indication,861,name:body weight gain,body weight gain,
Indication,862,name:bone disease,bone disease,
Indication,863,name:bone fracture,bone fracture,
Indication,864,name:bone giant cell tumor,bone giant cell tumor,
Indication,865,name:bone marrow failure syndrome,bone marrow failure syndrome,
Indication,866,name:bone metastasis,bone metastasis,
Indication,867,name:bone neoplasm,bone neoplasm,
Indication,868,name:bone osteosarcoma,bone osteosarcoma,
Indication,869,name:bone resorption,bone resorption,
Indication,870,name:bone sarcoma,bone sarcoma,
Indication,871,name:botulism,botulism,
Indication,872,name:brachial plexus neuritis,brachial plexus neuritis,
Indication,873,name:brachial plexus neuropathy,brachial plexus neuropathy,
Indication,874,name:brain aneurysm,brain aneurysm,
Indication,875,name:brain cancer,brain cancer,
Indication,876,name:brain disease,brain disease,
Indication,877,name:brain edema,brain edema,
Indication,878,name:brain hypoxia-Ischemia,brain hypoxia-Ischemia,
Indication,879,name:brain infarction,brain infarction,
Indication,880,name:brain injury,brain injury,
Indication,881,name:brain ischemia,brain ischemia,
Indication,882,name:brain neoplasm,brain neoplasm,
Indication,883,name:brain stem neoplasm,brain stem neoplasm,
Indication,884,name:breast cancer,breast cancer,
Indication,885,name:breast carcinoma,breast carcinoma,
Indication,886,name:breast carcinoma in situ,breast carcinoma in situ,
Indication,887,name:breast disease,breast disease,
Indication,888,name:breast ductal adenocarcinoma,breast ductal adenocarcinoma,
Indication,889,name:breast ductal carcinoma in situ,breast ductal carcinoma in situ,
Indication,890,name:breast fibrocystic disease,breast fibrocystic disease,
Indication,891,name:breast neoplasm,breast neoplasm,
Indication,892,name:bronchial disease,bronchial disease,
Indication,893,name:bronchial neoplasm,bronchial neoplasm,
Indication,894,name:bronchiectasis,bronchiectasis,
Indication,895,name:bronchiolitis obliterans,bronchiolitis obliterans,
Indication,896,name:bronchitis,bronchitis,
Indication,897,name:bronchoalveolar adenocarcinoma,bronchoalveolar adenocarcinoma,
Indication,898,name:bronchogenic carcinoma,bronchogenic carcinoma,
Indication,899,name:bronchopulmonary dysplasia,bronchopulmonary dysplasia,
Indication,900,name:brucellosis,brucellosis,
Indication,901,name:bulimia nervosa,bulimia nervosa,
Indication,902,name:bullous pemphigoid,bullous pemphigoid,
Indication,903,name:burn,burn,
Indication,904,name:burning mouth syndrome,burning mouth syndrome,
Indication,905,name:bursitis,bursitis,
Indication,906,name:calcification,calcification,
Indication,907,name:calcinosis,calcinosis,
Indication,908,name:calcium metabolic disease,calcium metabolic disease,
Indication,909,name:cancer,cancer,
Indication,910,name:cancer pain,cancer pain,
Indication,911,name:candidiasis,candidiasis,
Indication,912,name:cannabis dependence,cannabis dependence,
Indication,913,name:carbamoyl phosphate synthetase I deficiency disease,carbamoyl phosphate synthetase I deficiency disease,
Indication,914,name:carbon monoxide poisoning,carbon monoxide poisoning,
Indication,915,name:carcinoid heart disease,carcinoid heart disease,
Indication,916,name:carcinoid syndrome,carcinoid syndrome,
Indication,917,name:carcinoid tumor,carcinoid tumor,
Indication,918,name:carcinoma,carcinoma,
Indication,919,name:carcinoma of liver and intrahepatic biliary tract,carcinoma of liver and intrahepatic biliary tract,
Indication,920,name:carcinosarcoma,carcinosarcoma,
Indication,921,name:cardiac arrest,cardiac arrest,
Indication,922,name:cardiac arrhythmia,cardiac arrhythmia,
Indication,923,name:cardiac edema,cardiac edema,
Indication,924,name:cardiac hypertrophy,cardiac hypertrophy,
Indication,925,name:cardiomyopathy,cardiomyopathy,
Indication,926,name:cardiotoxicity,cardiotoxicity,
Indication,927,name:cardiovascular disease,cardiovascular disease,
Indication,928,name:carotid artery disease,carotid artery disease,
Indication,929,name:carotid atherosclerosis,carotid atherosclerosis,
Indication,930,name:carpal tunnel syndrome,carpal tunnel syndrome,
Indication,931,name:cat-scratch disease,cat-scratch disease,
Indication,932,name:cataract,cataract,
Indication,933,name:causalgia,causalgia,
Indication,934,name:celiac disease,celiac disease,
Indication,935,name:cellulitis,cellulitis,
Indication,936,"name:central hypoventilation syndrome, congenital, 1, with or without Hirschsprung disease","central hypoventilation syndrome, congenital, 1, with or without Hirschsprung disease",
Indication,937,name:central nervous system cancer,central nervous system cancer,
Indication,938,name:central nervous system disease,central nervous system disease,
Indication,939,name:central serous retinopathy,central serous retinopathy,
Indication,940,name:cerebellar ataxia,cerebellar ataxia,
Indication,941,name:cerebral amyloid angiopathy,cerebral amyloid angiopathy,
Indication,942,name:cerebral arterial disease,cerebral arterial disease,
Indication,943,"name:cerebral arteriopathy, autosomal dominant, with subcortical infarcts and leukoencephalopathy, type 1","cerebral arteriopathy, autosomal dominant, with subcortical infarcts and leukoencephalopathy, type 1",
Indication,944,name:cerebral astrocytoma,cerebral astrocytoma,
Indication,945,name:cerebral atherosclerosis,cerebral atherosclerosis,
Indication,946,name:cerebral cavernous malformation,cerebral cavernous malformation,
Indication,947,name:cerebral infarction,cerebral infarction,
Indication,948,name:cerebral palsy,cerebral palsy,
Indication,949,name:cerebral small vessel disease,cerebral small vessel disease,
Indication,950,name:cerebral toxoplasmosis,cerebral toxoplasmosis,
Indication,951,name:cerebrotendinous xanthomatosis,cerebrotendinous xanthomatosis,
Indication,952,name:cerebrovascular disorder,cerebrovascular disorder,
Indication,953,name:cervical adenocarcinoma,cervical adenocarcinoma,
Indication,954,name:cervical cancer,cervical cancer,
Indication,955,name:cervical carcinoma,cervical carcinoma,
Indication,956,name:cervical intraepithelial neoplasia,cervical intraepithelial neoplasia,
Indication,957,name:cervical spondylosis,cervical spondylosis,
Indication,958,name:chancroid,chancroid,
Indication,959,name:cheilitis,cheilitis,
Indication,960,name:chickenpox,chickenpox,
Indication,961,name:childhood absence epilepsy,childhood absence epilepsy,
Indication,962,name:childhood acute lymphoblastic leukemia,childhood acute lymphoblastic leukemia,
Indication,963,name:childhood apraxia of speech,childhood apraxia of speech,
Indication,964,name:childhood brain stem neoplasm,childhood brain stem neoplasm,
Indication,965,name:childhood cancer,childhood cancer,
Indication,966,name:childhood ependymoma,childhood ependymoma,
Indication,967,name:childhood epithelioid sarcoma,childhood epithelioid sarcoma,
Indication,968,name:childhood germ cell tumor,childhood germ cell tumor,
Indication,969,name:childhood kidney neoplasm,childhood kidney neoplasm,
Indication,970,name:childhood oligodendroglioma,childhood oligodendroglioma,
Indication,971,name:cholangiocarcinoma,cholangiocarcinoma,
Indication,972,name:cholangitis,cholangitis,
Indication,973,name:cholelithiasis,cholelithiasis,
Indication,974,name:cholestasis,cholestasis,
Indication,975,name:cholesterol embolism,cholesterol embolism,
Indication,976,name:chondrocalcinosis,chondrocalcinosis,
Indication,977,name:chondrosarcoma,chondrosarcoma,
Indication,978,name:chordoma,chordoma,
Indication,979,name:chorea,chorea,
Indication,980,name:chorioamnionitis,chorioamnionitis,
Indication,981,name:choriocarcinoma,choriocarcinoma,
Indication,982,name:choroid plexus neoplasm,choroid plexus neoplasm,
Indication,983,name:choroidal neovascularization,choroidal neovascularization,
Indication,984,name:choroideremia,choroideremia,
Indication,985,name:choroiditis,choroiditis,
Indication,986,name:chromophobe renal cell carcinoma,chromophobe renal cell carcinoma,
Indication,987,name:chronic bronchitis,chronic bronchitis,
Indication,988,name:chronic fatigue syndrome,chronic fatigue syndrome,
Indication,989,name:chronic gastritis,chronic gastritis,
Indication,990,name:chronic graft versus host disease,chronic graft versus host disease,
Indication,991,name:chronic granulomatous disease,chronic granulomatous disease,
Indication,992,name:chronic hepatitis,chronic hepatitis,
Indication,993,name:chronic hepatitis B virus infection,chronic hepatitis B virus infection,
Indication,994,name:chronic hepatitis C virus infection,chronic hepatitis C virus infection,
Indication,995,name:chronic idiopathic urticaria,chronic idiopathic urticaria,
Indication,996,name:chronic inflammatory demyelinating polyneuropathy,chronic inflammatory demyelinating polyneuropathy,
Indication,997,name:chronic inflammatory demyelinating polyradiculoneuropathy,chronic inflammatory demyelinating polyradiculoneuropathy,
Indication,998,name:chronic interstitial cystitis,chronic interstitial cystitis,
Indication,999,name:chronic kidney disease,chronic kidney disease,
Indication,1000,name:chronic liver failure,chronic liver failure,
Indication,1001,name:chronic lymphocytic leukemia,chronic lymphocytic leukemia,
Indication,1002,name:chronic myelogenous leukemia,chronic myelogenous leukemia,
Indication,1003,name:chronic myelomonocytic leukemia,chronic myelomonocytic leukemia,
Indication,1004,name:chronic myeloproliferative disorder,chronic myeloproliferative disorder,
Indication,1005,name:chronic obstructive pulmonary disease,chronic obstructive pulmonary disease,
Indication,1006,name:chronic pancreatitis,chronic pancreatitis,
Indication,1007,name:chronic periodontitis,chronic periodontitis,
Indication,1008,name:chronic primary adrenal insufficiency,chronic primary adrenal insufficiency,
Indication,1009,name:chronic progressive multiple sclerosis,chronic progressive multiple sclerosis,
Indication,1010,name:chronic renal failure syndrome,chronic renal failure syndrome,
Indication,1011,name:chronic rhinosinusitis,chronic rhinosinusitis,
Indication,1012,name:chronic tic disorder,chronic tic disorder,
Indication,1013,name:cicatricial alopecia,cicatricial alopecia,
Indication,1014,name:ciguatera poisoning,ciguatera poisoning,
Indication,1015,name:circadian rhythm sleep disorder,circadian rhythm sleep disorder,
Indication,1016,name:cirrhosis of liver,cirrhosis of liver,
Indication,1017,name:citrullinemia,citrullinemia,
Indication,1018,name:classic Hodgkin lymphoma,classic Hodgkin lymphoma,
Indication,1019,name:classic congenital adrenal hyperplasia due to 21-hydroxylase deficiency,classic congenital adrenal hyperplasia due to 21-hydroxylase deficiency,
Indication,1020,name:clear cell adenocarcinoma,clear cell adenocarcinoma,
Indication,1021,name:clear cell chondrosarcoma,clear cell chondrosarcoma,
Indication,1022,name:clear cell renal carcinoma,clear cell renal carcinoma,
Indication,1023,name:clear cell sarcoma,clear cell sarcoma,
Indication,1024,name:cleft lip,cleft lip,
Indication,1025,name:clostridium difficile infection,clostridium difficile infection,
Indication,1026,name:cocaine abuse,cocaine abuse,
Indication,1027,name:cocaine dependence,cocaine dependence,
Indication,1028,name:coccidioidomycosis,coccidioidomycosis,
Indication,1029,name:cognition,cognition,
Indication,1030,name:cold agglutinin disease,cold agglutinin disease,
Indication,1031,name:cold urticaria,cold urticaria,
Indication,1032,name:colitis,colitis,
Indication,1033,name:collagenous colitis,collagenous colitis,
Indication,1034,name:collecting duct carcinoma,collecting duct carcinoma,
Indication,1035,name:colon adenocarcinoma,colon adenocarcinoma,
Indication,1036,name:colon carcinoma,colon carcinoma,
Indication,1037,name:colonic neoplasm,colonic neoplasm,
Indication,1038,name:colorectal adenocarcinoma,colorectal adenocarcinoma,
Indication,1039,name:colorectal adenoma,colorectal adenoma,
Indication,1040,name:colorectal cancer,colorectal cancer,
Indication,1041,name:colorectal carcinoma,colorectal carcinoma,
Indication,1042,name:colorectal neoplasm,colorectal neoplasm,
Indication,1043,name:commensal Clostridium infectious disease,commensal Clostridium infectious disease,
Indication,1044,name:common cold,common cold,
Indication,1045,name:common variable immunodeficiency,common variable immunodeficiency,
Indication,1046,name:common wart,common wart,
Indication,1047,name:compartment syndrome,compartment syndrome,
Indication,1048,name:complex partial epilepsy,complex partial epilepsy,
Indication,1049,name:complex regional pain syndrome,complex regional pain syndrome,
Indication,1050,name:computed tomography,computed tomography,
Indication,1051,name:concussion,concussion,
Indication,1052,name:conduct disorder,conduct disorder,
Indication,1053,name:congenital adrenal hyperplasia,congenital adrenal hyperplasia,
Indication,1054,name:congenital heart disease,congenital heart disease,
Indication,1055,name:congenital hypothyroidism,congenital hypothyroidism,
Indication,1056,name:congenital mitral valve insufficiency,congenital mitral valve insufficiency,
Indication,1057,name:congenital toxoplasmosis,congenital toxoplasmosis,
Indication,1058,name:congestive heart failure,congestive heart failure,
Indication,1059,name:conjunctivitis,conjunctivitis,
Indication,1060,name:connective tissue disease,connective tissue disease,
Indication,1061,name:constipation disorder,constipation disorder,
Indication,1062,name:contact dermatitis,contact dermatitis,
Indication,1063,name:contraception,contraception,
Indication,1064,name:contracture,contracture,
Indication,1065,name:corneal edema,corneal edema,
Indication,1066,name:corneal neovascularization,corneal neovascularization,
Indication,1067,name:corneal ulcer,corneal ulcer,
Indication,1068,name:coronary artery disease,coronary artery disease,
Indication,1069,name:coronary atherosclerosis,coronary atherosclerosis,
Indication,1070,name:coronary stenosis,coronary stenosis,
Indication,1071,name:coronavirus infectious disease,coronavirus infectious disease,
Indication,1072,name:corticobasal degeneration disorder,corticobasal degeneration disorder,
Indication,1073,name:cowpox,cowpox,
Indication,1074,name:craniosynostosis,craniosynostosis,
Indication,1075,name:croup,croup,
Indication,1076,name:cryptococcal meningitis,cryptococcal meningitis,
Indication,1077,name:cryptococcosis,cryptococcosis,
Indication,1078,name:cryptosporidiosis,cryptosporidiosis,
Indication,1079,name:cutaneous Leishmaniasis,cutaneous Leishmaniasis,
Indication,1080,name:cutaneous lupus erythematosus,cutaneous lupus erythematosus,
Indication,1081,name:cutaneous melanoma,cutaneous melanoma,
Indication,1082,name:cystic fibrosis,cystic fibrosis,
Indication,1083,name:cystic neoplasm,cystic neoplasm,
Indication,1084,"name:cystic, mucinous, and serous neoplasm","cystic, mucinous, and serous neoplasm",
Indication,1085,name:cysticercosis,cysticercosis,
Indication,1086,name:cystinosis,cystinosis,
Indication,1087,name:cystinuria,cystinuria,
Indication,1088,name:cystitis,cystitis,
Indication,1089,name:cystoid macular edema,cystoid macular edema,
Indication,1090,name:cytomegalovirus infection,cytomegalovirus infection,
Indication,1091,name:deafness,deafness,
Indication,1092,name:decubitus ulcer,decubitus ulcer,
Indication,1093,name:dedifferentiated liposarcoma,dedifferentiated liposarcoma,
Indication,1094,name:deep vein thrombosis,deep vein thrombosis,
Indication,1095,name:delirium,delirium,
Indication,1096,name:dementia,dementia,
Indication,1097,name:dengue disease,dengue disease,
Indication,1098,name:dense deposit disease,dense deposit disease,
Indication,1099,name:dental caries,dental caries,
Indication,1100,name:dental fluorosis,dental fluorosis,
Indication,1101,name:dental phobia,dental phobia,
Indication,1102,name:dental pulp exposure,dental pulp exposure,
Indication,1103,name:depressive disorder,depressive disorder,
Indication,1104,name:dermatitis,dermatitis,
Indication,1105,name:dermatitis herpetiformis,dermatitis herpetiformis,
Indication,1106,name:dermatofibrosarcoma protuberans,dermatofibrosarcoma protuberans,
Indication,1107,name:dermatomyositis,dermatomyositis,
Indication,1108,name:desmoplastic small round cell tumor,desmoplastic small round cell tumor,
Indication,1109,name:developmental and epileptic encephalopathy,developmental and epileptic encephalopathy,
Indication,1110,name:developmental disability,developmental disability,
Indication,1111,name:developmental dysplasia of the hip,developmental dysplasia of the hip,
Indication,1112,name:diabetes insipidus,diabetes insipidus,
Indication,1113,name:diabetes mellitus,diabetes mellitus,
Indication,1114,name:diabetic cardiomyopathy,diabetic cardiomyopathy,
Indication,1115,name:diabetic foot,diabetic foot,
Indication,1116,name:diabetic ketoacidosis,diabetic ketoacidosis,
Indication,1117,name:diabetic nephropathy,diabetic nephropathy,
Indication,1118,name:diabetic neuropathy,diabetic neuropathy,
Indication,1119,name:diabetic polyneuropathy,diabetic polyneuropathy,
Indication,1120,name:diabetic retinopathy,diabetic retinopathy,
Indication,1121,name:diagnostic agent,diagnostic agent,
Indication,1122,name:diarrheal disease,diarrheal disease,
Indication,1123,name:diastolic heart failure,diastolic heart failure,
Indication,1124,name:differentiated thyroid carcinoma,differentiated thyroid carcinoma,
Indication,1125,name:diffuse intrinsic pontine glioma,diffuse intrinsic pontine glioma,
Indication,1126,name:diffuse large B-cell lymphoma,diffuse large B-cell lymphoma,
Indication,1127,name:diffuse scleroderma,diffuse scleroderma,
Indication,1128,name:digestive system cancer,digestive system cancer,
Indication,1129,name:digestive system disease,digestive system disease,
Indication,1130,name:digestive system neoplasm,digestive system neoplasm,
Indication,1131,name:digestive system neuroendocrine neoplasm,digestive system neuroendocrine neoplasm,
Indication,1132,name:dilated cardiomyopathy,dilated cardiomyopathy,
Indication,1133,name:diphtheria,diphtheria,
Indication,1134,name:discoid lupus erythematosus,discoid lupus erythematosus,
Indication,1135,name:disorder of glycogen metabolism,disorder of glycogen metabolism,
Indication,1136,name:diverticular disease,diverticular disease,
Indication,1137,name:diverticulitis,diverticulitis,
Indication,1138,name:dizziness,dizziness,
Indication,1139,name:double outlet right ventricle,double outlet right ventricle,
Indication,1140,name:drug dependence,drug dependence,
Indication,1141,name:drug toxicity,drug toxicity,
Indication,1142,name:drug-Induced dyskinesia,drug-Induced dyskinesia,
Indication,1143,name:drug-induced hepatitis,drug-induced hepatitis,
Indication,1144,name:drug-induced liver injury,drug-induced liver injury,
Indication,1145,name:drug-resistant tuberculosis,drug-resistant tuberculosis,
Indication,1146,name:dry eye syndrome,dry eye syndrome,
Indication,1147,name:duodenal ulcer,duodenal ulcer,
Indication,1148,name:dysentery,dysentery,
Indication,1149,name:dyskeratosis congenita,dyskeratosis congenita,
Indication,1150,name:dyspepsia,dyspepsia,
Indication,1151,name:dysplasia of cervix,dysplasia of cervix,
Indication,1152,name:dysthymic disorder,dysthymic disorder,
Indication,1153,name:dystocia,dystocia,
Indication,1154,name:dystonic disorder,dystonic disorder,
Indication,1155,name:dysuria,dysuria,
Indication,1156,name:ear neoplasm,ear neoplasm,
Indication,1157,name:eating disorder,eating disorder,
Indication,1158,name:edema,edema,
Indication,1159,name:embryonal rhabdomyosarcoma,embryonal rhabdomyosarcoma,
Indication,1160,name:emphysema,emphysema,
Indication,1161,name:empyema,empyema,
Indication,1162,name:encephalitis,encephalitis,
Indication,1163,name:encephalomyelitis,encephalomyelitis,
Indication,1164,"name:encephalopathy, progressive, early-onset, with brain edema and/or leukoencephalopathy","encephalopathy, progressive, early-onset, with brain edema and/or leukoencephalopathy",
Indication,1165,name:endocarditis,endocarditis,
Indication,1166,name:endocervicitis,endocervicitis,
Indication,1167,name:endocrine neoplasm,endocrine neoplasm,
Indication,1168,name:endocrine system disease,endocrine system disease,
Indication,1169,name:endometrial cancer,endometrial cancer,
Indication,1170,name:endometrial carcinoma,endometrial carcinoma,
Indication,1171,name:endometrial disorder,endometrial disorder,
Indication,1172,name:endometrial neoplasm,endometrial neoplasm,
Indication,1173,name:endometrial stromal sarcoma,endometrial stromal sarcoma,
Indication,1174,name:endometrioid carcinoma,endometrioid carcinoma,
Indication,1175,name:endometriosis,endometriosis,
Indication,1176,name:endometrium neoplasm,endometrium neoplasm,
Indication,1177,name:endophthalmitis,endophthalmitis,
Indication,1178,name:enteritis,enteritis,
Indication,1179,name:enterocolitis,enterocolitis,
Indication,1180,name:enuresis,enuresis,
Indication,1181,name:eosinophilic esophagitis,eosinophilic esophagitis,
Indication,1182,name:eosinophilic pneumonia,eosinophilic pneumonia,
Indication,1183,name:ependymoma,ependymoma,
Indication,1184,name:epicondylitis,epicondylitis,
Indication,1185,name:epidermolysis bullosa,epidermolysis bullosa,
Indication,1186,name:epidermolysis bullosa acquisita,epidermolysis bullosa acquisita,
Indication,1187,name:epidermolysis bullosa dystrophica,epidermolysis bullosa dystrophica,
Indication,1188,name:epilepsia partialis continua,epilepsia partialis continua,
Indication,1189,name:epilepsy,epilepsy,
Indication,1190,name:epilepsy with generalized tonic-clonic seizures,epilepsy with generalized tonic-clonic seizures,
Indication,1191,name:epistaxis,epistaxis,
Indication,1192,name:epithelioid hemangioendothelioma,epithelioid hemangioendothelioma,
Indication,1193,name:epithelioid sarcoma,epithelioid sarcoma,
Indication,1194,name:erectile dysfunction,erectile dysfunction,
Indication,1195,name:erythema multiforme,erythema multiforme,
Indication,1196,name:erythromelalgia,erythromelalgia,
Indication,1197,name:erythropoietic protoporphyria,erythropoietic protoporphyria,
Indication,1198,name:esophageal cancer,esophageal cancer,
Indication,1199,name:esophageal carcinoma,esophageal carcinoma,
Indication,1200,name:esophageal disease,esophageal disease,
Indication,1201,name:esophageal squamous cell carcinoma,esophageal squamous cell carcinoma,
Indication,1202,name:esophageal varices,esophageal varices,
Indication,1203,name:esophagitis,esophagitis,
Indication,1204,name:essential hypertension,essential hypertension,
Indication,1205,name:essential thrombocythemia,essential thrombocythemia,
Indication,1206,name:essential tremor,essential tremor,
Indication,1207,name:eumycotic mycetoma,eumycotic mycetoma,
Indication,1208,name:euthyroid sick syndrome,euthyroid sick syndrome,
Indication,1209,name:exanthem,exanthem,
Indication,1210,name:executive function,executive function,
Indication,1211,name:exfoliation syndrome,exfoliation syndrome,
Indication,1212,name:exfoliative dermatitis,exfoliative dermatitis,
Indication,1213,name:exocrine pancreatic insufficiency,exocrine pancreatic insufficiency,
Indication,1214,name:extra-adrenal sympathetic paraganglioma,extra-adrenal sympathetic paraganglioma,
Indication,1215,name:extranodal nasal NK/T cell lymphoma,extranodal nasal NK/T cell lymphoma,
Indication,1216,name:extrapulmonary tuberculosis,extrapulmonary tuberculosis,
Indication,1217,name:extrinsic allergic alveolitis,extrinsic allergic alveolitis,
Indication,1218,name:eye allergy,eye allergy,
Indication,1219,name:eye disease,eye disease,
Indication,1220,name:eye infection,eye infection,
Indication,1221,name:eye inflammation,eye inflammation,
Indication,1222,name:eye injury,eye injury,
Indication,1223,name:facial pain,facial pain,
Indication,1224,name:fallopian tube cancer,fallopian tube cancer,
Indication,1225,name:fallopian tube neoplasm,fallopian tube neoplasm,
Indication,1226,name:familial Mediterranean fever,familial Mediterranean fever,
Indication,1227,name:familial adenomatous polyposis 1,familial adenomatous polyposis 1,
Indication,1228,name:familial amyloid neuropathy,familial amyloid neuropathy,
Indication,1229,name:familial amyotrophic lateral sclerosis,familial amyotrophic lateral sclerosis,
Indication,1230,name:familial atrioventricular septal defect,familial atrioventricular septal defect,
Indication,1231,name:familial hemolytic anemia,familial hemolytic anemia,
Indication,1232,name:familial hypercholesterolemia,familial hypercholesterolemia,
Indication,1233,name:familial intrahepatic cholestasis,familial intrahepatic cholestasis,
Indication,1234,name:familial lipoprotein lipase deficiency,familial lipoprotein lipase deficiency,
Indication,1235,name:familial long QT syndrome,familial long QT syndrome,
Indication,1236,name:familial multiple nevi flammei,familial multiple nevi flammei,
Indication,1237,name:familial partial lipodystrophy,familial partial lipodystrophy,
Indication,1238,name:famililal cerebral cavernous malformations,famililal cerebral cavernous malformations,
Indication,1239,name:fasting,fasting,
Indication,1240,name:fatty liver disease,fatty liver disease,
Indication,1241,name:fecal incontinence,fecal incontinence,
Indication,1242,name:female infertility,female infertility,
Indication,1243,name:female reproductive system disease,female reproductive system disease,
Indication,1244,name:female reproductive system neoplasm,female reproductive system neoplasm,
Indication,1245,name:femoral neck fracture,femoral neck fracture,
Indication,1246,name:fetal growth restriction,fetal growth restriction,
Indication,1247,name:fetal hypoxia,fetal hypoxia,
Indication,1248,name:fibrodysplasia ossificans progressiva,fibrodysplasia ossificans progressiva,
Indication,1249,name:fibroma,fibroma,
Indication,1250,name:fibromatosis,fibromatosis,
Indication,1251,name:fibromyalgia,fibromyalgia,
Indication,1252,name:fibromyxoid tumor,fibromyxoid tumor,
Indication,1253,name:fibrosarcoma,fibrosarcoma,
Indication,1254,name:fibrosis,fibrosis,
Indication,1255,name:fibrous dysplasia,fibrous dysplasia,
Indication,1256,name:filarial elephantiasis,filarial elephantiasis,
Indication,1257,name:filariasis,filariasis,
Indication,1258,name:flatulence,flatulence,
Indication,1259,name:fluoride poisoning,fluoride poisoning,
Indication,1260,name:focal dystonia,focal dystonia,
Indication,1261,name:focal segmental glomerulosclerosis,focal segmental glomerulosclerosis,
Indication,1262,name:folate deficiency,folate deficiency,
Indication,1263,name:follicular lymphoma,follicular lymphoma,
Indication,1264,name:follicular thyroid carcinoma,follicular thyroid carcinoma,
Indication,1265,name:folliculitis,folliculitis,
Indication,1266,name:food allergy,food allergy,
Indication,1267,name:fragile X syndrome,fragile X syndrome,
Indication,1268,name:freckles,freckles,
Indication,1269,name:frontotemporal dementia,frontotemporal dementia,
Indication,1270,name:frozen shoulder,frozen shoulder,
Indication,1271,name:fucosidosis,fucosidosis,
Indication,1272,name:fungal infectious disease,fungal infectious disease,
Indication,1273,name:fungal lung infectious disease,fungal lung infectious disease,
Indication,1274,name:fusariosis,fusariosis,
Indication,1275,name:gallbladder cancer,gallbladder cancer,
Indication,1276,name:gallbladder carcinoma,gallbladder carcinoma,
Indication,1277,name:gallbladder neoplasm,gallbladder neoplasm,
Indication,1278,name:gambling behaviour,gambling behaviour,
Indication,1279,name:gamma chain deficiency,gamma chain deficiency,
Indication,1280,name:ganglioneuroblastoma,ganglioneuroblastoma,
Indication,1281,name:gangliosidosis,gangliosidosis,
Indication,1282,name:gastric adenocarcinoma,gastric adenocarcinoma,
Indication,1283,name:gastric cancer,gastric cancer,
Indication,1284,name:gastric carcinoma,gastric carcinoma,
Indication,1285,name:gastric ulcer,gastric ulcer,
Indication,1286,name:gastrin-producing neuroendocrine tumor,gastrin-producing neuroendocrine tumor,
Indication,1287,name:gastritis,gastritis,
Indication,1288,name:gastroenteritis,gastroenteritis,
Indication,1289,name:gastroesophageal junction adenocarcinoma,gastroesophageal junction adenocarcinoma,
Indication,1290,name:gastroesophageal reflux disease,gastroesophageal reflux disease,
Indication,1291,name:gastrointestinal disease,gastrointestinal disease,
Indication,1292,name:gastrointestinal stromal tumor,gastrointestinal stromal tumor,
Indication,1293,name:gastroparesis,gastroparesis,
Indication,1294,name:gastroschisis,gastroschisis,
Indication,1295,name:generalized anxiety disorder,generalized anxiety disorder,
Indication,1296,name:genetic disorder,genetic disorder,
Indication,1297,name:genital herpes,genital herpes,
Indication,1298,name:germ cell tumor,germ cell tumor,
Indication,1299,name:gestational diabetes,gestational diabetes,
Indication,1300,name:gestational trophoblastic neoplasm,gestational trophoblastic neoplasm,
Indication,1301,name:giant cell tumor,giant cell tumor,
Indication,1302,name:giardiasis,giardiasis,
Indication,1303,name:gingival overgrowth,gingival overgrowth,
Indication,1304,name:gingivitis,gingivitis,
Indication,1305,name:glaucoma,glaucoma,
Indication,1306,name:glioblastoma multiforme,glioblastoma multiforme,
Indication,1307,name:glioma,glioma,
Indication,1308,name:gliosarcoma,gliosarcoma,
Indication,1309,name:glomerulonephritis,glomerulonephritis,
Indication,1310,name:glossopharyngeal nerve disorder,glossopharyngeal nerve disorder,
Indication,1311,name:glucosephosphate dehydrogenase deficiency,glucosephosphate dehydrogenase deficiency,
Indication,1312,name:glycogen storage disease III,glycogen storage disease III,
Indication,1313,name:glycogen storage disease V,glycogen storage disease V,
Indication,1314,name:glycogen storage disease VII,glycogen storage disease VII,
Indication,1315,name:gonorrhea,gonorrhea,
Indication,1316,name:gout,gout,
Indication,1317,name:grade III meningioma,grade III meningioma,
Indication,1318,name:graft versus host disease,graft versus host disease,
Indication,1319,name:gram-negative bacterial infections,gram-negative bacterial infections,
Indication,1320,name:gram-positive bacterial infections,gram-positive bacterial infections,
Indication,1321,name:granuloma annulare,granuloma annulare,
Indication,1322,name:granuloma inguinale,granuloma inguinale,
Indication,1323,name:habitual abortion,habitual abortion,
Indication,1324,name:hairy cell leukemia,hairy cell leukemia,
Indication,1325,name:hamartoma,hamartoma,
Indication,1326,name:hand dermatosis,hand dermatosis,
Indication,1327,"name:hand, foot and mouth disease","hand, foot and mouth disease",
Indication,1328,name:head and neck carcinoma,head and neck carcinoma,
Indication,1329,name:head and neck malignant neoplasia,head and neck malignant neoplasia,
Indication,1330,name:head and neck neoplasia,head and neck neoplasia,
Indication,1331,name:head and neck squamous cell carcinoma,head and neck squamous cell carcinoma,
Indication,1332,name:head injury,head injury,
Indication,1333,name:headache disorder,headache disorder,
Indication,1334,name:hearing loss,hearing loss,
Indication,1335,name:heart disease,heart disease,
Indication,1336,name:heart failure,heart failure,
Indication,1337,name:heavy metal poisoning,heavy metal poisoning,
Indication,1338,name:hemangioblastoma,hemangioblastoma,
Indication,1339,name:hemangioendothelioma,hemangioendothelioma,
Indication,1340,name:hemangioma,hemangioma,
Indication,1341,name:hematologic disease,hematologic disease,
Indication,1342,name:hematoma,hematoma,
Indication,1343,name:hematopoietic and lymphoid cell neoplasm,hematopoietic and lymphoid cell neoplasm,
Indication,1344,name:hematopoietic and lymphoid system neoplasm,hematopoietic and lymphoid system neoplasm,
Indication,1345,name:hemiplegia,hemiplegia,
Indication,1346,name:hemochromatosis,hemochromatosis,
Indication,1347,name:hemoglobinopathy,hemoglobinopathy,
Indication,1348,name:hemolysis,hemolysis,
Indication,1349,name:hemolytic anemia,hemolytic anemia,
Indication,1350,name:hemophagocytic syndrome,hemophagocytic syndrome,
Indication,1351,name:hemophilia,hemophilia,
Indication,1352,name:hemophilia A,hemophilia A,
Indication,1353,name:hemophilia B,hemophilia B,
Indication,1354,name:hemorrhage,hemorrhage,
Indication,1355,name:hemorrhagic disease,hemorrhagic disease,
Indication,1356,name:hemorrhagic fever with renal syndrome,hemorrhagic fever with renal syndrome,
Indication,1357,name:hemorrhoid,hemorrhoid,
Indication,1358,name:hemosiderosis,hemosiderosis,
Indication,1359,name:hepatic veno-occlusive disease,hepatic veno-occlusive disease,
Indication,1360,name:hepatitis B virus infection,hepatitis B virus infection,
Indication,1361,name:hepatitis C virus infection,hepatitis C virus infection,
Indication,1362,name:hepatitis D virus infection,hepatitis D virus infection,
Indication,1363,name:hepatitis E virus infection,hepatitis E virus infection,
Indication,1364,name:hepatocellular carcinoma,hepatocellular carcinoma,
Indication,1365,name:hepatorenal syndrome,hepatorenal syndrome,
Indication,1366,name:hereditary angioedema,hereditary angioedema,
Indication,1367,name:hereditary hemochromatosis,hereditary hemochromatosis,
Indication,1368,name:hereditary hemorrhagic telangiectasia,hereditary hemorrhagic telangiectasia,
Indication,1369,name:hereditary spastic paraplegia,hereditary spastic paraplegia,
Indication,1370,name:heroin dependence,heroin dependence,
Indication,1371,name:herpes labialis,herpes labialis,
Indication,1372,name:hidradenitis suppurativa,hidradenitis suppurativa,
Indication,1373,name:hilar cholangiocarcinoma,hilar cholangiocarcinoma,
Indication,1374,name:hip fracture,hip fracture,
Indication,1375,name:histiocytoma,histiocytoma,
Indication,1376,name:histoplasmosis,histoplasmosis,
Indication,1377,name:homocystinuria,homocystinuria,
Indication,1378,name:homozygous familial hypercholesterolemia,homozygous familial hypercholesterolemia,
Indication,1379,name:hookworm infectious disease,hookworm infectious disease,
Indication,1380,name:human african trypanosomiasis,human african trypanosomiasis,
Indication,1381,name:human papilloma virus infection,human papilloma virus infection,
Indication,1382,name:humerus fracture,humerus fracture,
Indication,1383,name:hyperaldosteronism,hyperaldosteronism,
Indication,1384,name:hyperandrogenism,hyperandrogenism,
Indication,1385,name:hyperemesis gravidarum,hyperemesis gravidarum,
Indication,1386,name:hyperemia,hyperemia,
Indication,1387,name:hyperinsulinism,hyperinsulinism,
Indication,1388,name:hyperkalemic periodic paralysis,hyperkalemic periodic paralysis,
Indication,1389,name:hyperlipidemia,hyperlipidemia,
Indication,1390,name:hyperlipoproteinemia,hyperlipoproteinemia,
Indication,1391,name:hyperlipoproteinemia type 3,hyperlipoproteinemia type 3,
Indication,1392,name:hyperparathyroidism,hyperparathyroidism,
Indication,1393,name:hyperphosphatemia,hyperphosphatemia,
Indication,1394,name:hyperpigmentation of the skin,hyperpigmentation of the skin,
Indication,1395,name:hyperplasia,hyperplasia,
Indication,1396,name:hyperprolactinemia,hyperprolactinemia,
Indication,1397,name:hypersensitivity pneumonitis,hypersensitivity pneumonitis,
Indication,1398,name:hypersensitivity reaction disease,hypersensitivity reaction disease,
Indication,1399,name:hypersomnia,hypersomnia,
Indication,1400,name:hypertension,hypertension,
Indication,1401,"name:hypertension, pregnancy-induced","hypertension, pregnancy-induced",
Indication,1402,name:hyperthyroidism,hyperthyroidism,
Indication,1403,name:hypertrophic cardiomyopathy,hypertrophic cardiomyopathy,
Indication,1404,name:hypertrophy,hypertrophy,
Indication,1405,name:hyperuricemia,hyperuricemia,
Indication,1406,name:hypobetalipoproteinemia,hypobetalipoproteinemia,
Indication,1407,name:hypogonadism,hypogonadism,
Indication,1408,name:hypogonadotropic hypogonadism,hypogonadotropic hypogonadism,
Indication,1409,name:hypokalemic periodic paralysis,hypokalemic periodic paralysis,
Indication,1410,name:hypoparathyroidism,hypoparathyroidism,
Indication,1411,name:hypopharyngeal carcinoma,hypopharyngeal carcinoma,
Indication,1412,name:hypopharyngeal squamous cell carcinoma,hypopharyngeal squamous cell carcinoma,
Indication,1413,name:hypophosphatemic rickets,hypophosphatemic rickets,
Indication,1414,name:hypopituitarism,hypopituitarism,
Indication,1415,name:hypoplastic left heart syndrome,hypoplastic left heart syndrome,
Indication,1416,name:hypospadias,hypospadias,
Indication,1417,name:hypotension,hypotension,
Indication,1418,name:hypothalamic neoplasm,hypothalamic neoplasm,
Indication,1419,name:hypothyroidism,hypothyroidism,
Indication,1420,name:hypotrichosis,hypotrichosis,
Indication,1421,name:hypotrichosis simplex,hypotrichosis simplex,
Indication,1422,name:hypoxemia,hypoxemia,
Indication,1423,name:hypoxia,hypoxia,
Indication,1424,name:ichthyosis,ichthyosis,
Indication,1425,name:idiopathic and/or familial pulmonary arterial hypertension,idiopathic and/or familial pulmonary arterial hypertension,
Indication,1426,name:idiopathic hypersomnia,idiopathic hypersomnia,
Indication,1427,name:idiopathic pulmonary arterial hypertension,idiopathic pulmonary arterial hypertension,
Indication,1428,name:idiopathic pulmonary fibrosis,idiopathic pulmonary fibrosis,
Indication,1429,name:ileus,ileus,
Indication,1430,name:immune system disease,immune system disease,
Indication,1431,name:immunodeficiency disease,immunodeficiency disease,
Indication,1432,name:impetigo,impetigo,
Indication,1433,name:in situ carcinoma,in situ carcinoma,
Indication,1434,name:inappropriate ADH syndrome,inappropriate ADH syndrome,
Indication,1435,name:inborn disorder of amino acid metabolism,inborn disorder of amino acid metabolism,
Indication,1436,name:inborn error of immunity,inborn error of immunity,
Indication,1437,name:inborn errors of metabolism,inborn errors of metabolism,
Indication,1438,name:inborn metal metabolism disorder,inborn metal metabolism disorder,
Indication,1439,name:inclusion body myositis,inclusion body myositis,
Indication,1440,name:inclusion conjunctivitis,inclusion conjunctivitis,
Indication,1441,name:incomplete abortion,incomplete abortion,
Indication,1442,name:infection,infection,
Indication,1443,name:infectious disease,infectious disease,
Indication,1444,name:infectious meningitis,infectious meningitis,
Indication,1445,name:infectious mononucleosis,infectious mononucleosis,
Indication,1446,name:infectious otitis media,infectious otitis media,
Indication,1447,name:infective endocarditis,infective endocarditis,
Indication,1448,name:infertility,infertility,
Indication,1449,name:inflammation,inflammation,
Indication,1450,name:inflammatory bowel disease,inflammatory bowel disease,
Indication,1451,name:inflammatory breast carcinoma,inflammatory breast carcinoma,
Indication,1452,name:inflammatory myofibroblastic tumor,inflammatory myofibroblastic tumor,
Indication,1453,name:influenza,influenza,
Indication,1454,name:inherited retinal dystrophy,inherited retinal dystrophy,
Indication,1455,name:injury,injury,
Indication,1456,name:insomnia,insomnia,
Indication,1457,name:insulin resistance,insulin resistance,
Indication,1458,name:insulinoma,insulinoma,
Indication,1459,name:intelligence,intelligence,
Indication,1460,name:intermediate coronary syndrome,intermediate coronary syndrome,
Indication,1461,name:intermediate uveitis,intermediate uveitis,
Indication,1462,name:intermittent vascular claudication,intermittent vascular claudication,
Indication,1463,name:internal carotid artery stenosis,internal carotid artery stenosis,
Indication,1464,name:interstitial cystitis,interstitial cystitis,
Indication,1465,name:interstitial lung disease,interstitial lung disease,
Indication,1466,name:interstitial nephritis,interstitial nephritis,
Indication,1467,name:intertrigo,intertrigo,
Indication,1468,name:intestinal cancer,intestinal cancer,
Indication,1469,name:intestinal disease,intestinal disease,
Indication,1470,name:intestinal neoplasm,intestinal neoplasm,
Indication,1471,name:intestinal obstruction,intestinal obstruction,
Indication,1472,name:intestinal polyp,intestinal polyp,
Indication,1473,name:intestinal pseudo-obstruction,intestinal pseudo-obstruction,
Indication,1474,name:intestinal schistosomiasis,intestinal schistosomiasis,
Indication,1475,name:intracerebral hemorrhage,intracerebral hemorrhage,
Indication,1476,name:intracranial hemorrhage,intracranial hemorrhage,
Indication,1477,name:intracranial hypertension,intracranial hypertension,
Indication,1478,name:intracranial meningioma,intracranial meningioma,
Indication,1479,name:intracranial subdural hematoma,intracranial subdural hematoma,
Indication,1480,name:intracranial vasospasm,intracranial vasospasm,
Indication,1481,name:intraepithelial neoplasia,intraepithelial neoplasia,
Indication,1482,name:intrahepatic cholangiocarcinoma,intrahepatic cholangiocarcinoma,
Indication,1483,name:intrahepatic cholestasis,intrahepatic cholestasis,
Indication,1484,name:invasive lobular carcinoma,invasive lobular carcinoma,
Indication,1485,name:inverted papilloma,inverted papilloma,
Indication,1486,name:iris melanoma,iris melanoma,
Indication,1487,name:iritis,iritis,
Indication,1488,name:irritable bowel syndrome,irritable bowel syndrome,
Indication,1489,name:ischemia,ischemia,
Indication,1490,name:ischemia reperfusion injury,ischemia reperfusion injury,
Indication,1491,name:islet cell tumor,islet cell tumor,
Indication,1492,name:joint disease,joint disease,
Indication,1493,name:junctional epidermolysis bullosa,junctional epidermolysis bullosa,
Indication,1494,name:juvenile absence epilepsy,juvenile absence epilepsy,
Indication,1495,name:juvenile dermatomyositis,juvenile dermatomyositis,
Indication,1496,name:juvenile idiopathic arthritis,juvenile idiopathic arthritis,
Indication,1497,name:juvenile myoclonic epilepsy,juvenile myoclonic epilepsy,
Indication,1498,name:juvenile neuronal ceroid lipofuscinosis,juvenile neuronal ceroid lipofuscinosis,
Indication,1499,name:keratitis,keratitis,
Indication,1500,name:keratoconjunctivitis,keratoconjunctivitis,
Indication,1501,name:keratoconus,keratoconus,
Indication,1502,name:keratosis,keratosis,
Indication,1503,name:kidney Wilms tumor,kidney Wilms tumor,
Indication,1504,name:kidney cancer,kidney cancer,
Indication,1505,name:kidney disease,kidney disease,
Indication,1506,name:kidney failure,kidney failure,
Indication,1507,name:kidney neoplasm,kidney neoplasm,
Indication,1508,name:kidney transplant,kidney transplant,
Indication,1509,name:knee injury,knee injury,
Indication,1510,name:lactic acidosis,lactic acidosis,
Indication,1511,name:lamellar ichthyosis,lamellar ichthyosis,
Indication,1512,name:language disorder,language disorder,
Indication,1513,name:language impairment,language impairment,
Indication,1514,name:large cell lung carcinoma,large cell lung carcinoma,
Indication,1515,name:large congenital melanocytic nevus,large congenital melanocytic nevus,
Indication,1516,name:laryngeal carcinoma,laryngeal carcinoma,
Indication,1517,name:laryngeal neoplasm,laryngeal neoplasm,
Indication,1518,name:laryngeal squamous cell carcinoma,laryngeal squamous cell carcinoma,
Indication,1519,name:latent autoimmune diabetes in adults,latent autoimmune diabetes in adults,
Indication,1520,name:lateral epicondylitis,lateral epicondylitis,
Indication,1521,name:learning disability,learning disability,
Indication,1522,name:left ventricular hypertrophy,left ventricular hypertrophy,
Indication,1523,name:leiomyoma,leiomyoma,
Indication,1524,name:leiomyosarcoma,leiomyosarcoma,
Indication,1525,name:lentigo,lentigo,
Indication,1526,name:leprosy,leprosy,
Indication,1527,name:leptomeningeal metastasis,leptomeningeal metastasis,
Indication,1528,name:leptospirosis,leptospirosis,
Indication,1529,name:lethal midline granuloma,lethal midline granuloma,
Indication,1530,name:leukemia,leukemia,
Indication,1531,name:leukopenia,leukopenia,
Indication,1532,name:lice infestation,lice infestation,
Indication,1533,name:lichen disease,lichen disease,
Indication,1534,name:lichen planopilaris,lichen planopilaris,
Indication,1535,name:lichen planus,lichen planus,
Indication,1536,name:limb-girdle muscular dystrophy,limb-girdle muscular dystrophy,
Indication,1537,name:limited cutaneous systemic sclerosis,limited cutaneous systemic sclerosis,
Indication,1538,name:limited scleroderma,limited scleroderma,
Indication,1539,name:lip and oral cavity carcinoma,lip and oral cavity carcinoma,
Indication,1540,name:lipodystrophy,lipodystrophy,
Indication,1541,name:lipoid nephrosis,lipoid nephrosis,
Indication,1542,name:lipoma,lipoma,
Indication,1543,name:liposarcoma,liposarcoma,
Indication,1544,name:liver and intrahepatic bile duct neoplasm,liver and intrahepatic bile duct neoplasm,
Indication,1545,name:liver cancer,liver cancer,
Indication,1546,name:liver disease,liver disease,
Indication,1547,name:liver failure,liver failure,
Indication,1548,name:liver neoplasm,liver neoplasm,
Indication,1549,name:liver transplant,liver transplant,
Indication,1550,name:lobular breast carcinoma,lobular breast carcinoma,
Indication,1551,name:localised scleroderma,localised scleroderma,
Indication,1552,name:loiasis,loiasis,
Indication,1553,name:long COVID-19,long COVID-19,
Indication,1554,name:low grade glioma,low grade glioma,
Indication,1555,name:low tension glaucoma,low tension glaucoma,
Indication,1556,name:lumbar disc degeneration,lumbar disc degeneration,
Indication,1557,name:lung adenocarcinoma,lung adenocarcinoma,
Indication,1558,name:lung cancer,lung cancer,
Indication,1559,name:lung carcinoma,lung carcinoma,
Indication,1560,name:lung disease,lung disease,
Indication,1561,name:lung large cell carcinoma,lung large cell carcinoma,
Indication,1562,name:lung neoplasm,lung neoplasm,
Indication,1563,name:lupus nephritis,lupus nephritis,
Indication,1564,name:lymphangioleiomyomatosis,lymphangioleiomyomatosis,
Indication,1565,name:lymphangioma,lymphangioma,
Indication,1566,name:lymphatic malformation,lymphatic malformation,
Indication,1567,name:lymphedema,lymphedema,
Indication,1568,name:lymphoblastic lymphoma,lymphoblastic lymphoma,
Indication,1569,name:lymphocytic colitis,lymphocytic colitis,
Indication,1570,name:lymphoid leukemia,lymphoid leukemia,
Indication,1571,name:lymphoid neoplasm,lymphoid neoplasm,
Indication,1572,name:lymphoma,lymphoma,
Indication,1573,name:lymphopenia,lymphopenia,
Indication,1574,name:lymphoplasmacytic lymphoma,lymphoplasmacytic lymphoma,
Indication,1575,name:lymphoproliferative syndrome,lymphoproliferative syndrome,
Indication,1576,name:macroglobulinemia,macroglobulinemia,
Indication,1577,name:macrophage activation syndrome,macrophage activation syndrome,
Indication,1578,name:macular degeneration,macular degeneration,
Indication,1579,name:macular holes,macular holes,
Indication,1580,name:macular retinal edema,macular retinal edema,
Indication,1581,name:magnesium deficiency,magnesium deficiency,
Indication,1582,name:major depressive disorder,major depressive disorder,
Indication,1583,name:malaria,malaria,
Indication,1584,name:male breast carcinoma,male breast carcinoma,
Indication,1585,name:male infertility,male infertility,
Indication,1586,name:male reproductive organ cancer,male reproductive organ cancer,
Indication,1587,name:maligant granulosa cell tumor of ovary,maligant granulosa cell tumor of ovary,
Indication,1588,name:malignant atrophic papulosis,malignant atrophic papulosis,
Indication,1589,name:malignant choroid melanoma,malignant choroid melanoma,
Indication,1590,name:malignant colon neoplasm,malignant colon neoplasm,
Indication,1591,name:malignant epithelial tumor of ovary,malignant epithelial tumor of ovary,
Indication,1592,name:malignant glioma,malignant glioma,
Indication,1593,name:malignant hypertension,malignant hypertension,
Indication,1594,name:malignant peripheral nerve sheath tumor,malignant peripheral nerve sheath tumor,
Indication,1595,name:malignant peritoneal mesothelioma,malignant peritoneal mesothelioma,
Indication,1596,name:malignant pleural mesothelioma,malignant pleural mesothelioma,
Indication,1597,name:malignant rhabdoid tumour,malignant rhabdoid tumour,
Indication,1598,name:malignant testicular germ cell tumor,malignant testicular germ cell tumor,
Indication,1599,name:malignant tumor of neck,malignant tumor of neck,
Indication,1600,name:malignant tumor of parathyroid gland,malignant tumor of parathyroid gland,
Indication,1601,name:malnutrition,malnutrition,
Indication,1602,name:mansonelliasis,mansonelliasis,
Indication,1603,name:maple syrup urine disease,maple syrup urine disease,
Indication,1604,name:marginal zone B-cell lymphoma,marginal zone B-cell lymphoma,
Indication,1605,name:mast-cell leukemia,mast-cell leukemia,
Indication,1606,name:mastitis,mastitis,
Indication,1607,name:mastodynia,mastodynia,
Indication,1608,name:mature T-cell and NK-cell non-Hodgkin lymphoma,mature T-cell and NK-cell non-Hodgkin lymphoma,
Indication,1609,name:maxillary sinusitis,maxillary sinusitis,
Indication,1610,name:measles,measles,
Indication,1611,name:mediastinal cancer,mediastinal cancer,
Indication,1612,name:medication adherence behavior,medication adherence behavior,
Indication,1613,name:medullary thyroid gland carcinoma,medullary thyroid gland carcinoma,
Indication,1614,name:medulloblastoma,medulloblastoma,
Indication,1615,name:meibomian cyst,meibomian cyst,
Indication,1616,name:melancholia,melancholia,
Indication,1617,name:melanoma,melanoma,
Indication,1618,name:membranous glomerulonephritis,membranous glomerulonephritis,
Indication,1619,name:memory,memory,
Indication,1620,name:memory impairment,memory impairment,
Indication,1621,name:meningeal neoplasm,meningeal neoplasm,
Indication,1622,name:meningeal tuberculosis,meningeal tuberculosis,
Indication,1623,name:meningioma,meningioma,
Indication,1624,name:meningitis,meningitis,
Indication,1625,name:meningococcal infection,meningococcal infection,
Indication,1626,name:menopause,menopause,
Indication,1627,name:mental or behavioural disorder,mental or behavioural disorder,
Indication,1628,name:mesenchymal chondrosarcoma,mesenchymal chondrosarcoma,
Indication,1629,name:mesothelioma,mesothelioma,
Indication,1630,name:metabolic acidosis,metabolic acidosis,
Indication,1631,name:metabolic disease,metabolic disease,
Indication,1632,name:metabolic dysfunction-associated steatotic liver disease,metabolic dysfunction-associated steatotic liver disease,
Indication,1633,name:metabolic syndrome,metabolic syndrome,
Indication,1634,name:metachromatic leukodystrophy,metachromatic leukodystrophy,
Indication,1635,name:metastasis,metastasis,
Indication,1636,name:metastatic melanoma,metastatic melanoma,
Indication,1637,name:metastatic neoplasm,metastatic neoplasm,
Indication,1638,name:metastatic prostate cancer,metastatic prostate cancer,
Indication,1639,name:methamphetamine dependence,methamphetamine dependence,
Indication,1640,name:methemoglobinemia,methemoglobinemia,
Indication,1641,name:microscopic colitis,microscopic colitis,
Indication,1642,name:microscopic polyangiitis,microscopic polyangiitis,
Indication,1643,name:migraine disorder,migraine disorder,
Indication,1644,name:migraine with aura,migraine with aura,
Indication,1645,name:migraine without aura,migraine without aura,
Indication,1646,name:milker's nodule,milker's nodule,
Indication,1647,name:mitochondrial disease,mitochondrial disease,
Indication,1648,name:mitral valve stenosis,mitral valve stenosis,
Indication,1649,name:mixed glioma,mixed glioma,
Indication,1650,name:mixed neoplasm,mixed neoplasm,
Indication,1651,name:molluscum contagiosum,molluscum contagiosum,
Indication,1652,name:monkeypox,monkeypox,
Indication,1653,name:monoclonal gammopathy,monoclonal gammopathy,
Indication,1654,name:mononeuropathy,mononeuropathy,
Indication,1655,name:mood disorder,mood disorder,
Indication,1656,name:morbid obesity,morbid obesity,
Indication,1657,name:morphine dependence,morphine dependence,
Indication,1658,name:motion sickness,motion sickness,
Indication,1659,name:motor neuron disease,motor neuron disease,
Indication,1660,name:mouth neoplasm,mouth neoplasm,
Indication,1661,name:movement disorder,movement disorder,
Indication,1662,name:mucocutaneous Leishmaniasis,mucocutaneous Leishmaniasis,
Indication,1663,name:mucocutaneous lymph node syndrome,mucocutaneous lymph node syndrome,
Indication,1664,name:mucopolysaccharidosis,mucopolysaccharidosis,
Indication,1665,name:mucopolysaccharidosis type 1,mucopolysaccharidosis type 1,
Indication,1666,name:mucopolysaccharidosis type 2,mucopolysaccharidosis type 2,
Indication,1667,name:mucopolysaccharidosis type 3,mucopolysaccharidosis type 3,
Indication,1668,name:mucopolysaccharidosis type 6,mucopolysaccharidosis type 6,
Indication,1669,name:mucormycosis,mucormycosis,
Indication,1670,name:mucositis,mucositis,
Indication,1671,name:mucous membrane pemphigoid,mucous membrane pemphigoid,
Indication,1672,name:multidrug-resistant tuberculosis,multidrug-resistant tuberculosis,
Indication,1673,name:multiple bone fractures,multiple bone fractures,
Indication,1674,name:multiple myeloma,multiple myeloma,
Indication,1675,name:multiple sclerosis,multiple sclerosis,
Indication,1676,name:multiple system atrophy,multiple system atrophy,
Indication,1677,name:muscle cramp,muscle cramp,
Indication,1678,name:muscular disease,muscular disease,
Indication,1679,name:muscular dystrophy,muscular dystrophy,
Indication,1680,name:musculoskeletal system disease,musculoskeletal system disease,
Indication,1681,name:mycosis fungoides,mycosis fungoides,
Indication,1682,name:myelodysplastic syndrome,myelodysplastic syndrome,
Indication,1683,name:myelodysplastic/myeloproliferative disease,myelodysplastic/myeloproliferative disease,
Indication,1684,name:myelofibrosis,myelofibrosis,
Indication,1685,name:myeloid leukemia,myeloid leukemia,
Indication,1686,name:myeloid sarcoma,myeloid sarcoma,
Indication,1687,name:myeloproliferative disorder,myeloproliferative disorder,
Indication,1688,name:myocardial infarction,myocardial infarction,
Indication,1689,name:myocarditis,myocarditis,
Indication,1690,name:myoepithelial tumor,myoepithelial tumor,
Indication,1691,name:myofascial pain syndrome,myofascial pain syndrome,
Indication,1692,name:myopathy,myopathy,
Indication,1693,name:myositis,myositis,
Indication,1694,name:myotonic dystrophy,myotonic dystrophy,
Indication,1695,name:myotonic dystrophy type 1,myotonic dystrophy type 1,
Indication,1696,name:myotonic syndrome,myotonic syndrome,
Indication,1697,name:myxedema,myxedema,
Indication,1698,name:myxoid liposarcoma,myxoid liposarcoma,
Indication,1699,name:narcolepsy,narcolepsy,
Indication,1700,name:narcolepsy-cataplexy syndrome,narcolepsy-cataplexy syndrome,
Indication,1701,name:nasopharyngeal carcinoma,nasopharyngeal carcinoma,
Indication,1702,name:nasopharyngeal neoplasm,nasopharyngeal neoplasm,
Indication,1703,name:necatoriasis,necatoriasis,
Indication,1704,name:necrobiosis lipoidica,necrobiosis lipoidica,
Indication,1705,name:necrosis,necrosis,
Indication,1706,name:necrotizing enterocolitis,necrotizing enterocolitis,
Indication,1707,name:nemaline myopathy,nemaline myopathy,
Indication,1708,name:neonatal abstinence syndrome,neonatal abstinence syndrome,
Indication,1709,name:neonatal anemia,neonatal anemia,
Indication,1710,name:neoplasm,neoplasm,
Indication,1711,name:neoplasm of esophagus,neoplasm of esophagus,
Indication,1712,name:neoplasm of mature B-cells,neoplasm of mature B-cells,
Indication,1713,name:neoplasm of oropharynx,neoplasm of oropharynx,
Indication,1714,name:neoplasm of thorax,neoplasm of thorax,
Indication,1715,name:neovascular glaucoma,neovascular glaucoma,
Indication,1716,name:nephrogenic fibrosing dermopathy,nephrogenic fibrosing dermopathy,
Indication,1717,name:nephrolithiasis,nephrolithiasis,
Indication,1718,name:nephrosis,nephrosis,
Indication,1719,name:nephrotic syndrome,nephrotic syndrome,
Indication,1720,name:nervous system cancer,nervous system cancer,
Indication,1721,name:nervous system disease,nervous system disease,
Indication,1722,name:nervous system injury,nervous system injury,
Indication,1723,name:nervous system neoplasm,nervous system neoplasm,
Indication,1724,name:neural tube defect,neural tube defect,
Indication,1725,name:neuralgia,neuralgia,
Indication,1726,name:neuroaspergillosis,neuroaspergillosis,
Indication,1727,name:neurobehavioral manifestations,neurobehavioral manifestations,
Indication,1728,name:neuroblastoma,neuroblastoma,
Indication,1729,name:neurodegenerative disease,neurodegenerative disease,
Indication,1730,name:neuroendocrine carcinoma,neuroendocrine carcinoma,
Indication,1731,name:neuroendocrine neoplasm,neuroendocrine neoplasm,
Indication,1732,name:neuroepithelial neoplasm,neuroepithelial neoplasm,
Indication,1733,name:neurofibroma,neurofibroma,
Indication,1734,name:neurofibromatosis,neurofibromatosis,
Indication,1735,name:neurofibromatosis type 1,neurofibromatosis type 1,
Indication,1736,name:neuroimaging measurement,neuroimaging measurement,
Indication,1737,name:neuroma,neuroma,
Indication,1738,name:neuromuscular disease,neuromuscular disease,
Indication,1739,name:neuromyelitis optica,neuromyelitis optica,
Indication,1740,name:neuropathic pain,neuropathic pain,
Indication,1741,name:neuropathy,neuropathy,
Indication,1742,"name:neuropathy, small fiber","neuropathy, small fiber",
Indication,1743,name:neurotic disorder,neurotic disorder,
Indication,1744,name:neutropenia,neutropenia,
Indication,1745,name:nevoid basal cell carcinoma syndrome,nevoid basal cell carcinoma syndrome,
Indication,1746,name:newborn respiratory distress syndrome,newborn respiratory distress syndrome,
Indication,1747,name:nicotine dependence,nicotine dependence,
Indication,1748,name:noise-induced hearing loss,noise-induced hearing loss,
Indication,1749,name:non-Hodgkins lymphoma,non-Hodgkins lymphoma,
Indication,1750,name:non-alcoholic fatty liver,non-alcoholic fatty liver,
Indication,1751,name:non-alcoholic fatty liver disease,non-alcoholic fatty liver disease,
Indication,1752,name:non-alcoholic steatohepatitis,non-alcoholic steatohepatitis,
Indication,1753,name:non-allergic rhinitis,non-allergic rhinitis,
Indication,1754,name:non-small cell lung adenocarcinoma,non-small cell lung adenocarcinoma,
Indication,1755,name:non-small cell lung carcinoma,non-small cell lung carcinoma,
Indication,1756,name:normal pressure hydrocephalus,normal pressure hydrocephalus,
Indication,1757,name:nosocomial infection,nosocomial infection,
Indication,1758,name:nutritional disorder,nutritional disorder,
Indication,1759,name:obesity,obesity,
Indication,1760,name:obsessive-compulsive disorder,obsessive-compulsive disorder,
Indication,1761,name:obstructive jaundice,obstructive jaundice,
Indication,1762,name:obstructive sleep apnea,obstructive sleep apnea,
Indication,1763,name:ocular cancer,ocular cancer,
Indication,1764,name:ocular hypertension,ocular hypertension,
Indication,1765,name:ocular onchocerciasis,ocular onchocerciasis,
Indication,1766,name:ocular toxoplasmosis,ocular toxoplasmosis,
Indication,1767,name:ocular vascular disease,ocular vascular disease,
Indication,1768,name:oculocutaneous albinism,oculocutaneous albinism,
Indication,1769,name:oligoastrocytoma,oligoastrocytoma,
Indication,1770,name:oligodendroglioma,oligodendroglioma,
Indication,1771,name:oligohydramnios,oligohydramnios,
Indication,1772,name:onchocerciasis,onchocerciasis,
Indication,1773,name:open-angle glaucoma,open-angle glaucoma,
Indication,1774,name:ophthalmic herpes zoster,ophthalmic herpes zoster,
Indication,1775,name:opioid dependence,opioid dependence,
Indication,1776,name:opioid use disorder,opioid use disorder,
Indication,1777,name:opisthorchiasis,opisthorchiasis,
Indication,1778,name:optic nerve disorder,optic nerve disorder,
Indication,1779,name:optic nerve glioblastoma,optic nerve glioblastoma,
Indication,1780,name:optic neuritis,optic neuritis,
Indication,1781,name:oral candidiasis,oral candidiasis,
Indication,1782,name:oral cavity cancer,oral cavity cancer,
Indication,1783,name:oral lichen planus,oral lichen planus,
Indication,1784,name:oral mucosa leukoplakia,oral mucosa leukoplakia,
Indication,1785,name:oral mucositis,oral mucositis,
Indication,1786,name:oral squamous cell carcinoma,oral squamous cell carcinoma,
Indication,1787,name:oral submucous fibrosis,oral submucous fibrosis,
Indication,1788,name:orbital plasma cell granuloma,orbital plasma cell granuloma,
Indication,1789,name:orchitis,orchitis,
Indication,1790,name:organophosphate poisoning,organophosphate poisoning,
Indication,1791,name:ornithine carbamoyltransferase deficiency,ornithine carbamoyltransferase deficiency,
Indication,1792,name:ornithosis,ornithosis,
Indication,1793,name:oropharyngeal carcinoma,oropharyngeal carcinoma,
Indication,1794,name:oropharynx cancer,oropharynx cancer,
Indication,1795,name:oropharynx squamous cell carcinoma,oropharynx squamous cell carcinoma,
Indication,1796,name:orthostatic hypotension,orthostatic hypotension,
Indication,1797,name:orthostatic intolerance,orthostatic intolerance,
Indication,1798,name:osteitis deformans,osteitis deformans,
Indication,1799,name:osteoarthritis,osteoarthritis,
Indication,1800,"name:osteoarthritis, hip","osteoarthritis, hip",
Indication,1801,"name:osteoarthritis, knee","osteoarthritis, knee",
Indication,1802,name:osteogenesis imperfecta,osteogenesis imperfecta,
Indication,1803,name:osteomalacia,osteomalacia,
Indication,1804,name:osteomyelitis,osteomyelitis,
Indication,1805,name:osteonecrosis,osteonecrosis,
Indication,1806,name:osteopetrosis,osteopetrosis,
Indication,1807,name:osteoporosis,osteoporosis,
Indication,1808,name:osteoradionecrosis,osteoradionecrosis,
Indication,1809,name:osteosarcoma,osteosarcoma,
Indication,1810,name:otitis externa,otitis externa,
Indication,1811,name:otitis media with effusion,otitis media with effusion,
Indication,1812,name:otomycosis,otomycosis,
Indication,1813,name:otosclerosis,otosclerosis,
Indication,1814,name:ototoxicity,ototoxicity,
Indication,1815,name:ovarian cancer,ovarian cancer,
Indication,1816,name:ovarian carcinoma,ovarian carcinoma,
Indication,1817,name:ovarian hyperstimulation syndrome,ovarian hyperstimulation syndrome,
Indication,1818,name:ovarian neoplasm,ovarian neoplasm,
Indication,1819,name:ovarian serous cystadenocarcinoma,ovarian serous cystadenocarcinoma,
Indication,1820,name:ovarian sex cord-stromal tumor,ovarian sex cord-stromal tumor,
Indication,1821,name:overactive bladder,overactive bladder,
Indication,1822,name:overdose,overdose,
Indication,1823,name:pachyonychia congenita,pachyonychia congenita,
Indication,1824,name:pain,pain,
Indication,1825,name:pain agnosia,pain agnosia,
Indication,1826,name:pancreatic carcinoma,pancreatic carcinoma,
Indication,1827,name:pancreatic ductal adenocarcinoma,pancreatic ductal adenocarcinoma,
Indication,1828,name:pancreatic endocrine carcinoma,pancreatic endocrine carcinoma,
Indication,1829,name:pancreatic insulinoma,pancreatic insulinoma,
Indication,1830,name:pancreatic neoplasm,pancreatic neoplasm,
Indication,1831,name:pancreatic neuroendocrine tumor,pancreatic neuroendocrine tumor,
Indication,1832,name:pancreatitis,pancreatitis,
Indication,1833,name:panic disorder,panic disorder,
Indication,1834,name:pantothenate kinase-associated neurodegeneration,pantothenate kinase-associated neurodegeneration,
Indication,1835,name:panuveitis,panuveitis,
Indication,1836,name:papillary renal cell carcinoma,papillary renal cell carcinoma,
Indication,1837,name:papillary thyroid carcinoma,papillary thyroid carcinoma,
Indication,1838,name:papilloma,papilloma,
Indication,1839,name:parametritis,parametritis,
Indication,1840,name:paramyotonia congenita of Von Eulenburg,paramyotonia congenita of Von Eulenburg,
Indication,1841,name:paranasal sinus neoplasm,paranasal sinus neoplasm,
Indication,1842,name:paraneoplastic neurologic syndrome,paraneoplastic neurologic syndrome,
Indication,1843,name:paraneoplastic syndrome,paraneoplastic syndrome,
Indication,1844,name:parapsoriasis,parapsoriasis,
Indication,1845,name:parasitic infection,parasitic infection,
Indication,1846,name:parathyroid adenoma,parathyroid adenoma,
Indication,1847,name:parathyroid disease,parathyroid disease,
Indication,1848,name:paronychia,paronychia,
Indication,1849,name:paroxysmal nocturnal hemoglobinuria,paroxysmal nocturnal hemoglobinuria,
Indication,1850,name:paroxysmal tachycardia,paroxysmal tachycardia,
Indication,1851,name:partial epilepsy,partial epilepsy,
Indication,1852,name:pathological myopia,pathological myopia,
Indication,1853,name:peanut allergic reaction,peanut allergic reaction,
Indication,1854,name:pediatric angiosarcoma,pediatric angiosarcoma,
Indication,1855,name:pediatric fibrosarcoma,pediatric fibrosarcoma,
Indication,1856,name:pediatric lymphoma,pediatric lymphoma,
Indication,1857,name:pelvic organ prolapse,pelvic organ prolapse,
Indication,1858,name:pemphigus,pemphigus,
Indication,1859,name:pemphigus vulgaris,pemphigus vulgaris,
Indication,1860,name:penile cancer,penile cancer,
Indication,1861,name:penile neoplasm,penile neoplasm,
Indication,1862,name:peptic esophagitis,peptic esophagitis,
Indication,1863,name:peptic ulcer disease,peptic ulcer disease,
Indication,1864,name:perceptual disorders,perceptual disorders,
Indication,1865,name:periarthritis,periarthritis,
Indication,1866,name:pericardial effusion,pericardial effusion,
Indication,1867,name:pericarditis,pericarditis,
Indication,1868,name:periodontal disorder,periodontal disorder,
Indication,1869,name:periodontitis,periodontitis,
Indication,1870,name:peripartum cardiomyopathy,peripartum cardiomyopathy,
Indication,1871,name:peripheral arterial disease,peripheral arterial disease,
Indication,1872,name:peripheral nerve injury,peripheral nerve injury,
Indication,1873,name:peripheral nervous system disease,peripheral nervous system disease,
Indication,1874,name:peripheral neuropathy,peripheral neuropathy,
Indication,1875,name:peripheral primitive neuroectodermal tumor,peripheral primitive neuroectodermal tumor,
Indication,1876,name:peripheral vascular disease,peripheral vascular disease,
Indication,1877,name:peripheral vertigo,peripheral vertigo,
Indication,1878,name:peritoneal neoplasm,peritoneal neoplasm,
Indication,1879,name:peritoneum cancer,peritoneum cancer,
Indication,1880,name:peritonitis,peritonitis,
Indication,1881,name:periventricular leukomalacia,periventricular leukomalacia,
Indication,1882,name:peroxisomal disease,peroxisomal disease,
Indication,1883,name:persian gulf syndrome,persian gulf syndrome,
Indication,1884,name:persistent fetal circulation syndrome,persistent fetal circulation syndrome,
Indication,1885,name:pervasive developmental disorder,pervasive developmental disorder,
Indication,1886,name:pharyngitis,pharyngitis,
Indication,1887,name:pharyngoconjunctival fever,pharyngoconjunctival fever,
Indication,1888,name:pharynx cancer,pharynx cancer,
Indication,1889,name:phenylketonuria,phenylketonuria,
Indication,1890,name:phobic disorder,phobic disorder,
Indication,1891,name:photosensitive epilepsy,photosensitive epilepsy,
Indication,1892,name:physical activity,physical activity,
Indication,1893,name:physiological sexual disorder,physiological sexual disorder,
Indication,1894,name:pilocytic astrocytoma,pilocytic astrocytoma,
Indication,1895,name:pituitary dwarfism,pituitary dwarfism,
Indication,1896,name:pituitary-dependent Cushing's disease,pituitary-dependent Cushing's disease,
Indication,1897,name:pityriasis rubra pilaris,pityriasis rubra pilaris,
Indication,1898,name:pityriasis versicolor,pityriasis versicolor,
Indication,1899,name:placenta accreta,placenta accreta,
Indication,1900,name:placenta praevia,placenta praevia,
Indication,1901,name:placental insufficiency,placental insufficiency,
Indication,1902,name:plasma cell leukemia,plasma cell leukemia,
Indication,1903,name:plasma cell neoplasm,plasma cell neoplasm,
Indication,1904,name:plasmacytoma,plasmacytoma,
Indication,1905,name:pleural effusion,pleural effusion,
Indication,1906,name:plexiform neurofibroma,plexiform neurofibroma,
Indication,1907,name:pneumococcal infection,pneumococcal infection,
Indication,1908,name:pneumococcal meningitis,pneumococcal meningitis,
Indication,1909,name:pneumococcal pneumonia,pneumococcal pneumonia,
Indication,1910,name:pneumoconiosis,pneumoconiosis,
Indication,1911,name:pneumocystosis,pneumocystosis,
Indication,1912,name:pneumonia,pneumonia,
Indication,1913,name:poisoning,poisoning,
Indication,1914,name:poliomyelitis,poliomyelitis,
Indication,1915,name:polyarticular arthritis,polyarticular arthritis,
Indication,1916,name:polycystic ovary syndrome,polycystic ovary syndrome,
Indication,1917,name:polycythemia vera,polycythemia vera,
Indication,1918,name:polymyalgia rheumatica,polymyalgia rheumatica,
Indication,1919,name:polymyositis,polymyositis,
Indication,1920,name:polyneuropathy,polyneuropathy,
Indication,1921,name:polyostotic fibrous dysplasia,polyostotic fibrous dysplasia,
Indication,1922,name:polyp,polyp,
Indication,1923,name:polyp of colon,polyp of colon,
Indication,1924,name:porokeratosis,porokeratosis,
Indication,1925,name:porphyria,porphyria,
Indication,1926,name:porphyria cutanea tarda,porphyria cutanea tarda,
Indication,1927,name:portal hypertension,portal hypertension,
Indication,1928,name:post operative nausea and vomiting,post operative nausea and vomiting,
Indication,1929,name:post-concussion syndrome,post-concussion syndrome,
Indication,1930,name:post-operative delirium,post-operative delirium,
Indication,1931,name:post-operative sign or symptom,post-operative sign or symptom,
Indication,1932,name:post-traumatic stress disorder,post-traumatic stress disorder,
Indication,1933,name:postencephalitic Parkinson disease,postencephalitic Parkinson disease,
Indication,1934,name:posterior uveitis,posterior uveitis,
Indication,1935,name:postherpetic neuralgia,postherpetic neuralgia,
Indication,1936,name:postmenopausal atrophic vaginitis,postmenopausal atrophic vaginitis,
Indication,1937,name:postmenopausal osteoporosis,postmenopausal osteoporosis,
Indication,1938,name:postpartum depression,postpartum depression,
Indication,1939,name:postpartum hemorrhage,postpartum hemorrhage,
Indication,1940,name:postpoliomyelitis syndrome,postpoliomyelitis syndrome,
Indication,1941,name:pouchitis,pouchitis,
Indication,1942,name:precancerous condition,precancerous condition,
Indication,1943,name:precocious puberty,precocious puberty,
Indication,1944,name:precursor T-cell lymphoblastic leukemia-lymphoma,precursor T-cell lymphoblastic leukemia-lymphoma,
Indication,1945,name:prediabetes syndrome,prediabetes syndrome,
Indication,1946,name:preeclampsia,preeclampsia,
Indication,1947,name:pregnancy,pregnancy,
Indication,1948,name:premature birth,premature birth,
Indication,1949,name:premature ejaculation,premature ejaculation,
Indication,1950,name:premenstrual tension,premenstrual tension,
Indication,1951,name:presbyopia,presbyopia,
Indication,1952,name:primary adrenal insufficiency,primary adrenal insufficiency,
Indication,1953,name:primary aldosteronism,primary aldosteronism,
Indication,1954,name:primary angle closure glaucoma,primary angle closure glaucoma,
Indication,1955,name:primary biliary cirrhosis,primary biliary cirrhosis,
Indication,1956,name:primary brain neoplasm,primary brain neoplasm,
Indication,1957,name:primary ciliary dyskinesia,primary ciliary dyskinesia,
Indication,1958,name:primary erythermalgia,primary erythermalgia,
Indication,1959,name:primary hyperoxaluria,primary hyperoxaluria,
Indication,1960,name:primary hyperparathyroidism,primary hyperparathyroidism,
Indication,1961,name:primary membranoproliferative glomerulonephritis,primary membranoproliferative glomerulonephritis,
Indication,1962,name:primary myelofibrosis,primary myelofibrosis,
Indication,1963,name:primary ovarian insufficiency,primary ovarian insufficiency,
Indication,1964,name:primary progressive multiple sclerosis,primary progressive multiple sclerosis,
Indication,1965,name:primary pulmonary hypertension,primary pulmonary hypertension,
Indication,1966,name:primary short bowel syndrome,primary short bowel syndrome,
Indication,1967,name:primary systemic amyloidosis,primary systemic amyloidosis,
Indication,1968,name:primitive neuroectodermal tumor,primitive neuroectodermal tumor,
Indication,1969,name:proctitis,proctitis,
Indication,1970,name:proctosigmoiditis,proctosigmoiditis,
Indication,1971,name:progeria,progeria,
Indication,1972,name:progressive multifocal leukoencephalopathy,progressive multifocal leukoencephalopathy,
Indication,1973,name:progressive supranuclear palsy,progressive supranuclear palsy,
Indication,1974,name:proliferative vitreoretinopathy,proliferative vitreoretinopathy,
Indication,1975,name:prolymphocytic leukemia,prolymphocytic leukemia,
Indication,1976,name:propionic acidemia,propionic acidemia,
Indication,1977,name:prostate adenocarcinoma,prostate adenocarcinoma,
Indication,1978,name:prostate cancer,prostate cancer,
Indication,1979,name:prostate carcinoma,prostate carcinoma,
Indication,1980,name:prostate disease,prostate disease,
Indication,1981,name:prostate intraepithelial neoplasia,prostate intraepithelial neoplasia,
Indication,1982,name:prostate neoplasm,prostate neoplasm,
Indication,1983,name:prostatitis,prostatitis,
Indication,1984,name:proximal spinal muscular atrophy,proximal spinal muscular atrophy,
Indication,1985,name:prurigo,prurigo,
Indication,1986,name:pseudohypoaldosteronism,pseudohypoaldosteronism,
Indication,1987,name:pseudomembranous enterocolitis,pseudomembranous enterocolitis,
Indication,1988,name:pseudomyxoma peritonei,pseudomyxoma peritonei,
Indication,1989,name:pseudotumor cerebri,pseudotumor cerebri,
Indication,1990,name:psoriasis,psoriasis,
Indication,1991,name:psoriasis vulgaris,psoriasis vulgaris,
Indication,1992,name:psoriatic arthritis,psoriatic arthritis,
Indication,1993,name:psychiatric disorder,psychiatric disorder,
Indication,1994,name:psychosis,psychosis,
Indication,1995,name:pterygium,pterygium,
Indication,1996,name:ptosis,ptosis,
Indication,1997,name:pulmonary alveolar proteinosis,pulmonary alveolar proteinosis,
Indication,1998,name:pulmonary arterial hypertension,pulmonary arterial hypertension,
Indication,1999,name:pulmonary aspergillosis,pulmonary aspergillosis,
Indication,2000,name:pulmonary edema,pulmonary edema,
Indication,2001,name:pulmonary embolism,pulmonary embolism,
Indication,2002,name:pulmonary fibrosis,pulmonary fibrosis,
Indication,2003,name:pulmonary hypertension,pulmonary hypertension,
Indication,2004,name:pulmonary neuroendocrine tumor,pulmonary neuroendocrine tumor,
Indication,2005,name:pulmonary sarcoidosis,pulmonary sarcoidosis,
Indication,2006,name:pulmonary tuberculosis,pulmonary tuberculosis,
Indication,2007,name:pulmonary venoocclusive disease,pulmonary venoocclusive disease,
Indication,2008,name:pulpitis,pulpitis,
Indication,2009,name:pulsed doppler echocardiography,pulsed doppler echocardiography,
Indication,2010,name:pure red-cell aplasia,pure red-cell aplasia,
Indication,2011,name:pustulosis palmaris et plantaris,pustulosis palmaris et plantaris,
Indication,2012,name:pyelonephritis,pyelonephritis,
Indication,2013,name:pyogenic granuloma,pyogenic granuloma,
Indication,2014,name:pyruvate dehydrogenase deficiency,pyruvate dehydrogenase deficiency,
Indication,2015,name:qualitative or quantitative defects of dysferlin,qualitative or quantitative defects of dysferlin,
Indication,2016,name:radiation pneumonitis,radiation pneumonitis,
Indication,2017,name:radiculopathy,radiculopathy,
Indication,2018,name:radiodermatitis,radiodermatitis,
Indication,2019,name:radiologic finding,radiologic finding,
Indication,2020,name:radius fracture,radius fracture,
Indication,2021,name:reactive arthritis,reactive arthritis,
Indication,2022,name:recessive dystrophic epidermolysis bullosa,recessive dystrophic epidermolysis bullosa,
Indication,2023,name:rectal carcinoma,rectal carcinoma,
Indication,2024,name:rectal neoplasm,rectal neoplasm,
Indication,2025,name:rectum cancer,rectum cancer,
Indication,2026,name:reflex epilepsy,reflex epilepsy,
Indication,2027,name:reflex sympathetic dystrophy,reflex sympathetic dystrophy,
Indication,2028,name:refractive error,refractive error,
Indication,2029,name:refractory anemia,refractory anemia,
Indication,2030,name:refractory anemia with excess blasts,refractory anemia with excess blasts,
Indication,2031,name:relapsing-remitting multiple sclerosis,relapsing-remitting multiple sclerosis,
Indication,2032,name:renal artery obstruction,renal artery obstruction,
Indication,2033,name:renal carcinoma,renal carcinoma,
Indication,2034,name:renal cell adenocarcinoma,renal cell adenocarcinoma,
Indication,2035,name:renal cell carcinoma,renal cell carcinoma,
Indication,2036,name:renal colic,renal colic,
Indication,2037,name:renal dialysis,renal dialysis,
Indication,2038,name:renal osteodystrophy,renal osteodystrophy,
Indication,2039,name:renal tubular acidosis,renal tubular acidosis,
Indication,2040,name:renovascular hypertension,renovascular hypertension,
Indication,2041,name:reproductive system disease,reproductive system disease,
Indication,2042,name:respiratory depression,respiratory depression,
Indication,2043,name:respiratory distress syndrome in premature infants,respiratory distress syndrome in premature infants,
Indication,2044,name:respiratory failure,respiratory failure,
Indication,2045,name:respiratory system disease,respiratory system disease,
Indication,2046,name:respiratory system neoplasm,respiratory system neoplasm,
Indication,2047,name:respiratory tract infectious disorder,respiratory tract infectious disorder,
Indication,2048,name:restless legs syndrome,restless legs syndrome,
Indication,2049,name:retinal artery occlusion,retinal artery occlusion,
Indication,2050,name:retinal detachment,retinal detachment,
Indication,2051,name:retinal edema,retinal edema,
Indication,2052,name:retinal vein occlusion,retinal vein occlusion,
Indication,2053,name:retinitis,retinitis,
Indication,2054,name:retinitis pigmentosa,retinitis pigmentosa,
Indication,2055,name:retinoblastoma,retinoblastoma,
Indication,2056,name:retinopathy,retinopathy,
Indication,2057,name:retinopathy of prematurity,retinopathy of prematurity,
Indication,2058,name:retinoschisis,retinoschisis,
Indication,2059,name:rhabdomyolysis,rhabdomyolysis,
Indication,2060,name:rhabdomyosarcoma,rhabdomyosarcoma,
Indication,2061,name:rheumatic disease,rheumatic disease,
Indication,2062,name:rheumatic heart disease,rheumatic heart disease,
Indication,2063,name:rheumatoid arthritis,rheumatoid arthritis,
Indication,2064,name:rhinitis,rhinitis,
Indication,2065,name:rhinoscleroma,rhinoscleroma,
Indication,2066,name:rib fracture,rib fracture,
Indication,2067,name:rosacea,rosacea,
Indication,2068,name:rotator cuff tear,rotator cuff tear,
Indication,2069,name:salivary gland adenoid cystic carcinoma,salivary gland adenoid cystic carcinoma,
Indication,2070,name:salivary gland cancer,salivary gland cancer,
Indication,2071,name:salivary gland carcinoma,salivary gland carcinoma,
Indication,2072,name:salivary gland neoplasm,salivary gland neoplasm,
Indication,2073,name:sarcoidosis,sarcoidosis,
Indication,2074,name:sarcoma,sarcoma,
Indication,2075,name:sarcopenia,sarcopenia,
Indication,2076,name:scarlet fever,scarlet fever,
Indication,2077,name:schistosomiasis,schistosomiasis,
Indication,2078,name:schizoaffective disorder,schizoaffective disorder,
Indication,2079,name:schizophrenia,schizophrenia,
Indication,2080,name:schizotypal personality disorder,schizotypal personality disorder,
Indication,2081,name:schwannoma,schwannoma,
Indication,2082,name:scleritis,scleritis,
Indication,2083,name:scleroderma,scleroderma,
Indication,2084,name:sclerosing cholangitis,sclerosing cholangitis,
Indication,2085,name:scoliosis,scoliosis,
Indication,2086,name:scrub typhus,scrub typhus,
Indication,2087,name:scurvy,scurvy,
Indication,2088,name:seasonal allergic rhinitis,seasonal allergic rhinitis,
Indication,2089,name:seborrheic dermatitis,seborrheic dermatitis,
Indication,2090,name:seborrheic keratosis,seborrheic keratosis,
Indication,2091,name:secondary Parkinson disease,secondary Parkinson disease,
Indication,2092,name:secondary hyperparathyroidism,secondary hyperparathyroidism,
Indication,2093,name:secondary progressive multiple sclerosis,secondary progressive multiple sclerosis,
Indication,2094,name:sedation,sedation,
Indication,2095,name:seminoma,seminoma,
Indication,2096,name:sensorineural hearing loss,sensorineural hearing loss,
Indication,2097,name:separation anxiety disorder,separation anxiety disorder,
Indication,2098,name:septic shock,septic shock,
Indication,2099,name:septicemic plague,septicemic plague,
Indication,2100,name:serous adenocarcinoma,serous adenocarcinoma,
Indication,2101,name:serous neoplasm,serous neoplasm,
Indication,2102,name:serum lipopolysaccharide activity,serum lipopolysaccharide activity,
Indication,2103,name:severe acute respiratory syndrome,severe acute respiratory syndrome,
Indication,2104,name:severe aplastic anemia,severe aplastic anemia,
Indication,2105,name:severe combined immunodeficiency,severe combined immunodeficiency,
Indication,2106,name:severe cutaneous adverse reaction,severe cutaneous adverse reaction,
Indication,2107,name:sex chromosome disorder of sex development,sex chromosome disorder of sex development,
Indication,2108,name:sex cord-stromal tumor,sex cord-stromal tumor,
Indication,2109,name:sexual dysfunction,sexual dysfunction,
Indication,2110,name:sexually transmitted disease,sexually transmitted disease,
Indication,2111,name:shigellosis,shigellosis,
Indication,2112,name:short bowel syndrome,short bowel syndrome,
Indication,2113,name:short-term memory,short-term memory,
Indication,2114,name:shortness of breath,shortness of breath,
Indication,2115,name:shoulder impingement syndrome,shoulder impingement syndrome,
Indication,2116,name:sickle cell anemia,sickle cell anemia,
Indication,2117,name:sign or symptom,sign or symptom,
Indication,2118,name:silicosis,silicosis,
Indication,2119,name:sinus histiocytosis with massive lymphadenopathy,sinus histiocytosis with massive lymphadenopathy,
Indication,2120,name:sinusitis,sinusitis,
Indication,2121,name:skin aging,skin aging,
Indication,2122,name:skin basal cell carcinoma,skin basal cell carcinoma,
Indication,2123,name:skin cancer,skin cancer,
Indication,2124,name:skin carcinoma,skin carcinoma,
Indication,2125,name:skin disease,skin disease,
Indication,2126,name:skin disease caused by bacterial infection,skin disease caused by bacterial infection,
Indication,2127,name:skin disorder caused by infection,skin disorder caused by infection,
Indication,2128,name:skin infection,skin infection,
Indication,2129,name:skin neoplasm,skin neoplasm,
Indication,2130,name:sleep apnea,sleep apnea,
Indication,2131,name:sleep-wake disorder,sleep-wake disorder,
Indication,2132,name:small cell carcinoma,small cell carcinoma,
Indication,2133,name:small cell lung carcinoma,small cell lung carcinoma,
Indication,2134,name:smallpox,smallpox,
Indication,2135,name:smoking behavior,smoking behavior,
Indication,2136,name:smoking cessation,smoking cessation,
Indication,2137,name:social anxiety disorder,social anxiety disorder,
Indication,2138,name:social behavior,social behavior,
Indication,2139,name:soft tissue sarcoma,soft tissue sarcoma,
Indication,2140,name:solitary fibrous tumor,solitary fibrous tumor,
Indication,2141,name:somatoform disorder,somatoform disorder,
Indication,2142,name:somatostatinoma,somatostatinoma,
Indication,2143,name:spasmodic dystonia,spasmodic dystonia,
Indication,2144,name:specific language disorder,specific language disorder,
Indication,2145,name:spinal cord cancer,spinal cord cancer,
Indication,2146,name:spinal cord disease,spinal cord disease,
Indication,2147,name:spinal cord injury,spinal cord injury,
Indication,2148,name:spinal cord neoplasm,spinal cord neoplasm,
Indication,2149,name:spinal fracture,spinal fracture,
Indication,2150,name:spinal muscular atrophy,spinal muscular atrophy,
Indication,2151,"name:spinal muscular atrophy, type III","spinal muscular atrophy, type III",
Indication,2152,name:spinal stenosis,spinal stenosis,
Indication,2153,name:spinocerebellar ataxia type 1,spinocerebellar ataxia type 1,
Indication,2154,name:spinocerebellar ataxia type 2,spinocerebellar ataxia type 2,
Indication,2155,name:spondylitis,spondylitis,
Indication,2156,name:spondyloarthropathy,spondyloarthropathy,
Indication,2157,name:spontaneous abortion,spontaneous abortion,
Indication,2158,name:sporotrichosis,sporotrichosis,
Indication,2159,name:spotted fever,spotted fever,
Indication,2160,name:sprain,sprain,
Indication,2161,name:squamous cell carcinoma,squamous cell carcinoma,
Indication,2162,name:squamous cell intraepithelial neoplasia,squamous cell intraepithelial neoplasia,
Indication,2163,name:squamous cell lung carcinoma,squamous cell lung carcinoma,
Indication,2164,name:stage 5 chronic kidney disease,stage 5 chronic kidney disease,
Indication,2165,name:staphylococcal pneumonia,staphylococcal pneumonia,
Indication,2166,name:staphylococcal skin infections,staphylococcal skin infections,
Indication,2167,name:status epilepticus,status epilepticus,
Indication,2168,name:stenosing tenosynovitis,stenosing tenosynovitis,
Indication,2169,name:stomach disease,stomach disease,
Indication,2170,name:stomach neoplasm,stomach neoplasm,
Indication,2171,name:stomatitis,stomatitis,
Indication,2172,name:streptococcal infection,streptococcal infection,
Indication,2173,name:stricture,stricture,
Indication,2174,name:stroke,stroke,
Indication,2175,name:strongyloidiasis,strongyloidiasis,
Indication,2176,name:stutter disorder,stutter disorder,
Indication,2177,name:subacute thyroiditis,subacute thyroiditis,
Indication,2178,name:subarachnoid hemorrhage,subarachnoid hemorrhage,
Indication,2179,name:subependymal giant cell astrocytoma,subependymal giant cell astrocytoma,
Indication,2180,name:substance abuse,substance abuse,
Indication,2181,name:substance dependence,substance dependence,
Indication,2182,name:substance withdrawal syndrome,substance withdrawal syndrome,
Indication,2183,name:sudden cardiac arrest,sudden cardiac arrest,
Indication,2184,name:sudden sensorineural hearing loss,sudden sensorineural hearing loss,
Indication,2185,name:suicidal ideation,suicidal ideation,
Indication,2186,name:sulfite oxidase deficiency due to molybdenum cofactor deficiency type A,sulfite oxidase deficiency due to molybdenum cofactor deficiency type A,
Indication,2187,name:sunburn,sunburn,
Indication,2188,name:suppurative otitis media,suppurative otitis media,
Indication,2189,name:swine influenza,swine influenza,
Indication,2190,name:sympathetic ophthalmia,sympathetic ophthalmia,
Indication,2191,name:syndromic disease,syndromic disease,
Indication,2192,name:synovial sarcoma,synovial sarcoma,
Indication,2193,name:synovitis,synovitis,
Indication,2194,name:syphilis,syphilis,
Indication,2195,name:syringomyelia,syringomyelia,
Indication,2196,name:systemic inflammatory response syndrome,systemic inflammatory response syndrome,
Indication,2197,name:systemic lupus erythematosus,systemic lupus erythematosus,
Indication,2198,name:systemic mastocytosis,systemic mastocytosis,
Indication,2199,name:systemic scleroderma,systemic scleroderma,
Indication,2200,name:systolic heart failure,systolic heart failure,
Indication,2201,name:tachypnea,tachypnea,
Indication,2202,name:telangiectasis,telangiectasis,
Indication,2203,name:temporal arteritis,temporal arteritis,
Indication,2204,name:temporomandibular joint disorder,temporomandibular joint disorder,
Indication,2205,name:tendinitis,tendinitis,
Indication,2206,"name:tenosynovial giant cell tumor, diffuse type","tenosynovial giant cell tumor, diffuse type",
Indication,2207,name:tenosynovitis,tenosynovitis,
Indication,2208,name:teratoma,teratoma,
Indication,2209,name:testicular carcinoma,testicular carcinoma,
Indication,2210,name:testicular neoplasm,testicular neoplasm,
Indication,2211,name:tethered spinal cord syndrome,tethered spinal cord syndrome,
Indication,2212,name:thoracic aortic aneurysm,thoracic aortic aneurysm,
Indication,2213,name:thoracic outlet syndrome,thoracic outlet syndrome,
Indication,2214,name:thrombocytopenia,thrombocytopenia,
Indication,2215,name:thrombophilia,thrombophilia,
Indication,2216,name:thrombotic disease,thrombotic disease,
Indication,2217,name:thrombotic thrombocytopenic purpura,thrombotic thrombocytopenic purpura,
Indication,2218,name:thymus cancer,thymus cancer,
Indication,2219,name:thymus neoplasm,thymus neoplasm,
Indication,2220,name:thyroid cancer,thyroid cancer,
Indication,2221,name:thyroid carcinoma,thyroid carcinoma,
Indication,2222,name:thyroid neoplasm,thyroid neoplasm,
Indication,2223,name:thyroid nodule,thyroid nodule,
Indication,2224,name:tibia fracture,tibia fracture,
Indication,2225,name:tic disorder,tic disorder,
Indication,2226,name:tinea,tinea,
Indication,2227,name:tinea pedis,tinea pedis,
Indication,2228,name:tinea unguium,tinea unguium,
Indication,2229,name:tongue cancer,tongue cancer,
Indication,2230,name:tonsil cancer,tonsil cancer,
Indication,2231,name:tonsillitis,tonsillitis,
Indication,2232,name:tooth disease,tooth disease,
Indication,2233,name:toothache,toothache,
Indication,2234,name:total joint arthroplasty,total joint arthroplasty,
Indication,2235,name:toxic epidermal necrolysis,toxic epidermal necrolysis,
Indication,2236,name:toxocariasis,toxocariasis,
Indication,2237,name:toxoplasmosis,toxoplasmosis,
Indication,2238,name:transient ischemic attack,transient ischemic attack,
Indication,2239,name:transposition of the great arteries,transposition of the great arteries,
Indication,2240,name:treatment resistant depression,treatment resistant depression,
Indication,2241,name:trichinosis,trichinosis,
Indication,2242,name:trichomoniasis,trichomoniasis,
Indication,2243,name:trichotillomania,trichotillomania,
Indication,2244,name:trichuriasis,trichuriasis,
Indication,2245,name:trigeminal neuralgia,trigeminal neuralgia,
Indication,2246,name:triple-negative breast cancer,triple-negative breast cancer,
Indication,2247,name:tropical spastic paraparesis,tropical spastic paraparesis,
Indication,2248,name:trypanosomiasis,trypanosomiasis,
Indication,2249,name:tuberculosis,tuberculosis,
Indication,2250,name:tuberous sclerosis,tuberous sclerosis,
Indication,2251,name:type 1 diabetes mellitus,type 1 diabetes mellitus,
Indication,2252,name:type 2 diabetes mellitus,type 2 diabetes mellitus,
Indication,2253,name:type II hypersensitivity reaction disease,type II hypersensitivity reaction disease,
Indication,2254,name:type III hypersensitivity reaction disease,type III hypersensitivity reaction disease,
Indication,2255,name:typhoid fever,typhoid fever,
Indication,2256,name:typhus,typhus,
Indication,2257,name:tyrosinemia,tyrosinemia,
Indication,2258,name:ulcer disease,ulcer disease,
Indication,2259,name:ulcerative colitis,ulcerative colitis,
Indication,2260,name:ulnar neuropathy,ulnar neuropathy,
Indication,2261,name:undifferentiated carcinoma,undifferentiated carcinoma,
Indication,2262,name:undifferentiated pleomorphic sarcoma,undifferentiated pleomorphic sarcoma,
Indication,2263,name:unspecified peripheral T-cell lymphoma,unspecified peripheral T-cell lymphoma,
Indication,2264,name:upper aerodigestive tract neoplasm,upper aerodigestive tract neoplasm,
Indication,2265,name:urea cycle disorder,urea cycle disorder,
Indication,2266,name:uremia,uremia,
Indication,2267,name:ureter cancer,ureter cancer,
Indication,2268,name:ureterolithiasis,ureterolithiasis,
Indication,2269,name:urethra cancer,urethra cancer,
Indication,2270,name:urethral neoplasm,urethral neoplasm,
Indication,2271,name:urethritis,urethritis,
Indication,2272,name:urgency urinary incontinence,urgency urinary incontinence,
Indication,2273,name:urinary bladder cancer,urinary bladder cancer,
Indication,2274,name:urinary bladder carcinoma,urinary bladder carcinoma,
Indication,2275,name:urinary schistosomiasis,urinary schistosomiasis,
Indication,2276,name:urinary system disease,urinary system disease,
Indication,2277,name:urinary tract infection,urinary tract infection,
Indication,2278,name:urogenital neoplasm,urogenital neoplasm,
Indication,2279,name:urolithiasis,urolithiasis,
Indication,2280,name:urothelial carcinoma,urothelial carcinoma,
Indication,2281,name:urticaria,urticaria,
Indication,2282,name:uterine cancer,uterine cancer,
Indication,2283,name:uterine cervix carcinoma in situ,uterine cervix carcinoma in situ,
Indication,2284,name:uterine corpus cancer,uterine corpus cancer,
Indication,2285,name:uterine corpus choriocarcinoma,uterine corpus choriocarcinoma,
Indication,2286,name:uterine fibroid,uterine fibroid,
Indication,2287,name:uterine neoplasm,uterine neoplasm,
Indication,2288,name:uveitis,uveitis,
Indication,2289,name:vaginal cancer,vaginal cancer,
Indication,2290,name:vaginal discharge,vaginal discharge,
Indication,2291,name:vaginal inflammation,vaginal inflammation,
Indication,2292,name:vaginitis,vaginitis,
Indication,2293,name:varicose ulcer,varicose ulcer,
Indication,2294,name:vascular dementia,vascular dementia,
Indication,2295,name:vascular disease,vascular disease,
Indication,2296,name:vascular malformation,vascular malformation,
Indication,2297,name:vasculitis,vasculitis,
Indication,2298,name:vasomotor rhinitis,vasomotor rhinitis,
Indication,2299,name:venous insufficiency,venous insufficiency,
Indication,2300,name:venous thromboembolism,venous thromboembolism,
Indication,2301,name:ventilator-associated pneumonia,ventilator-associated pneumonia,
Indication,2302,name:ventral hernia,ventral hernia,
Indication,2303,name:ventricular fibrillation,ventricular fibrillation,
Indication,2304,name:ventricular septal defect,ventricular septal defect,
Indication,2305,name:ventricular tachycardia,ventricular tachycardia,
Indication,2306,name:verrucous carcinoma,verrucous carcinoma,
Indication,2307,name:vesicoureteral reflux,vesicoureteral reflux,
Indication,2308,name:vestibular neuronitis,vestibular neuronitis,
Indication,2309,name:viral conjunctivitis,viral conjunctivitis,
Indication,2310,name:viral disease,viral disease,
Indication,2311,name:viral human hepatitis infection,viral human hepatitis infection,
Indication,2312,name:viral pneumonia,viral pneumonia,
Indication,2313,name:visceral Leishmaniasis,visceral Leishmaniasis,
Indication,2314,name:vitamin A deficiency,vitamin A deficiency,
Indication,2315,name:vitamin B deficiency,vitamin B deficiency,
Indication,2316,name:vitamin B12 deficiency,vitamin B12 deficiency,
Indication,2317,name:vitamin D deficiency,vitamin D deficiency,
Indication,2318,name:vitamin deficiency disorder,vitamin deficiency disorder,
Indication,2319,name:voice disorders,voice disorders,
Indication,2320,name:von Hippel-Lindau disease,von Hippel-Lindau disease,
Indication,2321,name:vulva cancer,vulva cancer,
Indication,2322,name:vulvar carcinoma,vulvar carcinoma,
Indication,2323,name:vulvar intraepithelial neoplasia,vulvar intraepithelial neoplasia,
Indication,2324,name:vulvovaginal candidiasis,vulvovaginal candidiasis,
Indication,2325,name:vulvovaginitis,vulvovaginitis,
Indication,2326,name:wet macular degeneration,wet macular degeneration,
Indication,2327,name:wheezing,wheezing,
Indication,2328,name:whooping cough,whooping cough,
Indication,2329,name:wound healing,wound healing,
Indication,2330,name:wrist fracture,wrist fracture,
Indication,2331,name:xerostomia,xerostomia,
Indication,2332,name:yaws,yaws,
Mechanism,0,CHEMBL3_CHEMBL1907589_AGONIST,Neuronal acetylcholine receptor; alpha4/beta2 agonist,
Mechanism,1,CHEMBL405_CHEMBL222_RELEASING AGENT,Norepinephrine transporter releasing agent,
Mechanism,2,CHEMBL405_CHEMBL238_RELEASING AGENT,Dopamine transporter releasing agent,
Mechanism,3,CHEMBL4_CHEMBL2311224_INHIBITOR,Bacterial DNA gyrase inhibitor,
Mechanism,4,CHEMBL5_CHEMBL2311224_INHIBITOR,Bacterial DNA gyrase inhibitor,
Mechanism,5,CHEMBL6_CHEMBL2094253_INHIBITOR,Cyclooxygenase inhibitor,
Mechanism,6,CHEMBL8_CHEMBL2311224_INHIBITOR,Bacterial DNA gyrase inhibitor,
Mechanism,7,CHEMBL8_CHEMBL2363076_INHIBITOR,Topoisomerase IV inhibitor,
Mechanism,8,CHEMBL9_CHEMBL2311224_INHIBITOR,Bacterial DNA gyrase inhibitor,
Mechanism,9,CHEMBL9_CHEMBL2363076_INHIBITOR,Topoisomerase IV inhibitor,
MoleculeType,0,Small molecule,Small molecule,
Plant,0,Adhatoda vasica,Adhatoda vasica,
Plant,1,Alstonia scholaris,Alstonia scholaris,
Plant,2,Azadirachta indica,Azadirachta indica,
Plant,3,Cassia fistula,Cassia fistula,
Plant,4,Cyperus rotundus,Cyperus rotundus,
Plant,5,Glycyrrhiza glabra,Glycyrrhiza glabra,
Plant,6,Picrorhiza kurrooa,Picrorhiza kurrooa,
Plant,7,Santalum album,Santalum album,
Plant,8,Solanum xanthocarpum,Solanum xanthocarpum,
Plant,9,Terminalia chebula,Terminalia chebula,
Plant,10,Tinspora cordifolia,Tinspora cordifolia,
Plant,11,Trichosanthes dioica,Trichosanthes dioica,
Plant,12,Vetiveria zizanioides,Vetiveria zizanioides,
Protein,0,(S)-2-haloacid dehalogenase,(S)-2-haloacid dehalogenase,Q53464
Protein,1,1-deoxy-D-xylulose 5-phosphate reductoisomerase,1-deoxy-D-xylulose 5-phosphate reductoisomerase,P45568
Protein,2,1-phosphatidylinositol phosphodiesterase,1-phosphatidylinositol phosphodiesterase,P14262
Protein,3,17-beta-hydroxysteroid dehydrogenase type 1,17-beta-hydroxysteroid dehydrogenase type 1,P14061
Protein,4,17-beta-hydroxysteroid dehydrogenase type 2,17-beta-hydroxysteroid dehydrogenase type 2,P37059
Protein,5,2-iminobutanoate/2-iminopropanoate deaminase,2-iminobutanoate/2-iminopropanoate deaminase,P52758
Protein,6,2-methylcitrate synthase,2-methylcitrate synthase,O34002
Protein,7,2-oxoglutarate and iron-dependent oxygenase domain-containing protein 2,2-oxoglutarate and iron-dependent oxygenase domain-containing protein 2,Q6N063
Protein,8,3 beta-hydroxysteroid dehydrogenase/Delta 5-->4-isomerase type 1,3 beta-hydroxysteroid dehydrogenase/Delta 5-->4-isomerase type 1,P14060
Protein,9,"3-carboxy-cis,cis-muconate cycloisomerase","3-carboxy-cis,cis-muconate cycloisomerase",P32427
Protein,10,3-hydroxyacyl-[acyl-carrier-protein] dehydratase FabZ,3-hydroxyacyl-[acyl-carrier-protein] dehydratase FabZ,B1JQH1
Protein,11,"3-hydroxyisobutyryl-CoA hydrolase, mitochondrial","3-hydroxyisobutyryl-CoA hydrolase, mitochondrial",Q6NVY1
Protein,12,3-oxoacyl-[acyl-carrier-protein] synthase 1,3-oxoacyl-[acyl-carrier-protein] synthase 1,P0A953
Protein,13,3-oxoacyl-[acyl-carrier-protein] synthase 2,3-oxoacyl-[acyl-carrier-protein] synthase 2,P0AAI5
Protein,14,3-oxoacyl-[acyl-carrier-protein] synthase 3,3-oxoacyl-[acyl-carrier-protein] synthase 3,P9WNG3
Protein,15,"4-aminobutyrate aminotransferase, mitochondrial","4-aminobutyrate aminotransferase, mitochondrial",P80404
Protein,16,4-galactosyl-N-acetylglucosaminide 3-alpha-L-fucosyltransferase FUT6,4-galactosyl-N-acetylglucosaminide 3-alpha-L-fucosyltransferase FUT6,P51993
Protein,17,5-hydroxytryptamine receptor 1A,5-hydroxytryptamine receptor 1A,P08908
Protein,18,5-hydroxytryptamine receptor 1B,5-hydroxytryptamine receptor 1B,P28334
Protein,19,5-hydroxytryptamine receptor 1D,5-hydroxytryptamine receptor 1D,P28221
Protein,20,5-hydroxytryptamine receptor 1E,5-hydroxytryptamine receptor 1E,P28566
Protein,21,5-hydroxytryptamine receptor 1F,5-hydroxytryptamine receptor 1F,P30939
Protein,22,5-hydroxytryptamine receptor 2A,5-hydroxytryptamine receptor 2A,P28223
Protein,23,5-hydroxytryptamine receptor 2B,5-hydroxytryptamine receptor 2B,P41595
Protein,24,5-hydroxytryptamine receptor 2C,5-hydroxytryptamine receptor 2C,P28335
Protein,25,5-hydroxytryptamine receptor 3A,5-hydroxytryptamine receptor 3A,P46098
Protein,26,5-hydroxytryptamine receptor 3B,5-hydroxytryptamine receptor 3B,O95264
Protein,27,5-hydroxytryptamine receptor 4,5-hydroxytryptamine receptor 4,Q13639
Protein,28,5-hydroxytryptamine receptor 5A,5-hydroxytryptamine receptor 5A,P35364
Protein,29,5-hydroxytryptamine receptor 6,5-hydroxytryptamine receptor 6,P50406
Protein,30,5-hydroxytryptamine receptor 7,5-hydroxytryptamine receptor 7,P32304
Protein,31,50S ribosomal protein L4,50S ribosomal protein L4,P38516
Protein,32,6-phosphogluconolactonase,6-phosphogluconolactonase,Q9X0N8
Protein,33,72 kDa type IV collagenase,72 kDa type IV collagenase,P08253
Protein,34,"9,11-endoperoxide prostaglandin H2 reductase","9,11-endoperoxide prostaglandin H2 reductase",Q9GV41
Protein,35,"ADP-ribose pyrophosphatase, mitochondrial","ADP-ribose pyrophosphatase, mitochondrial",Q9BW91
Protein,36,ADP-ribosyl cyclase/cyclic ADP-ribose hydrolase 2,ADP-ribosyl cyclase/cyclic ADP-ribose hydrolase 2,Q10588
Protein,37,ADP-ribosylation factor 1,ADP-ribosylation factor 1,P84077
Protein,38,ADP-ribosylation factor 6,ADP-ribosylation factor 6,P62330
Protein,39,"ATP synthase subunit alpha, mitochondrial","ATP synthase subunit alpha, mitochondrial",P25705
Protein,40,"ATP synthase subunit beta, mitochondrial","ATP synthase subunit beta, mitochondrial",P06576
Protein,41,"ATP synthase subunit gamma, mitochondrial","ATP synthase subunit gamma, mitochondrial",P36542
Protein,42,ATP-binding cassette sub-family G member 1,ATP-binding cassette sub-family G member 1,P45844
Protein,43,ATP-dependent translocase ABCB1,ATP-dependent translocase ABCB1,P08183
Protein,44,ATPase family AAA domain-containing protein 5,ATPase family AAA domain-containing protein 5,Q96QE3
Protein,45,Acetylcholine receptor subunit alpha,Acetylcholine receptor subunit alpha,P02708
Protein,46,Acetylcholine receptor subunit beta,Acetylcholine receptor subunit beta,P11230
Protein,47,Acetylcholine receptor subunit delta,Acetylcholine receptor subunit delta,Q07001
Protein,48,Acetylcholine receptor subunit epsilon,Acetylcholine receptor subunit epsilon,Q04844
Protein,49,Acetylcholine receptor subunit gamma,Acetylcholine receptor subunit gamma,P07510
Protein,50,Acetylcholinesterase,Acetylcholinesterase,P23795
Protein,51,Acetylserotonin O-methyltransferase,Acetylserotonin O-methyltransferase,P46597
Protein,52,Acid-sensing ion channel 3,Acid-sensing ion channel 3,Q9UHC3
Protein,53,"Actin, alpha skeletal muscle","Actin, alpha skeletal muscle",P68133
Protein,54,"Actin, cytoplasmic 1","Actin, cytoplasmic 1",P60709
Protein,55,Acyl-CoA (8-3)-desaturase,Acyl-CoA (8-3)-desaturase,O60427
Protein,56,Acyl-CoA 6-desaturase,Acyl-CoA 6-desaturase,O95864
Protein,57,Acyl-CoA-binding protein,Acyl-CoA-binding protein,P07108
Protein,58,Acyl-coenzyme A thioesterase 13,Acyl-coenzyme A thioesterase 13,Q9NPJ3
Protein,59,Acyl-homoserine lactone acylase PvdQ,Acyl-homoserine lactone acylase PvdQ,Q9I194
Protein,60,Adenine DNA glycosylase,Adenine DNA glycosylase,P17802
Protein,61,Adenine phosphoribosyltransferase,Adenine phosphoribosyltransferase,P07741
Protein,62,Adenosine receptor A1,Adenosine receptor A1,P25099
Protein,63,Adenosine receptor A2a,Adenosine receptor A2a,P29274
Protein,64,Adenosine receptor A3,Adenosine receptor A3,P0DMS8
Protein,65,Alanine racemase,Alanine racemase,P10724
Protein,66,Albumin,Albumin,P02768
Protein,67,Alcohol dehydrogenase 1C,Alcohol dehydrogenase 1C,P00326
Protein,68,Alcohol dehydrogenase class-3,Alcohol dehydrogenase class-3,P11766
Protein,69,Aldehyde dehydrogenase family 1 member A3,Aldehyde dehydrogenase family 1 member A3,P47895
Protein,70,Aldehyde dehydrogenase family 3 member A2,Aldehyde dehydrogenase family 3 member A2,P51648
Protein,71,Aldehyde dehydrogenase family 3 member B1,Aldehyde dehydrogenase family 3 member B1,P43353
Protein,72,"Aldehyde dehydrogenase, mitochondrial","Aldehyde dehydrogenase, mitochondrial",P05091
Protein,73,Aldehyde oxidase,Aldehyde oxidase,Q06278
Protein,74,Aldehyde oxidase 1,Aldehyde oxidase 1,H9TB17
Protein,75,Aldo-keto reductase family 1 member B1,Aldo-keto reductase family 1 member B1,P15121
Protein,76,Aldo-keto reductase family 1 member C1,Aldo-keto reductase family 1 member C1,Q04828
Protein,77,Aldo-keto reductase family 1 member C2,Aldo-keto reductase family 1 member C2,P52895
Protein,78,Aldo-keto reductase family 1 member C3,Aldo-keto reductase family 1 member C3,P42330
Protein,79,Aldo-keto reductase family 1 member C4,Aldo-keto reductase family 1 member C4,P17516
Protein,80,"All-trans-retinol 13,14-reductase","All-trans-retinol 13,14-reductase",Q6NUM9
Protein,81,All-trans-retinol dehydrogenase [NAD(+)] ADH1B,All-trans-retinol dehydrogenase [NAD(+)] ADH1B,P00325
Protein,82,"Alpha-(1,3)-fucosyltransferase 7","Alpha-(1,3)-fucosyltransferase 7",Q11130
Protein,83,Alpha-2A adrenergic receptor,Alpha-2A adrenergic receptor,P08913
Protein,84,Alpha-N-acetylgalactosaminidase,Alpha-N-acetylgalactosaminidase,P17050
Protein,85,Alpha-amylase,Alpha-amylase,P00691
Protein,86,Alpha-amylase 1A,Alpha-amylase 1A,P0DUB6
Protein,87,Alpha-amylase 1C,Alpha-amylase 1C,P0DTE8
Protein,88,Alpha-amylase 2B,Alpha-amylase 2B,P19961
Protein,89,Alpha-glucosidase MAL12,Alpha-glucosidase MAL12,P53341
Protein,90,Alpha-glucosidase MAL32,Alpha-glucosidase MAL32,P38158
Protein,91,Alpha-ketoglutarate-dependent dioxygenase alkB homolog 3,Alpha-ketoglutarate-dependent dioxygenase alkB homolog 3,Q96Q83
Protein,92,Alpha-lactalbumin,Alpha-lactalbumin,P00709
Protein,93,Alpha-pyrone synthesis polyketide synthase-like Pks18,Alpha-pyrone synthesis polyketide synthase-like Pks18,P9WPF1
Protein,94,Alpha-synuclein,Alpha-synuclein,P37840
Protein,95,Alpha-tocopherol transfer protein,Alpha-tocopherol transfer protein,P49638
Protein,96,Amine oxidase [flavin-containing] A,Amine oxidase [flavin-containing] A,P21397
Protein,97,Amine oxidase [flavin-containing] B,Amine oxidase [flavin-containing] B,P27338
Protein,98,Amyloid-beta precursor protein,Amyloid-beta precursor protein,P05067
Protein,99,Amylosucrase,Amylosucrase,Q9ZEU2
Protein,100,Androgen receptor,Androgen receptor,P10275
Protein,101,Angiotensin-converting enzyme,Angiotensin-converting enzyme,P12821
Protein,102,Anoctamin-1,Anoctamin-1,Q5XXA6
Protein,103,Apolipoprotein D,Apolipoprotein D,P05090
Protein,104,Apolipoprotein M,Apolipoprotein M,O95445
Protein,105,Apoptosis regulator Bcl-2,Apoptosis regulator Bcl-2,P10415
Protein,106,Aquaporin-1,Aquaporin-1,P29972
Protein,107,Aquaporin-7,Aquaporin-7,O14520
Protein,108,Aquaporin-9,Aquaporin-9,O43315
Protein,109,Aromatase,Aromatase,P11511
Protein,110,Aryl hydrocarbon receptor,Aryl hydrocarbon receptor,P35869
Protein,111,Arylacetamide deacetylase-like 2,Arylacetamide deacetylase-like 2,Q6P093
Protein,112,Aspartate ammonia-lyase,Aspartate ammonia-lyase,P0AC38
Protein,113,Aurora kinase B,Aurora kinase B,Q96GD4
Protein,114,Bacterial outer membrane,Bacterial outer membrane,
Protein,115,Baculoviral IAP repeat-containing protein 5,Baculoviral IAP repeat-containing protein 5,O15392
Protein,116,Basement membrane-specific heparan sulfate proteoglycan core protein,Basement membrane-specific heparan sulfate proteoglycan core protein,P98160
Protein,117,"Beta,beta-carotene 15,15'-dioxygenase","Beta,beta-carotene 15,15'-dioxygenase",Q9HAY6
Protein,118,Beta-amylase,Beta-amylase,P36924
Protein,119,Beta-carbonic anhydrase 1,Beta-carbonic anhydrase 1,P9WPJ7
Protein,120,Beta-fructosidase,Beta-fructosidase,O33833
Protein,121,Beta-galactosidase,Beta-galactosidase,P16278
Protein,122,Beta-glucanase,Beta-glucanase,P23904
Protein,123,Beta-glucuronidase,Beta-glucuronidase,P05804
Protein,124,Beta-lactamase,Beta-lactamase,P00808
Protein,125,Beta-secretase 1,Beta-secretase 1,P56817
Protein,126,Bifunctional 3'-phosphoadenosine 5'-phosphosulfate synthase 1,Bifunctional 3'-phosphoadenosine 5'-phosphosulfate synthase 1,O43252
Protein,127,Bifunctional cytochrome P450/NADPH--P450 reductase,Bifunctional cytochrome P450/NADPH--P450 reductase,P14779
Protein,128,Bile acid receptor,Bile acid receptor,Q96RI1
Protein,129,Bile salt export pump,Bile salt export pump,O95342
Protein,130,"Biphenyl-2,3-diol 1,2-dioxygenase","Biphenyl-2,3-diol 1,2-dioxygenase",P47228
Protein,131,Bis(5'-adenosyl)-triphosphatase,Bis(5'-adenosyl)-triphosphatase,P49789
Protein,132,Botulinum neurotoxin type B,Botulinum neurotoxin type B,P10844
Protein,133,Broad substrate specificity ATP-binding cassette transporter ABCG2,Broad substrate specificity ATP-binding cassette transporter ABCG2,Q9UNQ0
Protein,134,C-type lectin domain family 4 member E,C-type lectin domain family 4 member E,Q9ULY5
Protein,135,CCAAT/enhancer-binding protein beta,CCAAT/enhancer-binding protein beta,P17676
Protein,136,CDP-diacylglycerol--inositol 3-phosphatidyltransferase,CDP-diacylglycerol--inositol 3-phosphatidyltransferase,O14735
Protein,137,CDP-diacylglycerol--serine O-phosphatidyltransferase,CDP-diacylglycerol--serine O-phosphatidyltransferase,P9WPG1
Protein,138,"CMP-N-acetylneuraminate-beta-galactosamide-alpha-2,3-sialyltransferase 1","CMP-N-acetylneuraminate-beta-galactosamide-alpha-2,3-sialyltransferase 1",Q11201
Protein,139,Calcineurin subunit B type 1,Calcineurin subunit B type 1,P63098
Protein,140,Calcium-transporting ATPase type 2C member 1,Calcium-transporting ATPase type 2C member 1,P98194
Protein,141,Calcium-transporting ATPase type 2C member 2,Calcium-transporting ATPase type 2C member 2,O75185
Protein,142,Calmodulin-1,Calmodulin-1,P0DP23
Protein,143,Calmodulin-2,Calmodulin-2,P0DP24
Protein,144,Calmodulin-3,Calmodulin-3,P0DP25
Protein,145,Calreticulin,Calreticulin,P27797
Protein,146,Canalicular multispecific organic anion transporter 1,Canalicular multispecific organic anion transporter 1,Q92887
Protein,147,Cannabinoid receptor 1,Cannabinoid receptor 1,P21554
Protein,148,Cannabinoid receptor 2,Cannabinoid receptor 2,P34972
Protein,149,Capsid protein VP1,Capsid protein VP1,P49302
Protein,150,Carbonic anhydrase 1,Carbonic anhydrase 1,P00915
Protein,151,Carbonic anhydrase 12,Carbonic anhydrase 12,O43570
Protein,152,Carbonic anhydrase 13,Carbonic anhydrase 13,Q9D6N1
Protein,153,Carbonic anhydrase 14,Carbonic anhydrase 14,Q9ULX7
Protein,154,Carbonic anhydrase 2,Carbonic anhydrase 2,P00918
Protein,155,Carbonic anhydrase 3,Carbonic anhydrase 3,Q3SZX4
Protein,156,Carbonic anhydrase 4,Carbonic anhydrase 4,P22748
Protein,157,"Carbonic anhydrase 5A, mitochondrial","Carbonic anhydrase 5A, mitochondrial",P35218
Protein,158,"Carbonic anhydrase 5B, mitochondrial","Carbonic anhydrase 5B, mitochondrial",Q9Y2D0
Protein,159,Carbonic anhydrase 6,Carbonic anhydrase 6,P23280
Protein,160,Carbonic anhydrase 7,Carbonic anhydrase 7,P43166
Protein,161,Carbonic anhydrase 9,Carbonic anhydrase 9,Q16790
Protein,162,Carbonyl reductase [NADPH] 1,Carbonyl reductase [NADPH] 1,P16152
Protein,163,Carboxy-terminal domain RNA polymerase II polypeptide A small phosphatase 1,Carboxy-terminal domain RNA polymerase II polypeptide A small phosphatase 1,Q9GZU7
Protein,164,Carboxypeptidase B,Carboxypeptidase B,P15086
Protein,165,Casein kinase II subunit alpha,Casein kinase II subunit alpha,P68400
Protein,166,Casein kinase II subunit beta,Casein kinase II subunit beta,P67870
Protein,167,Caspase-3,Caspase-3,P42574
Protein,168,"Catechol 1,2-dioxygenase","Catechol 1,2-dioxygenase",P07773
Protein,169,Cathepsin B,Cathepsin B,P07858
Protein,170,Cationic trypsin,Cationic trypsin,P00760
Protein,171,Cellular tumor antigen p53,Cellular tumor antigen p53,P04637
Protein,172,"Cellulose 1,4-beta-cellobiosidase (reducing end) CelS","Cellulose 1,4-beta-cellobiosidase (reducing end) CelS",P0C2S5
Protein,173,"Chlorocatechol 1,2-dioxygenase","Chlorocatechol 1,2-dioxygenase",O67987
Protein,174,Cholera enterotoxin subunit B,Cholera enterotoxin subunit B,P01556
Protein,175,Cholesterol oxidase,Cholesterol oxidase,P22637
Protein,176,Choline-phosphate cytidylyltransferase B,Choline-phosphate cytidylyltransferase B,Q9Y5K3
Protein,177,Cholinesterase,Cholinesterase,P06276
Protein,178,Chondroitinase-B,Chondroitinase-B,Q46079
Protein,179,Chromaffin granule amine transporter,Chromaffin granule amine transporter,P54219
Protein,180,Chymotrypsin-like elastase family member 1,Chymotrypsin-like elastase family member 1,P00772
Protein,181,"Citrate synthase, mitochondrial","Citrate synthase, mitochondrial",O75390
Protein,182,Coagulation factor X,Coagulation factor X,P00742
Protein,183,Cocaine esterase,Cocaine esterase,Q9L9D7
Protein,184,Collagen alpha-1(III) chain,Collagen alpha-1(III) chain,P02461
Protein,185,Complement component C8 gamma chain,Complement component C8 gamma chain,P07360
Protein,186,Copper transport protein ATOX1,Copper transport protein ATOX1,O00244
Protein,187,Corticosteroid 11-beta-dehydrogenase isozyme 1,Corticosteroid 11-beta-dehydrogenase isozyme 1,P28845
Protein,188,Corticosteroid 11-beta-dehydrogenase isozyme 2,Corticosteroid 11-beta-dehydrogenase isozyme 2,P80365
Protein,189,Cyclin-dependent kinase 1,Cyclin-dependent kinase 1,Q9DGD3
Protein,190,Cyclin-dependent kinase 2,Cyclin-dependent kinase 2,P24941
Protein,191,Cyclin-dependent kinase 5 activator 1,Cyclin-dependent kinase 5 activator 1,Q15078
Protein,192,Cyclin-dependent kinase 6,Cyclin-dependent kinase 6,Q00534
Protein,193,Cyclomaltodextrin glucanotransferase,Cyclomaltodextrin glucanotransferase,P30920
Protein,194,Cystic fibrosis transmembrane conductance regulator,Cystic fibrosis transmembrane conductance regulator,P13569
Protein,195,Cytochrome P450 1A1,Cytochrome P450 1A1,P04798
Protein,196,Cytochrome P450 1A2,Cytochrome P450 1A2,P05177
Protein,197,Cytochrome P450 1B1,Cytochrome P450 1B1,Q16678
Protein,198,Cytochrome P450 26A1,Cytochrome P450 26A1,O43174
Protein,199,Cytochrome P450 2A13,Cytochrome P450 2A13,Q16696
Protein,200,Cytochrome P450 2A6,Cytochrome P450 2A6,P11509
Protein,201,Cytochrome P450 2B6,Cytochrome P450 2B6,P20813
Protein,202,Cytochrome P450 2C19,Cytochrome P450 2C19,P33261
Protein,203,Cytochrome P450 2C8,Cytochrome P450 2C8,P10632
Protein,204,Cytochrome P450 2C9,Cytochrome P450 2C9,P11712
Protein,205,Cytochrome P450 2D6,Cytochrome P450 2D6,P10635
Protein,206,Cytochrome P450 2E1,Cytochrome P450 2E1,P05181
Protein,207,Cytochrome P450 2J2,Cytochrome P450 2J2,P51589
Protein,208,Cytochrome P450 3A1,Cytochrome P450 3A1,P04800
Protein,209,Cytochrome P450 3A2,Cytochrome P450 3A2,P05183
Protein,210,Cytochrome P450 3A3 (CYPIIIA3) (HLp),Cytochrome P450 3A3 (CYPIIIA3) (HLp),P05184
Protein,211,Cytochrome P450 3A4,Cytochrome P450 3A4,P08684
Protein,212,Cytochrome P450 3A43,Cytochrome P450 3A43,Q9HB55
Protein,213,Cytochrome P450 3A5,Cytochrome P450 3A5,P20815
Protein,214,Cytochrome P450 3A7,Cytochrome P450 3A7,P24462
Protein,215,Cytochrome P450 4B1,Cytochrome P450 4B1,P13584
Protein,216,Cytochrome c,Cytochrome c,P99999
Protein,217,D(1A) dopamine receptor,D(1A) dopamine receptor,P21728
Protein,218,D(1B) dopamine receptor,D(1B) dopamine receptor,P21918
Protein,219,D-amino-acid oxidase,D-amino-acid oxidase,P14920
Protein,220,D-galactose-binding periplasmic protein,D-galactose-binding periplasmic protein,P0AEE5
Protein,221,DNA mismatch repair protein MutL,DNA mismatch repair protein MutL,P23367
Protein,222,DNA oxidative demethylase ALKBH2,DNA oxidative demethylase ALKBH2,Q6NS38
Protein,223,DNA polymerase beta,DNA polymerase beta,P06746
Protein,224,DNA polymerase catalytic subunit,DNA polymerase catalytic subunit,P04293
Protein,225,DNA topoisomerase 1,DNA topoisomerase 1,P11387
Protein,226,DNA topoisomerase 2-alpha,DNA topoisomerase 2-alpha,P11388
Protein,227,DNA topoisomerase 2-beta,DNA topoisomerase 2-beta,Q02880
Protein,228,Dehydrogenase/reductase SDR family member 4,Dehydrogenase/reductase SDR family member 4,Q9BTZ2
Protein,229,Diacetyl reductase [(S)-acetoin forming],Diacetyl reductase [(S)-acetoin forming],Q48436
Protein,230,Diacylglycerol O-acyltransferase 2,Diacylglycerol O-acyltransferase 2,Q96PD7
Protein,231,Diacylglycerol kinase alpha,Diacylglycerol kinase alpha,P23743
Protein,232,Dimethyl sulfoxide/trimethylamine N-oxide reductase,Dimethyl sulfoxide/trimethylamine N-oxide reductase,Q57366
Protein,233,Dipeptidyl peptidase 3,Dipeptidyl peptidase 3,Q9NY33
Protein,234,Disintegrin and metalloproteinase domain-containing protein 17,Disintegrin and metalloproteinase domain-containing protein 17,P78536
Protein,235,Dopamine beta-hydroxylase,Dopamine beta-hydroxylase,P09172
Protein,236,Dynamin-1,Dynamin-1,Q05193
Protein,237,E3 ubiquitin-protein ligase XIAP,E3 ubiquitin-protein ligase XIAP,P98170
Protein,238,Ecotin,Ecotin,P23827
Protein,239,Ectonucleoside triphosphate diphosphohydrolase 5,Ectonucleoside triphosphate diphosphohydrolase 5,O75356
Protein,240,Egl nine homolog 1,Egl nine homolog 1,Q9GZT9
Protein,241,Elongation of very long chain fatty acids protein 2,Elongation of very long chain fatty acids protein 2,Q9NXB9
Protein,242,Elongation of very long chain fatty acids protein 4,Elongation of very long chain fatty acids protein 4,Q9GZR5
Protein,243,Elongation of very long chain fatty acids protein 5,Elongation of very long chain fatty acids protein 5,Q9NYP7
Protein,244,"Endo-1,4-beta-xylanase","Endo-1,4-beta-xylanase",P40943
Protein,245,"Endo-1,4-beta-xylanase A","Endo-1,4-beta-xylanase A",Q8GJ44
Protein,246,"Endo-1,4-beta-xylanase Y","Endo-1,4-beta-xylanase Y",P51584
Protein,247,"Endo-1,4-beta-xylanase Z","Endo-1,4-beta-xylanase Z",P10478
Protein,248,Endoglucanase 5A,Endoglucanase 5A,O85465
Protein,249,Endoglucanase A,Endoglucanase A,P0C2S2
Protein,250,Endoglucanase C,Endoglucanase C,P14090
Protein,251,Endoglucanase C307,Endoglucanase C307,P23340
Protein,252,Endoglucanase E-4,Endoglucanase E-4,P26221
Protein,253,Endoglucanase E1,Endoglucanase E1,P54583
Protein,254,Endoglucanase F,Endoglucanase F,P37698
Protein,255,Endoglucanase G,Endoglucanase G,P37700
Protein,256,Endoglucanase H,Endoglucanase H,P16218
Protein,257,Endolysin,Endolysin,P00720
Protein,258,Endothelin-1,Endothelin-1,P05305
Protein,259,Enoyl-CoA delta isomerase 2,Enoyl-CoA delta isomerase 2,O75521
Protein,260,Enoyl-[acyl-carrier-protein] reductase [NADH],Enoyl-[acyl-carrier-protein] reductase [NADH],P9WGR1
Protein,261,Enoyl-[acyl-carrier-protein] reductase [NADH] FabI,Enoyl-[acyl-carrier-protein] reductase [NADH] FabI,P0AEK4
Protein,262,Enterotoxin type B,Enterotoxin type B,P01552
Protein,263,Eosinophil cationic protein,Eosinophil cationic protein,P12724
Protein,264,Eosinophil peroxidase,Eosinophil peroxidase,P11678
Protein,265,Epidermal growth factor,Epidermal growth factor,
Protein,266,Epidermal growth factor receptor,Epidermal growth factor receptor,P00533
Protein,267,Equilibrative nucleoside transporter 1,Equilibrative nucleoside transporter 1,Q99808
Protein,268,Estrogen receptor,Estrogen receptor,P03372
Protein,269,Estrogen receptor beta,Estrogen receptor beta,Q92731
Protein,270,Estrogen-related receptor gamma,Estrogen-related receptor gamma,P62508
Protein,271,Eukaryotic translation initiation factor 3 subunit F,Eukaryotic translation initiation factor 3 subunit F,O00303
Protein,272,Exoglucanase/xylanase,Exoglucanase/xylanase,P07986
Protein,273,Exotoxin A,Exotoxin A,P11439
Protein,274,Fas-binding factor 1,Fas-binding factor 1,Q8TES7
Protein,275,Fatty acid metabolism regulator protein,Fatty acid metabolism regulator protein,P0A8V6
Protein,276,Fatty acid synthase,Fatty acid synthase,P12276
Protein,277,Fatty acid-binding protein 5,Fatty acid-binding protein 5,Q01469
Protein,278,Fatty acid-binding protein TM_1468,Fatty acid-binding protein TM_1468,Q9X1H9
Protein,279,"Fatty acid-binding protein, adipocyte","Fatty acid-binding protein, adipocyte",P15090
Protein,280,"Fatty acid-binding protein, brain","Fatty acid-binding protein, brain",O15540
Protein,281,"Fatty acid-binding protein, heart","Fatty acid-binding protein, heart",P05413
Protein,282,"Fatty acid-binding protein, intestinal","Fatty acid-binding protein, intestinal",P12104
Protein,283,"Fatty acid-binding protein, liver","Fatty acid-binding protein, liver",P07148
Protein,284,Fatty-acid amide hydrolase 1,Fatty-acid amide hydrolase 1,O00519
Protein,285,Fatty-acid peroxygenase,Fatty-acid peroxygenase,O31440
Protein,286,Fe(3+)-binding periplasmic protein,Fe(3+)-binding periplasmic protein,P21408
Protein,287,Ferrichrome outer membrane transporter/phage receptor,Ferrichrome outer membrane transporter/phage receptor,P06971
Protein,288,Fibroblast growth factor receptor 1,Fibroblast growth factor receptor 1,P11362
Protein,289,Fibroblast growth factor receptor 2,Fibroblast growth factor receptor 2,P21802
Protein,290,Flavin reductase (NADPH),Flavin reductase (NADPH),P30043
Protein,291,Focal adhesion kinase 1,Focal adhesion kinase 1,Q05397
Protein,292,Free fatty acid receptor 1,Free fatty acid receptor 1,O14842
Protein,293,Free fatty acid receptor 2,Free fatty acid receptor 2,O15552
Protein,294,Free fatty acid receptor 3,Free fatty acid receptor 3,O14843
Protein,295,Free fatty acid receptor 4,Free fatty acid receptor 4,Q5NUL3
Protein,296,Fumarate hydratase class II,Fumarate hydratase class II,P05042
Protein,297,Furin,Furin,P09958
Protein,298,G-protein coupled bile acid receptor 1,G-protein coupled bile acid receptor 1,Q8TDU6
Protein,299,G-protein coupled estrogen receptor 1,G-protein coupled estrogen receptor 1,Q99527
Protein,300,G-protein coupled receptor 84,G-protein coupled receptor 84,Q9NQS5
Protein,301,G1/S-specific cyclin-D1,G1/S-specific cyclin-D1,P24385
Protein,302,G2/mitotic-specific cyclin-B1,G2/mitotic-specific cyclin-B1,P14635
Protein,303,GMP synthase [glutamine-hydrolyzing],GMP synthase [glutamine-hydrolyzing],P04079
Protein,304,GTPase HRas,GTPase HRas,P01112
Protein,305,Gag-Pol polyprotein,Gag-Pol polyprotein,P12497
Protein,306,Galectin-2,Galectin-2,P05162
Protein,307,Galectin-7,Galectin-7,P47929
Protein,308,Gamma-aminobutyric acid receptor subunit alpha-1,Gamma-aminobutyric acid receptor subunit alpha-1,P14867
Protein,309,Gamma-aminobutyric acid receptor subunit alpha-2,Gamma-aminobutyric acid receptor subunit alpha-2,P47869
Protein,310,Gamma-aminobutyric acid receptor subunit alpha-3,Gamma-aminobutyric acid receptor subunit alpha-3,P34903
Protein,311,Gamma-aminobutyric acid receptor subunit alpha-4,Gamma-aminobutyric acid receptor subunit alpha-4,P48169
Protein,312,Gamma-aminobutyric acid receptor subunit alpha-5,Gamma-aminobutyric acid receptor subunit alpha-5,P31644
Protein,313,Gamma-aminobutyric acid receptor subunit alpha-6,Gamma-aminobutyric acid receptor subunit alpha-6,Q16445
Protein,314,Gamma-aminobutyric acid receptor subunit beta-1,Gamma-aminobutyric acid receptor subunit beta-1,P18505
Protein,315,Gamma-aminobutyric acid receptor subunit beta-2,Gamma-aminobutyric acid receptor subunit beta-2,P47870
Protein,316,Gamma-aminobutyric acid receptor subunit beta-3,Gamma-aminobutyric acid receptor subunit beta-3,P28472
Protein,317,Gamma-aminobutyric acid receptor subunit delta,Gamma-aminobutyric acid receptor subunit delta,O14764
Protein,318,Gamma-aminobutyric acid receptor subunit epsilon,Gamma-aminobutyric acid receptor subunit epsilon,P78334
Protein,319,Gamma-aminobutyric acid receptor subunit gamma-1,Gamma-aminobutyric acid receptor subunit gamma-1,Q8N1C3
Protein,320,Gamma-aminobutyric acid receptor subunit gamma-2,Gamma-aminobutyric acid receptor subunit gamma-2,P18507
Protein,321,Gamma-aminobutyric acid receptor subunit gamma-3,Gamma-aminobutyric acid receptor subunit gamma-3,Q99928
Protein,322,Gamma-aminobutyric acid receptor subunit pi,Gamma-aminobutyric acid receptor subunit pi,O00591
Protein,323,Gamma-aminobutyric acid receptor subunit theta,Gamma-aminobutyric acid receptor subunit theta,Q9UN88
Protein,324,Gamma-butyrobetaine dioxygenase,Gamma-butyrobetaine dioxygenase,O75936
Protein,325,Ganglioside GM2 activator,Ganglioside GM2 activator,P17900
Protein,326,Gap junction alpha-1 protein,Gap junction alpha-1 protein,P17302
Protein,327,Gap junction alpha-10 protein,Gap junction alpha-10 protein,Q969M2
Protein,328,Gap junction alpha-3 protein,Gap junction alpha-3 protein,Q9Y6H8
Protein,329,Gap junction alpha-4 protein,Gap junction alpha-4 protein,P35212
Protein,330,Gap junction alpha-5 protein,Gap junction alpha-5 protein,P36382
Protein,331,Gap junction alpha-8 protein,Gap junction alpha-8 protein,P48165
Protein,332,Gap junction alpha-9 protein,Gap junction alpha-9 protein,P57773
Protein,333,Gap junction beta-1 protein,Gap junction beta-1 protein,P08034
Protein,334,Gap junction beta-2 protein,Gap junction beta-2 protein,P29033
Protein,335,Gap junction beta-3 protein,Gap junction beta-3 protein,O75712
Protein,336,Gap junction beta-4 protein,Gap junction beta-4 protein,Q9NTQ9
Protein,337,Gap junction beta-5 protein,Gap junction beta-5 protein,O95377
Protein,338,Gap junction beta-6 protein,Gap junction beta-6 protein,O95452
Protein,339,Gap junction beta-7 protein,Gap junction beta-7 protein,Q6PEY0
Protein,340,Gap junction delta-2 protein,Gap junction delta-2 protein,Q9UKL4
Protein,341,Gap junction delta-3 protein,Gap junction delta-3 protein,Q8N144
Protein,342,Gap junction delta-4 protein,Gap junction delta-4 protein,Q96KN9
Protein,343,Gap junction gamma-1 protein,Gap junction gamma-1 protein,P36383
Protein,344,Gap junction gamma-2 protein,Gap junction gamma-2 protein,Q5T442
Protein,345,Gap junction gamma-3 protein,Gap junction gamma-3 protein,Q8NFK1
Protein,346,Genome polyprotein,Genome polyprotein,Q82122
Protein,347,Gephyrin,Gephyrin,Q9NQX3
Protein,348,"Glucan 1,4-alpha-maltohexaosidase","Glucan 1,4-alpha-maltohexaosidase",P19571
Protein,349,"Glucan 1,4-alpha-maltotetraohydrolase","Glucan 1,4-alpha-maltotetraohydrolase",P13507
Protein,350,"Glucan endo-1,3-beta-D-glucosidase","Glucan endo-1,3-beta-D-glucosidase",Q9KG76
Protein,351,Glucokinase,Glucokinase,P0A6V8
Protein,352,Glucosamine-6-phosphate isomerase 1,Glucosamine-6-phosphate isomerase 1,P46926
Protein,353,Glucose--fructose oxidoreductase,Glucose--fructose oxidoreductase,Q07982
Protein,354,Glucose-6-phosphate 1-dehydrogenase,Glucose-6-phosphate 1-dehydrogenase,P11413
Protein,355,Glucose-6-phosphate exchanger SLC37A4,Glucose-6-phosphate exchanger SLC37A4,O43826
Protein,356,"Glutamate receptor ionotropic, NMDA 1","Glutamate receptor ionotropic, NMDA 1",Q05586
Protein,357,"Glutamate receptor ionotropic, NMDA 2A","Glutamate receptor ionotropic, NMDA 2A",Q12879
Protein,358,"Glutamate receptor ionotropic, NMDA 2B","Glutamate receptor ionotropic, NMDA 2B",Q13224
Protein,359,"Glutamate receptor ionotropic, NMDA 2C","Glutamate receptor ionotropic, NMDA 2C",Q14957
Protein,360,"Glutamate receptor ionotropic, NMDA 2D","Glutamate receptor ionotropic, NMDA 2D",O15399
Protein,361,"Glutamate receptor ionotropic, NMDA 3A","Glutamate receptor ionotropic, NMDA 3A",Q8TCU5
Protein,362,"Glutamate receptor ionotropic, NMDA 3B","Glutamate receptor ionotropic, NMDA 3B",O60391
Protein,363,Glutamate--cysteine ligase catalytic subunit,Glutamate--cysteine ligase catalytic subunit,P48506
Protein,364,Glutamine synthetase,Glutamine synthetase,P9WN39
Protein,365,Glutathione S-transferase A2,Glutathione S-transferase A2,P09210
Protein,366,Glutathione S-transferase Mu 3,Glutathione S-transferase Mu 3,P21266
Protein,367,Glutathione S-transferase P,Glutathione S-transferase P,P09211
Protein,368,Glutathione S-transferase omega-1,Glutathione S-transferase omega-1,P78417
Protein,369,Glyceraldehyde-3-phosphate dehydrogenase,Glyceraldehyde-3-phosphate dehydrogenase,P04406
Protein,370,Glycerol uptake facilitator protein,Glycerol uptake facilitator protein,P0AER0
Protein,371,"Glycine amidinotransferase, mitochondrial","Glycine amidinotransferase, mitochondrial",P50440
Protein,372,Glycodelin,Glycodelin,P09466
Protein,373,"Glycogen phosphorylase, brain form","Glycogen phosphorylase, brain form",P11216
Protein,374,"Glycogen phosphorylase, liver form","Glycogen phosphorylase, liver form",P06737
Protein,375,"Glycogen phosphorylase, muscle form","Glycogen phosphorylase, muscle form",P11217
Protein,376,Glycogen synthase kinase-3 beta,Glycogen synthase kinase-3 beta,P18266
Protein,377,Glycolipid transfer protein,Glycolipid transfer protein,Q9NZD2
Protein,378,Group IID secretory phospholipase A2,Group IID secretory phospholipase A2,Q9UNK4
Protein,379,Group IIE secretory phospholipase A2,Group IIE secretory phospholipase A2,Q9NZK7
Protein,380,Guanylyl cyclase-activating protein 1,Guanylyl cyclase-activating protein 1,P43080
Protein,381,HTH-type transcriptional regulator TtgR,HTH-type transcriptional regulator TtgR,Q9AIU0
Protein,382,Haloalkane dehalogenase,Haloalkane dehalogenase,A0A1L5BTC1
Protein,383,Heat shock 70 kDa protein 1A,Heat shock 70 kDa protein 1A,P0DMV8
Protein,384,Heat shock 70 kDa protein 1B,Heat shock 70 kDa protein 1B,P0DMV9
Protein,385,Heat shock protein HSP 90-alpha,Heat shock protein HSP 90-alpha,P07900
Protein,386,Heat shock-related 70 kDa protein 2,Heat shock-related 70 kDa protein 2,P54652
Protein,387,Hematopoietic prostaglandin D synthase,Hematopoietic prostaglandin D synthase,O60760
Protein,388,Heme oxygenase,Heme oxygenase,P71119
Protein,389,Heme oxygenase 1,Heme oxygenase 1,P09601
Protein,390,Hemoglobin subunit alpha,Hemoglobin subunit alpha,P69905
Protein,391,Hemoglobin subunit beta,Hemoglobin subunit beta,P68871
Protein,392,Hepatocyte growth factor-regulated tyrosine kinase substrate,Hepatocyte growth factor-regulated tyrosine kinase substrate,O14964
Protein,393,Hepatocyte nuclear factor 4-alpha,Hepatocyte nuclear factor 4-alpha,P41235
Protein,394,Hepatocyte nuclear factor 4-gamma,Hepatocyte nuclear factor 4-gamma,Q14541
Protein,395,Heterogeneous nuclear ribonucleoprotein A1,Heterogeneous nuclear ribonucleoprotein A1,P09651
Protein,396,Hexokinase,Hexokinase,Q26609
Protein,397,Hexokinase-1,Hexokinase-1,P19367
Protein,398,Hexokinase-4,Hexokinase-4,P35557
Protein,399,Hexon protein,Hexon protein,P03277
Protein,400,Histamine H1 receptor,Histamine H1 receptor,P35367
Protein,401,Histone deacetylase 1,Histone deacetylase 1,Q13547
Protein,402,Histone deacetylase 11,Histone deacetylase 11,Q96DB2
Protein,403,Histone deacetylase 2,Histone deacetylase 2,Q92769
Protein,404,Histone deacetylase 3,Histone deacetylase 3,O15379
Protein,405,Histone deacetylase 4,Histone deacetylase 4,P56524
Protein,406,Histone deacetylase 5,Histone deacetylase 5,Q9UQL6
Protein,407,Histone deacetylase 6,Histone deacetylase 6,Q9UBN7
Protein,408,Histone deacetylase 7,Histone deacetylase 7,Q8WUI4
Protein,409,Histone deacetylase 8,Histone deacetylase 8,Q9BY41
Protein,410,Histone deacetylase 9,Histone deacetylase 9,Q9UKV0
Protein,411,Hyaluronate lyase,Hyaluronate lyase,Q54873
Protein,412,Hydroxycarboxylic acid receptor 1,Hydroxycarboxylic acid receptor 1,Q9BXC0
Protein,413,Hydroxycarboxylic acid receptor 2,Hydroxycarboxylic acid receptor 2,Q8TDS4
Protein,414,Hydroxycarboxylic acid receptor 3,Hydroxycarboxylic acid receptor 3,P49019
Protein,415,"Hydroxyquinol 1,2-dioxygenase","Hydroxyquinol 1,2-dioxygenase",Q5PXQ6
Protein,416,Hypoxia-inducible factor 1-alpha,Hypoxia-inducible factor 1-alpha,Q16665
Protein,417,"Indoleamine 2,3-dioxygenase 1","Indoleamine 2,3-dioxygenase 1",P14902
Protein,418,Inosine triphosphate pyrophosphatase,Inosine triphosphate pyrophosphatase,Q9BY32
Protein,419,"Inositol 1,4,5-trisphosphate receptor type 1","Inositol 1,4,5-trisphosphate receptor type 1",Q14643
Protein,420,Inositol-3-phosphate synthase 1,Inositol-3-phosphate synthase 1,Q9NPH2
Protein,421,Insulin,Insulin,P01308
Protein,422,Insulin receptor,Insulin receptor,P06213
Protein,423,Interferon beta,Interferon beta,P01574
Protein,424,Interferon gamma,Interferon gamma,P01579
Protein,425,Interleukin-1 alpha,Interleukin-1 alpha,P01583
Protein,426,Interleukin-1 beta,Interleukin-1 beta,P01584
Protein,427,Interstitial collagenase,Interstitial collagenase,P03956
Protein,428,Intestinal-type alkaline phosphatase,Intestinal-type alkaline phosphatase,P09923
Protein,429,Intron-associated endonuclease 1,Intron-associated endonuclease 1,P13299
Protein,430,Invasin,Invasin,P11922
Protein,431,Inward rectifier potassium channel 13,Inward rectifier potassium channel 13,O60928
Protein,432,Isocitrate dehydrogenase [NADP],Isocitrate dehydrogenase [NADP],P39126
Protein,433,KAT8 regulatory NSL complex subunit 3,KAT8 regulatory NSL complex subunit 3,Q9P2N6
Protein,434,Keratin-associated protein 5-2,Keratin-associated protein 5-2,Q701N4
Protein,435,Keratin-associated protein 5-3,Keratin-associated protein 5-3,Q6L8H2
Protein,436,Klotho,Klotho,Q9UEF7
Protein,437,L-amino-acid oxidase,L-amino-acid oxidase,Q96RQ9
Protein,438,L-lactate dehydrogenase A chain,L-lactate dehydrogenase A chain,P00338
Protein,439,L-ornithine N(5)-monooxygenase,L-ornithine N(5)-monooxygenase,E9QYP0
Protein,440,Lactase-like protein,Lactase-like protein,Q6UWM7
Protein,441,Lactoperoxidase,Lactoperoxidase,P22079
Protein,442,Lactotransferrin,Lactotransferrin,P02788
Protein,443,Lactoylglutathione lyase,Lactoylglutathione lyase,Q04760
Protein,444,Lanosterol 14-alpha demethylase,Lanosterol 14-alpha demethylase,P10613
Protein,445,Lecithin retinol acyltransferase,Lecithin retinol acyltransferase,O95237
Protein,446,Levansucrase,Levansucrase,P05655
Protein,447,Linear primary-alkylsulfatase,Linear primary-alkylsulfatase,Q9I5I9
Protein,448,Linoleate 9S-lipoxygenase-4,Linoleate 9S-lipoxygenase-4,P38417
Protein,449,Lipoprotein lipase,Lipoprotein lipase,P06858
Protein,450,Lymphocyte antigen 96,Lymphocyte antigen 96,Q9Y6Y9
Protein,451,Lysine-specific demethylase 4E,Lysine-specific demethylase 4E,B2RXH2
Protein,452,Lysine-specific demethylase 5D,Lysine-specific demethylase 5D,Q9BY66
Protein,453,Lysophosphatidylcholine acyltransferase 1,Lysophosphatidylcholine acyltransferase 1,Q8NF37
Protein,454,Lysophosphatidylcholine acyltransferase 2,Lysophosphatidylcholine acyltransferase 2,Q7L5N7
Protein,455,Lysosomal acid glucosylceramidase,Lysosomal acid glucosylceramidase,P04062
Protein,456,Lysosomal alpha-glucosidase,Lysosomal alpha-glucosidase,P10253
Protein,457,Lysozyme C,Lysozyme C,P61626
Protein,458,M-phase inducer phosphatase 2,M-phase inducer phosphatase 2,P30305
Protein,459,Macrophage colony-stimulating factor 1,Macrophage colony-stimulating factor 1,P09603
Protein,460,Macrophage migration inhibitory factor,Macrophage migration inhibitory factor,P14174
Protein,461,"Malate dehydrogenase, mitochondrial","Malate dehydrogenase, mitochondrial",P40926
Protein,462,Maleylacetoacetate isomerase,Maleylacetoacetate isomerase,O43708
Protein,463,"Maltase-glucoamylase, intestinal","Maltase-glucoamylase, intestinal",O43451
Protein,464,Malto-oligosyltrehalose trehalohydrolase,Malto-oligosyltrehalose trehalohydrolase,Q9RX51
Protein,465,Maltodextrin phosphorylase,Maltodextrin phosphorylase,P00490
Protein,466,Maltoporin,Maltoporin,P26466
Protein,467,Maltose/maltodextrin-binding periplasmic protein,Maltose/maltodextrin-binding periplasmic protein,P0AEX9
Protein,468,Matrilysin,Matrilysin,P09237
Protein,469,Melatonin receptor type 1A,Melatonin receptor type 1A,P48039
Protein,470,Melatonin receptor type 1B,Melatonin receptor type 1B,P49286
Protein,471,Metallo-beta-lactamase type 2,Metallo-beta-lactamase type 2,C7C422
Protein,472,Metallothionein-3,Metallothionein-3,P25713
Protein,473,Methyl-accepting chemotaxis protein NahY,Methyl-accepting chemotaxis protein NahY,Q9Z429
Protein,474,Methylenetetrahydrofolate reductase,Methylenetetrahydrofolate reductase,P42898
Protein,475,Mitogen-activated protein kinase 1,Mitogen-activated protein kinase 1,P28482
Protein,476,Mitogen-activated protein kinase 10,Mitogen-activated protein kinase 10,P53779
Protein,477,Mitogen-activated protein kinase 14,Mitogen-activated protein kinase 14,Q16539
Protein,478,Monocarboxylate transporter 1,Monocarboxylate transporter 1,P53985
Protein,479,Monocarboxylate transporter 2,Monocarboxylate transporter 2,O60669
Protein,480,Monocarboxylate transporter 4,Monocarboxylate transporter 4,O15427
Protein,481,Mothers against decapentaplegic homolog 3,Mothers against decapentaplegic homolog 3,P84022
Protein,482,Mu-type opioid receptor,Mu-type opioid receptor,P35372
Protein,483,Multidrug resistance-associated protein 1,Multidrug resistance-associated protein 1,P33527
Protein,484,Multidrug resistance-associated protein 4,Multidrug resistance-associated protein 4,O15439
Protein,485,Multifunctional procollagen lysine hydroxylase and glycosyltransferase LH3,Multifunctional procollagen lysine hydroxylase and glycosyltransferase LH3,O60568
Protein,486,Muscarinic acetylcholine receptor M2,Muscarinic acetylcholine receptor M2,P08172
Protein,487,Myelin P2 protein,Myelin P2 protein,P02689
Protein,488,Myeloperoxidase,Myeloperoxidase,P05164
Protein,489,Myoglobin,Myoglobin,P02144
Protein,490,NAD,NAD,P15559
Protein,491,NAD-dependent protein deacetylase sirtuin-1,NAD-dependent protein deacetylase sirtuin-1,Q96EB6
Protein,492,NAD-dependent protein deacetylase sirtuin-2,NAD-dependent protein deacetylase sirtuin-2,Q8IXJ6
Protein,493,"NAD-dependent protein deacetylase sirtuin-3, mitochondrial","NAD-dependent protein deacetylase sirtuin-3, mitochondrial",Q9NTG7
Protein,494,NAD-dependent protein deacetylase sirtuin-6,NAD-dependent protein deacetylase sirtuin-6,Q8N6T7
Protein,495,"NAD-dependent protein deacylase sirtuin-5, mitochondrial","NAD-dependent protein deacylase sirtuin-5, mitochondrial",Q9NXA8
Protein,496,NADPH oxidase 4,NADPH oxidase 4,Q9NPH5
Protein,497,NPC1-like intracellular cholesterol transporter 1,NPC1-like intracellular cholesterol transporter 1,Q9UHC9
Protein,498,Neopullulanase,Neopullulanase,P38940
Protein,499,Neopullulanase 1,Neopullulanase 1,Q60053
Protein,500,Neopullulanase 2,Neopullulanase 2,Q08751
Protein,501,Neurocan core protein,Neurocan core protein,O14594
Protein,502,Neuronal acetylcholine receptor subunit alpha-10,Neuronal acetylcholine receptor subunit alpha-10,Q9GZZ6
Protein,503,Neuronal acetylcholine receptor subunit alpha-2,Neuronal acetylcholine receptor subunit alpha-2,Q15822
Protein,504,Neuronal acetylcholine receptor subunit alpha-3,Neuronal acetylcholine receptor subunit alpha-3,P32297
Protein,505,Neuronal acetylcholine receptor subunit alpha-4,Neuronal acetylcholine receptor subunit alpha-4,P43681
Protein,506,Neuronal acetylcholine receptor subunit alpha-5,Neuronal acetylcholine receptor subunit alpha-5,P30532
Protein,507,Neuronal acetylcholine receptor subunit alpha-6,Neuronal acetylcholine receptor subunit alpha-6,Q15825
Protein,508,Neuronal acetylcholine receptor subunit alpha-7,Neuronal acetylcholine receptor subunit alpha-7,P36544
Protein,509,Neuronal acetylcholine receptor subunit alpha-9,Neuronal acetylcholine receptor subunit alpha-9,Q9UGM1
Protein,510,Neuronal acetylcholine receptor subunit beta-2,Neuronal acetylcholine receptor subunit beta-2,P17787
Protein,511,Neuronal acetylcholine receptor subunit beta-3,Neuronal acetylcholine receptor subunit beta-3,Q05901
Protein,512,Neuronal acetylcholine receptor subunit beta-4,Neuronal acetylcholine receptor subunit beta-4,P30926
Protein,513,Neutral alpha-glucosidase AB,Neutral alpha-glucosidase AB,Q14697
Protein,514,Neutral alpha-glucosidase C,Neutral alpha-glucosidase C,Q8TET4
Protein,515,Neutrophil collagenase,Neutrophil collagenase,P22894
Protein,516,Neutrophil elastase,Neutrophil elastase,P08246
Protein,517,Nicotinamide N-methyltransferase,Nicotinamide N-methyltransferase,P40261
Protein,518,Nicotinate-nucleotide adenylyltransferase,Nicotinate-nucleotide adenylyltransferase,P0A753
Protein,519,Nicotinate-nucleotide pyrophosphorylase [carboxylating],Nicotinate-nucleotide pyrophosphorylase [carboxylating],Q15274
Protein,520,Nicotinate-nucleotide--dimethylbenzimidazole phosphoribosyltransferase,Nicotinate-nucleotide--dimethylbenzimidazole phosphoribosyltransferase,Q05603
Protein,521,"Nitric oxide synthase, inducible","Nitric oxide synthase, inducible",P35228
Protein,522,Non-fluorescent flavoprotein,Non-fluorescent flavoprotein,P09142
Protein,523,Non-heme chloroperoxidase,Non-heme chloroperoxidase,O31168
Protein,524,Nuclear factor NF-kappa-B p100 subunit,Nuclear factor NF-kappa-B p100 subunit,Q00653
Protein,525,Nuclear factor NF-kappa-B p105 subunit,Nuclear factor NF-kappa-B p105 subunit,P19838
Protein,526,Nuclear receptor ROR-alpha,Nuclear receptor ROR-alpha,P35398
Protein,527,Nuclear receptor ROR-beta,Nuclear receptor ROR-beta,Q92753
Protein,528,Nuclear receptor ROR-gamma,Nuclear receptor ROR-gamma,P51449
Protein,529,Nuclear receptor coactivator 1,Nuclear receptor coactivator 1,Q15788
Protein,530,Nuclear receptor coactivator 2,Nuclear receptor coactivator 2,Q15596
Protein,531,Nuclear receptor subfamily 1 group I member 2,Nuclear receptor subfamily 1 group I member 2,O75469
Protein,532,Nuclear receptor subfamily 1 group I member 3,Nuclear receptor subfamily 1 group I member 3,Q14994
Protein,533,Nuclear receptor subfamily 2 group C member 2,Nuclear receptor subfamily 2 group C member 2,P49116
Protein,534,Nuclear receptor subfamily 4 group A member 2,Nuclear receptor subfamily 4 group A member 2,P43354
Protein,535,O-GlcNAcase NagJ,O-GlcNAcase NagJ,Q8XL08
Protein,536,Octanoyltransferase,Octanoyltransferase,P9WK83
Protein,537,Orange carotenoid-binding protein,Orange carotenoid-binding protein,P83689
Protein,538,Ornithine decarboxylase,Ornithine decarboxylase,P11926
Protein,539,"Ornithine transcarbamylase, mitochondrial","Ornithine transcarbamylase, mitochondrial",P00480
Protein,540,Oxygen-insensitive NAD(P)H nitroreductase,Oxygen-insensitive NAD(P)H nitroreductase,Q01234
Protein,541,Oxysterol-binding protein 2,Oxysterol-binding protein 2,Q969R2
Protein,542,Oxysterols receptor LXR-alpha,Oxysterols receptor LXR-alpha,Q13133
Protein,543,Oxysterols receptor LXR-beta,Oxysterols receptor LXR-beta,P55055
Protein,544,P-selectin,P-selectin,P16109
Protein,545,P2Y purinoceptor 12,P2Y purinoceptor 12,Q9H244
Protein,546,Palmitoyl-protein thioesterase 1,Palmitoyl-protein thioesterase 1,P50897
Protein,547,Pancreatic alpha-amylase,Pancreatic alpha-amylase,P04746
Protein,548,Parathion hydrolase,Parathion hydrolase,P0A433
Protein,549,Peptidyl-glycine alpha-amidating monooxygenase,Peptidyl-glycine alpha-amidating monooxygenase,P19021
Protein,550,Peptidyl-prolyl cis-trans isomerase FKBP1A,Peptidyl-prolyl cis-trans isomerase FKBP1A,P62942
Protein,551,Peptostreptococcal albumin-binding protein,Peptostreptococcal albumin-binding protein,Q51911
Protein,552,"Peroxiredoxin-5, mitochondrial","Peroxiredoxin-5, mitochondrial",P30044
Protein,553,Peroxisome proliferator-activated receptor alpha,Peroxisome proliferator-activated receptor alpha,Q07869
Protein,554,Peroxisome proliferator-activated receptor delta,Peroxisome proliferator-activated receptor delta,Q03181
Protein,555,Peroxisome proliferator-activated receptor gamma,Peroxisome proliferator-activated receptor gamma,P37231
Protein,556,"Phosphatidylinositol 4,5-bisphosphate 3-kinase catalytic subunit gamma isoform","Phosphatidylinositol 4,5-bisphosphate 3-kinase catalytic subunit gamma isoform",P48736
Protein,557,Phospholipase A2,Phospholipase A2,P04054
Protein,558,"Phospholipase A2, membrane associated","Phospholipase A2, membrane associated",P14555
Protein,559,Phospholipase D2,Phospholipase D2,O14939
Protein,560,Phospholipid transfer protein,Phospholipid transfer protein,P55058
Protein,561,Phospholipid-transporting ATPase ABCA1,Phospholipid-transporting ATPase ABCA1,O95477
Protein,562,Phosphomevalonate kinase,Phosphomevalonate kinase,Q15126
Protein,563,Photoactive yellow protein,Photoactive yellow protein,P16113
Protein,564,"Phytanoyl-CoA dioxygenase, peroxisomal","Phytanoyl-CoA dioxygenase, peroxisomal",O14832
Protein,565,Plasma membrane calcium-transporting ATPase 1,Plasma membrane calcium-transporting ATPase 1,P20020
Protein,566,Plasma membrane calcium-transporting ATPase 2,Plasma membrane calcium-transporting ATPase 2,Q01814
Protein,567,Plasma membrane calcium-transporting ATPase 3,Plasma membrane calcium-transporting ATPase 3,Q16720
Protein,568,Plasma membrane calcium-transporting ATPase 4,Plasma membrane calcium-transporting ATPase 4,P23634
Protein,569,Plasminogen activator inhibitor 1,Plasminogen activator inhibitor 1,P05121
Protein,570,Pleckstrin homology domain-containing family A member 1,Pleckstrin homology domain-containing family A member 1,Q9HB21
Protein,571,Poliovirus receptor,Poliovirus receptor,P15151
Protein,572,Poly [ADP-ribose] polymerase 1,Poly [ADP-ribose] polymerase 1,P09874
Protein,573,Poly [ADP-ribose] polymerase 2,Poly [ADP-ribose] polymerase 2,O88554
Protein,574,Polyamine deacetylase HDAC10,Polyamine deacetylase HDAC10,Q969S8
Protein,575,Polycystic kidney disease 2-like 1 protein,Polycystic kidney disease 2-like 1 protein,Q9P0L9
Protein,576,Polyunsaturated fatty acid 5-lipoxygenase,Polyunsaturated fatty acid 5-lipoxygenase,P09917
Protein,577,Polyunsaturated fatty acid lipoxygenase ALOX15,Polyunsaturated fatty acid lipoxygenase ALOX15,P16050
Protein,578,Polyunsaturated fatty acid lipoxygenase ALOX15B,Polyunsaturated fatty acid lipoxygenase ALOX15B,O15296
Protein,579,Potassium channel subfamily K member 10,Potassium channel subfamily K member 10,P57789
Protein,580,Potassium channel subfamily K member 2,Potassium channel subfamily K member 2,O95069
Protein,581,Potassium voltage-gated channel subfamily A member 1,Potassium voltage-gated channel subfamily A member 1,Q09470
Protein,582,Potassium voltage-gated channel subfamily A member 10,Potassium voltage-gated channel subfamily A member 10,Q16322
Protein,583,Potassium voltage-gated channel subfamily A member 2,Potassium voltage-gated channel subfamily A member 2,P16389
Protein,584,Potassium voltage-gated channel subfamily A member 3,Potassium voltage-gated channel subfamily A member 3,P22001
Protein,585,Potassium voltage-gated channel subfamily A member 4,Potassium voltage-gated channel subfamily A member 4,P22459
Protein,586,Potassium voltage-gated channel subfamily A member 5,Potassium voltage-gated channel subfamily A member 5,P22460
Protein,587,Potassium voltage-gated channel subfamily A member 6,Potassium voltage-gated channel subfamily A member 6,P17658
Protein,588,Potassium voltage-gated channel subfamily A member 7,Potassium voltage-gated channel subfamily A member 7,Q96RP8
Protein,589,Potassium voltage-gated channel subfamily B member 1,Potassium voltage-gated channel subfamily B member 1,Q14721
Protein,590,Potassium voltage-gated channel subfamily B member 2,Potassium voltage-gated channel subfamily B member 2,Q92953
Protein,591,Potassium voltage-gated channel subfamily C member 1,Potassium voltage-gated channel subfamily C member 1,P48547
Protein,592,Potassium voltage-gated channel subfamily C member 2,Potassium voltage-gated channel subfamily C member 2,Q96PR1
Protein,593,Potassium voltage-gated channel subfamily C member 3,Potassium voltage-gated channel subfamily C member 3,Q14003
Protein,594,Potassium voltage-gated channel subfamily D member 1,Potassium voltage-gated channel subfamily D member 1,Q9NSA2
Protein,595,Potassium voltage-gated channel subfamily D member 2,Potassium voltage-gated channel subfamily D member 2,Q9NZV8
Protein,596,Potassium voltage-gated channel subfamily D member 3,Potassium voltage-gated channel subfamily D member 3,Q9UK17
Protein,597,Potassium voltage-gated channel subfamily H member 2,Potassium voltage-gated channel subfamily H member 2,Q12809
Protein,598,Procathepsin L,Procathepsin L,P07711
Protein,599,"Procollagen-lysine,2-oxoglutarate 5-dioxygenase 1","Procollagen-lysine,2-oxoglutarate 5-dioxygenase 1",Q02809
Protein,600,"Procollagen-lysine,2-oxoglutarate 5-dioxygenase 2","Procollagen-lysine,2-oxoglutarate 5-dioxygenase 2",O00469
Protein,601,Progesterone receptor,Progesterone receptor,P06401
Protein,602,Prolyl 3-hydroxylase 1,Prolyl 3-hydroxylase 1,Q32P28
Protein,603,Prolyl 3-hydroxylase 2,Prolyl 3-hydroxylase 2,Q8IVL5
Protein,604,Prolyl 3-hydroxylase 3,Prolyl 3-hydroxylase 3,Q8IVL6
Protein,605,Prolyl 3-hydroxylase OGFOD1,Prolyl 3-hydroxylase OGFOD1,Q8N543
Protein,606,Prolyl 4-hydroxylase subunit alpha-1,Prolyl 4-hydroxylase subunit alpha-1,P16924
Protein,607,Prolyl hydroxylase EGLN2,Prolyl hydroxylase EGLN2,Q96KS0
Protein,608,Prolyl hydroxylase EGLN3,Prolyl hydroxylase EGLN3,Q9H6Z9
Protein,609,Prostaglandin G/H synthase 1,Prostaglandin G/H synthase 1,P23219
Protein,610,Prostaglandin G/H synthase 2,Prostaglandin G/H synthase 2,P35354
Protein,611,Prostaglandin reductase 1,Prostaglandin reductase 1,Q14914
Protein,612,Prostaglandin-H2 D-isomerase,Prostaglandin-H2 D-isomerase,P41222
Protein,613,Protein Nef,Protein Nef,P04324
Protein,614,Protein TonB,Protein TonB,P02929
Protein,615,Protein kinase C alpha type,Protein kinase C alpha type,P17252
Protein,616,Protein kinase C beta type,Protein kinase C beta type,P05771
Protein,617,Protein kinase C delta type,Protein kinase C delta type,Q05655
Protein,618,Protein kinase C gamma type,Protein kinase C gamma type,P05129
Protein,619,Protein kinase C iota type,Protein kinase C iota type,P41743
Protein,620,Protein tyrosine phosphatase type IVA 3,Protein tyrosine phosphatase type IVA 3,O75365
Protein,621,Protein-tyrosine kinase 2-beta,Protein-tyrosine kinase 2-beta,Q14289
Protein,622,Prothrombin,Prothrombin,P00734
Protein,623,Proto-oncogene tyrosine-protein kinase Src,Proto-oncogene tyrosine-protein kinase Src,P12931
Protein,624,Proton-coupled amino acid transporter 1,Proton-coupled amino acid transporter 1,Q7Z2H8
Protein,625,Pulmonary surfactant-associated protein D,Pulmonary surfactant-associated protein D,P35247
Protein,626,Purine nucleoside phosphorylase YfiH,Purine nucleoside phosphorylase YfiH,P33644
Protein,627,Putative gap junction epsilon-1 protein,Putative gap junction epsilon-1 protein,A6NN92
Protein,628,Putative glycosyltransferase 6 domain-containing protein 1,Putative glycosyltransferase 6 domain-containing protein 1,Q7Z4J2
Protein,629,Putative ketoacyl reductase,Putative ketoacyl reductase,P16544
Protein,630,Putative monooxygenase MoxC,Putative monooxygenase MoxC,O34974
Protein,631,Pyruvate decarboxylase,Pyruvate decarboxylase,P06672
Protein,632,Quinoprotein glucose dehydrogenase B,Quinoprotein glucose dehydrogenase B,P13650
Protein,633,R2-like ligand binding oxidase,R2-like ligand binding oxidase,P9WH69
Protein,634,RAC-alpha serine/threonine-protein kinase,RAC-alpha serine/threonine-protein kinase,P31749
Protein,635,RNA 3'-terminal phosphate cyclase,RNA 3'-terminal phosphate cyclase,P46849
Protein,636,RNA-splicing ligase RtcB homolog,RNA-splicing ligase RtcB homolog,Q9Y3I0
Protein,637,Ras-related protein Rab-9A,Ras-related protein Rab-9A,P51151
Protein,638,"RecName: Full=Alpha-amylase 1A; AltName: Full=1,4-alpha-D-glucan glucanohydrolase 1; AltName: Full=Salivary alpha-amylase; Flags: Precursor","RecName: Full=Alpha-amylase 1A; AltName: Full=1,4-alpha-D-glucan glucanohydrolase 1; AltName: Full=Salivary alpha-amylase; Flags: Precursor",P04745
Protein,639,RecName: Full=Calmodulin; Short=CaM,RecName: Full=Calmodulin; Short=CaM,P62158
Protein,640,Receptor for retinol uptake STRA6,Receptor for retinol uptake STRA6,Q9BX79
Protein,641,Recoverin,Recoverin,P35243
Protein,642,Regulator of G-protein signaling 17,Regulator of G-protein signaling 17,Q9UGC6
Protein,643,Replicase polyprotein 1ab,Replicase polyprotein 1ab,P0DTD1
Protein,644,Retinal dehydrogenase 1,Retinal dehydrogenase 1,P00352
Protein,645,Retinal dehydrogenase 2,Retinal dehydrogenase 2,O94788
Protein,646,Retinaldehyde-binding protein 1,Retinaldehyde-binding protein 1,P12271
Protein,647,Retinoic acid receptor RXR-alpha,Retinoic acid receptor RXR-alpha,P19793
Protein,648,Retinoic acid receptor RXR-beta,Retinoic acid receptor RXR-beta,P28702
Protein,649,Retinoic acid receptor RXR-gamma,Retinoic acid receptor RXR-gamma,P48443
Protein,650,Retinoic acid receptor alpha,Retinoic acid receptor alpha,P10276
Protein,651,Retinoic acid receptor gamma-2 (RAR-gamma-2) (Nuclear receptor subfamily 1 group B member 3),Retinoic acid receptor gamma-2 (RAR-gamma-2) (Nuclear receptor subfamily 1 group B member 3),P22932
Protein,652,Retinoid-binding protein 7,Retinoid-binding protein 7,Q96R05
Protein,653,Retinol dehydrogenase 11,Retinol dehydrogenase 11,Q8TC12
Protein,654,Retinol dehydrogenase 12,Retinol dehydrogenase 12,Q96NR8
Protein,655,Retinol dehydrogenase 13,Retinol dehydrogenase 13,Q8NBN7
Protein,656,Retinol dehydrogenase 14,Retinol dehydrogenase 14,Q9HBH5
Protein,657,Retinol dehydrogenase 5,Retinol dehydrogenase 5,Q92781
Protein,658,Retinol dehydrogenase 8,Retinol dehydrogenase 8,Q9NYR8
Protein,659,Retinol-binding protein 1,Retinol-binding protein 1,P09455
Protein,660,Retinol-binding protein 2,Retinol-binding protein 2,P50120
Protein,661,Retinol-binding protein 3,Retinol-binding protein 3,P10745
Protein,662,Retinol-binding protein 4,Retinol-binding protein 4,P02753
Protein,663,Retinol-binding protein 5,Retinol-binding protein 5,P82980
Protein,664,Rhodopsin,Rhodopsin,P08100
Protein,665,Riboflavin kinase,Riboflavin kinase,Q969G6
Protein,666,Riboflavin synthase,Riboflavin synthase,P0AFU8
Protein,667,Ribonuclease pancreatic,Ribonuclease pancreatic,P07998
Protein,668,Ribonucleoside-diphosphate reductase 1 subunit beta,Ribonucleoside-diphosphate reductase 1 subunit beta,P69924
Protein,669,Ribonucleoside-diphosphate reductase subunit beta,Ribonucleoside-diphosphate reductase subunit beta,Q9CBQ2
Protein,670,Ribose-5-phosphate isomerase A,Ribose-5-phosphate isomerase A,P44725
Protein,671,Ribosyldihydronicotinamide dehydrogenase [quinone],Ribosyldihydronicotinamide dehydrogenase [quinone],P16083
Protein,672,RuvB-like 2,RuvB-like 2,Q9Y230
Protein,673,SAR-endolysin,SAR-endolysin,Q37875
Protein,674,SEC14-like protein 2,SEC14-like protein 2,O76054
Protein,675,SEC14-like protein 3,SEC14-like protein 3,Q9UDX4
Protein,676,SEC14-like protein 4,SEC14-like protein 4,Q9UDX3
Protein,677,SWI/SNF-related matrix-associated actin-dependent regulator of chromatin subfamily A member 5,SWI/SNF-related matrix-associated actin-dependent regulator of chromatin subfamily A member 5,O60264
Protein,678,Sarcoplasmic/endoplasmic reticulum calcium ATPase 1,Sarcoplasmic/endoplasmic reticulum calcium ATPase 1,O14983
Protein,679,Sarcoplasmic/endoplasmic reticulum calcium ATPase 2,Sarcoplasmic/endoplasmic reticulum calcium ATPase 2,P16615
Protein,680,Sarcoplasmic/endoplasmic reticulum calcium ATPase 3,Sarcoplasmic/endoplasmic reticulum calcium ATPase 3,Q93084
Protein,681,Scavenger receptor class B member 1,Scavenger receptor class B member 1,Q8WTV0
Protein,682,Secreted chorismate mutase,Secreted chorismate mutase,P9WIB9
Protein,683,Seed linoleate 13S-lipoxygenase-1,Seed linoleate 13S-lipoxygenase-1,P08170
Protein,684,Seed linoleate 9S-lipoxygenase-3,Seed linoleate 9S-lipoxygenase-3,P09186
Protein,685,Serine/threonine-protein kinase 17B,Serine/threonine-protein kinase 17B,O94768
Protein,686,Serine/threonine-protein kinase pim-1,Serine/threonine-protein kinase pim-1,P11309
Protein,687,Serine/threonine-protein phosphatase 2A catalytic subunit alpha isoform,Serine/threonine-protein phosphatase 2A catalytic subunit alpha isoform,P67775
Protein,688,Serine/threonine-protein phosphatase 2A catalytic subunit beta isoform,Serine/threonine-protein phosphatase 2A catalytic subunit beta isoform,P62714
Protein,689,Serine/threonine-protein phosphatase 2B catalytic subunit alpha isoform,Serine/threonine-protein phosphatase 2B catalytic subunit alpha isoform,Q08209
Protein,690,Serum albumin,Serum albumin,P02768
Protein,691,Sex hormone-binding globulin,Sex hormone-binding globulin,P04278
Protein,692,Shiga-like toxin 1 subunit B,Shiga-like toxin 1 subunit B,P69178
Protein,693,Short tail fiber protein gp12,Short tail fiber protein gp12,P10930
Protein,694,Short transient receptor potential channel 5,Short transient receptor potential channel 5,Q9UL62
Protein,695,Short-chain dehydrogenase/reductase 3,Short-chain dehydrogenase/reductase 3,O75911
Protein,696,Sialidase-2,Sialidase-2,Q9Y3R4
Protein,697,Sialoadhesin,Sialoadhesin,Q9BZZ2
Protein,698,Sigma non-opioid intracellular receptor 1,Sigma non-opioid intracellular receptor 1,Q99720
Protein,699,Signal transducer and activator of transcription 3,Signal transducer and activator of transcription 3,P40763
Protein,700,Sodium-coupled monocarboxylate transporter 1,Sodium-coupled monocarboxylate transporter 1,Q8N695
Protein,701,Sodium-dependent dopamine transporter,Sodium-dependent dopamine transporter,Q01959
Protein,702,Sodium-dependent noradrenaline transporter,Sodium-dependent noradrenaline transporter,P23975
Protein,703,Sodium-dependent serotonin transporter,Sodium-dependent serotonin transporter,P31645
Protein,704,Sodium/calcium exchanger 1,Sodium/calcium exchanger 1,P32418
Protein,705,Sodium/glucose cotransporter 2,Sodium/glucose cotransporter 2,P31639
Protein,706,Sodium/myo-inositol cotransporter,Sodium/myo-inositol cotransporter,P53794
Protein,707,Sodium/potassium-transporting ATPase subunit alpha-1,Sodium/potassium-transporting ATPase subunit alpha-1,P05023
Protein,708,Sodium/potassium-transporting ATPase subunit alpha-2,Sodium/potassium-transporting ATPase subunit alpha-2,P50993
Protein,709,Sodium/potassium-transporting ATPase subunit alpha-3,Sodium/potassium-transporting ATPase subunit alpha-3,P13637
Protein,710,Sodium/potassium-transporting ATPase subunit alpha-4,Sodium/potassium-transporting ATPase subunit alpha-4,Q13733
Protein,711,Sodium/potassium-transporting ATPase subunit beta-1,Sodium/potassium-transporting ATPase subunit beta-1,P05026
Protein,712,Sodium/potassium-transporting ATPase subunit beta-2,Sodium/potassium-transporting ATPase subunit beta-2,P14415
Protein,713,Sodium/potassium-transporting ATPase subunit beta-3,Sodium/potassium-transporting ATPase subunit beta-3,P54709
Protein,714,Sodium/potassium-transporting ATPase subunit gamma,Sodium/potassium-transporting ATPase subunit gamma,P54710
Protein,715,Solute carrier family 15 member 1,Solute carrier family 15 member 1,P46059
Protein,716,"Solute carrier family 2, facilitated glucose transporter member 1","Solute carrier family 2, facilitated glucose transporter member 1",P11166
Protein,717,"Solute carrier family 2, facilitated glucose transporter member 2","Solute carrier family 2, facilitated glucose transporter member 2",P11168
Protein,718,"Solute carrier family 2, facilitated glucose transporter member 3","Solute carrier family 2, facilitated glucose transporter member 3",P11169
Protein,719,"Solute carrier family 2, facilitated glucose transporter member 4","Solute carrier family 2, facilitated glucose transporter member 4",P14672
Protein,720,Solute carrier family 22 member 1,Solute carrier family 22 member 1,O15245
Protein,721,Solute carrier family 22 member 10,Solute carrier family 22 member 10,Q63ZE4
Protein,722,Solute carrier family 22 member 11,Solute carrier family 22 member 11,Q9NSA0
Protein,723,Solute carrier family 22 member 2,Solute carrier family 22 member 2,O15244
Protein,724,Solute carrier family 22 member 5,Solute carrier family 22 member 5,O76082
Protein,725,Solute carrier family 22 member 6,Solute carrier family 22 member 6,Q4U2R8
Protein,726,Solute carrier family 22 member 7,Solute carrier family 22 member 7,Q9Y694
Protein,727,Solute carrier family 22 member 8,Solute carrier family 22 member 8,Q8TCC7
Protein,728,Solute carrier family 23 member 1,Solute carrier family 23 member 1,Q9UHI7
Protein,729,Solute carrier family 23 member 2,Solute carrier family 23 member 2,Q9UGH3
Protein,730,Solute carrier organic anion transporter family member 1A2,Solute carrier organic anion transporter family member 1A2,P46721
Protein,731,Solute carrier organic anion transporter family member 1B1,Solute carrier organic anion transporter family member 1B1,Q9Y6L6
Protein,732,Solute carrier organic anion transporter family member 1B3,Solute carrier organic anion transporter family member 1B3,Q9NPD5
Protein,733,Solute carrier organic anion transporter family member 2B1,Solute carrier organic anion transporter family member 2B1,O94956
Protein,734,Spike glycoprotein,Spike glycoprotein,P59594
Protein,735,Splicing factor 3B subunit 3,Splicing factor 3B subunit 3,Q15393
Protein,736,Squalene monooxygenase,Squalene monooxygenase,Q14534
Protein,737,"Steroid 17-alpha-hydroxylase/17,20 lyase","Steroid 17-alpha-hydroxylase/17,20 lyase",P05093
Protein,738,Steroid C26-monooxygenase,Steroid C26-monooxygenase,P9WPP0
Protein,739,Steroid hormone receptor ERR1,Steroid hormone receptor ERR1,P11474
Protein,740,Steroid hormone receptor ERR2,Steroid hormone receptor ERR2,O95718
Protein,741,Stromal cell-derived factor 1,Stromal cell-derived factor 1,P48061
Protein,742,Stromelysin-1,Stromelysin-1,P08254
Protein,743,"Succinate dehydrogenase [ubiquinone] cytochrome b small subunit, mitochondrial","Succinate dehydrogenase [ubiquinone] cytochrome b small subunit, mitochondrial",O14521
Protein,744,"Succinate dehydrogenase [ubiquinone] flavoprotein subunit, mitochondrial","Succinate dehydrogenase [ubiquinone] flavoprotein subunit, mitochondrial",P31040
Protein,745,"Succinate dehydrogenase [ubiquinone] iron-sulfur subunit, mitochondrial","Succinate dehydrogenase [ubiquinone] iron-sulfur subunit, mitochondrial",P21912
Protein,746,"Succinate dehydrogenase cytochrome b560 subunit, mitochondrial","Succinate dehydrogenase cytochrome b560 subunit, mitochondrial",Q99643
Protein,747,"Succinate-semialdehyde dehydrogenase, mitochondrial","Succinate-semialdehyde dehydrogenase, mitochondrial",P51649
Protein,748,Sucrose porin,Sucrose porin,P22340
Protein,749,Sulfotransferase 2A1,Sulfotransferase 2A1,Q06520
Protein,750,Sulfotransferase 2B1,Sulfotransferase 2B1,O00204
Protein,751,Superoxide dismutase [Cu-Zn],Superoxide dismutase [Cu-Zn],P00441
Protein,752,Synaptic vesicular amine transporter,Synaptic vesicular amine transporter,Q05940
Protein,753,TGF-beta receptor type-2,TGF-beta receptor type-2,P37173
Protein,754,Tail spike protein,Tail spike protein,P12528
Protein,755,Taste receptor type 1 member 2,Taste receptor type 1 member 2,Q8TE23
Protein,756,Taste receptor type 2 member 10,Taste receptor type 2 member 10,Q9NYW0
Protein,757,Taste receptor type 2 member 14,Taste receptor type 2 member 14,Q9NYV8
Protein,758,Taste receptor type 2 member 20,Taste receptor type 2 member 20,P59543
Protein,759,Taste receptor type 2 member 39,Taste receptor type 2 member 39,P59534
Protein,760,Testosterone 17-beta-dehydrogenase 3,Testosterone 17-beta-dehydrogenase 3,P37058
Protein,761,Tetanus toxin,Tetanus toxin,P04958
Protein,762,Thiamin pyrophosphokinase 1,Thiamin pyrophosphokinase 1,Q9H3S4
Protein,763,Thiamine transporter 1,Thiamine transporter 1,O60779
Protein,764,Thiamine transporter 2,Thiamine transporter 2,Q9BZV2
Protein,765,Thiamine-binding periplasmic protein,Thiamine-binding periplasmic protein,P31550
Protein,766,Thiamine-triphosphatase,Thiamine-triphosphatase,Q9BU02
Protein,767,Thioesterase 1/protease 1/lysophospholipase L1,Thioesterase 1/protease 1/lysophospholipase L1,P0ADA1
Protein,768,"Thioredoxin reductase 1, cytoplasmic","Thioredoxin reductase 1, cytoplasmic",Q16881
Protein,769,Thyroxine-binding globulin,Thyroxine-binding globulin,P05543
Protein,770,Tissue-type plasminogen activator,Tissue-type plasminogen activator,P00750
Protein,771,Toll-like receptor 2,Toll-like receptor 2,O60603
Protein,772,Toll-like receptor 4,Toll-like receptor 4,O00206
Protein,773,Trafficking protein particle complex subunit 3,Trafficking protein particle complex subunit 3,O43617
Protein,774,Transcription antitermination protein NusB,Transcription antitermination protein NusB,Q9X286
Protein,775,Transcription factor AP-1,Transcription factor AP-1,P05412
Protein,776,Transcription factor p65,Transcription factor p65,Q04206
Protein,777,Transient receptor potential cation channel subfamily A member 1,Transient receptor potential cation channel subfamily A member 1,O75762
Protein,778,Transient receptor potential cation channel subfamily M member 3,Transient receptor potential cation channel subfamily M member 3,Q9HCF6
Protein,779,Transient receptor potential cation channel subfamily M member 7,Transient receptor potential cation channel subfamily M member 7,Q923J1
Protein,780,Transient receptor potential cation channel subfamily M member 8,Transient receptor potential cation channel subfamily M member 8,Q7Z2W7
Protein,781,Transient receptor potential cation channel subfamily V member 1,Transient receptor potential cation channel subfamily V member 1,Q8NER1
Protein,782,Transient receptor potential cation channel subfamily V member 2,Transient receptor potential cation channel subfamily V member 2,Q9WTR1
Protein,783,Transient receptor potential cation channel subfamily V member 3,Transient receptor potential cation channel subfamily V member 3,Q8K424
Protein,784,Transient receptor potential cation channel subfamily V member 4,Transient receptor potential cation channel subfamily V member 4,Q9HBA0
Protein,785,Transketolase,Transketolase,P29401
Protein,786,Translocator protein,Translocator protein,P30536
Protein,787,Transmembrane prolyl 4-hydroxylase,Transmembrane prolyl 4-hydroxylase,Q9NXG6
Protein,788,Transthyretin,Transthyretin,P02766
Protein,789,Trefoil factor-1,Trefoil factor-1,
Protein,790,"Trimethyllysine dioxygenase, mitochondrial","Trimethyllysine dioxygenase, mitochondrial",Q9NVH6
Protein,791,Trp operon repressor,Trp operon repressor,P0A881
Protein,792,Tumor necrosis factor,Tumor necrosis factor,P01375
Protein,793,Tyrosinase,Tyrosinase,P14679
Protein,794,Tyrosine ammonia-lyase,Tyrosine ammonia-lyase,Q3IWB0
Protein,795,Tyrosine-protein kinase ABL1,Tyrosine-protein kinase ABL1,P00519
Protein,796,Tyrosine-protein kinase ABL2,Tyrosine-protein kinase ABL2,P42684
Protein,797,Tyrosine-protein kinase CSK,Tyrosine-protein kinase CSK,P41240
Protein,798,Tyrosine-protein kinase HCK,Tyrosine-protein kinase HCK,P08631
Protein,799,Tyrosine-protein kinase JAK1,Tyrosine-protein kinase JAK1,P23458
Protein,800,Tyrosine-protein kinase Lck,Tyrosine-protein kinase Lck,P06239
Protein,801,Tyrosine-protein kinase SYK,Tyrosine-protein kinase SYK,P43405
Protein,802,Tyrosine-protein phosphatase non-receptor type 1,Tyrosine-protein phosphatase non-receptor type 1,P18031
Protein,803,Tyrosine-protein phosphatase non-receptor type 2,Tyrosine-protein phosphatase non-receptor type 2,P17706
Protein,804,U6 snRNA-associated Sm-like protein LSm6,U6 snRNA-associated Sm-like protein LSm6,P62312
Protein,805,UDP-3-O-acyl-N-acetylglucosamine deacetylase,UDP-3-O-acyl-N-acetylglucosamine deacetylase,O67648
Protein,806,UDP-glucuronosyltransferase 1-6,UDP-glucuronosyltransferase 1-6,P19224
Protein,807,UDP-glucuronosyltransferase 1A1,UDP-glucuronosyltransferase 1A1,P22309
Protein,808,UDP-glucuronosyltransferase 1A4,UDP-glucuronosyltransferase 1A4,P22310
Protein,809,UDP-glucuronosyltransferase 2B10,UDP-glucuronosyltransferase 2B10,P36537
Protein,810,UDP-glucuronosyltransferase 2B7,UDP-glucuronosyltransferase 2B7,P16662
Protein,811,UDP-glucuronosyltransferase 3A1,UDP-glucuronosyltransferase 3A1,Q6NUS8
Protein,812,Ubiquitin carboxyl-terminal hydrolase 15,Ubiquitin carboxyl-terminal hydrolase 15,Q9Y4E8
Protein,813,Ubiquitin carboxyl-terminal hydrolase 2,Ubiquitin carboxyl-terminal hydrolase 2,O75604
Protein,814,Ubiquitin carboxyl-terminal hydrolase isozyme L1,Ubiquitin carboxyl-terminal hydrolase isozyme L1,P09936
Protein,815,Ubiquitin carboxyl-terminal hydrolase isozyme L3,Ubiquitin carboxyl-terminal hydrolase isozyme L3,P15374
Protein,816,Ubiquitin carboxyl-terminal hydrolase isozyme L5,Ubiquitin carboxyl-terminal hydrolase isozyme L5,Q9Y5K5
Protein,817,Ubiquitin-like modifier-activating enzyme 1,Ubiquitin-like modifier-activating enzyme 1,P22314
Protein,818,Urokinase plasminogen activator surface receptor,Urokinase plasminogen activator surface receptor,Q03405
Protein,819,Urokinase-type plasminogen activator,Urokinase-type plasminogen activator,P00749
Protein,820,Very low-density lipoprotein receptor,Very low-density lipoprotein receptor,P98155
Protein,821,Vitamin D3 receptor,Vitamin D3 receptor,P11473
Protein,822,Voltage-dependent T-type calcium channel subunit alpha-1G,Voltage-dependent T-type calcium channel subunit alpha-1G,O43497
Protein,823,Xanthine dehydrogenase/oxidase,Xanthine dehydrogenase/oxidase,P80457
Protein,824,Xylose isomerase,Xylose isomerase,P24300
Protein,825,cAMP-dependent protein kinase catalytic subunit alpha,cAMP-dependent protein kinase catalytic subunit alpha,P17612
Protein,826,cAMP-dependent protein kinase inhibitor alpha,cAMP-dependent protein kinase inhibitor alpha,P61925
Protein,827,tRNA (cytosine(38)-C(5))-methyltransferase,tRNA (cytosine(38)-C(5))-methyltransferase,O14717
Target,0,CHEMBL1255130,Beta-lactamase,CHEMBL1255130
Target,1,CHEMBL1744492,Beta lactamase TEM-1,CHEMBL1744492
Target,2,CHEMBL1907589,Neuronal acetylcholine receptor; alpha4/beta2,CHEMBL1907589
Target,3,CHEMBL1907596,Neuronal acetylcholine receptor; alpha4/beta2,CHEMBL1907596
Target,4,CHEMBL1907610,Adrenergic receptor alpha-1,CHEMBL1907610
Target,5,CHEMBL2026,Beta-lactamase,CHEMBL2026
Target,6,CHEMBL2065,Beta-lactamase TEM,CHEMBL2065
Target,7,CHEMBL2093864,Adrenergic receptor alpha-2,CHEMBL2093864
Target,8,CHEMBL2093870,Serotonin 2 (5-HT2) receptor,CHEMBL2093870
Target,9,CHEMBL2094123,Serotonin (5-HT) receptor,CHEMBL2094123
Target,10,CHEMBL2094139,DNA gyrase,CHEMBL2094139
Target,11,CHEMBL2094253,Cyclooxygenase,CHEMBL2094253
Target,12,CHEMBL2095159,Serotonin 1 (5-HT1) receptor,CHEMBL2095159
Target,13,CHEMBL2096674,Cyclooxygenase,CHEMBL2096674
Target,14,CHEMBL2096975,Acetylcholine receptor,CHEMBL2096975
Target,15,CHEMBL222,Sodium-dependent noradrenaline transporter,CHEMBL222
Target,16,CHEMBL2311224,Bacterial DNA gyrase,CHEMBL2311224
Target,17,CHEMBL2362975,No relevant target,CHEMBL2362975
Target,18,CHEMBL2363076,Topoisomerase IV,CHEMBL2363076
Target,19,CHEMBL238,Sodium-dependent dopamine transporter,CHEMBL238
Target,20,CHEMBL2725,Beta-lactamase,CHEMBL2725
Target,21,CHEMBL315,Alpha-1B adrenergic receptor,CHEMBL315
Target,22,CHEMBL319,Alpha-1A adrenergic receptor,CHEMBL319
Target,23,CHEMBL3253,Albumin,CHEMBL3253
Target,24,CHEMBL339,D(2) dopamine receptor,CHEMBL339
Target,25,CHEMBL348,Pseudomonas aeruginosa,CHEMBL348
Target,26,CHEMBL349,Enterobacter cloacae,CHEMBL349
Target,27,CHEMBL350,Klebsiella pneumoniae,CHEMBL350
Target,28,CHEMBL352,Staphylococcus aureus,CHEMBL352
Target,29,CHEMBL353,Staphylococcus epidermidis,CHEMBL353
Target,30,CHEMBL354,Escherichia coli,CHEMBL354
Target,31,CHEMBL362,Enterococcus faecalis,CHEMBL362
Target,32,CHEMBL369,Cavia porcellus,CHEMBL369
Target,33,CHEMBL375,Mus musculus,CHEMBL375
Target,34,CHEMBL376,Rattus norvegicus,CHEMBL376
Target,35,CHEMBL4114,Beta-lactamase,CHEMBL4114
Target,36,CHEMBL4840,Metallo-beta-lactamase type 2,CHEMBL4840
Target,37,CHEMBL4980,Neuronal acetylcholine receptor subunit alpha-7,CHEMBL4980
Target,38,CHEMBL5219,IMI-1,CHEMBL5219
Target,39,CHEMBL612537,Providencia rettgeri,CHEMBL612537
Target,40,CHEMBL612545,Unchecked,CHEMBL612545
Target,41,CHEMBL612558,ADMET,CHEMBL612558
Target,42,CHEMBL612621,Vibrio mimicus,CHEMBL612621
Target,43,CHEMBL614395,Shigella boydii,CHEMBL614395
Target,44,CHEMBL614405,Plesiomonas shigelloides,CHEMBL614405
Target,45,CHEMBL614421,Micrococcus luteus,CHEMBL614421
Target,46,CHEMBL614443,Morganella morganii,CHEMBL614443
Target,47,CHEMBL614595,Shigella sonnei,CHEMBL614595
Target,48,CHEMBL614602,Vibrio fluvialis,CHEMBL614602
Therapeutic_Area,0,AIDS Dementia Complex,AIDS Dementia Complex,
Therapeutic_Area,1,AIDS-Associated Nephropathy,AIDS-Associated Nephropathy,
Therapeutic_Area,2,AIDS-Related Complex,AIDS-Related Complex,
Therapeutic_Area,3,Abdominal Abscess,Abdominal Abscess,
Therapeutic_Area,4,Abdominal Injuries,Abdominal Injuries,
Therapeutic_Area,5,Abdominal Neoplasms,Abdominal Neoplasms,
Therapeutic_Area,6,Abdominal Pain,Abdominal Pain,
Therapeutic_Area,7,Abdominal neoplasms,Abdominal neoplasms,
Therapeutic_Area,8,Abdominal pain,Abdominal pain,
Therapeutic_Area,9,Abnormal delivery,Abnormal delivery,
Therapeutic_Area,10,Abortifacient agents,Abortifacient agents,
Therapeutic_Area,11,"Abortion, Habitual","Abortion, Habitual",
Therapeutic_Area,12,"Abortion, Incomplete","Abortion, Incomplete",
Therapeutic_Area,13,"Abortion, Spontaneous","Abortion, Spontaneous",
Therapeutic_Area,14,Abruptio Placentae,Abruptio Placentae,
Therapeutic_Area,15,Abscess,Abscess,
Therapeutic_Area,16,Acanthamoeba Keratitis,Acanthamoeba Keratitis,
Therapeutic_Area,17,Acaricide,Acaricide,
Therapeutic_Area,18,Achondroplasia,Achondroplasia,
Therapeutic_Area,19,Acid-Base Imbalance,Acid-Base Imbalance,
Therapeutic_Area,20,Acidosis,Acidosis,
Therapeutic_Area,21,"Acidosis, Lactic","Acidosis, Lactic",
Therapeutic_Area,22,"Acidosis, Renal Tubular","Acidosis, Renal Tubular",
Therapeutic_Area,23,Acne Vulgaris,Acne Vulgaris,
Therapeutic_Area,24,Acne vulgaris,Acne vulgaris,
Therapeutic_Area,25,Acneiform Eruptions,Acneiform Eruptions,
Therapeutic_Area,26,Acquired Hyperostosis Syndrome,Acquired Hyperostosis Syndrome,
Therapeutic_Area,27,Acquired Immunodeficiency Syndrome,Acquired Immunodeficiency Syndrome,
Therapeutic_Area,28,Acromegaly,Acromegaly,
Therapeutic_Area,29,Acute Chest Syndrome,Acute Chest Syndrome,
Therapeutic_Area,30,Acute Coronary Syndrome,Acute Coronary Syndrome,
Therapeutic_Area,31,Acute Kidney Injury,Acute Kidney Injury,
Therapeutic_Area,32,Acute Lung Injury,Acute Lung Injury,
Therapeutic_Area,33,Acute Pain,Acute Pain,
Therapeutic_Area,34,Addison Disease,Addison Disease,
Therapeutic_Area,35,Addison's disease,Addison's disease,
Therapeutic_Area,36,Adenocarcinoma,Adenocarcinoma,
Therapeutic_Area,37,Adenocarcinoma of Lung,Adenocarcinoma of Lung,
Therapeutic_Area,38,"Adenocarcinoma, Bronchiolo-Alveolar","Adenocarcinoma, Bronchiolo-Alveolar",
Therapeutic_Area,39,"Adenocarcinoma, Clear Cell","Adenocarcinoma, Clear Cell",
Therapeutic_Area,40,"Adenocarcinoma, Follicular","Adenocarcinoma, Follicular",
Therapeutic_Area,41,Adenoma,Adenoma,
Therapeutic_Area,42,"Adenoma, Bile Duct","Adenoma, Bile Duct",
Therapeutic_Area,43,"Adenoma, Islet Cell","Adenoma, Islet Cell",
Therapeutic_Area,44,Adenomatous Polyposis Coli,Adenomatous Polyposis Coli,
Therapeutic_Area,45,Adenomyosis,Adenomyosis,
Therapeutic_Area,46,Adenoviridae Infections,Adenoviridae Infections,
Therapeutic_Area,47,"Adenovirus Infections, Human","Adenovirus Infections, Human",
Therapeutic_Area,48,Adiposis Dolorosa,Adiposis Dolorosa,
Therapeutic_Area,49,Adrenal Cortex Neoplasms,Adrenal Cortex Neoplasms,
Therapeutic_Area,50,Adrenal Gland Diseases,Adrenal Gland Diseases,
Therapeutic_Area,51,"Adrenal Hyperplasia, Congenital","Adrenal Hyperplasia, Congenital",
Therapeutic_Area,52,Adrenal Insufficiency,Adrenal Insufficiency,
Therapeutic_Area,53,Adrenergic antagonists,Adrenergic antagonists,
Therapeutic_Area,54,Adrenocortical Hyperfunction,Adrenocortical Hyperfunction,
Therapeutic_Area,55,Adrenogenital Syndrome,Adrenogenital Syndrome,
Therapeutic_Area,56,Adrenoleukodystrophy,Adrenoleukodystrophy,
Therapeutic_Area,57,Aggression,Aggression,
Therapeutic_Area,58,Aging,Aging,
Therapeutic_Area,59,Agoraphobia,Agoraphobia,
Therapeutic_Area,60,Alagille Syndrome,Alagille Syndrome,
Therapeutic_Area,61,Albinism,Albinism,
Therapeutic_Area,62,"Albinism, Oculocutaneous","Albinism, Oculocutaneous",
Therapeutic_Area,63,Albuminuria,Albuminuria,
Therapeutic_Area,64,Alcohol Drinking,Alcohol Drinking,
Therapeutic_Area,65,Alcohol-Related Disorders,Alcohol-Related Disorders,
Therapeutic_Area,66,Alcoholism,Alcoholism,
Therapeutic_Area,67,Alkaptonuria,Alkaptonuria,
Therapeutic_Area,68,Allergens,Allergens,
Therapeutic_Area,69,Alopecia,Alopecia,
Therapeutic_Area,70,Alopecia Areata,Alopecia Areata,
Therapeutic_Area,71,Altitude Sickness,Altitude Sickness,
Therapeutic_Area,72,"Alveolitis, Extrinsic Allergic","Alveolitis, Extrinsic Allergic",
Therapeutic_Area,73,Alzheimer Disease,Alzheimer Disease,
Therapeutic_Area,74,Amblyopia,Amblyopia,
Therapeutic_Area,75,Amebiasis,Amebiasis,
Therapeutic_Area,76,Ameloblastoma,Ameloblastoma,
Therapeutic_Area,77,Amenorrhea,Amenorrhea,
Therapeutic_Area,78,"Amino Acid Metabolism, Inborn Errors","Amino Acid Metabolism, Inborn Errors",
Therapeutic_Area,79,Amnesia,Amnesia,
Therapeutic_Area,80,Amphetamine-Related Disorders,Amphetamine-Related Disorders,
Therapeutic_Area,81,"Amyloid Neuropathies, Familial","Amyloid Neuropathies, Familial",
Therapeutic_Area,82,Amyloidosis,Amyloidosis,
Therapeutic_Area,83,"Amyloidosis, Familial","Amyloidosis, Familial",
Therapeutic_Area,84,Amyotrophic Lateral Sclerosis,Amyotrophic Lateral Sclerosis,
Therapeutic_Area,85,Analgesia,Analgesia,
Therapeutic_Area,86,Analgesics,Analgesics,
Therapeutic_Area,87,Anaphylaxis,Anaphylaxis,
Therapeutic_Area,88,Andersen Syndrome,Andersen Syndrome,
Therapeutic_Area,89,Anemia,Anemia,
Therapeutic_Area,90,"Anemia, Aplastic","Anemia, Aplastic",
Therapeutic_Area,91,"Anemia, Diamond-Blackfan","Anemia, Diamond-Blackfan",
Therapeutic_Area,92,"Anemia, Hemolytic","Anemia, Hemolytic",
Therapeutic_Area,93,"Anemia, Hemolytic, Autoimmune","Anemia, Hemolytic, Autoimmune",
Therapeutic_Area,94,"Anemia, Hemolytic, Congenital","Anemia, Hemolytic, Congenital",
Therapeutic_Area,95,"Anemia, Iron-Deficiency","Anemia, Iron-Deficiency",
Therapeutic_Area,96,"Anemia, Neonatal","Anemia, Neonatal",
Therapeutic_Area,97,"Anemia, Refractory","Anemia, Refractory",
Therapeutic_Area,98,"Anemia, Refractory, with Excess of Blasts","Anemia, Refractory, with Excess of Blasts",
Therapeutic_Area,99,"Anemia, Sickle Cell","Anemia, Sickle Cell",
Therapeutic_Area,100,Anesthesia,Anesthesia,
Therapeutic_Area,101,"Anesthesia, local","Anesthesia, local",
Therapeutic_Area,102,Aneurysm,Aneurysm,
Therapeutic_Area,103,Angelman Syndrome,Angelman Syndrome,
Therapeutic_Area,104,Angina Pectoris,Angina Pectoris,
Therapeutic_Area,105,"Angina Pectoris, Variant","Angina Pectoris, Variant",
Therapeutic_Area,106,"Angina, Stable","Angina, Stable",
Therapeutic_Area,107,"Angina, Unstable","Angina, Unstable",
Therapeutic_Area,108,Angioedema,Angioedema,
Therapeutic_Area,109,"Angioedemas, Hereditary","Angioedemas, Hereditary",
Therapeutic_Area,110,Angiofibroma,Angiofibroma,
Therapeutic_Area,111,Angiomyolipoma,Angiomyolipoma,
Therapeutic_Area,112,Angiotensin-converting enzyme inhibitors,Angiotensin-converting enzyme inhibitors,
Therapeutic_Area,113,Aniridia,Aniridia,
Therapeutic_Area,114,Anisometropia,Anisometropia,
Therapeutic_Area,115,Ankle Fractures,Ankle Fractures,
Therapeutic_Area,116,Anorexia,Anorexia,
Therapeutic_Area,117,Anorexia Nervosa,Anorexia Nervosa,
Therapeutic_Area,118,Anosmia,Anosmia,
Therapeutic_Area,119,Anovulation,Anovulation,
Therapeutic_Area,120,Anthelmintics,Anthelmintics,
Therapeutic_Area,121,Anthrax,Anthrax,
Therapeutic_Area,122,Anti-HIV agents,Anti-HIV agents,
Therapeutic_Area,123,Anti-Neutrophil Cytoplasmic Antibody-Associated Vasculitis,Anti-Neutrophil Cytoplasmic Antibody-Associated Vasculitis,
Therapeutic_Area,124,Anti-anxiety agents,Anti-anxiety agents,
Therapeutic_Area,125,Anti-arrhythmia agents,Anti-arrhythmia agents,
Therapeutic_Area,126,Anti-bacterial agents,Anti-bacterial agents,
Therapeutic_Area,127,Anti-infective agents,Anti-infective agents,
Therapeutic_Area,128,"Anti-infective agents, local","Anti-infective agents, local",
Therapeutic_Area,129,Anti-inflammatory agents,Anti-inflammatory agents,
Therapeutic_Area,130,Anti-obesity agents,Anti-obesity agents,
Therapeutic_Area,131,Anti-poisoning,Anti-poisoning,
Therapeutic_Area,132,Anticonvulsants,Anticonvulsants,
Therapeutic_Area,133,Antidepressive agents,Antidepressive agents,
Therapeutic_Area,134,Antidiuretic agents,Antidiuretic agents,
Therapeutic_Area,135,Antidotes,Antidotes,
Therapeutic_Area,136,Antiemetics,Antiemetics,
Therapeutic_Area,137,Antifungal agents,Antifungal agents,
Therapeutic_Area,138,Antimitotic agents,Antimitotic agents,
Therapeutic_Area,139,Antimutagenic agents,Antimutagenic agents,
Therapeutic_Area,140,Antinematodal agents,Antinematodal agents,
Therapeutic_Area,141,Antineoplastic agents,Antineoplastic agents,
Therapeutic_Area,142,Antioxidants,Antioxidants,
Therapeutic_Area,143,Antiparasitic agents,Antiparasitic agents,
Therapeutic_Area,144,Antiperiodic,Antiperiodic,
Therapeutic_Area,145,Antiphospholipid Syndrome,Antiphospholipid Syndrome,
Therapeutic_Area,146,Antiprotozoal agents,Antiprotozoal agents,
Therapeutic_Area,147,Antipruritics,Antipruritics,
Therapeutic_Area,148,Antipyretics,Antipyretics,
Therapeutic_Area,149,Antirheumatic agents,Antirheumatic agents,
Therapeutic_Area,150,Antitoxins,Antitoxins,
Therapeutic_Area,151,Antitubercular agents,Antitubercular agents,
Therapeutic_Area,152,Antitussive agents,Antitussive agents,
Therapeutic_Area,153,Antiviral agents,Antiviral agents,
Therapeutic_Area,154,Anus Diseases,Anus Diseases,
Therapeutic_Area,155,Anus Neoplasms,Anus Neoplasms,
Therapeutic_Area,156,Anxiety,Anxiety,
Therapeutic_Area,157,Anxiety Disorders,Anxiety Disorders,
Therapeutic_Area,158,"Anxiety, Separation","Anxiety, Separation",
Therapeutic_Area,159,Aortic Aneurysm,Aortic Aneurysm,
Therapeutic_Area,160,"Aortic Aneurysm, Abdominal","Aortic Aneurysm, Abdominal",
Therapeutic_Area,161,"Aortic Aneurysm, Thoracic","Aortic Aneurysm, Thoracic",
Therapeutic_Area,162,Aortic Coarctation,Aortic Coarctation,
Therapeutic_Area,163,Aortic Diseases,Aortic Diseases,
Therapeutic_Area,164,Aortic Valve Disease,Aortic Valve Disease,
Therapeutic_Area,165,Aortic Valve Insufficiency,Aortic Valve Insufficiency,
Therapeutic_Area,166,Aortic Valve Stenosis,Aortic Valve Stenosis,
Therapeutic_Area,167,Apathy,Apathy,
Therapeutic_Area,168,Aphasia,Aphasia,
Therapeutic_Area,169,Aphrodisiacs,Aphrodisiacs,
Therapeutic_Area,170,Apnea,Apnea,
Therapeutic_Area,171,Appendiceal Neoplasms,Appendiceal Neoplasms,
Therapeutic_Area,172,Appendicitis,Appendicitis,
Therapeutic_Area,173,Appetite stimulants,Appetite stimulants,
Therapeutic_Area,174,Apraxias,Apraxias,
Therapeutic_Area,175,Argininosuccinic Aciduria,Argininosuccinic Aciduria,
Therapeutic_Area,176,"Arrhythmias, Cardiac","Arrhythmias, Cardiac",
Therapeutic_Area,177,Arrhythmogenic Right Ventricular Dysplasia,Arrhythmogenic Right Ventricular Dysplasia,
Therapeutic_Area,178,Arterial Occlusive Diseases,Arterial Occlusive Diseases,
Therapeutic_Area,179,Arteriosclerosis,Arteriosclerosis,
Therapeutic_Area,180,Arteriosclerosis Obliterans,Arteriosclerosis Obliterans,
Therapeutic_Area,181,Arthralgia,Arthralgia,
Therapeutic_Area,182,Arthritis,Arthritis,
Therapeutic_Area,183,"Arthritis, Gouty","Arthritis, Gouty",
Therapeutic_Area,184,"Arthritis, Juvenile","Arthritis, Juvenile",
Therapeutic_Area,185,"Arthritis, Psoriatic","Arthritis, Psoriatic",
Therapeutic_Area,186,"Arthritis, Reactive","Arthritis, Reactive",
Therapeutic_Area,187,"Arthritis, Rheumatoid","Arthritis, Rheumatoid",
Therapeutic_Area,188,Arthroplasty,Arthroplasty,
Therapeutic_Area,189,"Arthroplasty, Replacement","Arthroplasty, Replacement",
Therapeutic_Area,190,Ascariasis,Ascariasis,
Therapeutic_Area,191,Ascites,Ascites,
Therapeutic_Area,192,Ascorbic Acid Deficiency,Ascorbic Acid Deficiency,
Therapeutic_Area,193,Asperger Syndrome,Asperger Syndrome,
Therapeutic_Area,194,Aspergillosis,Aspergillosis,
Therapeutic_Area,195,"Aspergillosis, Allergic Bronchopulmonary","Aspergillosis, Allergic Bronchopulmonary",
Therapeutic_Area,196,Asthenia,Asthenia,
Therapeutic_Area,197,Asthenozoospermia,Asthenozoospermia,
Therapeutic_Area,198,Asthma,Asthma,
Therapeutic_Area,199,"Asthma, Aspirin-Induced","Asthma, Aspirin-Induced",
Therapeutic_Area,200,"Asthma, Exercise-Induced","Asthma, Exercise-Induced",
Therapeutic_Area,201,Astringents,Astringents,
Therapeutic_Area,202,Astrocytoma,Astrocytoma,
Therapeutic_Area,203,Ataxia Telangiectasia,Ataxia Telangiectasia,
Therapeutic_Area,204,Atherosclerosis,Atherosclerosis,
Therapeutic_Area,205,Atrial Fibrillation,Atrial Fibrillation,
Therapeutic_Area,206,Atrial Flutter,Atrial Flutter,
Therapeutic_Area,207,Atrioventricular Block,Atrioventricular Block,
Therapeutic_Area,208,Atrophic Vaginitis,Atrophic Vaginitis,
Therapeutic_Area,209,Atrophy,Atrophy,
Therapeutic_Area,210,Attention Deficit Disorder with Hyperactivity,Attention Deficit Disorder with Hyperactivity,
Therapeutic_Area,211,Attention Deficit and Disruptive Behavior Disorders,Attention Deficit and Disruptive Behavior Disorders,
Therapeutic_Area,212,Atypical Hemolytic Uremic Syndrome,Atypical Hemolytic Uremic Syndrome,
Therapeutic_Area,213,Autistic Disorder,Autistic Disorder,
Therapeutic_Area,214,Autoimmune Diseases,Autoimmune Diseases,
Therapeutic_Area,215,Autoimmune Diseases of the Nervous System,Autoimmune Diseases of the Nervous System,
Therapeutic_Area,216,Autonomic Dysreflexia,Autonomic Dysreflexia,
Therapeutic_Area,217,Azoospermia,Azoospermia,
Therapeutic_Area,218,Babesiosis,Babesiosis,
Therapeutic_Area,219,Back Pain,Back Pain,
Therapeutic_Area,220,Bacteremia,Bacteremia,
Therapeutic_Area,221,Bacterial Infections,Bacterial Infections,
Therapeutic_Area,222,Bacterial Infections and Mycoses,Bacterial Infections and Mycoses,
Therapeutic_Area,223,Bardet-Biedl Syndrome,Bardet-Biedl Syndrome,
Therapeutic_Area,224,Barrett Esophagus,Barrett Esophagus,
Therapeutic_Area,225,Basal Cell Nevus Syndrome,Basal Cell Nevus Syndrome,
Therapeutic_Area,226,Behcet Syndrome,Behcet Syndrome,
Therapeutic_Area,227,Bell Palsy,Bell Palsy,
Therapeutic_Area,228,Beriberi,Beriberi,
Therapeutic_Area,229,Berylliosis,Berylliosis,
Therapeutic_Area,230,Bicuspid Aortic Valve Disease,Bicuspid Aortic Valve Disease,
Therapeutic_Area,231,Bile Duct Diseases,Bile Duct Diseases,
Therapeutic_Area,232,Bile Duct Neoplasms,Bile Duct Neoplasms,
Therapeutic_Area,233,Bile acids and salts,Bile acids and salts,
Therapeutic_Area,234,Biliary Atresia,Biliary Atresia,
Therapeutic_Area,235,Biliary Dyskinesia,Biliary Dyskinesia,
Therapeutic_Area,236,Biliary Tract Diseases,Biliary Tract Diseases,
Therapeutic_Area,237,Biliary Tract Neoplasms,Biliary Tract Neoplasms,
Therapeutic_Area,238,Binge-Eating Disorder,Binge-Eating Disorder,
Therapeutic_Area,239,Bipolar Disorder,Bipolar Disorder,
Therapeutic_Area,240,Birt-Hogg-Dube Syndrome,Birt-Hogg-Dube Syndrome,
Therapeutic_Area,241,Bites and stings,Bites and stings,
Therapeutic_Area,242,Blast Crisis,Blast Crisis,
Therapeutic_Area,243,Blastic Plasmacytoid Dendritic Cell Neoplasm,Blastic Plasmacytoid Dendritic Cell Neoplasm,
Therapeutic_Area,244,Blastomycosis,Blastomycosis,
Therapeutic_Area,245,Blepharitis,Blepharitis,
Therapeutic_Area,246,Blepharoptosis,Blepharoptosis,
Therapeutic_Area,247,Blepharospasm,Blepharospasm,
Therapeutic_Area,248,Blindness,Blindness,
Therapeutic_Area,249,Blister,Blister,
Therapeutic_Area,250,Blood Coagulation Disorders,Blood Coagulation Disorders,
Therapeutic_Area,251,Blood Platelet Disorders,Blood Platelet Disorders,
Therapeutic_Area,252,Blood pressure regulation,Blood pressure regulation,
Therapeutic_Area,253,Bone Diseases,Bone Diseases,
Therapeutic_Area,254,"Bone Diseases, Metabolic","Bone Diseases, Metabolic",
Therapeutic_Area,255,Bone Marrow Failure Disorders,Bone Marrow Failure Disorders,
Therapeutic_Area,256,Bone Neoplasms,Bone Neoplasms,
Therapeutic_Area,257,Bone Resorption,Bone Resorption,
Therapeutic_Area,258,Borderline Personality Disorder,Borderline Personality Disorder,
Therapeutic_Area,259,Borrelia Infections,Borrelia Infections,
Therapeutic_Area,260,Botulism,Botulism,
Therapeutic_Area,261,Bowen's Disease,Bowen's Disease,
Therapeutic_Area,262,Brachial Plexus Neuritis,Brachial Plexus Neuritis,
Therapeutic_Area,263,Brachial Plexus Neuropathies,Brachial Plexus Neuropathies,
Therapeutic_Area,264,Bradycardia,Bradycardia,
Therapeutic_Area,265,Brain Concussion,Brain Concussion,
Therapeutic_Area,266,Brain Diseases,Brain Diseases,
Therapeutic_Area,267,Brain Edema,Brain Edema,
Therapeutic_Area,268,Brain Infarction,Brain Infarction,
Therapeutic_Area,269,Brain Injuries,Brain Injuries,
Therapeutic_Area,270,"Brain Injuries, Traumatic","Brain Injuries, Traumatic",
Therapeutic_Area,271,Brain Ischemia,Brain Ischemia,
Therapeutic_Area,272,Brain Neoplasms,Brain Neoplasms,
Therapeutic_Area,273,Brain Stem Neoplasms,Brain Stem Neoplasms,
Therapeutic_Area,274,Brain diseases,Brain diseases,
Therapeutic_Area,275,Breakthrough Pain,Breakthrough Pain,
Therapeutic_Area,276,Breast Carcinoma In Situ,Breast Carcinoma In Situ,
Therapeutic_Area,277,Breast Diseases,Breast Diseases,
Therapeutic_Area,278,Breast Neoplasms,Breast Neoplasms,
Therapeutic_Area,279,"Breast Neoplasms, Male","Breast Neoplasms, Male",
Therapeutic_Area,280,Breast diseases,Breast diseases,
Therapeutic_Area,281,Breath Tests,Breath Tests,
Therapeutic_Area,282,Breech Presentation,Breech Presentation,
Therapeutic_Area,283,Bronchial Diseases,Bronchial Diseases,
Therapeutic_Area,284,Bronchial Hyperreactivity,Bronchial Hyperreactivity,
Therapeutic_Area,285,Bronchial Neoplasms,Bronchial Neoplasms,
Therapeutic_Area,286,Bronchial Spasm,Bronchial Spasm,
Therapeutic_Area,287,Bronchial diseases,Bronchial diseases,
Therapeutic_Area,288,Bronchiectasis,Bronchiectasis,
Therapeutic_Area,289,Bronchiolitis,Bronchiolitis,
Therapeutic_Area,290,Bronchiolitis Obliterans,Bronchiolitis Obliterans,
Therapeutic_Area,291,Bronchiolitis Obliterans Syndrome,Bronchiolitis Obliterans Syndrome,
Therapeutic_Area,292,Bronchitis,Bronchitis,
Therapeutic_Area,293,"Bronchitis, Chronic","Bronchitis, Chronic",
Therapeutic_Area,294,Bronchopulmonary Dysplasia,Bronchopulmonary Dysplasia,
Therapeutic_Area,295,Brucellosis,Brucellosis,
Therapeutic_Area,296,Brugada Syndrome,Brugada Syndrome,
Therapeutic_Area,297,"Bulbo-Spinal Atrophy, X-Linked","Bulbo-Spinal Atrophy, X-Linked",
Therapeutic_Area,298,Bulimia,Bulimia,
Therapeutic_Area,299,Bulimia Nervosa,Bulimia Nervosa,
Therapeutic_Area,300,Burkitt Lymphoma,Burkitt Lymphoma,
Therapeutic_Area,301,Burning Mouth Syndrome,Burning Mouth Syndrome,
Therapeutic_Area,302,Burns,Burns,
Therapeutic_Area,303,Bursitis,Bursitis,
Therapeutic_Area,304,Buruli Ulcer,Buruli Ulcer,
Therapeutic_Area,305,CADASIL,CADASIL,
Therapeutic_Area,306,COVID-19,COVID-19,
Therapeutic_Area,307,Cachexia,Cachexia,
Therapeutic_Area,308,Calcinosis,Calcinosis,
Therapeutic_Area,309,Calcium Metabolism Disorders,Calcium Metabolism Disorders,
Therapeutic_Area,310,Canavan Disease,Canavan Disease,
Therapeutic_Area,311,Cancer Pain,Cancer Pain,
Therapeutic_Area,312,Candidemia,Candidemia,
Therapeutic_Area,313,Candidiasis,Candidiasis,
Therapeutic_Area,314,"Candidiasis, Chronic Mucocutaneous","Candidiasis, Chronic Mucocutaneous",
Therapeutic_Area,315,"Candidiasis, Invasive","Candidiasis, Invasive",
Therapeutic_Area,316,"Candidiasis, Oral","Candidiasis, Oral",
Therapeutic_Area,317,"Candidiasis, Vulvovaginal","Candidiasis, Vulvovaginal",
Therapeutic_Area,318,"Candidiasis, cutaneous","Candidiasis, cutaneous",
Therapeutic_Area,319,Capillary permeability,Capillary permeability,
Therapeutic_Area,320,Carbamoyl-Phosphate Synthase I Deficiency Disease,Carbamoyl-Phosphate Synthase I Deficiency Disease,
Therapeutic_Area,321,Carbon Monoxide Poisoning,Carbon Monoxide Poisoning,
Therapeutic_Area,322,Carbuncle,Carbuncle,
Therapeutic_Area,323,Carcinoid Heart Disease,Carcinoid Heart Disease,
Therapeutic_Area,324,Carcinoid Tumor,Carcinoid Tumor,
Therapeutic_Area,325,Carcinoma,Carcinoma,
Therapeutic_Area,326,Carcinoma in Situ,Carcinoma in Situ,
Therapeutic_Area,327,"Carcinoma, Adenoid Cystic","Carcinoma, Adenoid Cystic",
Therapeutic_Area,328,"Carcinoma, Basal Cell","Carcinoma, Basal Cell",
Therapeutic_Area,329,"Carcinoma, Bronchogenic","Carcinoma, Bronchogenic",
Therapeutic_Area,330,"Carcinoma, Ductal","Carcinoma, Ductal",
Therapeutic_Area,331,"Carcinoma, Embryonal","Carcinoma, Embryonal",
Therapeutic_Area,332,"Carcinoma, Endometrioid","Carcinoma, Endometrioid",
Therapeutic_Area,333,"Carcinoma, Hepatocellular","Carcinoma, Hepatocellular",
Therapeutic_Area,334,"Carcinoma, Intraductal, Noninfiltrating","Carcinoma, Intraductal, Noninfiltrating",
Therapeutic_Area,335,"Carcinoma, Islet Cell","Carcinoma, Islet Cell",
Therapeutic_Area,336,"Carcinoma, Large Cell","Carcinoma, Large Cell",
Therapeutic_Area,337,"Carcinoma, Lobular","Carcinoma, Lobular",
Therapeutic_Area,338,"Carcinoma, Medullary","Carcinoma, Medullary",
Therapeutic_Area,339,"Carcinoma, Merkel Cell","Carcinoma, Merkel Cell",
Therapeutic_Area,340,"Carcinoma, Neuroendocrine","Carcinoma, Neuroendocrine",
Therapeutic_Area,341,"Carcinoma, Non-Small-Cell Lung","Carcinoma, Non-Small-Cell Lung",
Therapeutic_Area,342,"Carcinoma, Ovarian Epithelial","Carcinoma, Ovarian Epithelial",
Therapeutic_Area,343,"Carcinoma, Pancreatic Ductal","Carcinoma, Pancreatic Ductal",
Therapeutic_Area,344,"Carcinoma, Renal Cell","Carcinoma, Renal Cell",
Therapeutic_Area,345,"Carcinoma, Small Cell","Carcinoma, Small Cell",
Therapeutic_Area,346,"Carcinoma, Squamous Cell","Carcinoma, Squamous Cell",
Therapeutic_Area,347,"Carcinoma, Transitional Cell","Carcinoma, Transitional Cell",
Therapeutic_Area,348,"Carcinoma, Verrucous","Carcinoma, Verrucous",
Therapeutic_Area,349,Carcinosarcoma,Carcinosarcoma,
Therapeutic_Area,350,Cardiomegaly,Cardiomegaly,
Therapeutic_Area,351,Cardiomyopathies,Cardiomyopathies,
Therapeutic_Area,352,"Cardiomyopathy, Dilated","Cardiomyopathy, Dilated",
Therapeutic_Area,353,"Cardiomyopathy, Hypertrophic","Cardiomyopathy, Hypertrophic",
Therapeutic_Area,354,Cardiotonic agents,Cardiotonic agents,
Therapeutic_Area,355,Cardiotoxicity,Cardiotoxicity,
Therapeutic_Area,356,Cardiovascular Abnormalities,Cardiovascular Abnormalities,
Therapeutic_Area,357,Cardiovascular Diseases,Cardiovascular Diseases,
Therapeutic_Area,358,Cardiovascular diseases,Cardiovascular diseases,
Therapeutic_Area,359,Cardiovascular system,Cardiovascular system,
Therapeutic_Area,360,Carotid Artery Diseases,Carotid Artery Diseases,
Therapeutic_Area,361,Carotid Stenosis,Carotid Stenosis,
Therapeutic_Area,362,Carpal Tunnel Syndrome,Carpal Tunnel Syndrome,
Therapeutic_Area,363,Castleman Disease,Castleman Disease,
Therapeutic_Area,364,Cat-Scratch Disease,Cat-Scratch Disease,
Therapeutic_Area,365,Cataplexy,Cataplexy,
Therapeutic_Area,366,Cataract,Cataract,
Therapeutic_Area,367,Cathartics,Cathartics,
Therapeutic_Area,368,Causalgia,Causalgia,
Therapeutic_Area,369,Celiac Disease,Celiac Disease,
Therapeutic_Area,370,Celiac disease,Celiac disease,
Therapeutic_Area,371,Cellulitis,Cellulitis,
Therapeutic_Area,372,Central Nervous System Diseases,Central Nervous System Diseases,
Therapeutic_Area,373,Central Nervous System Neoplasms,Central Nervous System Neoplasms,
Therapeutic_Area,374,Central Serous Chorioretinopathy,Central Serous Chorioretinopathy,
Therapeutic_Area,375,Central nervous system diseases,Central nervous system diseases,
Therapeutic_Area,376,Cerebellar Ataxia,Cerebellar Ataxia,
Therapeutic_Area,377,Cerebral Amyloid Angiopathy,Cerebral Amyloid Angiopathy,
Therapeutic_Area,378,Cerebral Arterial Diseases,Cerebral Arterial Diseases,
Therapeutic_Area,379,Cerebral Hemorrhage,Cerebral Hemorrhage,
Therapeutic_Area,380,Cerebral Infarction,Cerebral Infarction,
Therapeutic_Area,381,Cerebral Palsy,Cerebral Palsy,
Therapeutic_Area,382,Cerebral Small Vessel Diseases,Cerebral Small Vessel Diseases,
Therapeutic_Area,383,Cerebrovascular Disorders,Cerebrovascular Disorders,
Therapeutic_Area,384,Chagas Cardiomyopathy,Chagas Cardiomyopathy,
Therapeutic_Area,385,Chagas Disease,Chagas Disease,
Therapeutic_Area,386,Chalazion,Chalazion,
Therapeutic_Area,387,Chancroid,Chancroid,
Therapeutic_Area,388,Charcot-Marie-Tooth Disease,Charcot-Marie-Tooth Disease,
Therapeutic_Area,389,Cheilitis,Cheilitis,
Therapeutic_Area,390,Chemical and Drug Induced Liver Injury,Chemical and Drug Induced Liver Injury,
Therapeutic_Area,391,Chest Pain,Chest Pain,
Therapeutic_Area,392,Chest pain,Chest pain,
Therapeutic_Area,393,Chickenpox,Chickenpox,
Therapeutic_Area,394,"Child Development Disorders, Pervasive","Child Development Disorders, Pervasive",
Therapeutic_Area,395,Child health,Child health,
Therapeutic_Area,396,Chlamydia Infections,Chlamydia Infections,
Therapeutic_Area,397,Cholangiocarcinoma,Cholangiocarcinoma,
Therapeutic_Area,398,Cholangitis,Cholangitis,
Therapeutic_Area,399,"Cholangitis, Sclerosing","Cholangitis, Sclerosing",
Therapeutic_Area,400,Cholecystitis,Cholecystitis,
Therapeutic_Area,401,"Cholecystitis, Acute","Cholecystitis, Acute",
Therapeutic_Area,402,Cholelithiasis,Cholelithiasis,
Therapeutic_Area,403,Cholera,Cholera,
Therapeutic_Area,404,Cholestasis,Cholestasis,
Therapeutic_Area,405,"Cholestasis, Intrahepatic","Cholestasis, Intrahepatic",
Therapeutic_Area,406,Chondrocalcinosis,Chondrocalcinosis,
Therapeutic_Area,407,Chondrosarcoma,Chondrosarcoma,
Therapeutic_Area,408,"Chondrosarcoma, Clear Cell","Chondrosarcoma, Clear Cell",
Therapeutic_Area,409,"Chondrosarcoma, Mesenchymal","Chondrosarcoma, Mesenchymal",
Therapeutic_Area,410,Chordoma,Chordoma,
Therapeutic_Area,411,Chorea,Chorea,
Therapeutic_Area,412,Chorioamnionitis,Chorioamnionitis,
Therapeutic_Area,413,Choriocarcinoma,Choriocarcinoma,
Therapeutic_Area,414,Chorioretinitis,Chorioretinitis,
Therapeutic_Area,415,Choroid Plexus Neoplasms,Choroid Plexus Neoplasms,
Therapeutic_Area,416,Choroidal Neovascularization,Choroidal Neovascularization,
Therapeutic_Area,417,Choroideremia,Choroideremia,
Therapeutic_Area,418,Choroiditis,Choroiditis,
Therapeutic_Area,419,Chronic Cough,Chronic Cough,
Therapeutic_Area,420,Chronic Disease,Chronic Disease,
Therapeutic_Area,421,Chronic Kidney Disease-Mineral and Bone Disorder,Chronic Kidney Disease-Mineral and Bone Disorder,
Therapeutic_Area,422,Chronic Pain,Chronic Pain,
Therapeutic_Area,423,Chronic Periodontitis,Chronic Periodontitis,
Therapeutic_Area,424,Chronic Traumatic Encephalopathy,Chronic Traumatic Encephalopathy,
Therapeutic_Area,425,Chronic Urticaria,Chronic Urticaria,
Therapeutic_Area,426,Churg-Strauss Syndrome,Churg-Strauss Syndrome,
Therapeutic_Area,427,Cicatrix,Cicatrix,
Therapeutic_Area,428,Ciguatera Poisoning,Ciguatera Poisoning,
Therapeutic_Area,429,Ciliary Motility Disorders,Ciliary Motility Disorders,
Therapeutic_Area,430,Citrullinemia,Citrullinemia,
Therapeutic_Area,431,Cleft Lip,Cleft Lip,
Therapeutic_Area,432,Cleft Palate,Cleft Palate,
Therapeutic_Area,433,Clostridium Infections,Clostridium Infections,
Therapeutic_Area,434,Cluster Headache,Cluster Headache,
Therapeutic_Area,435,Cocaine-Related Disorders,Cocaine-Related Disorders,
Therapeutic_Area,436,Coccidioidomycosis,Coccidioidomycosis,
Therapeutic_Area,437,Cognition,Cognition,
Therapeutic_Area,438,Cognitive Dysfunction,Cognitive Dysfunction,
Therapeutic_Area,439,Cold Urticaria,Cold Urticaria,
Therapeutic_Area,440,Colic,Colic,
Therapeutic_Area,441,Colitis,Colitis,
Therapeutic_Area,442,"Colitis, Collagenous","Colitis, Collagenous",
Therapeutic_Area,443,"Colitis, Lymphocytic","Colitis, Lymphocytic",
Therapeutic_Area,444,"Colitis, Microscopic","Colitis, Microscopic",
Therapeutic_Area,445,"Colitis, Ulcerative","Colitis, Ulcerative",
Therapeutic_Area,446,Collagen Diseases,Collagen Diseases,
Therapeutic_Area,447,Colonic Neoplasms,Colonic Neoplasms,
Therapeutic_Area,448,Colonic Polyps,Colonic Polyps,
Therapeutic_Area,449,Colonoscopy,Colonoscopy,
Therapeutic_Area,450,Colorectal Neoplasms,Colorectal Neoplasms,
Therapeutic_Area,451,"Colorectal Neoplasms, Hereditary Nonpolyposis","Colorectal Neoplasms, Hereditary Nonpolyposis",
Therapeutic_Area,452,Common Cold,Common Cold,
Therapeutic_Area,453,Common Variable Immunodeficiency,Common Variable Immunodeficiency,
Therapeutic_Area,454,Common cold,Common cold,
Therapeutic_Area,455,Communicable Diseases,Communicable Diseases,
Therapeutic_Area,456,Community-Acquired Infections,Community-Acquired Infections,
Therapeutic_Area,457,Compartment Syndromes,Compartment Syndromes,
Therapeutic_Area,458,Complex Regional Pain Syndromes,Complex Regional Pain Syndromes,
Therapeutic_Area,459,Conduct Disorder,Conduct Disorder,
Therapeutic_Area,460,Condylomata Acuminata,Condylomata Acuminata,
Therapeutic_Area,461,Congenital Hypothyroidism,Congenital Hypothyroidism,
Therapeutic_Area,462,Conjunctivitis,Conjunctivitis,
Therapeutic_Area,463,"Conjunctivitis, Allergic","Conjunctivitis, Allergic",
Therapeutic_Area,464,"Conjunctivitis, Bacterial","Conjunctivitis, Bacterial",
Therapeutic_Area,465,"Conjunctivitis, Inclusion","Conjunctivitis, Inclusion",
Therapeutic_Area,466,"Conjunctivitis, Viral","Conjunctivitis, Viral",
Therapeutic_Area,467,Connective Tissue Diseases,Connective Tissue Diseases,
Therapeutic_Area,468,Conscious Sedation,Conscious Sedation,
Therapeutic_Area,469,Constipation,Constipation,
Therapeutic_Area,470,"Constriction, Pathologic","Constriction, Pathologic",
Therapeutic_Area,471,Contraception,Contraception,
Therapeutic_Area,472,"Contraception, Postcoital","Contraception, Postcoital",
Therapeutic_Area,473,Contraceptive agents,Contraceptive agents,
Therapeutic_Area,474,Contracture,Contracture,
Therapeutic_Area,475,Contusions,Contusions,
Therapeutic_Area,476,Cooling effect on body,Cooling effect on body,
Therapeutic_Area,477,Corneal Edema,Corneal Edema,
Therapeutic_Area,478,Corneal Injuries,Corneal Injuries,
Therapeutic_Area,479,Corneal Neovascularization,Corneal Neovascularization,
Therapeutic_Area,480,Corneal Opacity,Corneal Opacity,
Therapeutic_Area,481,Corneal Ulcer,Corneal Ulcer,
Therapeutic_Area,482,Coronary Artery Disease,Coronary Artery Disease,
Therapeutic_Area,483,Coronary Disease,Coronary Disease,
Therapeutic_Area,484,Coronary Restenosis,Coronary Restenosis,
Therapeutic_Area,485,Coronary Stenosis,Coronary Stenosis,
Therapeutic_Area,486,Coronary Vasospasm,Coronary Vasospasm,
Therapeutic_Area,487,Coronavirus Infections,Coronavirus Infections,
Therapeutic_Area,488,Corticobasal Degeneration,Corticobasal Degeneration,
Therapeutic_Area,489,Cough,Cough,
Therapeutic_Area,490,Counterirritant,Counterirritant,
Therapeutic_Area,491,Cowpox,Cowpox,
Therapeutic_Area,492,Craniocerebral Trauma,Craniocerebral Trauma,
Therapeutic_Area,493,Craniopharyngioma,Craniopharyngioma,
Therapeutic_Area,494,Craniosynostoses,Craniosynostoses,
Therapeutic_Area,495,Creutzfeldt-Jakob Syndrome,Creutzfeldt-Jakob Syndrome,
Therapeutic_Area,496,Crohn Disease,Crohn Disease,
Therapeutic_Area,497,Cross Infection,Cross Infection,
Therapeutic_Area,498,Croup,Croup,
Therapeutic_Area,499,Cryptococcosis,Cryptococcosis,
Therapeutic_Area,500,Cryptosporidiosis,Cryptosporidiosis,
Therapeutic_Area,501,Cushing Syndrome,Cushing Syndrome,
Therapeutic_Area,502,"Cystadenocarcinoma, Serous","Cystadenocarcinoma, Serous",
Therapeutic_Area,503,"Cystadenoma, Serous","Cystadenoma, Serous",
Therapeutic_Area,504,Cystic Fibrosis,Cystic Fibrosis,
Therapeutic_Area,505,Cysticercosis,Cysticercosis,
Therapeutic_Area,506,Cystinosis,Cystinosis,
Therapeutic_Area,507,Cystinuria,Cystinuria,
Therapeutic_Area,508,Cystitis,Cystitis,
Therapeutic_Area,509,"Cystitis, Hemorrhagic","Cystitis, Hemorrhagic",
Therapeutic_Area,510,"Cystitis, Interstitial","Cystitis, Interstitial",
Therapeutic_Area,511,Cytomegalovirus Infections,Cytomegalovirus Infections,
Therapeutic_Area,512,Cytomegalovirus Retinitis,Cytomegalovirus Retinitis,
Therapeutic_Area,513,Dandruff,Dandruff,
Therapeutic_Area,514,De Lange Syndrome,De Lange Syndrome,
Therapeutic_Area,515,Deafness,Deafness,
Therapeutic_Area,516,"Death, Sudden, Cardiac","Death, Sudden, Cardiac",
Therapeutic_Area,517,Deglutition Disorders,Deglutition Disorders,
Therapeutic_Area,518,Delayed Graft Function,Delayed Graft Function,
Therapeutic_Area,519,Delirium,Delirium,
Therapeutic_Area,520,Dementia,Dementia,
Therapeutic_Area,521,"Dementia, Vascular","Dementia, Vascular",
Therapeutic_Area,522,Demulcents,Demulcents,
Therapeutic_Area,523,Demyelinating Diseases,Demyelinating Diseases,
Therapeutic_Area,524,Dengue,Dengue,
Therapeutic_Area,525,Dental Anxiety,Dental Anxiety,
Therapeutic_Area,526,Dental Caries,Dental Caries,
Therapeutic_Area,527,Dental Pulp Exposure,Dental Pulp Exposure,
Therapeutic_Area,528,Dental caries,Dental caries,
Therapeutic_Area,529,Dentifrices,Dentifrices,
Therapeutic_Area,530,Deobstruent,Deobstruent,
Therapeutic_Area,531,Depression,Depression,
Therapeutic_Area,532,"Depression, Postpartum","Depression, Postpartum",
Therapeutic_Area,533,Depressive Disorder,Depressive Disorder,
Therapeutic_Area,534,"Depressive Disorder, Major","Depressive Disorder, Major",
Therapeutic_Area,535,"Depressive Disorder, Treatment-Resistant","Depressive Disorder, Treatment-Resistant",
Therapeutic_Area,536,Depurative,Depurative,
Therapeutic_Area,537,Dermatitis,Dermatitis,
Therapeutic_Area,538,Dermatitis Herpetiformis,Dermatitis Herpetiformis,
Therapeutic_Area,539,"Dermatitis, Allergic Contact","Dermatitis, Allergic Contact",
Therapeutic_Area,540,"Dermatitis, Atopic","Dermatitis, Atopic",
Therapeutic_Area,541,"Dermatitis, Contact","Dermatitis, Contact",
Therapeutic_Area,542,"Dermatitis, Exfoliative","Dermatitis, Exfoliative",
Therapeutic_Area,543,"Dermatitis, Perioral","Dermatitis, Perioral",
Therapeutic_Area,544,"Dermatitis, Seborrheic","Dermatitis, Seborrheic",
Therapeutic_Area,545,Dermatofibrosarcoma,Dermatofibrosarcoma,
Therapeutic_Area,546,Dermatomyositis,Dermatomyositis,
Therapeutic_Area,547,Desmoid Tumors,Desmoid Tumors,
Therapeutic_Area,548,Desmoplastic Small Round Cell Tumor,Desmoplastic Small Round Cell Tumor,
Therapeutic_Area,549,Developmental Disabilities,Developmental Disabilities,
Therapeutic_Area,550,Developmental Dysplasia of the Hip,Developmental Dysplasia of the Hip,
Therapeutic_Area,551,DiGeorge Syndrome,DiGeorge Syndrome,
Therapeutic_Area,552,Diabetes Insipidus,Diabetes Insipidus,
Therapeutic_Area,553,Diabetes Mellitus,Diabetes Mellitus,
Therapeutic_Area,554,"Diabetes Mellitus, Type 1","Diabetes Mellitus, Type 1",
Therapeutic_Area,555,"Diabetes Mellitus, Type 2","Diabetes Mellitus, Type 2",
Therapeutic_Area,556,Diabetes mellitus,Diabetes mellitus,
Therapeutic_Area,557,"Diabetes, Gestational","Diabetes, Gestational",
Therapeutic_Area,558,Diabetic Cardiomyopathies,Diabetic Cardiomyopathies,
Therapeutic_Area,559,Diabetic Foot,Diabetic Foot,
Therapeutic_Area,560,Diabetic Ketoacidosis,Diabetic Ketoacidosis,
Therapeutic_Area,561,Diabetic Nephropathies,Diabetic Nephropathies,
Therapeutic_Area,562,Diabetic Neuropathies,Diabetic Neuropathies,
Therapeutic_Area,563,Diabetic Retinopathy,Diabetic Retinopathy,
Therapeutic_Area,564,Diagnostic Imaging,Diagnostic Imaging,
Therapeutic_Area,565,"Diagnostic Techniques, Endocrine","Diagnostic Techniques, Endocrine",
Therapeutic_Area,566,Diaper Rash,Diaper Rash,
Therapeutic_Area,567,Diaphoretic,Diaphoretic,
Therapeutic_Area,568,Diarrhea,Diarrhea,
Therapeutic_Area,569,"Diet, food, and nutrition","Diet, food, and nutrition",
Therapeutic_Area,570,Diffuse Intrinsic Pontine Glioma,Diffuse Intrinsic Pontine Glioma,
Therapeutic_Area,571,Digestive System Diseases,Digestive System Diseases,
Therapeutic_Area,572,Digestive System Neoplasms,Digestive System Neoplasms,
Therapeutic_Area,573,Digestive system diseases,Digestive system diseases,
Therapeutic_Area,574,Diphtheria,Diphtheria,
Therapeutic_Area,575,Disinfectants,Disinfectants,
Therapeutic_Area,576,Disorder of ejaculation,Disorder of ejaculation,
Therapeutic_Area,577,Disorder of head,Disorder of head,
Therapeutic_Area,578,Disorders of Excessive Somnolence,Disorders of Excessive Somnolence,
Therapeutic_Area,579,Disorders of Sex Development,Disorders of Sex Development,
Therapeutic_Area,580,Disseminated Intravascular Coagulation,Disseminated Intravascular Coagulation,
Therapeutic_Area,581,Diuretics,Diuretics,
Therapeutic_Area,582,Diverticular Diseases,Diverticular Diseases,
Therapeutic_Area,583,Diverticulitis,Diverticulitis,
Therapeutic_Area,584,"Diverticulum, Colon","Diverticulum, Colon",
Therapeutic_Area,585,Dizziness,Dizziness,
Therapeutic_Area,586,Double Outlet Right Ventricle,Double Outlet Right Ventricle,
Therapeutic_Area,587,Down Syndrome,Down Syndrome,
Therapeutic_Area,588,Drug Overdose,Drug Overdose,
Therapeutic_Area,589,Drug-Related Side Effects and Adverse Reactions,Drug-Related Side Effects and Adverse Reactions,
Therapeutic_Area,590,Dry Eye Syndromes,Dry Eye Syndromes,
Therapeutic_Area,591,"Ductus Arteriosus, Patent","Ductus Arteriosus, Patent",
Therapeutic_Area,592,Duodenal Ulcer,Duodenal Ulcer,
Therapeutic_Area,593,Dupuytren Contracture,Dupuytren Contracture,
Therapeutic_Area,594,Dwarfism,Dwarfism,
Therapeutic_Area,595,"Dwarfism, Pituitary","Dwarfism, Pituitary",
Therapeutic_Area,596,"Dysautonomia, Familial","Dysautonomia, Familial",
Therapeutic_Area,597,Dysentery,Dysentery,
Therapeutic_Area,598,"Dysentery, Bacillary","Dysentery, Bacillary",
Therapeutic_Area,599,"Dysentery, amebic","Dysentery, amebic",
Therapeutic_Area,600,Dyskeratosis Congenita,Dyskeratosis Congenita,
Therapeutic_Area,601,"Dyskinesia, Drug-Induced","Dyskinesia, Drug-Induced",
Therapeutic_Area,602,Dyslipidemias,Dyslipidemias,
Therapeutic_Area,603,Dysmenorrhea,Dysmenorrhea,
Therapeutic_Area,604,Dyspareunia,Dyspareunia,
Therapeutic_Area,605,Dyspepsia,Dyspepsia,
Therapeutic_Area,606,Dysphonia,Dysphonia,
Therapeutic_Area,607,Dyspnea,Dyspnea,
Therapeutic_Area,608,Dysthymic Disorder,Dysthymic Disorder,
Therapeutic_Area,609,Dystocia,Dystocia,
Therapeutic_Area,610,Dystonic Disorders,Dystonic Disorders,
Therapeutic_Area,611,Dysuria,Dysuria,
Therapeutic_Area,612,Ear Neoplasms,Ear Neoplasms,
Therapeutic_Area,613,Ear diseases,Ear diseases,
Therapeutic_Area,614,Earache,Earache,
Therapeutic_Area,615,Echocardiography,Echocardiography,
Therapeutic_Area,616,Eclampsia,Eclampsia,
Therapeutic_Area,617,Ectoparasitic Infestations,Ectoparasitic Infestations,
Therapeutic_Area,618,Eczema,Eczema,
Therapeutic_Area,619,Edema,Edema,
Therapeutic_Area,620,"Edema, Cardiac","Edema, Cardiac",
Therapeutic_Area,621,Ehlers-Danlos Syndrome,Ehlers-Danlos Syndrome,
Therapeutic_Area,622,Eisenmenger Complex,Eisenmenger Complex,
Therapeutic_Area,623,"Elephantiasis, Filarial","Elephantiasis, Filarial",
Therapeutic_Area,624,Emaciation,Emaciation,
Therapeutic_Area,625,Embolism,Embolism,
Therapeutic_Area,626,"Embolism, Cholesterol","Embolism, Cholesterol",
Therapeutic_Area,627,Emergence Delirium,Emergence Delirium,
Therapeutic_Area,628,Emetics,Emetics,
Therapeutic_Area,629,Emollients,Emollients,
Therapeutic_Area,630,Emphysema,Emphysema,
Therapeutic_Area,631,Empyema,Empyema,
Therapeutic_Area,632,Encephalitis,Encephalitis,
Therapeutic_Area,633,"Encephalitis, Herpes Simplex","Encephalitis, Herpes Simplex",
Therapeutic_Area,634,"Encephalitis, Japanese","Encephalitis, Japanese",
Therapeutic_Area,635,Encephalomyelitis,Encephalomyelitis,
Therapeutic_Area,636,End Stage Liver Disease,End Stage Liver Disease,
Therapeutic_Area,637,Endocardial Cushion Defects,Endocardial Cushion Defects,
Therapeutic_Area,638,Endocarditis,Endocarditis,
Therapeutic_Area,639,"Endocarditis, Bacterial","Endocarditis, Bacterial",
Therapeutic_Area,640,Endocrine Gland Neoplasms,Endocrine Gland Neoplasms,
Therapeutic_Area,641,Endocrine System Diseases,Endocrine System Diseases,
Therapeutic_Area,642,Endodermal Sinus Tumor,Endodermal Sinus Tumor,
Therapeutic_Area,643,Endometrial Hyperplasia,Endometrial Hyperplasia,
Therapeutic_Area,644,Endometrial Neoplasms,Endometrial Neoplasms,
Therapeutic_Area,645,Endometriosis,Endometriosis,
Therapeutic_Area,646,Endometritis,Endometritis,
Therapeutic_Area,647,Endophthalmitis,Endophthalmitis,
Therapeutic_Area,648,Endotoxemia,Endotoxemia,
Therapeutic_Area,649,Enteral Nutrition,Enteral Nutrition,
Therapeutic_Area,650,Enteritis,Enteritis,
Therapeutic_Area,651,Enterobacteriaceae Infections,Enterobacteriaceae Infections,
Therapeutic_Area,652,Enterocolitis,Enterocolitis,
Therapeutic_Area,653,"Enterocolitis, Necrotizing","Enterocolitis, Necrotizing",
Therapeutic_Area,654,"Enterocolitis, Pseudomembranous","Enterocolitis, Pseudomembranous",
Therapeutic_Area,655,Enuresis,Enuresis,
Therapeutic_Area,656,Eosinophilia,Eosinophilia,
Therapeutic_Area,657,Eosinophilic Esophagitis,Eosinophilic Esophagitis,
Therapeutic_Area,658,Ependymoma,Ependymoma,
Therapeutic_Area,659,Epidermal Cyst,Epidermal Cyst,
Therapeutic_Area,660,Epidermolysis Bullosa,Epidermolysis Bullosa,
Therapeutic_Area,661,Epidermolysis Bullosa Acquisita,Epidermolysis Bullosa Acquisita,
Therapeutic_Area,662,Epidermolysis Bullosa Dystrophica,Epidermolysis Bullosa Dystrophica,
Therapeutic_Area,663,"Epidermolysis Bullosa, Junctional","Epidermolysis Bullosa, Junctional",
Therapeutic_Area,664,Epilepsia Partialis Continua,Epilepsia Partialis Continua,
Therapeutic_Area,665,"Epilepsies, Myoclonic","Epilepsies, Myoclonic",
Therapeutic_Area,666,"Epilepsies, Partial","Epilepsies, Partial",
Therapeutic_Area,667,Epilepsy,Epilepsy,
Therapeutic_Area,668,"Epilepsy, Absence","Epilepsy, Absence",
Therapeutic_Area,669,"Epilepsy, Complex Partial","Epilepsy, Complex Partial",
Therapeutic_Area,670,"Epilepsy, Reflex","Epilepsy, Reflex",
Therapeutic_Area,671,"Epilepsy, Tonic-Clonic","Epilepsy, Tonic-Clonic",
Therapeutic_Area,672,Epileptic Syndromes,Epileptic Syndromes,
Therapeutic_Area,673,Epistaxis,Epistaxis,
Therapeutic_Area,674,Epstein-Barr Virus Infections,Epstein-Barr Virus Infections,
Therapeutic_Area,675,Erdheim-Chester Disease,Erdheim-Chester Disease,
Therapeutic_Area,676,Erectile Dysfunction,Erectile Dysfunction,
Therapeutic_Area,677,Eructation,Eructation,
Therapeutic_Area,678,Erysipelas,Erysipelas,
Therapeutic_Area,679,Erythema,Erythema,
Therapeutic_Area,680,Erythema Multiforme,Erythema Multiforme,
Therapeutic_Area,681,Erythromelalgia,Erythromelalgia,
Therapeutic_Area,682,Escherichia coli Infections,Escherichia coli Infections,
Therapeutic_Area,683,Esophageal Achalasia,Esophageal Achalasia,
Therapeutic_Area,684,Esophageal Diseases,Esophageal Diseases,
Therapeutic_Area,685,Esophageal Neoplasms,Esophageal Neoplasms,
Therapeutic_Area,686,Esophageal Stenosis,Esophageal Stenosis,
Therapeutic_Area,687,Esophageal and Gastric Varices,Esophageal and Gastric Varices,
Therapeutic_Area,688,Esophagitis,Esophagitis,
Therapeutic_Area,689,"Esophagitis, Peptic","Esophagitis, Peptic",
Therapeutic_Area,690,Essential Hypertension,Essential Hypertension,
Therapeutic_Area,691,Essential Tremor,Essential Tremor,
Therapeutic_Area,692,"Esthesioneuroblastoma, Olfactory","Esthesioneuroblastoma, Olfactory",
Therapeutic_Area,693,Estrogen receptor modulators,Estrogen receptor modulators,
Therapeutic_Area,694,Euthyroid Sick Syndromes,Euthyroid Sick Syndromes,
Therapeutic_Area,695,Exanthema,Exanthema,
Therapeutic_Area,696,Executive Function,Executive Function,
Therapeutic_Area,697,Exfoliation Syndrome,Exfoliation Syndrome,
Therapeutic_Area,698,Exocrine Pancreatic Insufficiency,Exocrine Pancreatic Insufficiency,
Therapeutic_Area,699,Expectorants,Expectorants,
Therapeutic_Area,700,Extravasation of Diagnostic and Therapeutic Materials,Extravasation of Diagnostic and Therapeutic Materials,
Therapeutic_Area,701,Eye Burns,Eye Burns,
Therapeutic_Area,702,Eye Diseases,Eye Diseases,
Therapeutic_Area,703,Eye Infections,Eye Infections,
Therapeutic_Area,704,"Eye Infections, Parasitic","Eye Infections, Parasitic",
Therapeutic_Area,705,Eye Injuries,Eye Injuries,
Therapeutic_Area,706,Eye Manifestations,Eye Manifestations,
Therapeutic_Area,707,Eye Neoplasms,Eye Neoplasms,
Therapeutic_Area,708,Eye Pain,Eye Pain,
Therapeutic_Area,709,Eye diseases,Eye diseases,
Therapeutic_Area,710,Fabry Disease,Fabry Disease,
Therapeutic_Area,711,Facial Pain,Facial Pain,
Therapeutic_Area,712,Facial paralysis,Facial paralysis,
Therapeutic_Area,713,Fallopian Tube Neoplasms,Fallopian Tube Neoplasms,
Therapeutic_Area,714,Familial Hypophosphatemic Rickets,Familial Hypophosphatemic Rickets,
Therapeutic_Area,715,Familial Mediterranean Fever,Familial Mediterranean Fever,
Therapeutic_Area,716,Familial Primary Pulmonary Hypertension,Familial Primary Pulmonary Hypertension,
Therapeutic_Area,717,Fanconi Anemia,Fanconi Anemia,
Therapeutic_Area,718,"Fasciitis, Plantar","Fasciitis, Plantar",
Therapeutic_Area,719,Fascioliasis,Fascioliasis,
Therapeutic_Area,720,Fasting,Fasting,
Therapeutic_Area,721,Fatigue,Fatigue,
Therapeutic_Area,722,"Fatigue Syndrome, Chronic","Fatigue Syndrome, Chronic",
Therapeutic_Area,723,Fatty Liver,Fatty Liver,
Therapeutic_Area,724,"Fatty Liver, Alcoholic","Fatty Liver, Alcoholic",
Therapeutic_Area,725,Fecal Incontinence,Fecal Incontinence,
Therapeutic_Area,726,Feeding and Eating Disorders,Feeding and Eating Disorders,
Therapeutic_Area,727,Femoral Neck Fractures,Femoral Neck Fractures,
Therapeutic_Area,728,Fertility agents,Fertility agents,
Therapeutic_Area,729,Fetal Growth Retardation,Fetal Growth Retardation,
Therapeutic_Area,730,Fetal Hypoxia,Fetal Hypoxia,
Therapeutic_Area,731,"Fetal Membranes, Premature Rupture","Fetal Membranes, Premature Rupture",
Therapeutic_Area,732,Fever,Fever,
Therapeutic_Area,733,Fibrocystic Breast Disease,Fibrocystic Breast Disease,
Therapeutic_Area,734,Fibroma,Fibroma,
Therapeutic_Area,735,Fibromyalgia,Fibromyalgia,
Therapeutic_Area,736,Fibrosarcoma,Fibrosarcoma,
Therapeutic_Area,737,Fibrosis,Fibrosis,
Therapeutic_Area,738,Fibrous Dysplasia of Bone,Fibrous Dysplasia of Bone,
Therapeutic_Area,739,"Fibrous Dysplasia, Polyostotic","Fibrous Dysplasia, Polyostotic",
Therapeutic_Area,740,Filariasis,Filariasis,
Therapeutic_Area,741,Fissure in Ano,Fissure in Ano,
Therapeutic_Area,742,Fistula,Fistula,
Therapeutic_Area,743,Flatulence,Flatulence,
Therapeutic_Area,744,Flea infestations,Flea infestations,
Therapeutic_Area,745,Fluid Therapy,Fluid Therapy,
Therapeutic_Area,746,Fluoride Poisoning,Fluoride Poisoning,
Therapeutic_Area,747,"Fluorosis, Dental","Fluorosis, Dental",
Therapeutic_Area,748,Flushing,Flushing,
Therapeutic_Area,749,Folic Acid Deficiency,Folic Acid Deficiency,
Therapeutic_Area,750,Follicular Cyst,Follicular Cyst,
Therapeutic_Area,751,Folliculitis,Folliculitis,
Therapeutic_Area,752,Food Hypersensitivity,Food Hypersensitivity,
Therapeutic_Area,753,Foodborne diseases,Foodborne diseases,
Therapeutic_Area,754,"Foramen Ovale, Patent","Foramen Ovale, Patent",
Therapeutic_Area,755,"Fractures, Bone","Fractures, Bone",
Therapeutic_Area,756,"Fractures, Multiple","Fractures, Multiple",
Therapeutic_Area,757,"Fractures, bone","Fractures, bone",
Therapeutic_Area,758,Fragile X Syndrome,Fragile X Syndrome,
Therapeutic_Area,759,Friedreich Ataxia,Friedreich Ataxia,
Therapeutic_Area,760,Frontotemporal Dementia,Frontotemporal Dementia,
Therapeutic_Area,761,Fuchs' Endothelial Dystrophy,Fuchs' Endothelial Dystrophy,
Therapeutic_Area,762,Fucosidosis,Fucosidosis,
Therapeutic_Area,763,Furunculosis,Furunculosis,
Therapeutic_Area,764,Fusariosis,Fusariosis,
Therapeutic_Area,765,Galactogogues,Galactogogues,
Therapeutic_Area,766,Gallbladder Neoplasms,Gallbladder Neoplasms,
Therapeutic_Area,767,Gallbladder diseases,Gallbladder diseases,
Therapeutic_Area,768,Gallstones,Gallstones,
Therapeutic_Area,769,Gambling,Gambling,
Therapeutic_Area,770,Ganglioneuroblastoma,Ganglioneuroblastoma,
Therapeutic_Area,771,Gangliosidoses,Gangliosidoses,
Therapeutic_Area,772,"Gangliosidoses, GM2","Gangliosidoses, GM2",
Therapeutic_Area,773,"Gangliosidosis, GM1","Gangliosidosis, GM1",
Therapeutic_Area,774,Gastric acid,Gastric acid,
Therapeutic_Area,775,Gastrinoma,Gastrinoma,
Therapeutic_Area,776,Gastritis,Gastritis,
Therapeutic_Area,777,Gastroenteritis,Gastroenteritis,
Therapeutic_Area,778,Gastroesophageal Reflux,Gastroesophageal Reflux,
Therapeutic_Area,779,Gastrointestinal Hemorrhage,Gastrointestinal Hemorrhage,
Therapeutic_Area,780,Gastrointestinal Stromal Tumors,Gastrointestinal Stromal Tumors,
Therapeutic_Area,781,Gastrointestinal diseases,Gastrointestinal diseases,
Therapeutic_Area,782,Gastrointestinal hemorrhage,Gastrointestinal hemorrhage,
Therapeutic_Area,783,Gastrointestinal motility,Gastrointestinal motility,
Therapeutic_Area,784,Gastroparesis,Gastroparesis,
Therapeutic_Area,785,Gastroschisis,Gastroschisis,
Therapeutic_Area,786,Gaucher Disease,Gaucher Disease,
Therapeutic_Area,787,General tonic for rejuvenation,General tonic for rejuvenation,
Therapeutic_Area,788,"Genetic Diseases, Inborn","Genetic Diseases, Inborn",
Therapeutic_Area,789,"Genital Diseases, Female","Genital Diseases, Female",
Therapeutic_Area,790,"Genital Neoplasms, Female","Genital Neoplasms, Female",
Therapeutic_Area,791,"Genital Neoplasms, Male","Genital Neoplasms, Male",
Therapeutic_Area,792,Geographic Atrophy,Geographic Atrophy,
Therapeutic_Area,793,Gestational Trophoblastic Disease,Gestational Trophoblastic Disease,
Therapeutic_Area,794,Giant Cell Arteritis,Giant Cell Arteritis,
Therapeutic_Area,795,Giant Cell Tumor of Bone,Giant Cell Tumor of Bone,
Therapeutic_Area,796,Giant Cell Tumor of Tendon Sheath,Giant Cell Tumor of Tendon Sheath,
Therapeutic_Area,797,Giant Cell Tumors,Giant Cell Tumors,
Therapeutic_Area,798,Giardia,Giardia,
Therapeutic_Area,799,Giardiasis,Giardiasis,
Therapeutic_Area,800,Gingival Diseases,Gingival Diseases,
Therapeutic_Area,801,Gingival Overgrowth,Gingival Overgrowth,
Therapeutic_Area,802,Gingivitis,Gingivitis,
Therapeutic_Area,803,Glaucoma,Glaucoma,
Therapeutic_Area,804,"Glaucoma, Angle-Closure","Glaucoma, Angle-Closure",
Therapeutic_Area,805,"Glaucoma, Neovascular","Glaucoma, Neovascular",
Therapeutic_Area,806,"Glaucoma, Open-Angle","Glaucoma, Open-Angle",
Therapeutic_Area,807,Glioblastoma,Glioblastoma,
Therapeutic_Area,808,Glioma,Glioma,
Therapeutic_Area,809,Gliosarcoma,Gliosarcoma,
Therapeutic_Area,810,Glomerulonephritis,Glomerulonephritis,
Therapeutic_Area,811,"Glomerulonephritis, IGA","Glomerulonephritis, IGA",
Therapeutic_Area,812,"Glomerulonephritis, Membranoproliferative","Glomerulonephritis, Membranoproliferative",
Therapeutic_Area,813,"Glomerulonephritis, Membranous","Glomerulonephritis, Membranous",
Therapeutic_Area,814,"Glomerulosclerosis, Focal Segmental","Glomerulosclerosis, Focal Segmental",
Therapeutic_Area,815,Glossopharyngeal Nerve Diseases,Glossopharyngeal Nerve Diseases,
Therapeutic_Area,816,Glucose Intolerance,Glucose Intolerance,
Therapeutic_Area,817,Glucosephosphate Dehydrogenase Deficiency,Glucosephosphate Dehydrogenase Deficiency,
Therapeutic_Area,818,Glycogen Storage Disease,Glycogen Storage Disease,
Therapeutic_Area,819,Glycogen Storage Disease Type I,Glycogen Storage Disease Type I,
Therapeutic_Area,820,Glycogen Storage Disease Type II,Glycogen Storage Disease Type II,
Therapeutic_Area,821,Glycogen Storage Disease Type III,Glycogen Storage Disease Type III,
Therapeutic_Area,822,Glycogen Storage Disease Type V,Glycogen Storage Disease Type V,
Therapeutic_Area,823,Glycogen Storage Disease Type VII,Glycogen Storage Disease Type VII,
Therapeutic_Area,824,Gonorrhea,Gonorrhea,
Therapeutic_Area,825,Gout,Gout,
Therapeutic_Area,826,Graft vs Host Disease,Graft vs Host Disease,
Therapeutic_Area,827,Gram-Negative Bacterial Infections,Gram-Negative Bacterial Infections,
Therapeutic_Area,828,Gram-Positive Bacterial Infections,Gram-Positive Bacterial Infections,
Therapeutic_Area,829,Granuloma,Granuloma,
Therapeutic_Area,830,Granuloma Annulare,Granuloma Annulare,
Therapeutic_Area,831,Granuloma Inguinale,Granuloma Inguinale,
Therapeutic_Area,832,"Granuloma, Lethal Midline","Granuloma, Lethal Midline",
Therapeutic_Area,833,"Granuloma, Plasma Cell","Granuloma, Plasma Cell",
Therapeutic_Area,834,"Granuloma, Pyogenic","Granuloma, Pyogenic",
Therapeutic_Area,835,Granulomatosis with Polyangiitis,Granulomatosis with Polyangiitis,
Therapeutic_Area,836,"Granulomatous Disease, Chronic","Granulomatous Disease, Chronic",
Therapeutic_Area,837,Granulosa Cell Tumor,Granulosa Cell Tumor,
Therapeutic_Area,838,Graves Disease,Graves Disease,
Therapeutic_Area,839,Graves Ophthalmopathy,Graves Ophthalmopathy,
Therapeutic_Area,840,Graves ophthalmopathy,Graves ophthalmopathy,
Therapeutic_Area,841,Guillain-Barre Syndrome,Guillain-Barre Syndrome,
Therapeutic_Area,842,Gynecomastia,Gynecomastia,
Therapeutic_Area,843,HELLP Syndrome,HELLP Syndrome,
Therapeutic_Area,844,HIV,HIV,
Therapeutic_Area,845,HIV Infections,HIV Infections,
Therapeutic_Area,846,HIV Wasting Syndrome,HIV Wasting Syndrome,
Therapeutic_Area,847,HIV-1,HIV-1,
Therapeutic_Area,848,HIV-Associated Lipodystrophy Syndrome,HIV-Associated Lipodystrophy Syndrome,
Therapeutic_Area,849,HTLV-I Infections,HTLV-I Infections,
Therapeutic_Area,850,Hair loss,Hair loss,
Therapeutic_Area,851,Hallucinations,Hallucinations,
Therapeutic_Area,852,Hallux Valgus,Hallux Valgus,
Therapeutic_Area,853,"Hamartoma Syndrome, Multiple","Hamartoma Syndrome, Multiple",
Therapeutic_Area,854,Hand Dermatoses,Hand Dermatoses,
Therapeutic_Area,855,"Hand, Foot and Mouth Disease","Hand, Foot and Mouth Disease",
Therapeutic_Area,856,Hand-Foot Syndrome,Hand-Foot Syndrome,
Therapeutic_Area,857,Hantavirus Infections,Hantavirus Infections,
Therapeutic_Area,858,Hashimoto Disease,Hashimoto Disease,
Therapeutic_Area,859,Head and Neck Neoplasms,Head and Neck Neoplasms,
Therapeutic_Area,860,Headache,Headache,
Therapeutic_Area,861,Headache Disorders,Headache Disorders,
Therapeutic_Area,862,Healthcare-Associated Pneumonia,Healthcare-Associated Pneumonia,
Therapeutic_Area,863,Hearing Loss,Hearing Loss,
Therapeutic_Area,864,"Hearing Loss, Noise-Induced","Hearing Loss, Noise-Induced",
Therapeutic_Area,865,"Hearing Loss, Sensorineural","Hearing Loss, Sensorineural",
Therapeutic_Area,866,"Hearing Loss, Sudden","Hearing Loss, Sudden",
Therapeutic_Area,867,Heart Arrest,Heart Arrest,
Therapeutic_Area,868,"Heart Defects, Congenital","Heart Defects, Congenital",
Therapeutic_Area,869,Heart Disease Risk Factors,Heart Disease Risk Factors,
Therapeutic_Area,870,Heart Diseases,Heart Diseases,
Therapeutic_Area,871,Heart Failure,Heart Failure,
Therapeutic_Area,872,"Heart Failure, Diastolic","Heart Failure, Diastolic",
Therapeutic_Area,873,"Heart Failure, Systolic","Heart Failure, Systolic",
Therapeutic_Area,874,"Heart Septal Defects, Atrial","Heart Septal Defects, Atrial",
Therapeutic_Area,875,"Heart Septal Defects, Ventricular","Heart Septal Defects, Ventricular",
Therapeutic_Area,876,Heart diseases,Heart diseases,
Therapeutic_Area,877,Heartburn,Heartburn,
Therapeutic_Area,878,Heat Stroke,Heat Stroke,
Therapeutic_Area,879,Heat stroke,Heat stroke,
Therapeutic_Area,880,Heavy Metal Poisoning,Heavy Metal Poisoning,
Therapeutic_Area,881,Helicobacter Infections,Helicobacter Infections,
Therapeutic_Area,882,Helminthiasis,Helminthiasis,
Therapeutic_Area,883,Hemangioblastoma,Hemangioblastoma,
Therapeutic_Area,884,Hemangioendothelioma,Hemangioendothelioma,
Therapeutic_Area,885,"Hemangioendothelioma, Epithelioid","Hemangioendothelioma, Epithelioid",
Therapeutic_Area,886,Hemangioma,Hemangioma,
Therapeutic_Area,887,"Hemangioma, Cavernous, Central Nervous System","Hemangioma, Cavernous, Central Nervous System",
Therapeutic_Area,888,Hemangiosarcoma,Hemangiosarcoma,
Therapeutic_Area,889,Hematemesis,Hematemesis,
Therapeutic_Area,890,Hematologic Diseases,Hematologic Diseases,
Therapeutic_Area,891,Hematologic Neoplasms,Hematologic Neoplasms,
Therapeutic_Area,892,Hematologic diseases,Hematologic diseases,
Therapeutic_Area,893,Hematoma,Hematoma,
Therapeutic_Area,894,"Hematoma, Subdural, Intracranial","Hematoma, Subdural, Intracranial",
Therapeutic_Area,895,Hematopoietic Stem Cell Transplantation,Hematopoietic Stem Cell Transplantation,
Therapeutic_Area,896,Hematuria,Hematuria,
Therapeutic_Area,897,Hemiplegia,Hemiplegia,
Therapeutic_Area,898,Hemochromatosis,Hemochromatosis,
Therapeutic_Area,899,Hemoglobin SC Disease,Hemoglobin SC Disease,
Therapeutic_Area,900,Hemoglobinopathies,Hemoglobinopathies,
Therapeutic_Area,901,Hemoglobinuria,Hemoglobinuria,
Therapeutic_Area,902,"Hemoglobinuria, Paroxysmal","Hemoglobinuria, Paroxysmal",
Therapeutic_Area,903,Hemolysis,Hemolysis,
Therapeutic_Area,904,Hemophilia A,Hemophilia A,
Therapeutic_Area,905,Hemophilia B,Hemophilia B,
Therapeutic_Area,906,Hemophilia a,Hemophilia a,
Therapeutic_Area,907,Hemoptysis,Hemoptysis,
Therapeutic_Area,908,Hemorrhage,Hemorrhage,
Therapeutic_Area,909,Hemorrhagic Disorders,Hemorrhagic Disorders,
Therapeutic_Area,910,Hemorrhagic Fever with Renal Syndrome,Hemorrhagic Fever with Renal Syndrome,
Therapeutic_Area,911,"Hemorrhagic Fever, Ebola","Hemorrhagic Fever, Ebola",
Therapeutic_Area,912,Hemorrhoids,Hemorrhoids,
Therapeutic_Area,913,Hemosiderosis,Hemosiderosis,
Therapeutic_Area,914,Hemostasis,Hemostasis,
Therapeutic_Area,915,Hepatic Encephalopathy,Hepatic Encephalopathy,
Therapeutic_Area,916,Hepatic Veno-Occlusive Disease,Hepatic Veno-Occlusive Disease,
Therapeutic_Area,917,Hepatitis,Hepatitis,
Therapeutic_Area,918,Hepatitis B,Hepatitis B,
Therapeutic_Area,919,"Hepatitis B, Chronic","Hepatitis B, Chronic",
Therapeutic_Area,920,Hepatitis C,Hepatitis C,
Therapeutic_Area,921,"Hepatitis C, Chronic","Hepatitis C, Chronic",
Therapeutic_Area,922,Hepatitis D,Hepatitis D,
Therapeutic_Area,923,Hepatitis E,Hepatitis E,
Therapeutic_Area,924,Hepatitis b,Hepatitis b,
Therapeutic_Area,925,"Hepatitis, Alcoholic","Hepatitis, Alcoholic",
Therapeutic_Area,926,"Hepatitis, Autoimmune","Hepatitis, Autoimmune",
Therapeutic_Area,927,"Hepatitis, Chronic","Hepatitis, Chronic",
Therapeutic_Area,928,"Hepatitis, Viral, Human","Hepatitis, Viral, Human",
Therapeutic_Area,929,Hepatoblastoma,Hepatoblastoma,
Therapeutic_Area,930,Hepatolenticular Degeneration,Hepatolenticular Degeneration,
Therapeutic_Area,931,Hepatomegaly,Hepatomegaly,
Therapeutic_Area,932,Hepatopulmonary Syndrome,Hepatopulmonary Syndrome,
Therapeutic_Area,933,Hepatorenal Syndrome,Hepatorenal Syndrome,
Therapeutic_Area,934,Hereditary Breast and Ovarian Cancer Syndrome,Hereditary Breast and Ovarian Cancer Syndrome,
Therapeutic_Area,935,Hermanski-Pudlak Syndrome,Hermanski-Pudlak Syndrome,
Therapeutic_Area,936,Hernia,Hernia,
Therapeutic_Area,937,"Hernia, Inguinal","Hernia, Inguinal",
Therapeutic_Area,938,"Hernia, Umbilical","Hernia, Umbilical",
Therapeutic_Area,939,"Hernia, Ventral","Hernia, Ventral",
Therapeutic_Area,940,"Hernias, Diaphragmatic, Congenital","Hernias, Diaphragmatic, Congenital",
Therapeutic_Area,941,Heroin Dependence,Heroin Dependence,
Therapeutic_Area,942,Herpes Genitalis,Herpes Genitalis,
Therapeutic_Area,943,Herpes Labialis,Herpes Labialis,
Therapeutic_Area,944,Herpes Simplex,Herpes Simplex,
Therapeutic_Area,945,Herpes Zoster,Herpes Zoster,
Therapeutic_Area,946,Herpes Zoster Ophthalmicus,Herpes Zoster Ophthalmicus,
Therapeutic_Area,947,Herpes simplex,Herpes simplex,
Therapeutic_Area,948,Herpes zoster,Herpes zoster,
Therapeutic_Area,949,"Herpesvirus 1, human","Herpesvirus 1, human",
Therapeutic_Area,950,"Herpesvirus 2, human","Herpesvirus 2, human",
Therapeutic_Area,951,Hiccup,Hiccup,
Therapeutic_Area,952,Hidradenitis Suppurativa,Hidradenitis Suppurativa,
Therapeutic_Area,953,Hip Fractures,Hip Fractures,
Therapeutic_Area,954,Hirsutism,Hirsutism,
Therapeutic_Area,955,Histamine antagonists,Histamine antagonists,
Therapeutic_Area,956,Histiocytoma,Histiocytoma,
Therapeutic_Area,957,"Histiocytoma, Malignant Fibrous","Histiocytoma, Malignant Fibrous",
Therapeutic_Area,958,Histiocytosis,Histiocytosis,
Therapeutic_Area,959,"Histiocytosis, Langerhans-Cell","Histiocytosis, Langerhans-Cell",
Therapeutic_Area,960,"Histiocytosis, Sinus","Histiocytosis, Sinus",
Therapeutic_Area,961,Histoplasmosis,Histoplasmosis,
Therapeutic_Area,962,Hoarseness,Hoarseness,
Therapeutic_Area,963,Hodgkin Disease,Hodgkin Disease,
Therapeutic_Area,964,Homocystinuria,Homocystinuria,
Therapeutic_Area,965,Hookworm Infections,Hookworm Infections,
Therapeutic_Area,966,Hot Flashes,Hot Flashes,
Therapeutic_Area,967,Humeral Fractures,Humeral Fractures,
Therapeutic_Area,968,Huntington Disease,Huntington Disease,
Therapeutic_Area,969,Hyaline Membrane Disease,Hyaline Membrane Disease,
Therapeutic_Area,970,Hydatidiform Mole,Hydatidiform Mole,
Therapeutic_Area,971,"Hydrocephalus, Normal Pressure","Hydrocephalus, Normal Pressure",
Therapeutic_Area,972,Hyperaldosteronism,Hyperaldosteronism,
Therapeutic_Area,973,Hyperammonemia,Hyperammonemia,
Therapeutic_Area,974,Hyperandrogenism,Hyperandrogenism,
Therapeutic_Area,975,Hypercalcemia,Hypercalcemia,
Therapeutic_Area,976,Hypercholesterolemia,Hypercholesterolemia,
Therapeutic_Area,977,Hyperemesis Gravidarum,Hyperemesis Gravidarum,
Therapeutic_Area,978,Hyperemia,Hyperemia,
Therapeutic_Area,979,Hypereosinophilic Syndrome,Hypereosinophilic Syndrome,
Therapeutic_Area,980,Hyperhidrosis,Hyperhidrosis,
Therapeutic_Area,981,Hyperinsulinism,Hyperinsulinism,
Therapeutic_Area,982,Hyperkalemia,Hyperkalemia,
Therapeutic_Area,983,"Hyperlipidemia, Familial Combined","Hyperlipidemia, Familial Combined",
Therapeutic_Area,984,Hyperlipidemias,Hyperlipidemias,
Therapeutic_Area,985,Hyperlipoproteinemia Type I,Hyperlipoproteinemia Type I,
Therapeutic_Area,986,Hyperlipoproteinemia Type II,Hyperlipoproteinemia Type II,
Therapeutic_Area,987,Hyperlipoproteinemia Type III,Hyperlipoproteinemia Type III,
Therapeutic_Area,988,Hyperlipoproteinemia Type IV,Hyperlipoproteinemia Type IV,
Therapeutic_Area,989,Hyperlipoproteinemias,Hyperlipoproteinemias,
Therapeutic_Area,990,Hypernatremia,Hypernatremia,
Therapeutic_Area,991,Hyperopia,Hyperopia,
Therapeutic_Area,992,"Hyperoxaluria, Primary","Hyperoxaluria, Primary",
Therapeutic_Area,993,Hyperparathyroidism,Hyperparathyroidism,
Therapeutic_Area,994,"Hyperparathyroidism, Primary","Hyperparathyroidism, Primary",
Therapeutic_Area,995,"Hyperparathyroidism, Secondary","Hyperparathyroidism, Secondary",
Therapeutic_Area,996,Hyperphosphatemia,Hyperphosphatemia,
Therapeutic_Area,997,Hyperpigmentation,Hyperpigmentation,
Therapeutic_Area,998,Hyperplasia,Hyperplasia,
Therapeutic_Area,999,Hyperprolactinemia,Hyperprolactinemia,
Therapeutic_Area,1000,Hypersensitivity,Hypersensitivity,
Therapeutic_Area,1001,Hypertension,Hypertension,
Therapeutic_Area,1002,"Hypertension, Malignant","Hypertension, Malignant",
Therapeutic_Area,1003,"Hypertension, Portal","Hypertension, Portal",
Therapeutic_Area,1004,"Hypertension, Pregnancy-Induced","Hypertension, Pregnancy-Induced",
Therapeutic_Area,1005,"Hypertension, Pulmonary","Hypertension, Pulmonary",
Therapeutic_Area,1006,"Hypertension, Renovascular","Hypertension, Renovascular",
Therapeutic_Area,1007,Hyperthermia,Hyperthermia,
Therapeutic_Area,1008,Hyperthyroidism,Hyperthyroidism,
Therapeutic_Area,1009,Hypertriglyceridemia,Hypertriglyceridemia,
Therapeutic_Area,1010,Hypertrophy,Hypertrophy,
Therapeutic_Area,1011,"Hypertrophy, Left Ventricular","Hypertrophy, Left Ventricular",
Therapeutic_Area,1012,Hyperuricemia,Hyperuricemia,
Therapeutic_Area,1013,Hypnotics and sedatives,Hypnotics and sedatives,
Therapeutic_Area,1014,"Hypoadrenocorticism, Familial","Hypoadrenocorticism, Familial",
Therapeutic_Area,1015,Hypoalbuminemia,Hypoalbuminemia,
Therapeutic_Area,1016,Hypobetalipoproteinemias,Hypobetalipoproteinemias,
Therapeutic_Area,1017,Hypocalcemia,Hypocalcemia,
Therapeutic_Area,1018,Hypoglycemia,Hypoglycemia,
Therapeutic_Area,1019,Hypoglycemic agents,Hypoglycemic agents,
Therapeutic_Area,1020,Hypogonadism,Hypogonadism,
Therapeutic_Area,1021,Hypokalemic Periodic Paralysis,Hypokalemic Periodic Paralysis,
Therapeutic_Area,1022,Hypolipidemic agents,Hypolipidemic agents,
Therapeutic_Area,1023,Hyponatremia,Hyponatremia,
Therapeutic_Area,1024,Hypoparathyroidism,Hypoparathyroidism,
Therapeutic_Area,1025,Hypopharyngeal Neoplasms,Hypopharyngeal Neoplasms,
Therapeutic_Area,1026,Hypophosphatemia,Hypophosphatemia,
Therapeutic_Area,1027,"Hypophosphatemia, Familial","Hypophosphatemia, Familial",
Therapeutic_Area,1028,"Hypophosphatemia, familial","Hypophosphatemia, familial",
Therapeutic_Area,1029,Hypopigmentation,Hypopigmentation,
Therapeutic_Area,1030,Hypopituitarism,Hypopituitarism,
Therapeutic_Area,1031,Hypoplastic Left Heart Syndrome,Hypoplastic Left Heart Syndrome,
Therapeutic_Area,1032,Hypospadias,Hypospadias,
Therapeutic_Area,1033,Hypotension,Hypotension,
Therapeutic_Area,1034,"Hypotension, Orthostatic","Hypotension, Orthostatic",
Therapeutic_Area,1035,Hypothermia,Hypothermia,
Therapeutic_Area,1036,Hypothyroidism,Hypothyroidism,
Therapeutic_Area,1037,Hypotrichosis,Hypotrichosis,
Therapeutic_Area,1038,Hypovolemia,Hypovolemia,
Therapeutic_Area,1039,Hypoxia,Hypoxia,
Therapeutic_Area,1040,"Hypoxia-Ischemia, Brain","Hypoxia-Ischemia, Brain",
Therapeutic_Area,1041,Ichthyosis,Ichthyosis,
Therapeutic_Area,1042,"Ichthyosis, Lamellar","Ichthyosis, Lamellar",
Therapeutic_Area,1043,Idiopathic Hypersomnia,Idiopathic Hypersomnia,
Therapeutic_Area,1044,Idiopathic Pulmonary Fibrosis,Idiopathic Pulmonary Fibrosis,
Therapeutic_Area,1045,IgA Vasculitis,IgA Vasculitis,
Therapeutic_Area,1046,Ileus,Ileus,
Therapeutic_Area,1047,Immune System Diseases,Immune System Diseases,
Therapeutic_Area,1048,Immunoblastic Lymphadenopathy,Immunoblastic Lymphadenopathy,
Therapeutic_Area,1049,Immunoglobulin G4-Related Disease,Immunoglobulin G4-Related Disease,
Therapeutic_Area,1050,Immunoglobulin Light-chain Amyloidosis,Immunoglobulin Light-chain Amyloidosis,
Therapeutic_Area,1051,Immunologic Deficiency Syndromes,Immunologic Deficiency Syndromes,
Therapeutic_Area,1052,Immunostimulant,Immunostimulant,
Therapeutic_Area,1053,Immunosuppressive agents,Immunosuppressive agents,
Therapeutic_Area,1054,Impetigo,Impetigo,
Therapeutic_Area,1055,Inappropriate ADH Syndrome,Inappropriate ADH Syndrome,
Therapeutic_Area,1056,"Increase physical endurance, strength and stamina","Increase physical endurance, strength and stamina",
Therapeutic_Area,1057,Infection,Infection,
Therapeutic_Area,1058,Infections,Infections,
Therapeutic_Area,1059,Infectious Mononucleosis,Infectious Mononucleosis,
Therapeutic_Area,1060,Infertility,Infertility,
Therapeutic_Area,1061,"Infertility, Female","Infertility, Female",
Therapeutic_Area,1062,"Infertility, Male","Infertility, Male",
Therapeutic_Area,1063,Inflammation,Inflammation,
Therapeutic_Area,1064,Inflammatory Bowel Diseases,Inflammatory Bowel Diseases,
Therapeutic_Area,1065,Inflammatory Breast Neoplasms,Inflammatory Breast Neoplasms,
Therapeutic_Area,1066,Inflammatory bowel diseases,Inflammatory bowel diseases,
Therapeutic_Area,1067,Influenza in Birds,Influenza in Birds,
Therapeutic_Area,1068,"Influenza, Human","Influenza, Human",
Therapeutic_Area,1069,Insect Bites and Stings,Insect Bites and Stings,
Therapeutic_Area,1070,Insect bites and stings,Insect bites and stings,
Therapeutic_Area,1071,Insect repellents,Insect repellents,
Therapeutic_Area,1072,Insecticides,Insecticides,
Therapeutic_Area,1073,Insulin Resistance,Insulin Resistance,
Therapeutic_Area,1074,Insulinoma,Insulinoma,
Therapeutic_Area,1075,Intellectual Disability,Intellectual Disability,
Therapeutic_Area,1076,Intelligence,Intelligence,
Therapeutic_Area,1077,Intermittent Claudication,Intermittent Claudication,
Therapeutic_Area,1078,Intertrigo,Intertrigo,
Therapeutic_Area,1079,Intervertebral Disc Degeneration,Intervertebral Disc Degeneration,
Therapeutic_Area,1080,Intervertebral Disc Displacement,Intervertebral Disc Displacement,
Therapeutic_Area,1081,Intestinal Diseases,Intestinal Diseases,
Therapeutic_Area,1082,Intestinal Neoplasms,Intestinal Neoplasms,
Therapeutic_Area,1083,Intestinal Obstruction,Intestinal Obstruction,
Therapeutic_Area,1084,Intestinal Polyps,Intestinal Polyps,
Therapeutic_Area,1085,Intestinal Pseudo-Obstruction,Intestinal Pseudo-Obstruction,
Therapeutic_Area,1086,Intestinal diseases,Intestinal diseases,
Therapeutic_Area,1087,"Intestinal diseases, parasitic","Intestinal diseases, parasitic",
Therapeutic_Area,1088,Intraabdominal Infections,Intraabdominal Infections,
Therapeutic_Area,1089,Intracranial Aneurysm,Intracranial Aneurysm,
Therapeutic_Area,1090,Intracranial Arteriosclerosis,Intracranial Arteriosclerosis,
Therapeutic_Area,1091,Intracranial Arteriovenous Malformations,Intracranial Arteriovenous Malformations,
Therapeutic_Area,1092,Intracranial Hemorrhages,Intracranial Hemorrhages,
Therapeutic_Area,1093,Intracranial Hypertension,Intracranial Hypertension,
Therapeutic_Area,1094,Intraocular Pressure,Intraocular Pressure,
Therapeutic_Area,1095,Intussusception,Intussusception,
Therapeutic_Area,1096,Invasive Fungal Infections,Invasive Fungal Infections,
Therapeutic_Area,1097,Iridocyclitis,Iridocyclitis,
Therapeutic_Area,1098,Iritis,Iritis,
Therapeutic_Area,1099,Iron Overload,Iron Overload,
Therapeutic_Area,1100,Irritable Bowel Syndrome,Irritable Bowel Syndrome,
Therapeutic_Area,1101,Irritable bowel syndrome,Irritable bowel syndrome,
Therapeutic_Area,1102,Ischemia,Ischemia,
Therapeutic_Area,1103,"Ischemic Attack, Transient","Ischemic Attack, Transient",
Therapeutic_Area,1104,Ischemic Stroke,Ischemic Stroke,
Therapeutic_Area,1105,Jaundice,Jaundice,
Therapeutic_Area,1106,"Jaundice, Obstructive","Jaundice, Obstructive",
Therapeutic_Area,1107,Job Syndrome,Job Syndrome,
Therapeutic_Area,1108,Joint Diseases,Joint Diseases,
Therapeutic_Area,1109,Kallmann Syndrome,Kallmann Syndrome,
Therapeutic_Area,1110,Keloid,Keloid,
Therapeutic_Area,1111,Keratitis,Keratitis,
Therapeutic_Area,1112,"Keratitis, Herpetic","Keratitis, Herpetic",
Therapeutic_Area,1113,"Keratitis, herpetic","Keratitis, herpetic",
Therapeutic_Area,1114,Keratoconjunctivitis,Keratoconjunctivitis,
Therapeutic_Area,1115,Keratoconus,Keratoconus,
Therapeutic_Area,1116,Keratosis,Keratosis,
Therapeutic_Area,1117,"Keratosis, Actinic","Keratosis, Actinic",
Therapeutic_Area,1118,"Keratosis, Seborrheic","Keratosis, Seborrheic",
Therapeutic_Area,1119,Kidney Calculi,Kidney Calculi,
Therapeutic_Area,1120,Kidney Diseases,Kidney Diseases,
Therapeutic_Area,1121,"Kidney Failure, Chronic","Kidney Failure, Chronic",
Therapeutic_Area,1122,Kidney Neoplasms,Kidney Neoplasms,
Therapeutic_Area,1123,Kidney Transplantation,Kidney Transplantation,
Therapeutic_Area,1124,"Kidney Tubular Necrosis, Acute","Kidney Tubular Necrosis, Acute",
Therapeutic_Area,1125,Kidney calculi,Kidney calculi,
Therapeutic_Area,1126,Kidney diseases,Kidney diseases,
Therapeutic_Area,1127,Klatskin Tumor,Klatskin Tumor,
Therapeutic_Area,1128,Klinefelter Syndrome,Klinefelter Syndrome,
Therapeutic_Area,1129,Knee Injuries,Knee Injuries,
Therapeutic_Area,1130,Labor pain,Labor pain,
Therapeutic_Area,1131,Lacrimal Apparatus Diseases,Lacrimal Apparatus Diseases,
Therapeutic_Area,1132,Lactation disorders,Lactation disorders,
Therapeutic_Area,1133,Lambert-Eaton Myasthenic Syndrome,Lambert-Eaton Myasthenic Syndrome,
Therapeutic_Area,1134,Laminopathies,Laminopathies,
Therapeutic_Area,1135,Landau-Kleffner Syndrome,Landau-Kleffner Syndrome,
Therapeutic_Area,1136,Language Disorders,Language Disorders,
Therapeutic_Area,1137,Laryngeal Edema,Laryngeal Edema,
Therapeutic_Area,1138,Laryngeal Neoplasms,Laryngeal Neoplasms,
Therapeutic_Area,1139,Laryngismus,Laryngismus,
Therapeutic_Area,1140,Laryngomalacia,Laryngomalacia,
Therapeutic_Area,1141,Laryngopharyngeal Reflux,Laryngopharyngeal Reflux,
Therapeutic_Area,1142,Lassa Fever,Lassa Fever,
Therapeutic_Area,1143,Latent Autoimmune Diabetes in Adults,Latent Autoimmune Diabetes in Adults,
Therapeutic_Area,1144,Laxatives,Laxatives,
Therapeutic_Area,1145,Lead Poisoning,Lead Poisoning,
Therapeutic_Area,1146,Learning Disabilities,Learning Disabilities,
Therapeutic_Area,1147,Lecithin Cholesterol Acyltransferase Deficiency,Lecithin Cholesterol Acyltransferase Deficiency,
Therapeutic_Area,1148,Leiomyoma,Leiomyoma,
Therapeutic_Area,1149,Leiomyosarcoma,Leiomyosarcoma,
Therapeutic_Area,1150,Leishmaniasis,Leishmaniasis,
Therapeutic_Area,1151,"Leishmaniasis, Cutaneous","Leishmaniasis, Cutaneous",
Therapeutic_Area,1152,"Leishmaniasis, Mucocutaneous","Leishmaniasis, Mucocutaneous",
Therapeutic_Area,1153,"Leishmaniasis, Visceral","Leishmaniasis, Visceral",
Therapeutic_Area,1154,"Leishmaniasis, visceral","Leishmaniasis, visceral",
Therapeutic_Area,1155,Lennox Gastaut Syndrome,Lennox Gastaut Syndrome,
Therapeutic_Area,1156,Lentigo,Lentigo,
Therapeutic_Area,1157,Leprosy,Leprosy,
Therapeutic_Area,1158,Leptospirosis,Leptospirosis,
Therapeutic_Area,1159,Lesch-Nyhan Syndrome,Lesch-Nyhan Syndrome,
Therapeutic_Area,1160,Leukemia,Leukemia,
Therapeutic_Area,1161,"Leukemia, Basophilic, Acute","Leukemia, Basophilic, Acute",
Therapeutic_Area,1162,"Leukemia, Biphenotypic, Acute","Leukemia, Biphenotypic, Acute",
Therapeutic_Area,1163,"Leukemia, Erythroblastic, Acute","Leukemia, Erythroblastic, Acute",
Therapeutic_Area,1164,"Leukemia, Hairy Cell","Leukemia, Hairy Cell",
Therapeutic_Area,1165,"Leukemia, Large Granular Lymphocytic","Leukemia, Large Granular Lymphocytic",
Therapeutic_Area,1166,"Leukemia, Lymphocytic, Chronic, B-Cell","Leukemia, Lymphocytic, Chronic, B-Cell",
Therapeutic_Area,1167,"Leukemia, Lymphoid","Leukemia, Lymphoid",
Therapeutic_Area,1168,"Leukemia, Mast-Cell","Leukemia, Mast-Cell",
Therapeutic_Area,1169,"Leukemia, Megakaryoblastic, Acute","Leukemia, Megakaryoblastic, Acute",
Therapeutic_Area,1170,"Leukemia, Monocytic, Acute","Leukemia, Monocytic, Acute",
Therapeutic_Area,1171,"Leukemia, Myelogenous, Chronic, BCR-ABL Positive","Leukemia, Myelogenous, Chronic, BCR-ABL Positive",
Therapeutic_Area,1172,"Leukemia, Myeloid","Leukemia, Myeloid",
Therapeutic_Area,1173,"Leukemia, Myeloid, Acute","Leukemia, Myeloid, Acute",
Therapeutic_Area,1174,"Leukemia, Myelomonocytic, Acute","Leukemia, Myelomonocytic, Acute",
Therapeutic_Area,1175,"Leukemia, Myelomonocytic, Chronic","Leukemia, Myelomonocytic, Chronic",
Therapeutic_Area,1176,"Leukemia, Myelomonocytic, Juvenile","Leukemia, Myelomonocytic, Juvenile",
Therapeutic_Area,1177,"Leukemia, Neutrophilic, Chronic","Leukemia, Neutrophilic, Chronic",
Therapeutic_Area,1178,"Leukemia, Plasma Cell","Leukemia, Plasma Cell",
Therapeutic_Area,1179,"Leukemia, Prolymphocytic","Leukemia, Prolymphocytic",
Therapeutic_Area,1180,"Leukemia, Prolymphocytic, B-Cell","Leukemia, Prolymphocytic, B-Cell",
Therapeutic_Area,1181,"Leukemia, Prolymphocytic, T-Cell","Leukemia, Prolymphocytic, T-Cell",
Therapeutic_Area,1182,"Leukemia, Promyelocytic, Acute","Leukemia, Promyelocytic, Acute",
Therapeutic_Area,1183,"Leukemia, T-Cell","Leukemia, T-Cell",
Therapeutic_Area,1184,"Leukemia-Lymphoma, Adult T-Cell","Leukemia-Lymphoma, Adult T-Cell",
Therapeutic_Area,1185,"Leukodystrophy, Globoid Cell","Leukodystrophy, Globoid Cell",
Therapeutic_Area,1186,"Leukodystrophy, Metachromatic","Leukodystrophy, Metachromatic",
Therapeutic_Area,1187,"Leukoencephalopathy, Progressive Multifocal","Leukoencephalopathy, Progressive Multifocal",
Therapeutic_Area,1188,"Leukomalacia, Periventricular","Leukomalacia, Periventricular",
Therapeutic_Area,1189,Leukopenia,Leukopenia,
Therapeutic_Area,1190,"Leukoplakia, Oral","Leukoplakia, Oral",
Therapeutic_Area,1191,Leukorrhea,Leukorrhea,
Therapeutic_Area,1192,Lewy Body Disease,Lewy Body Disease,
Therapeutic_Area,1193,Li-Fraumeni Syndrome,Li-Fraumeni Syndrome,
Therapeutic_Area,1194,Lice Infestations,Lice Infestations,
Therapeutic_Area,1195,Lice infestations,Lice infestations,
Therapeutic_Area,1196,Lichen Planus,Lichen Planus,
Therapeutic_Area,1197,"Lichen Planus, Oral","Lichen Planus, Oral",
Therapeutic_Area,1198,Lichen Sclerosus et Atrophicus,Lichen Sclerosus et Atrophicus,
Therapeutic_Area,1199,Lipid Metabolism Disorders,Lipid Metabolism Disorders,
Therapeutic_Area,1200,Lipodystrophy,Lipodystrophy,
Therapeutic_Area,1201,"Lipodystrophy, Familial Partial","Lipodystrophy, Familial Partial",
Therapeutic_Area,1202,Lipoma,Lipoma,
Therapeutic_Area,1203,Liposarcoma,Liposarcoma,
Therapeutic_Area,1204,"Liposarcoma, Myxoid","Liposarcoma, Myxoid",
Therapeutic_Area,1205,Lithiasis,Lithiasis,
Therapeutic_Area,1206,Liver Abscess,Liver Abscess,
Therapeutic_Area,1207,Liver Cirrhosis,Liver Cirrhosis,
Therapeutic_Area,1208,"Liver Cirrhosis, Alcoholic","Liver Cirrhosis, Alcoholic",
Therapeutic_Area,1209,"Liver Cirrhosis, Biliary","Liver Cirrhosis, Biliary",
Therapeutic_Area,1210,Liver Diseases,Liver Diseases,
Therapeutic_Area,1211,"Liver Diseases, Alcoholic","Liver Diseases, Alcoholic",
Therapeutic_Area,1212,Liver Failure,Liver Failure,
Therapeutic_Area,1213,"Liver Failure, Acute","Liver Failure, Acute",
Therapeutic_Area,1214,Liver Neoplasms,Liver Neoplasms,
Therapeutic_Area,1215,Liver Transplantation,Liver Transplantation,
Therapeutic_Area,1216,Liver diseases,Liver diseases,
Therapeutic_Area,1217,Loiasis,Loiasis,
Therapeutic_Area,1218,Low Back Pain,Low Back Pain,
Therapeutic_Area,1219,Low Tension Glaucoma,Low Tension Glaucoma,
Therapeutic_Area,1220,Low back pain,Low back pain,
Therapeutic_Area,1221,Lung Abscess,Lung Abscess,
Therapeutic_Area,1222,Lung Diseases,Lung Diseases,
Therapeutic_Area,1223,"Lung Diseases, Interstitial","Lung Diseases, Interstitial",
Therapeutic_Area,1224,"Lung Diseases, Obstructive","Lung Diseases, Obstructive",
Therapeutic_Area,1225,Lung Neoplasms,Lung Neoplasms,
Therapeutic_Area,1226,Lung diseases,Lung diseases,
Therapeutic_Area,1227,"Lupus Erythematosus, Cutaneous","Lupus Erythematosus, Cutaneous",
Therapeutic_Area,1228,"Lupus Erythematosus, Discoid","Lupus Erythematosus, Discoid",
Therapeutic_Area,1229,"Lupus Erythematosus, Systemic","Lupus Erythematosus, Systemic",
Therapeutic_Area,1230,Lupus Nephritis,Lupus Nephritis,
Therapeutic_Area,1231,Lyme Disease,Lyme Disease,
Therapeutic_Area,1232,Lymphadenitis,Lymphadenitis,
Therapeutic_Area,1233,Lymphangioleiomyomatosis,Lymphangioleiomyomatosis,
Therapeutic_Area,1234,Lymphangioma,Lymphangioma,
Therapeutic_Area,1235,Lymphedema,Lymphedema,
Therapeutic_Area,1236,"Lymphohistiocytosis, Hemophagocytic","Lymphohistiocytosis, Hemophagocytic",
Therapeutic_Area,1237,Lymphoma,Lymphoma,
Therapeutic_Area,1238,"Lymphoma, AIDS-Related","Lymphoma, AIDS-Related",
Therapeutic_Area,1239,"Lymphoma, B-Cell","Lymphoma, B-Cell",
Therapeutic_Area,1240,"Lymphoma, B-Cell, Marginal Zone","Lymphoma, B-Cell, Marginal Zone",
Therapeutic_Area,1241,"Lymphoma, Follicular","Lymphoma, Follicular",
Therapeutic_Area,1242,"Lymphoma, Large B-Cell, Diffuse","Lymphoma, Large B-Cell, Diffuse",
Therapeutic_Area,1243,"Lymphoma, Large-Cell, Anaplastic","Lymphoma, Large-Cell, Anaplastic",
Therapeutic_Area,1244,"Lymphoma, Mantle-Cell","Lymphoma, Mantle-Cell",
Therapeutic_Area,1245,"Lymphoma, Non-Hodgkin","Lymphoma, Non-Hodgkin",
Therapeutic_Area,1246,"Lymphoma, Primary Effusion","Lymphoma, Primary Effusion",
Therapeutic_Area,1247,"Lymphoma, T-Cell","Lymphoma, T-Cell",
Therapeutic_Area,1248,"Lymphoma, T-Cell, Cutaneous","Lymphoma, T-Cell, Cutaneous",
Therapeutic_Area,1249,"Lymphoma, T-Cell, Peripheral","Lymphoma, T-Cell, Peripheral",
Therapeutic_Area,1250,Lymphopenia,Lymphopenia,
Therapeutic_Area,1251,Lymphoproliferative Disorders,Lymphoproliferative Disorders,
Therapeutic_Area,1252,MELAS Syndrome,MELAS Syndrome,
Therapeutic_Area,1253,Machado-Joseph Disease,Machado-Joseph Disease,
Therapeutic_Area,1254,Macrophage Activation Syndrome,Macrophage Activation Syndrome,
Therapeutic_Area,1255,Macular Degeneration,Macular Degeneration,
Therapeutic_Area,1256,Macular Edema,Macular Edema,
Therapeutic_Area,1257,Magnesium Deficiency,Magnesium Deficiency,
Therapeutic_Area,1258,Magnetic Resonance Angiography,Magnetic Resonance Angiography,
Therapeutic_Area,1259,Magnetic Resonance Imaging,Magnetic Resonance Imaging,
Therapeutic_Area,1260,Malabsorption syndromes,Malabsorption syndromes,
Therapeutic_Area,1261,Malaria,Malaria,
Therapeutic_Area,1262,"Malaria, Falciparum","Malaria, Falciparum",
Therapeutic_Area,1263,"Malaria, Vivax","Malaria, Vivax",
Therapeutic_Area,1264,Malignant Atrophic Papulosis,Malignant Atrophic Papulosis,
Therapeutic_Area,1265,Malignant Carcinoid Syndrome,Malignant Carcinoid Syndrome,
Therapeutic_Area,1266,Malignant Hyperthermia,Malignant Hyperthermia,
Therapeutic_Area,1267,Malnutrition,Malnutrition,
Therapeutic_Area,1268,Mansonelliasis,Mansonelliasis,
Therapeutic_Area,1269,Maple Syrup Urine Disease,Maple Syrup Urine Disease,
Therapeutic_Area,1270,Marfan Syndrome,Marfan Syndrome,
Therapeutic_Area,1271,Marijuana Abuse,Marijuana Abuse,
Therapeutic_Area,1272,Mastitis,Mastitis,
Therapeutic_Area,1273,Mastocytosis,Mastocytosis,
Therapeutic_Area,1274,"Mastocytosis, Systemic","Mastocytosis, Systemic",
Therapeutic_Area,1275,Mastodynia,Mastodynia,
Therapeutic_Area,1276,Mastoiditis,Mastoiditis,
Therapeutic_Area,1277,Maxillary Sinusitis,Maxillary Sinusitis,
Therapeutic_Area,1278,Measles,Measles,
Therapeutic_Area,1279,Mediastinal Neoplasms,Mediastinal Neoplasms,
Therapeutic_Area,1280,Medication Adherence,Medication Adherence,
Therapeutic_Area,1281,Medulloblastoma,Medulloblastoma,
Therapeutic_Area,1282,Meibomian Gland Dysfunction,Meibomian Gland Dysfunction,
Therapeutic_Area,1283,Melanoma,Melanoma,
Therapeutic_Area,1284,Melanosis,Melanosis,
Therapeutic_Area,1285,Memory,Memory,
Therapeutic_Area,1286,Memory Disorders,Memory Disorders,
Therapeutic_Area,1287,Memory disorders,Memory disorders,
Therapeutic_Area,1288,"Memory, Short-Term","Memory, Short-Term",
Therapeutic_Area,1289,Meniere Disease,Meniere Disease,
Therapeutic_Area,1290,Meningeal Carcinomatosis,Meningeal Carcinomatosis,
Therapeutic_Area,1291,Meningeal Neoplasms,Meningeal Neoplasms,
Therapeutic_Area,1292,Meningioma,Meningioma,
Therapeutic_Area,1293,Meningitis,Meningitis,
Therapeutic_Area,1294,"Meningitis, Aseptic","Meningitis, Aseptic",
Therapeutic_Area,1295,"Meningitis, Bacterial","Meningitis, Bacterial",
Therapeutic_Area,1296,"Meningitis, Cryptococcal","Meningitis, Cryptococcal",
Therapeutic_Area,1297,"Meningitis, Pneumococcal","Meningitis, Pneumococcal",
Therapeutic_Area,1298,Meningococcal Infections,Meningococcal Infections,
Therapeutic_Area,1299,Menopause,Menopause,
Therapeutic_Area,1300,Menorrhagia,Menorrhagia,
Therapeutic_Area,1301,Menstruation disturbances,Menstruation disturbances,
Therapeutic_Area,1302,Menstruation-inducing agents,Menstruation-inducing agents,
Therapeutic_Area,1303,Mental Disorders,Mental Disorders,
Therapeutic_Area,1304,Mental disorders,Mental disorders,
Therapeutic_Area,1305,Mesothelioma,Mesothelioma,
Therapeutic_Area,1306,"Mesothelioma, Malignant","Mesothelioma, Malignant",
Therapeutic_Area,1307,Metabolic Diseases,Metabolic Diseases,
Therapeutic_Area,1308,Metabolic Syndrome,Metabolic Syndrome,
Therapeutic_Area,1309,"Metabolism, Inborn Errors","Metabolism, Inborn Errors",
Therapeutic_Area,1310,"Metal Metabolism, Inborn Errors","Metal Metabolism, Inborn Errors",
Therapeutic_Area,1311,Methemoglobinemia,Methemoglobinemia,
Therapeutic_Area,1312,Metrorrhagia,Metrorrhagia,
Therapeutic_Area,1313,Microscopic Polyangiitis,Microscopic Polyangiitis,
Therapeutic_Area,1314,Migraine Disorders,Migraine Disorders,
Therapeutic_Area,1315,Migraine disorders,Migraine disorders,
Therapeutic_Area,1316,Migraine with Aura,Migraine with Aura,
Therapeutic_Area,1317,Migraine without Aura,Migraine without Aura,
Therapeutic_Area,1318,Miosis,Miosis,
Therapeutic_Area,1319,Mitochondrial Diseases,Mitochondrial Diseases,
Therapeutic_Area,1320,Mitral Valve Insufficiency,Mitral Valve Insufficiency,
Therapeutic_Area,1321,Mitral Valve Stenosis,Mitral Valve Stenosis,
Therapeutic_Area,1322,Molluscacides,Molluscacides,
Therapeutic_Area,1323,Molluscum Contagiosum,Molluscum Contagiosum,
Therapeutic_Area,1324,Mononeuropathies,Mononeuropathies,
Therapeutic_Area,1325,Mood Disorders,Mood Disorders,
Therapeutic_Area,1326,Morphine Dependence,Morphine Dependence,
Therapeutic_Area,1327,Morton Neuroma,Morton Neuroma,
Therapeutic_Area,1328,Mosaic viruses,Mosaic viruses,
Therapeutic_Area,1329,Motion Sickness,Motion Sickness,
Therapeutic_Area,1330,Motor Activity,Motor Activity,
Therapeutic_Area,1331,Motor Neuron Disease,Motor Neuron Disease,
Therapeutic_Area,1332,Mouth Neoplasms,Mouth Neoplasms,
Therapeutic_Area,1333,Movement Disorders,Movement Disorders,
Therapeutic_Area,1334,"Mpox, Monkeypox","Mpox, Monkeypox",
Therapeutic_Area,1335,Mucocutaneous Lymph Node Syndrome,Mucocutaneous Lymph Node Syndrome,
Therapeutic_Area,1336,Mucopolysaccharidoses,Mucopolysaccharidoses,
Therapeutic_Area,1337,Mucopolysaccharidosis I,Mucopolysaccharidosis I,
Therapeutic_Area,1338,Mucopolysaccharidosis II,Mucopolysaccharidosis II,
Therapeutic_Area,1339,Mucopolysaccharidosis III,Mucopolysaccharidosis III,
Therapeutic_Area,1340,Mucopolysaccharidosis VI,Mucopolysaccharidosis VI,
Therapeutic_Area,1341,Mucormycosis,Mucormycosis,
Therapeutic_Area,1342,Mucositis,Mucositis,
Therapeutic_Area,1343,Multiple Myeloma,Multiple Myeloma,
Therapeutic_Area,1344,Multiple Organ Failure,Multiple Organ Failure,
Therapeutic_Area,1345,Multiple Sclerosis,Multiple Sclerosis,
Therapeutic_Area,1346,"Multiple Sclerosis, Chronic Progressive","Multiple Sclerosis, Chronic Progressive",
Therapeutic_Area,1347,"Multiple Sclerosis, Relapsing-Remitting","Multiple Sclerosis, Relapsing-Remitting",
Therapeutic_Area,1348,Multiple System Atrophy,Multiple System Atrophy,
Therapeutic_Area,1349,Muscle Cramp,Muscle Cramp,
Therapeutic_Area,1350,Muscle Rigidity,Muscle Rigidity,
Therapeutic_Area,1351,Muscle Spasticity,Muscle Spasticity,
Therapeutic_Area,1352,Muscle Weakness,Muscle Weakness,
Therapeutic_Area,1353,"Muscular Atrophy, Spinal","Muscular Atrophy, Spinal",
Therapeutic_Area,1354,Muscular Diseases,Muscular Diseases,
Therapeutic_Area,1355,Muscular Dystrophies,Muscular Dystrophies,
Therapeutic_Area,1356,"Muscular Dystrophies, Limb-Girdle","Muscular Dystrophies, Limb-Girdle",
Therapeutic_Area,1357,"Muscular Dystrophy, Duchenne","Muscular Dystrophy, Duchenne",
Therapeutic_Area,1358,"Muscular Dystrophy, Facioscapulohumeral","Muscular Dystrophy, Facioscapulohumeral",
Therapeutic_Area,1359,Musculoskeletal Diseases,Musculoskeletal Diseases,
Therapeutic_Area,1360,Musculoskeletal Pain,Musculoskeletal Pain,
Therapeutic_Area,1361,Myalgia,Myalgia,
Therapeutic_Area,1362,Myasthenia Gravis,Myasthenia Gravis,
Therapeutic_Area,1363,"Myasthenic Syndromes, Congenital","Myasthenic Syndromes, Congenital",
Therapeutic_Area,1364,Mycetoma,Mycetoma,
Therapeutic_Area,1365,Mycobacterium Infections,Mycobacterium Infections,
Therapeutic_Area,1366,Mycobacterium avium-intracellulare Infection,Mycobacterium avium-intracellulare Infection,
Therapeutic_Area,1367,Mycoses,Mycoses,
Therapeutic_Area,1368,Mycosis Fungoides,Mycosis Fungoides,
Therapeutic_Area,1369,Mydriasis,Mydriasis,
Therapeutic_Area,1370,Myelodysplastic Syndromes,Myelodysplastic Syndromes,
Therapeutic_Area,1371,Myelodysplastic-Myeloproliferative Diseases,Myelodysplastic-Myeloproliferative Diseases,
Therapeutic_Area,1372,Myeloproliferative Disorders,Myeloproliferative Disorders,
Therapeutic_Area,1373,Myocardial Infarction,Myocardial Infarction,
Therapeutic_Area,1374,Myocardial Ischemia,Myocardial Ischemia,
Therapeutic_Area,1375,Myocardial Perfusion Imaging,Myocardial Perfusion Imaging,
Therapeutic_Area,1376,Myocardial depressant factor,Myocardial depressant factor,
Therapeutic_Area,1377,Myocarditis,Myocarditis,
Therapeutic_Area,1378,"Myoclonic Epilepsy, Juvenile","Myoclonic Epilepsy, Juvenile",
Therapeutic_Area,1379,Myoepithelioma,Myoepithelioma,
Therapeutic_Area,1380,Myofascial Pain Syndromes,Myofascial Pain Syndromes,
Therapeutic_Area,1381,Myoma,Myoma,
Therapeutic_Area,1382,"Myopathies, Nemaline","Myopathies, Nemaline",
Therapeutic_Area,1383,Myopia,Myopia,
Therapeutic_Area,1384,"Myopia, Degenerative","Myopia, Degenerative",
Therapeutic_Area,1385,Myositis,Myositis,
Therapeutic_Area,1386,Myositis Ossificans,Myositis Ossificans,
Therapeutic_Area,1387,"Myositis, Inclusion Body","Myositis, Inclusion Body",
Therapeutic_Area,1388,Myotonic Disorders,Myotonic Disorders,
Therapeutic_Area,1389,Myotonic Dystrophy,Myotonic Dystrophy,
Therapeutic_Area,1390,Myxedema,Myxedema,
Therapeutic_Area,1391,Narcolepsy,Narcolepsy,
Therapeutic_Area,1392,Nasal Obstruction,Nasal Obstruction,
Therapeutic_Area,1393,Nasal Polyps,Nasal Polyps,
Therapeutic_Area,1394,Nasopharyngeal Carcinoma,Nasopharyngeal Carcinoma,
Therapeutic_Area,1395,Nasopharyngeal Neoplasms,Nasopharyngeal Neoplasms,
Therapeutic_Area,1396,Nausea,Nausea,
Therapeutic_Area,1397,Necatoriasis,Necatoriasis,
Therapeutic_Area,1398,Neck Pain,Neck Pain,
Therapeutic_Area,1399,Necrobiosis Lipoidica,Necrobiosis Lipoidica,
Therapeutic_Area,1400,Necrosis,Necrosis,
Therapeutic_Area,1401,Neonatal Abstinence Syndrome,Neonatal Abstinence Syndrome,
Therapeutic_Area,1402,Neonatal Sepsis,Neonatal Sepsis,
Therapeutic_Area,1403,Neoplasm Metastasis,Neoplasm Metastasis,
Therapeutic_Area,1404,Neoplasms,Neoplasms,
Therapeutic_Area,1405,"Neoplasms, Complex and Mixed","Neoplasms, Complex and Mixed",
Therapeutic_Area,1406,"Neoplasms, Cystic, Mucinous, and Serous","Neoplasms, Cystic, Mucinous, and Serous",
Therapeutic_Area,1407,"Neoplasms, Germ Cell and Embryonal","Neoplasms, Germ Cell and Embryonal",
Therapeutic_Area,1408,"Neoplasms, Neuroepithelial","Neoplasms, Neuroepithelial",
Therapeutic_Area,1409,"Neoplasms, Plasma Cell","Neoplasms, Plasma Cell",
Therapeutic_Area,1410,Neoplastic Processes,Neoplastic Processes,
Therapeutic_Area,1411,"Nephritis, Hereditary","Nephritis, Hereditary",
Therapeutic_Area,1412,"Nephritis, Interstitial","Nephritis, Interstitial",
Therapeutic_Area,1413,Nephrocalcinosis,Nephrocalcinosis,
Therapeutic_Area,1414,Nephrogenic Fibrosing Dermopathy,Nephrogenic Fibrosing Dermopathy,
Therapeutic_Area,1415,Nephrosis,Nephrosis,
Therapeutic_Area,1416,"Nephrosis, Lipoid","Nephrosis, Lipoid",
Therapeutic_Area,1417,Nephrotic Syndrome,Nephrotic Syndrome,
Therapeutic_Area,1418,Nervous System Diseases,Nervous System Diseases,
Therapeutic_Area,1419,Nervous System Neoplasms,Nervous System Neoplasms,
Therapeutic_Area,1420,Nervous system diseases,Nervous system diseases,
Therapeutic_Area,1421,Netherton Syndrome,Netherton Syndrome,
Therapeutic_Area,1422,Neural Tube Defects,Neural Tube Defects,
Therapeutic_Area,1423,Neuralgia,Neuralgia,
Therapeutic_Area,1424,"Neuralgia, Postherpetic","Neuralgia, Postherpetic",
Therapeutic_Area,1425,Neurasthenia,Neurasthenia,
Therapeutic_Area,1426,Neurilemmoma,Neurilemmoma,
Therapeutic_Area,1427,Neuroaspergillosis,Neuroaspergillosis,
Therapeutic_Area,1428,Neurobehavioral Manifestations,Neurobehavioral Manifestations,
Therapeutic_Area,1429,Neuroblastoma,Neuroblastoma,
Therapeutic_Area,1430,Neurocysticercosis,Neurocysticercosis,
Therapeutic_Area,1431,Neurodegenerative Diseases,Neurodegenerative Diseases,
Therapeutic_Area,1432,Neurodevelopmental Disorders,Neurodevelopmental Disorders,
Therapeutic_Area,1433,"Neuroectodermal Tumors, Primitive","Neuroectodermal Tumors, Primitive",
Therapeutic_Area,1434,"Neuroectodermal Tumors, Primitive, Peripheral","Neuroectodermal Tumors, Primitive, Peripheral",
Therapeutic_Area,1435,Neuroendocrine Tumors,Neuroendocrine Tumors,
Therapeutic_Area,1436,Neurofibroma,Neurofibroma,
Therapeutic_Area,1437,"Neurofibroma, Plexiform","Neurofibroma, Plexiform",
Therapeutic_Area,1438,Neurofibromatoses,Neurofibromatoses,
Therapeutic_Area,1439,Neurofibromatosis 1,Neurofibromatosis 1,
Therapeutic_Area,1440,Neurofibromatosis 2,Neurofibromatosis 2,
Therapeutic_Area,1441,Neuroma,Neuroma,
Therapeutic_Area,1442,"Neuroma, Acoustic","Neuroma, Acoustic",
Therapeutic_Area,1443,Neuromuscular Blockade,Neuromuscular Blockade,
Therapeutic_Area,1444,Neuromuscular Diseases,Neuromuscular Diseases,
Therapeutic_Area,1445,Neuromuscular Junction Diseases,Neuromuscular Junction Diseases,
Therapeutic_Area,1446,Neuromuscular agents,Neuromuscular agents,
Therapeutic_Area,1447,Neuromyelitis Optica,Neuromyelitis Optica,
Therapeutic_Area,1448,Neuronal Ceroid-Lipofuscinoses,Neuronal Ceroid-Lipofuscinoses,
Therapeutic_Area,1449,Neurotic Disorders,Neurotic Disorders,
Therapeutic_Area,1450,Neutropenia,Neutropenia,
Therapeutic_Area,1451,"Nevus, Pigmented","Nevus, Pigmented",
Therapeutic_Area,1452,"Niemann-Pick Disease, Type C","Niemann-Pick Disease, Type C",
Therapeutic_Area,1453,Niemann-Pick Diseases,Niemann-Pick Diseases,
Therapeutic_Area,1454,Nijmegen Breakage Syndrome,Nijmegen Breakage Syndrome,
Therapeutic_Area,1455,Nocturnal enuresis,Nocturnal enuresis,
Therapeutic_Area,1456,Non-ST Elevated Myocardial Infarction,Non-ST Elevated Myocardial Infarction,
Therapeutic_Area,1457,Non-alcoholic Fatty Liver Disease,Non-alcoholic Fatty Liver Disease,
Therapeutic_Area,1458,Noonan Syndrome,Noonan Syndrome,
Therapeutic_Area,1459,Nutrition Disorders,Nutrition Disorders,
Therapeutic_Area,1460,Obesity,Obesity,
Therapeutic_Area,1461,"Obesity, Morbid","Obesity, Morbid",
Therapeutic_Area,1462,Obsessive-Compulsive Disorder,Obsessive-Compulsive Disorder,
Therapeutic_Area,1463,Ocular Hypertension,Ocular Hypertension,
Therapeutic_Area,1464,Oligodendroglioma,Oligodendroglioma,
Therapeutic_Area,1465,Oligohydramnios,Oligohydramnios,
Therapeutic_Area,1466,Onchocerciasis,Onchocerciasis,
Therapeutic_Area,1467,"Onchocerciasis, Ocular","Onchocerciasis, Ocular",
Therapeutic_Area,1468,Onychomycosis,Onychomycosis,
Therapeutic_Area,1469,"Ophthalmia, Sympathetic","Ophthalmia, Sympathetic",
Therapeutic_Area,1470,Ophthalmologic Surgical Procedures,Ophthalmologic Surgical Procedures,
Therapeutic_Area,1471,Opiate Overdose,Opiate Overdose,
Therapeutic_Area,1472,Opioid-Related Disorders,Opioid-Related Disorders,
Therapeutic_Area,1473,Opisthorchiasis,Opisthorchiasis,
Therapeutic_Area,1474,Opsoclonus-Myoclonus Syndrome,Opsoclonus-Myoclonus Syndrome,
Therapeutic_Area,1475,"Optic Atrophy, Hereditary, Leber","Optic Atrophy, Hereditary, Leber",
Therapeutic_Area,1476,Optic Nerve Diseases,Optic Nerve Diseases,
Therapeutic_Area,1477,Optic Nerve Glioma,Optic Nerve Glioma,
Therapeutic_Area,1478,Optic Neuritis,Optic Neuritis,
Therapeutic_Area,1479,"Optic Neuropathy, Ischemic","Optic Neuropathy, Ischemic",
Therapeutic_Area,1480,Optical Imaging,Optical Imaging,
Therapeutic_Area,1481,Oral Submucous Fibrosis,Oral Submucous Fibrosis,
Therapeutic_Area,1482,Oral Ulcer,Oral Ulcer,
Therapeutic_Area,1483,Oral ulcer,Oral ulcer,
Therapeutic_Area,1484,Orbital Pseudotumor,Orbital Pseudotumor,
Therapeutic_Area,1485,Orchitis,Orchitis,
Therapeutic_Area,1486,Organophosphate Poisoning,Organophosphate Poisoning,
Therapeutic_Area,1487,Ornithine Carbamoyltransferase Deficiency Disease,Ornithine Carbamoyltransferase Deficiency Disease,
Therapeutic_Area,1488,Oropharyngeal Neoplasms,Oropharyngeal Neoplasms,
Therapeutic_Area,1489,Orthomyxoviridae Infections,Orthomyxoviridae Infections,
Therapeutic_Area,1490,Orthostatic Intolerance,Orthostatic Intolerance,
Therapeutic_Area,1491,"Ossification, Heterotopic","Ossification, Heterotopic",
Therapeutic_Area,1492,Osteitis Deformans,Osteitis Deformans,
Therapeutic_Area,1493,Osteoarthritis,Osteoarthritis,
Therapeutic_Area,1494,"Osteoarthritis, Hip","Osteoarthritis, Hip",
Therapeutic_Area,1495,"Osteoarthritis, Knee","Osteoarthritis, Knee",
Therapeutic_Area,1496,Osteogenesis Imperfecta,Osteogenesis Imperfecta,
Therapeutic_Area,1497,Osteomalacia,Osteomalacia,
Therapeutic_Area,1498,Osteomyelitis,Osteomyelitis,
Therapeutic_Area,1499,Osteonecrosis,Osteonecrosis,
Therapeutic_Area,1500,Osteopetrosis,Osteopetrosis,
Therapeutic_Area,1501,Osteoporosis,Osteoporosis,
Therapeutic_Area,1502,"Osteoporosis, Postmenopausal","Osteoporosis, Postmenopausal",
Therapeutic_Area,1503,Osteoporotic Fractures,Osteoporotic Fractures,
Therapeutic_Area,1504,Osteoradionecrosis,Osteoradionecrosis,
Therapeutic_Area,1505,Osteosarcoma,Osteosarcoma,
Therapeutic_Area,1506,Otitis Externa,Otitis Externa,
Therapeutic_Area,1507,Otitis Media,Otitis Media,
Therapeutic_Area,1508,Otitis Media with Effusion,Otitis Media with Effusion,
Therapeutic_Area,1509,"Otitis Media, Suppurative","Otitis Media, Suppurative",
Therapeutic_Area,1510,Otomycosis,Otomycosis,
Therapeutic_Area,1511,Otosclerosis,Otosclerosis,
Therapeutic_Area,1512,Ototoxicity,Ototoxicity,
Therapeutic_Area,1513,Ovarian Cysts,Ovarian Cysts,
Therapeutic_Area,1514,Ovarian Hyperstimulation Syndrome,Ovarian Hyperstimulation Syndrome,
Therapeutic_Area,1515,Ovarian Neoplasms,Ovarian Neoplasms,
Therapeutic_Area,1516,POEMS Syndrome,POEMS Syndrome,
Therapeutic_Area,1517,Pachyonychia Congenita,Pachyonychia Congenita,
Therapeutic_Area,1518,"Paget Disease, Extramammary","Paget Disease, Extramammary",
Therapeutic_Area,1519,Pain,Pain,
Therapeutic_Area,1520,"Pain, Postoperative","Pain, Postoperative",
Therapeutic_Area,1521,Pancreatic Cyst,Pancreatic Cyst,
Therapeutic_Area,1522,Pancreatic Neoplasms,Pancreatic Neoplasms,
Therapeutic_Area,1523,Pancreatitis,Pancreatitis,
Therapeutic_Area,1524,"Pancreatitis, Chronic","Pancreatitis, Chronic",
Therapeutic_Area,1525,Panic Disorder,Panic Disorder,
Therapeutic_Area,1526,Pantothenate Kinase-Associated Neurodegeneration,Pantothenate Kinase-Associated Neurodegeneration,
Therapeutic_Area,1527,Panuveitis,Panuveitis,
Therapeutic_Area,1528,Papilledema,Papilledema,
Therapeutic_Area,1529,Papilloma,Papilloma,
Therapeutic_Area,1530,"Papilloma, Inverted","Papilloma, Inverted",
Therapeutic_Area,1531,Papillomavirus Infections,Papillomavirus Infections,
Therapeutic_Area,1532,Paraganglioma,Paraganglioma,
Therapeutic_Area,1533,Paralysis,Paralysis,
Therapeutic_Area,1534,"Paralysis, Hyperkalemic Periodic","Paralysis, Hyperkalemic Periodic",
Therapeutic_Area,1535,Parametritis,Parametritis,
Therapeutic_Area,1536,Paranasal Sinus Neoplasms,Paranasal Sinus Neoplasms,
Therapeutic_Area,1537,Paraneoplastic Syndromes,Paraneoplastic Syndromes,
Therapeutic_Area,1538,"Paraneoplastic Syndromes, Nervous System","Paraneoplastic Syndromes, Nervous System",
Therapeutic_Area,1539,"Paraparesis, Tropical Spastic","Paraparesis, Tropical Spastic",
Therapeutic_Area,1540,Paraplegia,Paraplegia,
Therapeutic_Area,1541,Paraproteinemias,Paraproteinemias,
Therapeutic_Area,1542,Parapsoriasis,Parapsoriasis,
Therapeutic_Area,1543,Parasympatholytics,Parasympatholytics,
Therapeutic_Area,1544,Parathyroid Diseases,Parathyroid Diseases,
Therapeutic_Area,1545,Parathyroid Neoplasms,Parathyroid Neoplasms,
Therapeutic_Area,1546,Parkinson Disease,Parkinson Disease,
Therapeutic_Area,1547,"Parkinson Disease, Postencephalitic","Parkinson Disease, Postencephalitic",
Therapeutic_Area,1548,"Parkinson Disease, Secondary","Parkinson Disease, Secondary",
Therapeutic_Area,1549,Parkinsonian Disorders,Parkinsonian Disorders,
Therapeutic_Area,1550,Paronychia,Paronychia,
Therapeutic_Area,1551,Peanut Hypersensitivity,Peanut Hypersensitivity,
Therapeutic_Area,1552,Pectoralis muscles,Pectoralis muscles,
Therapeutic_Area,1553,Pelvic Inflammatory Disease,Pelvic Inflammatory Disease,
Therapeutic_Area,1554,Pelvic Organ Prolapse,Pelvic Organ Prolapse,
Therapeutic_Area,1555,"Pemphigoid, Benign Mucous Membrane","Pemphigoid, Benign Mucous Membrane",
Therapeutic_Area,1556,"Pemphigoid, Bullous","Pemphigoid, Bullous",
Therapeutic_Area,1557,Pemphigus,Pemphigus,
Therapeutic_Area,1558,Penile Induration,Penile Induration,
Therapeutic_Area,1559,Penile Neoplasms,Penile Neoplasms,
Therapeutic_Area,1560,Peptic Ulcer,Peptic Ulcer,
Therapeutic_Area,1561,Peptic ulcer,Peptic ulcer,
Therapeutic_Area,1562,Perceptual Disorders,Perceptual Disorders,
Therapeutic_Area,1563,Percutaneous Coronary Intervention,Percutaneous Coronary Intervention,
Therapeutic_Area,1564,Peri-Implantitis,Peri-Implantitis,
Therapeutic_Area,1565,Periapical Periodontitis,Periapical Periodontitis,
Therapeutic_Area,1566,Periarthritis,Periarthritis,
Therapeutic_Area,1567,Pericardial Effusion,Pericardial Effusion,
Therapeutic_Area,1568,Pericarditis,Pericarditis,
Therapeutic_Area,1569,Periodontal Diseases,Periodontal Diseases,
Therapeutic_Area,1570,Periodontal Pocket,Periodontal Pocket,
Therapeutic_Area,1571,Periodontal diseases,Periodontal diseases,
Therapeutic_Area,1572,Periodontitis,Periodontitis,
Therapeutic_Area,1573,Peripartum Cardiomyopathy,Peripartum Cardiomyopathy,
Therapeutic_Area,1574,Peripheral Arterial Disease,Peripheral Arterial Disease,
Therapeutic_Area,1575,Peripheral Nerve Injuries,Peripheral Nerve Injuries,
Therapeutic_Area,1576,Peripheral Nervous System Diseases,Peripheral Nervous System Diseases,
Therapeutic_Area,1577,Peripheral Vascular Diseases,Peripheral Vascular Diseases,
Therapeutic_Area,1578,Peripheral nervous system diseases,Peripheral nervous system diseases,
Therapeutic_Area,1579,Peritoneal Neoplasms,Peritoneal Neoplasms,
Therapeutic_Area,1580,Peritonitis,Peritonitis,
Therapeutic_Area,1581,Perivascular Epithelioid Cell Neoplasms,Perivascular Epithelioid Cell Neoplasms,
Therapeutic_Area,1582,Peroxisomal Disorders,Peroxisomal Disorders,
Therapeutic_Area,1583,Persian Gulf Syndrome,Persian Gulf Syndrome,
Therapeutic_Area,1584,Persistent Fetal Circulation Syndrome,Persistent Fetal Circulation Syndrome,
Therapeutic_Area,1585,Peutz-Jeghers Syndrome,Peutz-Jeghers Syndrome,
Therapeutic_Area,1586,Pharyngeal Neoplasms,Pharyngeal Neoplasms,
Therapeutic_Area,1587,Pharyngitis,Pharyngitis,
Therapeutic_Area,1588,Phenylketonurias,Phenylketonurias,
Therapeutic_Area,1589,Pheochromocytoma,Pheochromocytoma,
Therapeutic_Area,1590,Phlebitis,Phlebitis,
Therapeutic_Area,1591,"Phobia, Social","Phobia, Social",
Therapeutic_Area,1592,Phobic Disorders,Phobic Disorders,
Therapeutic_Area,1593,Photosensitivity Disorders,Photosensitivity Disorders,
Therapeutic_Area,1594,Pick Disease of the Brain,Pick Disease of the Brain,
Therapeutic_Area,1595,Pilonidal Sinus,Pilonidal Sinus,
Therapeutic_Area,1596,Pinealoma,Pinealoma,
Therapeutic_Area,1597,Pituitary ACTH Hypersecretion,Pituitary ACTH Hypersecretion,
Therapeutic_Area,1598,Pituitary Neoplasms,Pituitary Neoplasms,
Therapeutic_Area,1599,Pityriasis Rubra Pilaris,Pityriasis Rubra Pilaris,
Therapeutic_Area,1600,Placenta Accreta,Placenta Accreta,
Therapeutic_Area,1601,Placenta Previa,Placenta Previa,
Therapeutic_Area,1602,Placental Insufficiency,Placental Insufficiency,
Therapeutic_Area,1603,Plague,Plague,
Therapeutic_Area,1604,Plasmacytoma,Plasmacytoma,
Therapeutic_Area,1605,Pleural Effusion,Pleural Effusion,
Therapeutic_Area,1606,Pleurisy,Pleurisy,
Therapeutic_Area,1607,Pneumococcal Infections,Pneumococcal Infections,
Therapeutic_Area,1608,Pneumoconiosis,Pneumoconiosis,
Therapeutic_Area,1609,Pneumocystis Infections,Pneumocystis Infections,
Therapeutic_Area,1610,Pneumonia,Pneumonia,
Therapeutic_Area,1611,"Pneumonia, Aspiration","Pneumonia, Aspiration",
Therapeutic_Area,1612,"Pneumonia, Bacterial","Pneumonia, Bacterial",
Therapeutic_Area,1613,"Pneumonia, Pneumococcal","Pneumonia, Pneumococcal",
Therapeutic_Area,1614,"Pneumonia, Pneumocystis","Pneumonia, Pneumocystis",
Therapeutic_Area,1615,"Pneumonia, Staphylococcal","Pneumonia, Staphylococcal",
Therapeutic_Area,1616,"Pneumonia, Ventilator-Associated","Pneumonia, Ventilator-Associated",
Therapeutic_Area,1617,"Pneumonia, Viral","Pneumonia, Viral",
Therapeutic_Area,1618,Pneumothorax,Pneumothorax,
Therapeutic_Area,1619,Poisoning,Poisoning,
Therapeutic_Area,1620,Poliomyelitis,Poliomyelitis,
Therapeutic_Area,1621,Poliovirus,Poliovirus,
Therapeutic_Area,1622,Polycystic Kidney Diseases,Polycystic Kidney Diseases,
Therapeutic_Area,1623,"Polycystic Kidney, Autosomal Dominant","Polycystic Kidney, Autosomal Dominant",
Therapeutic_Area,1624,Polycystic Ovary Syndrome,Polycystic Ovary Syndrome,
Therapeutic_Area,1625,Polycythemia Vera,Polycythemia Vera,
Therapeutic_Area,1626,"Polyendocrinopathies, Autoimmune","Polyendocrinopathies, Autoimmune",
Therapeutic_Area,1627,Polymyalgia Rheumatica,Polymyalgia Rheumatica,
Therapeutic_Area,1628,Polymyositis,Polymyositis,
Therapeutic_Area,1629,Polyneuropathies,Polyneuropathies,
Therapeutic_Area,1630,"Polyradiculoneuropathy, Chronic Inflammatory Demyelinating","Polyradiculoneuropathy, Chronic Inflammatory Demyelinating",
Therapeutic_Area,1631,Polyradiculopathy,Polyradiculopathy,
Therapeutic_Area,1632,Polyuria,Polyuria,
Therapeutic_Area,1633,Porokeratosis,Porokeratosis,
Therapeutic_Area,1634,Porphyria Cutanea Tarda,Porphyria Cutanea Tarda,
Therapeutic_Area,1635,Porphyrias,Porphyrias,
Therapeutic_Area,1636,Port-Wine Stain,Port-Wine Stain,
Therapeutic_Area,1637,Positron-Emission Tomography,Positron-Emission Tomography,
Therapeutic_Area,1638,Post-Acute COVID-19 Syndrome,Post-Acute COVID-19 Syndrome,
Therapeutic_Area,1639,Post-Concussion Syndrome,Post-Concussion Syndrome,
Therapeutic_Area,1640,Postnatal care,Postnatal care,
Therapeutic_Area,1641,Postoperative Complications,Postoperative Complications,
Therapeutic_Area,1642,Postoperative Nausea and Vomiting,Postoperative Nausea and Vomiting,
Therapeutic_Area,1643,Postpartum Hemorrhage,Postpartum Hemorrhage,
Therapeutic_Area,1644,Postpericardiotomy Syndrome,Postpericardiotomy Syndrome,
Therapeutic_Area,1645,Postpoliomyelitis Syndrome,Postpoliomyelitis Syndrome,
Therapeutic_Area,1646,Pouchitis,Pouchitis,
Therapeutic_Area,1647,Poxviridae Infections,Poxviridae Infections,
Therapeutic_Area,1648,Prader-Willi Syndrome,Prader-Willi Syndrome,
Therapeutic_Area,1649,Pre-Eclampsia,Pre-Eclampsia,
Therapeutic_Area,1650,Precancerous Conditions,Precancerous Conditions,
Therapeutic_Area,1651,Precursor Cell Lymphoblastic Leukemia-Lymphoma,Precursor Cell Lymphoblastic Leukemia-Lymphoma,
Therapeutic_Area,1652,Precursor T-Cell Lymphoblastic Leukemia-Lymphoma,Precursor T-Cell Lymphoblastic Leukemia-Lymphoma,
Therapeutic_Area,1653,Prediabetic State,Prediabetic State,
Therapeutic_Area,1654,Pregnancy,Pregnancy,
Therapeutic_Area,1655,"Pregnancy, Ectopic","Pregnancy, Ectopic",
Therapeutic_Area,1656,Premature Birth,Premature Birth,
Therapeutic_Area,1657,Premature Ejaculation,Premature Ejaculation,
Therapeutic_Area,1658,Premedication,Premedication,
Therapeutic_Area,1659,Premenstrual Syndrome,Premenstrual Syndrome,
Therapeutic_Area,1660,Premenstrual syndrome,Premenstrual syndrome,
Therapeutic_Area,1661,Prenatal care,Prenatal care,
Therapeutic_Area,1662,Presbyopia,Presbyopia,
Therapeutic_Area,1663,Pressure Ulcer,Pressure Ulcer,
Therapeutic_Area,1664,Priapism,Priapism,
Therapeutic_Area,1665,Primary Immunodeficiency Diseases,Primary Immunodeficiency Diseases,
Therapeutic_Area,1666,Primary Myelofibrosis,Primary Myelofibrosis,
Therapeutic_Area,1667,Primary Ovarian Insufficiency,Primary Ovarian Insufficiency,
Therapeutic_Area,1668,Proctitis,Proctitis,
Therapeutic_Area,1669,Proctocolitis,Proctocolitis,
Therapeutic_Area,1670,Progeria,Progeria,
Therapeutic_Area,1671,Prognathism,Prognathism,
Therapeutic_Area,1672,Propionic Acidemia,Propionic Acidemia,
Therapeutic_Area,1673,Prostatic Diseases,Prostatic Diseases,
Therapeutic_Area,1674,Prostatic Hyperplasia,Prostatic Hyperplasia,
Therapeutic_Area,1675,Prostatic Intraepithelial Neoplasia,Prostatic Intraepithelial Neoplasia,
Therapeutic_Area,1676,Prostatic Neoplasms,Prostatic Neoplasms,
Therapeutic_Area,1677,"Prostatic Neoplasms, Castration-Resistant","Prostatic Neoplasms, Castration-Resistant",
Therapeutic_Area,1678,Prostatitis,Prostatitis,
Therapeutic_Area,1679,Proteinuria,Proteinuria,
Therapeutic_Area,1680,"Protoporphyria, Erythropoietic","Protoporphyria, Erythropoietic",
Therapeutic_Area,1681,Prurigo,Prurigo,
Therapeutic_Area,1682,Pruritus,Pruritus,
Therapeutic_Area,1683,Pseudohypoaldosteronism,Pseudohypoaldosteronism,
Therapeutic_Area,1684,Pseudomonas Infections,Pseudomonas Infections,
Therapeutic_Area,1685,Pseudomyxoma Peritonei,Pseudomyxoma Peritonei,
Therapeutic_Area,1686,Pseudotumor Cerebri,Pseudotumor Cerebri,
Therapeutic_Area,1687,Pseudoxanthoma Elasticum,Pseudoxanthoma Elasticum,
Therapeutic_Area,1688,Psittacosis,Psittacosis,
Therapeutic_Area,1689,Psoriasis,Psoriasis,
Therapeutic_Area,1690,Psychomotor Agitation,Psychomotor Agitation,
Therapeutic_Area,1691,Psychotic Disorders,Psychotic Disorders,
Therapeutic_Area,1692,Pterygium,Pterygium,
Therapeutic_Area,1693,"Puberty, Precocious","Puberty, Precocious",
Therapeutic_Area,1694,Puerperal disorders,Puerperal disorders,
Therapeutic_Area,1695,Pulmonary Alveolar Proteinosis,Pulmonary Alveolar Proteinosis,
Therapeutic_Area,1696,Pulmonary Arterial Hypertension,Pulmonary Arterial Hypertension,
Therapeutic_Area,1697,Pulmonary Aspergillosis,Pulmonary Aspergillosis,
Therapeutic_Area,1698,"Pulmonary Disease, Chronic Obstructive","Pulmonary Disease, Chronic Obstructive",
Therapeutic_Area,1699,Pulmonary Edema,Pulmonary Edema,
Therapeutic_Area,1700,Pulmonary Embolism,Pulmonary Embolism,
Therapeutic_Area,1701,Pulmonary Eosinophilia,Pulmonary Eosinophilia,
Therapeutic_Area,1702,Pulmonary Fibrosis,Pulmonary Fibrosis,
Therapeutic_Area,1703,Pulmonary Veno-Occlusive Disease,Pulmonary Veno-Occlusive Disease,
Therapeutic_Area,1704,Pulpitis,Pulpitis,
Therapeutic_Area,1705,Purpura,Purpura,
Therapeutic_Area,1706,"Purpura, Thrombocytopenic, Idiopathic","Purpura, Thrombocytopenic, Idiopathic",
Therapeutic_Area,1707,"Purpura, Thrombotic Thrombocytopenic","Purpura, Thrombotic Thrombocytopenic",
Therapeutic_Area,1708,Pyelonephritis,Pyelonephritis,
Therapeutic_Area,1709,Pyoderma,Pyoderma,
Therapeutic_Area,1710,Pyruvate Dehydrogenase Complex Deficiency Disease,Pyruvate Dehydrogenase Complex Deficiency Disease,
Therapeutic_Area,1711,REM Sleep Behavior Disorder,REM Sleep Behavior Disorder,
Therapeutic_Area,1712,Radiation Pneumonitis,Radiation Pneumonitis,
Therapeutic_Area,1713,Radiation-protective agents,Radiation-protective agents,
Therapeutic_Area,1714,Radiculopathy,Radiculopathy,
Therapeutic_Area,1715,Radiodermatitis,Radiodermatitis,
Therapeutic_Area,1716,Radionuclide Imaging,Radionuclide Imaging,
Therapeutic_Area,1717,Radius Fractures,Radius Fractures,
Therapeutic_Area,1718,Raynaud Disease,Raynaud Disease,
Therapeutic_Area,1719,Rectal Diseases,Rectal Diseases,
Therapeutic_Area,1720,Rectal Neoplasms,Rectal Neoplasms,
Therapeutic_Area,1721,Rectal Prolapse,Rectal Prolapse,
Therapeutic_Area,1722,"Red-Cell Aplasia, Pure","Red-Cell Aplasia, Pure",
Therapeutic_Area,1723,Reflex Sympathetic Dystrophy,Reflex Sympathetic Dystrophy,
Therapeutic_Area,1724,"Reflex, Abnormal","Reflex, Abnormal",
Therapeutic_Area,1725,Refractive Errors,Refractive Errors,
Therapeutic_Area,1726,Renal Artery Obstruction,Renal Artery Obstruction,
Therapeutic_Area,1727,Renal Colic,Renal Colic,
Therapeutic_Area,1728,Renal Dialysis,Renal Dialysis,
Therapeutic_Area,1729,Renal Insufficiency,Renal Insufficiency,
Therapeutic_Area,1730,"Renal Insufficiency, Chronic","Renal Insufficiency, Chronic",
Therapeutic_Area,1731,Reperfusion Injury,Reperfusion Injury,
Therapeutic_Area,1732,Respiratory Distress Syndrome,Respiratory Distress Syndrome,
Therapeutic_Area,1733,"Respiratory Distress Syndrome, Newborn","Respiratory Distress Syndrome, Newborn",
Therapeutic_Area,1734,Respiratory Insufficiency,Respiratory Insufficiency,
Therapeutic_Area,1735,Respiratory Sounds,Respiratory Sounds,
Therapeutic_Area,1736,Respiratory Syncytial Virus Infections,Respiratory Syncytial Virus Infections,
Therapeutic_Area,1737,Respiratory Tract Diseases,Respiratory Tract Diseases,
Therapeutic_Area,1738,Respiratory Tract Infections,Respiratory Tract Infections,
Therapeutic_Area,1739,Respiratory Tract Neoplasms,Respiratory Tract Neoplasms,
Therapeutic_Area,1740,Response Evaluation Criteria in Solid Tumors,Response Evaluation Criteria in Solid Tumors,
Therapeutic_Area,1741,Restless Legs Syndrome,Restless Legs Syndrome,
Therapeutic_Area,1742,Retinal Artery Occlusion,Retinal Artery Occlusion,
Therapeutic_Area,1743,Retinal Detachment,Retinal Detachment,
Therapeutic_Area,1744,Retinal Diseases,Retinal Diseases,
Therapeutic_Area,1745,Retinal Dystrophies,Retinal Dystrophies,
Therapeutic_Area,1746,Retinal Neoplasms,Retinal Neoplasms,
Therapeutic_Area,1747,Retinal Neovascularization,Retinal Neovascularization,
Therapeutic_Area,1748,Retinal Perforations,Retinal Perforations,
Therapeutic_Area,1749,Retinal Vein Occlusion,Retinal Vein Occlusion,
Therapeutic_Area,1750,Retinitis,Retinitis,
Therapeutic_Area,1751,Retinitis Pigmentosa,Retinitis Pigmentosa,
Therapeutic_Area,1752,Retinoblastoma,Retinoblastoma,
Therapeutic_Area,1753,Retinopathy of Prematurity,Retinopathy of Prematurity,
Therapeutic_Area,1754,Retinoschisis,Retinoschisis,
Therapeutic_Area,1755,Retroperitoneal Fibrosis,Retroperitoneal Fibrosis,
Therapeutic_Area,1756,Retroviridae Infections,Retroviridae Infections,
Therapeutic_Area,1757,Rett Syndrome,Rett Syndrome,
Therapeutic_Area,1758,Rhabdoid Tumor,Rhabdoid Tumor,
Therapeutic_Area,1759,Rhabdomyolysis,Rhabdomyolysis,
Therapeutic_Area,1760,Rhabdomyosarcoma,Rhabdomyosarcoma,
Therapeutic_Area,1761,"Rhabdomyosarcoma, Alveolar","Rhabdomyosarcoma, Alveolar",
Therapeutic_Area,1762,"Rhabdomyosarcoma, Embryonal","Rhabdomyosarcoma, Embryonal",
Therapeutic_Area,1763,Rheumatic Diseases,Rheumatic Diseases,
Therapeutic_Area,1764,Rheumatic Heart Disease,Rheumatic Heart Disease,
Therapeutic_Area,1765,Rheumatoid arthritis,Rheumatoid arthritis,
Therapeutic_Area,1766,Rhinitis,Rhinitis,
Therapeutic_Area,1767,"Rhinitis, Allergic","Rhinitis, Allergic",
Therapeutic_Area,1768,"Rhinitis, Allergic, Perennial","Rhinitis, Allergic, Perennial",
Therapeutic_Area,1769,"Rhinitis, Allergic, Seasonal","Rhinitis, Allergic, Seasonal",
Therapeutic_Area,1770,"Rhinitis, Vasomotor","Rhinitis, Vasomotor",
Therapeutic_Area,1771,Rhinoscleroma,Rhinoscleroma,
Therapeutic_Area,1772,Rib Fractures,Rib Fractures,
Therapeutic_Area,1773,"Rickets, Hypophosphatemic","Rickets, Hypophosphatemic",
Therapeutic_Area,1774,Rocky Mountain Spotted Fever,Rocky Mountain Spotted Fever,
Therapeutic_Area,1775,Romano-Ward Syndrome,Romano-Ward Syndrome,
Therapeutic_Area,1776,Rosacea,Rosacea,
Therapeutic_Area,1777,Rotator Cuff Injuries,Rotator Cuff Injuries,
Therapeutic_Area,1778,Rubinstein-Taybi Syndrome,Rubinstein-Taybi Syndrome,
Therapeutic_Area,1779,ST Elevation Myocardial Infarction,ST Elevation Myocardial Infarction,
Therapeutic_Area,1780,Salivary Gland Neoplasms,Salivary Gland Neoplasms,
Therapeutic_Area,1781,Salmonella Food Poisoning,Salmonella Food Poisoning,
Therapeutic_Area,1782,Sandhoff Disease,Sandhoff Disease,
Therapeutic_Area,1783,Sarcoidosis,Sarcoidosis,
Therapeutic_Area,1784,"Sarcoidosis, Pulmonary","Sarcoidosis, Pulmonary",
Therapeutic_Area,1785,Sarcoma,Sarcoma,
Therapeutic_Area,1786,"Sarcoma, Alveolar Soft Part","Sarcoma, Alveolar Soft Part",
Therapeutic_Area,1787,"Sarcoma, Clear Cell","Sarcoma, Clear Cell",
Therapeutic_Area,1788,"Sarcoma, Endometrial Stromal","Sarcoma, Endometrial Stromal",
Therapeutic_Area,1789,"Sarcoma, Ewing","Sarcoma, Ewing",
Therapeutic_Area,1790,"Sarcoma, Kaposi","Sarcoma, Kaposi",
Therapeutic_Area,1791,"Sarcoma, Myeloid","Sarcoma, Myeloid",
Therapeutic_Area,1792,"Sarcoma, Synovial","Sarcoma, Synovial",
Therapeutic_Area,1793,Sarcopenia,Sarcopenia,
Therapeutic_Area,1794,Scabies,Scabies,
Therapeutic_Area,1795,Scalp dermatoses,Scalp dermatoses,
Therapeutic_Area,1796,Scarlet Fever,Scarlet Fever,
Therapeutic_Area,1797,Schistosomiasis,Schistosomiasis,
Therapeutic_Area,1798,Schistosomiasis haematobia,Schistosomiasis haematobia,
Therapeutic_Area,1799,Schistosomiasis mansoni,Schistosomiasis mansoni,
Therapeutic_Area,1800,Schizophrenia,Schizophrenia,
Therapeutic_Area,1801,Schizotypal Personality Disorder,Schizotypal Personality Disorder,
Therapeutic_Area,1802,Sciatica,Sciatica,
Therapeutic_Area,1803,Scleritis,Scleritis,
Therapeutic_Area,1804,"Scleroderma, Diffuse","Scleroderma, Diffuse",
Therapeutic_Area,1805,"Scleroderma, Limited","Scleroderma, Limited",
Therapeutic_Area,1806,"Scleroderma, Localized","Scleroderma, Localized",
Therapeutic_Area,1807,"Scleroderma, Systemic","Scleroderma, Systemic",
Therapeutic_Area,1808,"Scleroderma, systemic","Scleroderma, systemic",
Therapeutic_Area,1809,Scoliosis,Scoliosis,
Therapeutic_Area,1810,Scorpion stings,Scorpion stings,
Therapeutic_Area,1811,Scrub Typhus,Scrub Typhus,
Therapeutic_Area,1812,Scurvy,Scurvy,
Therapeutic_Area,1813,Seasonal Affective Disorder,Seasonal Affective Disorder,
Therapeutic_Area,1814,Seizures,Seizures,
Therapeutic_Area,1815,Self-Injurious Behavior,Self-Injurious Behavior,
Therapeutic_Area,1816,Seminoma,Seminoma,
Therapeutic_Area,1817,Sensitivity and Specificity,Sensitivity and Specificity,
Therapeutic_Area,1818,Sepsis,Sepsis,
Therapeutic_Area,1819,Serum Sickness,Serum Sickness,
Therapeutic_Area,1820,Severe Acute Respiratory Syndrome,Severe Acute Respiratory Syndrome,
Therapeutic_Area,1821,Severe Combined Immunodeficiency,Severe Combined Immunodeficiency,
Therapeutic_Area,1822,Severe Dengue,Severe Dengue,
Therapeutic_Area,1823,Sex Chromosome Disorders of Sex Development,Sex Chromosome Disorders of Sex Development,
Therapeutic_Area,1824,Sex Cord-Gonadal Stromal Tumors,Sex Cord-Gonadal Stromal Tumors,
Therapeutic_Area,1825,"Sexual Dysfunction, Physiological","Sexual Dysfunction, Physiological",
Therapeutic_Area,1826,"Sexual Dysfunctions, Psychological","Sexual Dysfunctions, Psychological",
Therapeutic_Area,1827,Sexually Transmitted Diseases,Sexually Transmitted Diseases,
Therapeutic_Area,1828,Sezary Syndrome,Sezary Syndrome,
Therapeutic_Area,1829,Shock,Shock,
Therapeutic_Area,1830,"Shock, Septic","Shock, Septic",
Therapeutic_Area,1831,Short Bowel Syndrome,Short Bowel Syndrome,
Therapeutic_Area,1832,Shoulder Impingement Syndrome,Shoulder Impingement Syndrome,
Therapeutic_Area,1833,Shoulder Pain,Shoulder Pain,
Therapeutic_Area,1834,Shwachman-Diamond Syndrome,Shwachman-Diamond Syndrome,
Therapeutic_Area,1835,Sialorrhea,Sialorrhea,
Therapeutic_Area,1836,Signs and Symptoms,Signs and Symptoms,
Therapeutic_Area,1837,Silicosis,Silicosis,
Therapeutic_Area,1838,Sinusitis,Sinusitis,
Therapeutic_Area,1839,Sjogren's Syndrome,Sjogren's Syndrome,
Therapeutic_Area,1840,Skin Abnormalities,Skin Abnormalities,
Therapeutic_Area,1841,Skin Aging,Skin Aging,
Therapeutic_Area,1842,Skin Diseases,Skin Diseases,
Therapeutic_Area,1843,"Skin Diseases, Bacterial","Skin Diseases, Bacterial",
Therapeutic_Area,1844,"Skin Diseases, Infectious","Skin Diseases, Infectious",
Therapeutic_Area,1845,Skin Manifestations,Skin Manifestations,
Therapeutic_Area,1846,Skin Neoplasms,Skin Neoplasms,
Therapeutic_Area,1847,Skin Ulcer,Skin Ulcer,
Therapeutic_Area,1848,Skin care,Skin care,
Therapeutic_Area,1849,Skin diseases,Skin diseases,
Therapeutic_Area,1850,Sleep Apnea Syndromes,Sleep Apnea Syndromes,
Therapeutic_Area,1851,"Sleep Apnea, Central","Sleep Apnea, Central",
Therapeutic_Area,1852,"Sleep Apnea, Obstructive","Sleep Apnea, Obstructive",
Therapeutic_Area,1853,"Sleep Disorders, Circadian Rhythm","Sleep Disorders, Circadian Rhythm",
Therapeutic_Area,1854,Sleep Initiation and Maintenance Disorders,Sleep Initiation and Maintenance Disorders,
Therapeutic_Area,1855,Sleep Wake Disorders,Sleep Wake Disorders,
Therapeutic_Area,1856,Small Cell Lung Carcinoma,Small Cell Lung Carcinoma,
Therapeutic_Area,1857,Small Fiber Neuropathy,Small Fiber Neuropathy,
Therapeutic_Area,1858,Smallpox,Smallpox,
Therapeutic_Area,1859,Smith-Lemli-Opitz Syndrome,Smith-Lemli-Opitz Syndrome,
Therapeutic_Area,1860,Smith-Magenis Syndrome,Smith-Magenis Syndrome,
Therapeutic_Area,1861,Smoking,Smoking,
Therapeutic_Area,1862,Smoking Cessation,Smoking Cessation,
Therapeutic_Area,1863,Smoldering Multiple Myeloma,Smoldering Multiple Myeloma,
Therapeutic_Area,1864,Snake bites,Snake bites,
Therapeutic_Area,1865,Snoring,Snoring,
Therapeutic_Area,1866,Social Behavior,Social Behavior,
Therapeutic_Area,1867,Soft Tissue Infections,Soft Tissue Infections,
Therapeutic_Area,1868,Soft Tissue Neoplasms,Soft Tissue Neoplasms,
Therapeutic_Area,1869,Solitary Fibrous Tumors,Solitary Fibrous Tumors,
Therapeutic_Area,1870,Somatoform Disorders,Somatoform Disorders,
Therapeutic_Area,1871,Somatostatinoma,Somatostatinoma,
Therapeutic_Area,1872,Spasm,Spasm,
Therapeutic_Area,1873,"Spasms, Infantile","Spasms, Infantile",
Therapeutic_Area,1874,"Spastic Paraplegia, Hereditary","Spastic Paraplegia, Hereditary",
Therapeutic_Area,1875,Specific Language Disorder,Specific Language Disorder,
Therapeutic_Area,1876,Spermatocidal agents,Spermatocidal agents,
Therapeutic_Area,1877,Spinal Cord Diseases,Spinal Cord Diseases,
Therapeutic_Area,1878,Spinal Cord Injuries,Spinal Cord Injuries,
Therapeutic_Area,1879,Spinal Cord Neoplasms,Spinal Cord Neoplasms,
Therapeutic_Area,1880,Spinal Fractures,Spinal Fractures,
Therapeutic_Area,1881,Spinal Muscular Atrophies of Childhood,Spinal Muscular Atrophies of Childhood,
Therapeutic_Area,1882,Spinal Neoplasms,Spinal Neoplasms,
Therapeutic_Area,1883,Spinal Stenosis,Spinal Stenosis,
Therapeutic_Area,1884,Spinocerebellar Ataxias,Spinocerebellar Ataxias,
Therapeutic_Area,1885,Splenic diseases,Splenic diseases,
Therapeutic_Area,1886,Splenomegaly,Splenomegaly,
Therapeutic_Area,1887,Spondylarthropathies,Spondylarthropathies,
Therapeutic_Area,1888,Spondylitis,Spondylitis,
Therapeutic_Area,1889,"Spondylitis, Ankylosing","Spondylitis, Ankylosing",
Therapeutic_Area,1890,Spondylosis,Spondylosis,
Therapeutic_Area,1891,Sporotrichosis,Sporotrichosis,
Therapeutic_Area,1892,Spotted Fever Group Rickettsiosis,Spotted Fever Group Rickettsiosis,
Therapeutic_Area,1893,Sprains and Strains,Sprains and Strains,
Therapeutic_Area,1894,Sprains and strains,Sprains and strains,
Therapeutic_Area,1895,Squamous Cell Carcinoma of Head and Neck,Squamous Cell Carcinoma of Head and Neck,
Therapeutic_Area,1896,Squamous Intraepithelial Lesions,Squamous Intraepithelial Lesions,
Therapeutic_Area,1897,Staphylococcal Infections,Staphylococcal Infections,
Therapeutic_Area,1898,Staphylococcal Skin Infections,Staphylococcal Skin Infections,
Therapeutic_Area,1899,Stargardt Disease,Stargardt Disease,
Therapeutic_Area,1900,Status Asthmaticus,Status Asthmaticus,
Therapeutic_Area,1901,Status Epilepticus,Status Epilepticus,
Therapeutic_Area,1902,"Sterilization, reproductive","Sterilization, reproductive",
Therapeutic_Area,1903,Stevens-Johnson Syndrome,Stevens-Johnson Syndrome,
Therapeutic_Area,1904,Stiff-Person Syndrome,Stiff-Person Syndrome,
Therapeutic_Area,1905,Stomach Diseases,Stomach Diseases,
Therapeutic_Area,1906,Stomach Neoplasms,Stomach Neoplasms,
Therapeutic_Area,1907,Stomach Ulcer,Stomach Ulcer,
Therapeutic_Area,1908,Stomach diseases,Stomach diseases,
Therapeutic_Area,1909,Stomach neoplasms,Stomach neoplasms,
Therapeutic_Area,1910,Stomach ulcer,Stomach ulcer,
Therapeutic_Area,1911,Stomatitis,Stomatitis,
Therapeutic_Area,1912,"Stomatitis, Aphthous","Stomatitis, Aphthous",
Therapeutic_Area,1913,"Stomatitis, Herpetic","Stomatitis, Herpetic",
Therapeutic_Area,1914,"Stomatitis, aphthous","Stomatitis, aphthous",
Therapeutic_Area,1915,Strabismus,Strabismus,
Therapeutic_Area,1916,Streptococcal Infections,Streptococcal Infections,
Therapeutic_Area,1917,"Stress Disorders, Post-Traumatic","Stress Disorders, Post-Traumatic",
Therapeutic_Area,1918,"Stress Disorders, Traumatic, Acute","Stress Disorders, Traumatic, Acute",
Therapeutic_Area,1919,Striae Distensae,Striae Distensae,
Therapeutic_Area,1920,Stroke,Stroke,
Therapeutic_Area,1921,Strongyloidiasis,Strongyloidiasis,
Therapeutic_Area,1922,Stupor,Stupor,
Therapeutic_Area,1923,Sturge-Weber Syndrome,Sturge-Weber Syndrome,
Therapeutic_Area,1924,Stuttering,Stuttering,
Therapeutic_Area,1925,Subarachnoid Hemorrhage,Subarachnoid Hemorrhage,
Therapeutic_Area,1926,Substance Withdrawal Syndrome,Substance Withdrawal Syndrome,
Therapeutic_Area,1927,Substance-Related Disorders,Substance-Related Disorders,
Therapeutic_Area,1928,Suicidal Ideation,Suicidal Ideation,
Therapeutic_Area,1929,"Suicide, Attempted","Suicide, Attempted",
Therapeutic_Area,1930,Sunburn,Sunburn,
Therapeutic_Area,1931,Sunscreening agents,Sunscreening agents,
Therapeutic_Area,1932,"Supranuclear Palsy, Progressive","Supranuclear Palsy, Progressive",
Therapeutic_Area,1933,Surgical Wound Infection,Surgical Wound Infection,
Therapeutic_Area,1934,Syncope,Syncope,
Therapeutic_Area,1935,"Syncope, Vasovagal","Syncope, Vasovagal",
Therapeutic_Area,1936,Syndrome,Syndrome,
Therapeutic_Area,1937,Synovitis,Synovitis,
Therapeutic_Area,1938,"Synovitis, Pigmented Villonodular","Synovitis, Pigmented Villonodular",
Therapeutic_Area,1939,Syphilis,Syphilis,
Therapeutic_Area,1940,Syringomyelia,Syringomyelia,
Therapeutic_Area,1941,Systemic Inflammatory Response Syndrome,Systemic Inflammatory Response Syndrome,
Therapeutic_Area,1942,Tachycardia,Tachycardia,
Therapeutic_Area,1943,"Tachycardia, Paroxysmal","Tachycardia, Paroxysmal",
Therapeutic_Area,1944,"Tachycardia, Supraventricular","Tachycardia, Supraventricular",
Therapeutic_Area,1945,"Tachycardia, Ventricular","Tachycardia, Ventricular",
Therapeutic_Area,1946,Tachypnea,Tachypnea,
Therapeutic_Area,1947,Takayasu Arteritis,Takayasu Arteritis,
Therapeutic_Area,1948,Takotsubo Cardiomyopathy,Takotsubo Cardiomyopathy,
Therapeutic_Area,1949,Tardive Dyskinesia,Tardive Dyskinesia,
Therapeutic_Area,1950,Taste disorders,Taste disorders,
Therapeutic_Area,1951,Tay-Sachs Disease,Tay-Sachs Disease,
Therapeutic_Area,1952,"Telangiectasia, Hereditary Hemorrhagic","Telangiectasia, Hereditary Hemorrhagic",
Therapeutic_Area,1953,Telangiectasis,Telangiectasis,
Therapeutic_Area,1954,Temporomandibular Joint Disorders,Temporomandibular Joint Disorders,
Therapeutic_Area,1955,Tendinopathy,Tendinopathy,
Therapeutic_Area,1956,Tendon Entrapment,Tendon Entrapment,
Therapeutic_Area,1957,Tennis Elbow,Tennis Elbow,
Therapeutic_Area,1958,Tenosynovitis,Tenosynovitis,
Therapeutic_Area,1959,Tension-Type Headache,Tension-Type Headache,
Therapeutic_Area,1960,Teratoma,Teratoma,
Therapeutic_Area,1961,Testicular Neoplasms,Testicular Neoplasms,
Therapeutic_Area,1962,Tetralogy of Fallot,Tetralogy of Fallot,
Therapeutic_Area,1963,Thalassemia,Thalassemia,
Therapeutic_Area,1964,Thiamine Deficiency,Thiamine Deficiency,
Therapeutic_Area,1965,Thirst,Thirst,
Therapeutic_Area,1966,Thoracic Neoplasms,Thoracic Neoplasms,
Therapeutic_Area,1967,Thoracic Outlet Syndrome,Thoracic Outlet Syndrome,
Therapeutic_Area,1968,"Thrombocythemia, Essential","Thrombocythemia, Essential",
Therapeutic_Area,1969,Thrombocytopenia,Thrombocytopenia,
Therapeutic_Area,1970,Thromboembolism,Thromboembolism,
Therapeutic_Area,1971,Thrombophilia,Thrombophilia,
Therapeutic_Area,1972,Thrombophlebitis,Thrombophlebitis,
Therapeutic_Area,1973,Thrombosis,Thrombosis,
Therapeutic_Area,1974,Thymoma,Thymoma,
Therapeutic_Area,1975,Thymus Neoplasms,Thymus Neoplasms,
Therapeutic_Area,1976,"Thyroid Carcinoma, Anaplastic","Thyroid Carcinoma, Anaplastic",
Therapeutic_Area,1977,Thyroid Diseases,Thyroid Diseases,
Therapeutic_Area,1978,Thyroid Neoplasms,Thyroid Neoplasms,
Therapeutic_Area,1979,Thyroid Nodule,Thyroid Nodule,
Therapeutic_Area,1980,"Thyroiditis, Subacute","Thyroiditis, Subacute",
Therapeutic_Area,1981,Thyrotoxicosis,Thyrotoxicosis,
Therapeutic_Area,1982,Tibial Fractures,Tibial Fractures,
Therapeutic_Area,1983,Tic Disorders,Tic Disorders,
Therapeutic_Area,1984,Tick infestations,Tick infestations,
Therapeutic_Area,1985,Tics,Tics,
Therapeutic_Area,1986,Tinea,Tinea,
Therapeutic_Area,1987,Tinea Capitis,Tinea Capitis,
Therapeutic_Area,1988,Tinea Cruris,Tinea Cruris,
Therapeutic_Area,1989,Tinea Pedis,Tinea Pedis,
Therapeutic_Area,1990,Tinea Versicolor,Tinea Versicolor,
Therapeutic_Area,1991,Tinnitus,Tinnitus,
Therapeutic_Area,1992,Tobacco Use Cessation,Tobacco Use Cessation,
Therapeutic_Area,1993,Tobacco Use Disorder,Tobacco Use Disorder,
Therapeutic_Area,1994,"Tomography, Emission-Computed, Single-Photon","Tomography, Emission-Computed, Single-Photon",
Therapeutic_Area,1995,Tongue Neoplasms,Tongue Neoplasms,
Therapeutic_Area,1996,Tongue diseases,Tongue diseases,
Therapeutic_Area,1997,Tonsillar Neoplasms,Tonsillar Neoplasms,
Therapeutic_Area,1998,Tonsillitis,Tonsillitis,
Therapeutic_Area,1999,Tooth Diseases,Tooth Diseases,
Therapeutic_Area,2000,Tooth diseases,Tooth diseases,
Therapeutic_Area,2001,Toothache,Toothache,
Therapeutic_Area,2002,Torticollis,Torticollis,
Therapeutic_Area,2003,Tourette Syndrome,Tourette Syndrome,
Therapeutic_Area,2004,Toxemia,Toxemia,
Therapeutic_Area,2005,Toxocariasis,Toxocariasis,
Therapeutic_Area,2006,Toxoplasmosis,Toxoplasmosis,
Therapeutic_Area,2007,"Toxoplasmosis, Cerebral","Toxoplasmosis, Cerebral",
Therapeutic_Area,2008,"Toxoplasmosis, Congenital","Toxoplasmosis, Congenital",
Therapeutic_Area,2009,"Toxoplasmosis, Ocular","Toxoplasmosis, Ocular",
Therapeutic_Area,2010,Tranquilizing agents,Tranquilizing agents,
Therapeutic_Area,2011,Transfusion Reaction,Transfusion Reaction,
Therapeutic_Area,2012,Transposition of Great Vessels,Transposition of Great Vessels,
Therapeutic_Area,2013,"Trauma, Nervous System","Trauma, Nervous System",
Therapeutic_Area,2014,Tremor,Tremor,
Therapeutic_Area,2015,Trichinellosis,Trichinellosis,
Therapeutic_Area,2016,Trichomonas Infections,Trichomonas Infections,
Therapeutic_Area,2017,Trichomonas Vaginitis,Trichomonas Vaginitis,
Therapeutic_Area,2018,Trichotillomania,Trichotillomania,
Therapeutic_Area,2019,Trichuriasis,Trichuriasis,
Therapeutic_Area,2020,Trigeminal Neuralgia,Trigeminal Neuralgia,
Therapeutic_Area,2021,Triple Negative Breast Neoplasms,Triple Negative Breast Neoplasms,
Therapeutic_Area,2022,Trypanosomiasis,Trypanosomiasis,
Therapeutic_Area,2023,"Trypanosomiasis, African","Trypanosomiasis, African",
Therapeutic_Area,2024,Tuberculosis,Tuberculosis,
Therapeutic_Area,2025,"Tuberculosis, Meningeal","Tuberculosis, Meningeal",
Therapeutic_Area,2026,"Tuberculosis, Multidrug-Resistant","Tuberculosis, Multidrug-Resistant",
Therapeutic_Area,2027,"Tuberculosis, Pulmonary","Tuberculosis, Pulmonary",
Therapeutic_Area,2028,"Tuberculosis, lymph node","Tuberculosis, lymph node",
Therapeutic_Area,2029,"Tuberculosis, pulmonary","Tuberculosis, pulmonary",
Therapeutic_Area,2030,Tuberous Sclerosis,Tuberous Sclerosis,
Therapeutic_Area,2031,Tularemia,Tularemia,
Therapeutic_Area,2032,Tumor Lysis Syndrome,Tumor Lysis Syndrome,
Therapeutic_Area,2033,Turner Syndrome,Turner Syndrome,
Therapeutic_Area,2034,Typhoid Fever,Typhoid Fever,
Therapeutic_Area,2035,Typhoid fever,Typhoid fever,
Therapeutic_Area,2036,"Typhus, Epidemic Louse-Borne","Typhus, Epidemic Louse-Borne",
Therapeutic_Area,2037,Tyrosinemias,Tyrosinemias,
Therapeutic_Area,2038,Ulcer,Ulcer,
Therapeutic_Area,2039,Ulnar Neuropathies,Ulnar Neuropathies,
Therapeutic_Area,2040,Ultrasonography,Ultrasonography,
Therapeutic_Area,2041,Unverricht-Lundborg Syndrome,Unverricht-Lundborg Syndrome,
Therapeutic_Area,2042,"Urea Cycle Disorders, Inborn","Urea Cycle Disorders, Inborn",
Therapeutic_Area,2043,Uremia,Uremia,
Therapeutic_Area,2044,Ureteral Neoplasms,Ureteral Neoplasms,
Therapeutic_Area,2045,Ureterolithiasis,Ureterolithiasis,
Therapeutic_Area,2046,Urethral Neoplasms,Urethral Neoplasms,
Therapeutic_Area,2047,Urethral Stricture,Urethral Stricture,
Therapeutic_Area,2048,Urethritis,Urethritis,
Therapeutic_Area,2049,Urinary Bladder Neoplasms,Urinary Bladder Neoplasms,
Therapeutic_Area,2050,"Urinary Bladder, Neurogenic","Urinary Bladder, Neurogenic",
Therapeutic_Area,2051,"Urinary Bladder, Overactive","Urinary Bladder, Overactive",
Therapeutic_Area,2052,Urinary Incontinence,Urinary Incontinence,
Therapeutic_Area,2053,"Urinary Incontinence, Stress","Urinary Incontinence, Stress",
Therapeutic_Area,2054,"Urinary Incontinence, Urge","Urinary Incontinence, Urge",
Therapeutic_Area,2055,Urinary Retention,Urinary Retention,
Therapeutic_Area,2056,Urinary Tract Infections,Urinary Tract Infections,
Therapeutic_Area,2057,Urinary bladder calculi,Urinary bladder calculi,
Therapeutic_Area,2058,Urinary bladder diseases,Urinary bladder diseases,
Therapeutic_Area,2059,Urinary incontinence,Urinary incontinence,
Therapeutic_Area,2060,Urinary retention,Urinary retention,
Therapeutic_Area,2061,Urinary tract infections,Urinary tract infections,
Therapeutic_Area,2062,Urination disorders,Urination disorders,
Therapeutic_Area,2063,Urogenital Neoplasms,Urogenital Neoplasms,
Therapeutic_Area,2064,Urogenital system,Urogenital system,
Therapeutic_Area,2065,Urolithiasis,Urolithiasis,
Therapeutic_Area,2066,Urologic Neoplasms,Urologic Neoplasms,
Therapeutic_Area,2067,Urologic diseases,Urologic diseases,
Therapeutic_Area,2068,Urticaria,Urticaria,
Therapeutic_Area,2069,Uterine Cervical Dysplasia,Uterine Cervical Dysplasia,
Therapeutic_Area,2070,Uterine Cervical Neoplasms,Uterine Cervical Neoplasms,
Therapeutic_Area,2071,Uterine Cervicitis,Uterine Cervicitis,
Therapeutic_Area,2072,Uterine Diseases,Uterine Diseases,
Therapeutic_Area,2073,Uterine Hemorrhage,Uterine Hemorrhage,
Therapeutic_Area,2074,Uterine Neoplasms,Uterine Neoplasms,
Therapeutic_Area,2075,Uterine contraction,Uterine contraction,
Therapeutic_Area,2076,Uveal Melanoma,Uveal Melanoma,
Therapeutic_Area,2077,Uveitis,Uveitis,
Therapeutic_Area,2078,"Uveitis, Anterior","Uveitis, Anterior",
Therapeutic_Area,2079,"Uveitis, Intermediate","Uveitis, Intermediate",
Therapeutic_Area,2080,"Uveitis, Posterior","Uveitis, Posterior",
Therapeutic_Area,2081,Uveomeningoencephalitic Syndrome,Uveomeningoencephalitic Syndrome,
Therapeutic_Area,2082,Vaccinia,Vaccinia,
Therapeutic_Area,2083,Vaginal Discharge,Vaginal Discharge,
Therapeutic_Area,2084,Vaginal Neoplasms,Vaginal Neoplasms,
Therapeutic_Area,2085,Vaginal discharge,Vaginal discharge,
Therapeutic_Area,2086,Vaginitis,Vaginitis,
Therapeutic_Area,2087,"Vaginosis, Bacterial","Vaginosis, Bacterial",
Therapeutic_Area,2088,Varicose Ulcer,Varicose Ulcer,
Therapeutic_Area,2089,Varicose Veins,Varicose Veins,
Therapeutic_Area,2090,Vascular Diseases,Vascular Diseases,
Therapeutic_Area,2091,Vascular Malformations,Vascular Malformations,
Therapeutic_Area,2092,Vascular Surgical Procedures,Vascular Surgical Procedures,
Therapeutic_Area,2093,Vasculitis,Vasculitis,
Therapeutic_Area,2094,"Vasospasm, Intracranial","Vasospasm, Intracranial",
Therapeutic_Area,2095,Venous Insufficiency,Venous Insufficiency,
Therapeutic_Area,2096,Venous Thromboembolism,Venous Thromboembolism,
Therapeutic_Area,2097,Venous Thrombosis,Venous Thrombosis,
Therapeutic_Area,2098,"Ventricular Dysfunction, Left","Ventricular Dysfunction, Left",
Therapeutic_Area,2099,Ventricular Fibrillation,Ventricular Fibrillation,
Therapeutic_Area,2100,Vertigo,Vertigo,
Therapeutic_Area,2101,Vesico-Ureteral Reflux,Vesico-Ureteral Reflux,
Therapeutic_Area,2102,Vesiculovirus,Vesiculovirus,
Therapeutic_Area,2103,Vestibular Neuronitis,Vestibular Neuronitis,
Therapeutic_Area,2104,Virus Diseases,Virus Diseases,
Therapeutic_Area,2105,Vitamin A Deficiency,Vitamin A Deficiency,
Therapeutic_Area,2106,Vitamin B 12 Deficiency,Vitamin B 12 Deficiency,
Therapeutic_Area,2107,Vitamin B Deficiency,Vitamin B Deficiency,
Therapeutic_Area,2108,Vitamin D Deficiency,Vitamin D Deficiency,
Therapeutic_Area,2109,Vitamin E Deficiency,Vitamin E Deficiency,
Therapeutic_Area,2110,Vitamin K Deficiency,Vitamin K Deficiency,
Therapeutic_Area,2111,Vitiligo,Vitiligo,
Therapeutic_Area,2112,"Vitreoretinopathy, Proliferative","Vitreoretinopathy, Proliferative",
Therapeutic_Area,2113,Voice Disorders,Voice Disorders,
Therapeutic_Area,2114,Vomiting,Vomiting,
Therapeutic_Area,2115,Vulvar Lichen Sclerosus,Vulvar Lichen Sclerosus,
Therapeutic_Area,2116,Vulvar Neoplasms,Vulvar Neoplasms,
Therapeutic_Area,2117,Vulvovaginitis,Vulvovaginitis,
Therapeutic_Area,2118,Waldenstrom Macroglobulinemia,Waldenstrom Macroglobulinemia,
Therapeutic_Area,2119,Warts,Warts,
Therapeutic_Area,2120,Washerman's itch,Washerman's itch,
Therapeutic_Area,2121,Water-Electrolyte Imbalance,Water-Electrolyte Imbalance,
Therapeutic_Area,2122,Weight Gain,Weight Gain,
Therapeutic_Area,2123,Weight Loss,Weight Loss,
Therapeutic_Area,2124,West Nile Fever,West Nile Fever,
Therapeutic_Area,2125,Wet Macular Degeneration,Wet Macular Degeneration,
Therapeutic_Area,2126,Whooping Cough,Whooping Cough,
Therapeutic_Area,2127,Whooping cough,Whooping cough,
Therapeutic_Area,2128,Williams Syndrome,Williams Syndrome,
Therapeutic_Area,2129,Wilms Tumor,Wilms Tumor,
Therapeutic_Area,2130,Wiskott-Aldrich Syndrome,Wiskott-Aldrich Syndrome,
Therapeutic_Area,2131,Wolff-Parkinson-White Syndrome,Wolff-Parkinson-White Syndrome,
Therapeutic_Area,2132,Wolfram Syndrome,Wolfram Syndrome,
Therapeutic_Area,2133,Wolman Disease,Wolman Disease,
Therapeutic_Area,2134,Wound Healing,Wound Healing,
Therapeutic_Area,2135,Wound healing,Wound healing,
Therapeutic_Area,2136,Wounds and Injuries,Wounds and Injuries,
Therapeutic_Area,2137,Wounds and injuries,Wounds and injuries,
Therapeutic_Area,2138,"Wounds, Penetrating","Wounds, Penetrating",
Therapeutic_Area,2139,Wrist Fractures,Wrist Fractures,
Therapeutic_Area,2140,X-Linked Combined Immunodeficiency Diseases,X-Linked Combined Immunodeficiency Diseases,
Therapeutic_Area,2141,"Xanthomatosis, Cerebrotendinous","Xanthomatosis, Cerebrotendinous",
Therapeutic_Area,2142,Xerostomia,Xerostomia,
Therapeutic_Area,2143,Yaws,Yaws,
Therapeutic_Area,2144,Yellow fever,Yellow fever,
Therapeutic_Area,2145,Zellweger Syndrome,Zellweger Syndrome,
Therapeutic_Area,2146,Zika Virus Infection,Zika Virus Infection,
Therapeutic_Area,2147,Zollinger-Ellison Syndrome,Zollinger-Ellison Syndrome,
Therapeutic_Area,2148,Zygomycosis,Zygomycosis,
Therapeutic_Area,2149,alpha 1-Antitrypsin Deficiency,alpha 1-Antitrypsin Deficiency,
Therapeutic_Area,2150,alpha-Thalassemia,alpha-Thalassemia,
Therapeutic_Area,2151,beta-Thalassemia,beta-Thalassemia,
Therapeutic_Area,2152,von Hippel-Lindau Disease,von Hippel-Lindau Disease,
Therapeutic_Area,2153,von Willebrand Diseases,von Willebrand Diseases,
ToxicityCategory,0,cardiotoxicity,cardiotoxicity,
ToxicityCategory,1,gastrointestinal toxicity,gastrointestinal toxicity,
ToxicityCategory,2,misuse,misuse,
ToxicityCategory,3,musculoskeletal toxicity,musculoskeletal toxicity,
ToxicityCategory,4,neurotoxicity,neurotoxicity,
Warning,0,CHEMBL405_Black Box Warning_misuse,CHEMBL405_Black Box Warning_misuse,
Warning,1,CHEMBL4_Black Box Warning_musculoskeletal toxicity,CHEMBL4_Black Box Warning_musculoskeletal toxicity,
Warning,2,CHEMBL4_Black Box Warning_neurotoxicity,CHEMBL4_Black Box Warning_neurotoxicity,
Warning,3,CHEMBL6_Black Box Warning_cardiotoxicity,CHEMBL6_Black Box Warning_cardiotoxicity,
Warning,4,CHEMBL6_Black Box Warning_gastrointestinal toxicity,CHEMBL6_Black Box Warning_gastrointestinal toxicity,
Warning,5,CHEMBL6_Black Box Warning_neurotoxicity,CHEMBL6_Black Box Warning_neurotoxicity,
Warning,6,CHEMBL8_Black Box Warning_musculoskeletal toxicity,CHEMBL8_Black Box Warning_musculoskeletal toxicity,
Warning,7,CHEMBL8_Black Box Warning_neurotoxicity,CHEMBL8_Black Box Warning_neurotoxicity,
Warning,8,CHEMBL9_Black Box Warning_unknown,CHEMBL9_Black Box Warning_unknown,
