rank,source_label,source_name,source_id,relation,target_label,target_name,target_id,score,source_index,target_index
1,Compound,Glycopeptide,56928060,PREDICTED_TARGETS,Gene,TNF,7124,0.9933,435,13629
2,Compound,Licoflavone A,5319000,PREDICTED_TARGETS,Gene,CAT,847,0.9927,550,1715
3,Compound,Kanzonol X,10046166,PREDICTED_TARGETS,Gene,CAT,847,0.9927,519,1715
4,Compound,Shinpterocarpin,10336244,PREDICTED_TARGETS,Gene,CAT,847,0.9927,742,1715
5,Compound,Glycycoumarin,5317756,PREDICTED_TARGETS,Gene,CAT,847,0.9927,437,1715
6,Compound,Shinflavanone,197678,PREDICTED_TARGETS,Gene,CAT,847,0.9927,741,1715
7,Compound,Glabrone,5317652,PREDICTED_TARGETS,Gene,CAT,847,0.9927,428,1715
8,Compound,Kanzonol W,15380912,PREDICTED_TARGETS,Gene,CAT,847,0.9927,518,1715
9,Compound,Glycopeptide,56928060,PREDICTED_TARGETS,Gene,CAT,847,0.9925,435,1715
10,Compound,Licoflavone A,5319000,PREDICTED_TARGETS,Gene,TNF,7124,0.9921,550,13629
11,Compound,4-Ethyl-2-methoxyphenol,62465,PREDICTED_TARGETS,Gene,CAT,847,0.9921,184,1715
12,Compound,Kanzonol X,10046166,PREDICTED_TARGETS,Gene,TNF,7124,0.992,519,13629
13,Compound,Shinpterocarpin,10336244,PREDICTED_TARGETS,Gene,TNF,7124,0.992,742,13629
14,Compound,Shinflavanone,197678,PREDICTED_TARGETS,Gene,TNF,7124,0.992,741,13629
15,Compound,Glycycoumarin,5317756,PREDICTED_TARGETS,Gene,TNF,7124,0.992,437,13629
16,Compound,Glabrone,5317652,PREDICTED_TARGETS,Gene,TNF,7124,0.992,428,13629
17,Compound,Kanzonol W,15380912,PREDICTED_TARGETS,Gene,TNF,7124,0.992,518,13629
18,Compound,4-Ethyl-2-methoxyphenol,62465,PREDICTED_TARGETS,Gene,TNF,7124,0.9915,184,13629
19,Compound,"2',4'-Dihydroxyacetophenone",6990,PREDICTED_TARGETS,Gene,CAT,847,0.9912,118,1715
20,Compound,Methacrylonitrile,31368,PREDICTED_TARGETS,Gene,TNF,7124,0.9907,602,13629
21,Compound,Licopyranocoumarin,122851,PREDICTED_TARGETS,Gene,CAT,847,0.9904,556,1715
22,Compound,"2',4'-Dihydroxyacetophenone",6990,PREDICTED_TARGETS,Gene,TNF,7124,0.9901,118,13629
23,Compound,28-Deoxonimbolide,14467538,PREDICTED_TARGETS,Gene,CAT,847,0.9899,157,1715
24,Compound,Punicic acid,5281126,PREDICTED_TARGETS,Gene,TNF,7124,0.9898,705,13629
25,Compound,Licopyranocoumarin,122851,PREDICTED_TARGETS,Gene,TNF,7124,0.9892,556,13629
26,Compound,Daucosterol,5742590,PREDICTED_TARGETS,Gene,CAT,847,0.9891,338,1715
27,Compound,Methyl palmitate,8181,PREDICTED_TARGETS,Gene,CAT,847,0.9888,613,1715
28,Compound,Isokobusone,3860435,PREDICTED_TARGETS,Gene,CAT,847,0.9887,492,1715
29,Compound,28-Deoxonimbolide,14467538,PREDICTED_TARGETS,Gene,TNF,7124,0.9886,157,13629
30,Compound,Glabrol,11596309,PREDICTED_TARGETS,Gene,CAT,847,0.9884,426,1715
31,Compound,Echinatin,6442675,PREDICTED_TARGETS,Gene,CAT,847,0.9881,360,1715
32,Compound,Humulene,5281520,PREDICTED_TARGETS,Gene,CAT,847,0.9879,472,1715
33,Compound,Decane,15600,PREDICTED_TARGETS,Gene,CAT,847,0.9879,342,1715
34,Compound,Licoflavone A,5319000,PREDICTED_TARGETS,Gene,IL1B,3553,0.9878,550,5953
35,Compound,Kanzonol X,10046166,PREDICTED_TARGETS,Gene,IL1B,3553,0.9878,519,5953
36,Compound,Shinpterocarpin,10336244,PREDICTED_TARGETS,Gene,IL1B,3553,0.9878,742,5953
37,Compound,Shinflavanone,197678,PREDICTED_TARGETS,Gene,IL1B,3553,0.9878,741,5953
38,Compound,Glycycoumarin,5317756,PREDICTED_TARGETS,Gene,IL1B,3553,0.9878,437,5953
39,Compound,Glabrone,5317652,PREDICTED_TARGETS,Gene,IL1B,3553,0.9877,428,5953
40,Compound,Kanzonol W,15380912,PREDICTED_TARGETS,Gene,IL1B,3553,0.9877,518,5953
41,Compound,Daucosterol,5742590,PREDICTED_TARGETS,Gene,TNF,7124,0.9877,338,13629
42,Compound,Isokobusone,3860435,PREDICTED_TARGETS,Gene,TNF,7124,0.9875,492,13629
43,Compound,Tridecane,12388,PREDICTED_TARGETS,Gene,CAT,847,0.9875,779,1715
44,Compound,Hexadecane,11006,PREDICTED_TARGETS,Gene,CAT,847,0.9875,466,1715
45,Compound,4-Isopropylbenzyl alcohol,325,PREDICTED_TARGETS,Gene,CAT,847,0.9874,187,1715
46,Compound,Prunetin,5281804,PREDICTED_TARGETS,Gene,CAT,847,0.9874,700,1715
47,Compound,Chebulic acid,71308174,PREDICTED_TARGETS,Gene,CAT,847,0.9872,304,1715
48,Compound,Glycyrol,5320083,PREDICTED_TARGETS,Gene,CAT,847,0.9871,439,1715
49,Compound,Glabrol,11596309,PREDICTED_TARGETS,Gene,TNF,7124,0.9871,426,13629
50,Compound,4-Ethyl-2-methoxyphenol,62465,PREDICTED_TARGETS,Gene,IL1B,3553,0.987,184,5953
51,Compound,Fenchone,14525,PREDICTED_TARGETS,Gene,CAT,847,0.9869,393,1715
52,Compound,beta-Sitosterol,222284,PREDICTED_TARGETS,Gene,CAT,847,0.9869,869,1715
53,Compound,Echinatin,6442675,PREDICTED_TARGETS,Gene,TNF,7124,0.9869,360,13629
54,Compound,Licoflavone A,5319000,PREDICTED_TARGETS,Gene,CASP3,,0.9868,550,1701
55,Compound,Kanzonol X,10046166,PREDICTED_TARGETS,Gene,CASP3,,0.9868,519,1701
56,Compound,Shinpterocarpin,10336244,PREDICTED_TARGETS,Gene,CASP3,,0.9868,742,1701
57,Compound,Shinflavanone,197678,PREDICTED_TARGETS,Gene,CASP3,,0.9868,741,1701
58,Compound,Glycycoumarin,5317756,PREDICTED_TARGETS,Gene,CASP3,,0.9868,437,1701
59,Compound,Kanzonol W,15380912,PREDICTED_TARGETS,Gene,CASP3,,0.9868,518,1701
60,Compound,Glabrone,5317652,PREDICTED_TARGETS,Gene,CASP3,,0.9868,428,1701
61,Compound,Terpinolene,11463,PREDICTED_TARGETS,Gene,CAT,847,0.9867,763,1715
62,Compound,Humulene,5281520,PREDICTED_TARGETS,Gene,TNF,7124,0.9866,472,13629
63,Compound,Decane,15600,PREDICTED_TARGETS,Gene,TNF,7124,0.9865,342,13629
64,Compound,Punicic acid,5281126,PREDICTED_TARGETS,Gene,CASP3,,0.9863,705,1701
65,Compound,"2',4'-Dihydroxyacetophenone",6990,PREDICTED_TARGETS,Gene,CASP3,,0.9862,118,1701
66,Compound,Tridecane,12388,PREDICTED_TARGETS,Gene,TNF,7124,0.9862,779,13629
67,Compound,Hexadecane,11006,PREDICTED_TARGETS,Gene,TNF,7124,0.9862,466,13629
68,Compound,Licopyranocoumarin,122851,PREDICTED_TARGETS,Gene,CASP3,,0.9861,556,1701
69,Compound,4-Isopropylbenzyl alcohol,325,PREDICTED_TARGETS,Gene,TNF,7124,0.986,187,13629
70,Compound,Glycopeptide,56928060,PREDICTED_TARGETS,Gene,CASP3,,0.986,435,1701
71,Compound,4-Ethyl-2-methoxyphenol,62465,PREDICTED_TARGETS,Gene,CASP3,,0.9858,184,1701
72,Compound,Azadiradione,12308714,PREDICTED_TARGETS,Gene,CAT,847,0.9857,254,1715
73,Compound,Methacrylonitrile,31368,PREDICTED_TARGETS,Gene,CASP3,,0.9857,602,1701
74,Compound,Glycyrol,5320083,PREDICTED_TARGETS,Gene,TNF,7124,0.9857,439,13629
75,Compound,Methacrylonitrile,31368,PREDICTED_TARGETS,Gene,IL1B,3553,0.9857,602,5953
76,Compound,Fenchone,14525,PREDICTED_TARGETS,Gene,TNF,7124,0.9855,393,13629
77,Compound,Dodecane,8182,PREDICTED_TARGETS,Gene,CAT,847,0.9855,359,1715
78,Compound,Aureusidin,5281220,PREDICTED_TARGETS,Gene,CAT,847,0.9853,248,1715
79,Compound,beta-Sitosterol,222284,PREDICTED_TARGETS,Gene,TNF,7124,0.9853,869,13629
80,Compound,Fraxinellone,124039,PREDICTED_TARGETS,Gene,CAT,847,0.9852,399,1715
81,Compound,Daucosterol,5742590,PREDICTED_TARGETS,Gene,CASP3,,0.985,338,1701
82,Compound,Dipropyl disulfide,12377,PREDICTED_TARGETS,Gene,CAT,847,0.9849,352,1715
83,Compound,Terpinolene,11463,PREDICTED_TARGETS,Gene,TNF,7124,0.9848,763,13629
84,Compound,"2',4'-Dihydroxyacetophenone",6990,PREDICTED_TARGETS,Gene,IL1B,3553,0.9848,118,5953
85,Compound,"3,5-Dihydroxybenzoic acid",7424,PREDICTED_TARGETS,Gene,CAT,847,0.9848,166,1715
86,Compound,beta-Amyrin,73145,PREDICTED_TARGETS,Gene,CAT,847,0.9847,843,1715
87,Compound,Punicic acid,5281126,PREDICTED_TARGETS,Gene,IL1B,3553,0.9845,705,5953
88,Compound,Isokobusone,3860435,PREDICTED_TARGETS,Gene,CASP3,,0.9845,492,1701
89,Compound,2-Undecanone,8163,PREDICTED_TARGETS,Gene,CAT,847,0.9845,149,1715
90,Compound,Licoflavone A,5319000,PREDICTED_TARGETS,Gene,CCND1,595,0.9844,550,1846
91,Compound,Kanzonol X,10046166,PREDICTED_TARGETS,Gene,CCND1,595,0.9844,519,1846
92,Compound,Shinpterocarpin,10336244,PREDICTED_TARGETS,Gene,CCND1,595,0.9843,742,1846
93,Compound,Glycycoumarin,5317756,PREDICTED_TARGETS,Gene,CCND1,595,0.9843,437,1846
94,Compound,Shinflavanone,197678,PREDICTED_TARGETS,Gene,CCND1,595,0.9843,741,1846
95,Compound,Glabrone,5317652,PREDICTED_TARGETS,Gene,CCND1,595,0.9843,428,1846
96,Compound,Kanzonol W,15380912,PREDICTED_TARGETS,Gene,CCND1,595,0.9843,518,1846
97,Compound,Isovitexin,162350,PREDICTED_TARGETS,Gene,CAT,847,0.9843,510,1715
98,Compound,6-Prenylnaringenin,155094,PREDICTED_TARGETS,Gene,CAT,847,0.9843,204,1715
99,Compound,Glycopeptide,56928060,PREDICTED_TARGETS,Gene,CCND1,595,0.9842,435,1846
100,Compound,Spathulenol,92231,PREDICTED_TARGETS,Gene,CAT,847,0.984,745,1715
101,Compound,Azadiradione,12308714,PREDICTED_TARGETS,Gene,TNF,7124,0.984,254,13629
102,Compound,Nonane,8141,PREDICTED_TARGETS,Gene,CAT,847,0.9839,656,1715
103,Compound,Glabranin,124049,PREDICTED_TARGETS,Gene,CAT,847,0.9839,419,1715
104,Compound,Glabrol,11596309,PREDICTED_TARGETS,Gene,CASP3,,0.9839,426,1701
105,Compound,Licoricidin,480865,PREDICTED_TARGETS,Gene,CAT,847,0.9838,557,1715
106,Compound,Kutkin,131750182,PREDICTED_TARGETS,Gene,CAT,847,0.9838,526,1715
107,Compound,Zingiberene,92776,PREDICTED_TARGETS,Gene,CAT,847,0.9838,805,1715
108,Compound,Echinatin,6442675,PREDICTED_TARGETS,Gene,CASP3,,0.9836,360,1701
109,Compound,Licopyranocoumarin,122851,PREDICTED_TARGETS,Gene,IL1B,3553,0.9835,556,5953
110,Compound,Camphene,6616,PREDICTED_TARGETS,Gene,CAT,847,0.9834,290,1715
111,Compound,Dipropyl disulfide,12377,PREDICTED_TARGETS,Gene,TNF,7124,0.9834,352,13629
112,Compound,p-Cymene,7463,PREDICTED_TARGETS,Gene,CAT,847,0.9834,908,1715
113,Compound,Humulene,5281520,PREDICTED_TARGETS,Gene,CASP3,,0.9834,472,1701
114,Compound,Myrcene,31253,PREDICTED_TARGETS,Gene,CAT,847,0.9833,618,1715
115,Compound,Soyasaponin I,122097,PREDICTED_TARGETS,Gene,CAT,847,0.9832,744,1715
116,Compound,Decane,15600,PREDICTED_TARGETS,Gene,CASP3,,0.9831,342,1701
117,Compound,Cedrol,65575,PREDICTED_TARGETS,Gene,CAT,847,0.9831,301,1715
118,Compound,"3,5-Dihydroxybenzoic acid",7424,PREDICTED_TARGETS,Gene,TNF,7124,0.9831,166,13629
119,Compound,4-Ethyl-2-methoxyphenol,62465,PREDICTED_TARGETS,Gene,CCND1,595,0.983,184,1846
120,Compound,Methyl palmitate,8181,PREDICTED_TARGETS,Gene,CASP3,,0.9829,613,1701
121,Compound,Spathulenol,92231,PREDICTED_TARGETS,Gene,TNF,7124,0.9829,745,13629
122,Compound,Tridecane,12388,PREDICTED_TARGETS,Gene,CASP3,,0.9827,779,1701
123,Compound,Kutkin,131750182,PREDICTED_TARGETS,Gene,TNF,7124,0.9827,526,13629
124,Compound,Hexadecane,11006,PREDICTED_TARGETS,Gene,CASP3,,0.9827,466,1701
125,Compound,6-Prenylnaringenin,155094,PREDICTED_TARGETS,Gene,TNF,7124,0.9827,204,13629
126,Compound,Licoisoflavone B,5481234,PREDICTED_TARGETS,Gene,CAT,847,0.9827,555,1715
127,Compound,"(2S,3S,4S,5R,6R)-6-[[(3S,4S,4aR,6aR,6bS,8aR,9R,12aS,14aR,14bR)-9-hydroxy-4-(hydroxymethyl)-4,6a,6b,8a,11,11,14b-heptamethyl-1,2,3,4a,5,6,7,8,9,10,12,12a,14,14a-tetradecahydropicen-3-yl]oxy]-5-[(2S,3R,4S,5S)-4,5-dihydroxy-3-[(2S,3R,4R,5R,6S)-3,4,5-trihydroxy-6-methyloxan-2-yl]oxyoxan-2-yl]oxy-3,4-dihydroxyoxane-2-carboxylic acid",443614,PREDICTED_TARGETS,Gene,CAT,847,0.9827,33,1715
128,Compound,28-Deoxonimbolide,14467538,PREDICTED_TARGETS,Gene,IL1B,3553,0.9826,157,5953
129,Compound,4-Isopropylbenzyl alcohol,325,PREDICTED_TARGETS,Gene,CASP3,,0.9826,187,1701
130,Compound,Zingiberene,92776,PREDICTED_TARGETS,Gene,TNF,7124,0.9826,805,13629
131,Compound,3-Deacetylsalannin,14458886,PREDICTED_TARGETS,Gene,CAT,847,0.9826,172,1715
132,Compound,Glycopeptide,56928060,PREDICTED_TARGETS,Gene,PPARG,5468,0.9824,435,10164
133,Compound,Punicic acid,5281126,PREDICTED_TARGETS,Gene,PPARG,5468,0.9824,705,10164
134,Compound,Chebulic acid,71308174,PREDICTED_TARGETS,Gene,CASP3,,0.9823,304,1701
135,Compound,Licoagrone,5318993,PREDICTED_TARGETS,Gene,CAT,847,0.9823,541,1715
136,Compound,Licoricidin,480865,PREDICTED_TARGETS,Gene,TNF,7124,0.9823,557,13629
137,Compound,Glisoflavone,5487298,PREDICTED_TARGETS,Gene,CAT,847,0.9822,429,1715
138,Compound,Licoagrodin,637141,PREDICTED_TARGETS,Gene,CAT,847,0.9822,539,1715
139,Compound,Glycyrol,5320083,PREDICTED_TARGETS,Gene,CASP3,,0.9822,439,1701
140,Compound,"2',4'-Dihydroxyacetophenone",6990,PREDICTED_TARGETS,Gene,PPARG,5468,0.9822,118,10164
141,Compound,2-Methoxy-4-methylphenol,7144,PREDICTED_TARGETS,Gene,CAT,847,0.9821,139,1715
142,Compound,Glabranin,124049,PREDICTED_TARGETS,Gene,TNF,7124,0.982,419,13629
143,Compound,Terpinolene,11463,PREDICTED_TARGETS,Gene,CASP3,,0.982,763,1701
144,Compound,Lupiwighteone,5317480,PREDICTED_TARGETS,Gene,CAT,847,0.982,581,1715
145,Compound,Fenchone,14525,PREDICTED_TARGETS,Gene,CASP3,,0.982,393,1701
146,Compound,beta-Sitosterol,222284,PREDICTED_TARGETS,Gene,CASP3,,0.9819,869,1701
147,Compound,Camphene,6616,PREDICTED_TARGETS,Gene,TNF,7124,0.9819,290,13629
148,Compound,Licopyranocoumarin,122851,PREDICTED_TARGETS,Gene,PPARG,5468,0.9819,556,10164
149,Compound,Myrcene,31253,PREDICTED_TARGETS,Gene,TNF,7124,0.9818,618,13629
150,Compound,Prunetin,5281804,PREDICTED_TARGETS,Gene,CASP3,,0.9817,700,1701
151,Compound,Cedrol,65575,PREDICTED_TARGETS,Gene,TNF,7124,0.9817,301,13629
152,Compound,Licoflavone A,5319000,PREDICTED_TARGETS,Gene,RELA,,0.9817,550,10988
153,Compound,Methacrylonitrile,31368,PREDICTED_TARGETS,Gene,CCND1,595,0.9816,602,1846
154,Compound,Kanzonol X,10046166,PREDICTED_TARGETS,Gene,RELA,,0.9816,519,10988
155,Compound,Shinpterocarpin,10336244,PREDICTED_TARGETS,Gene,RELA,,0.9816,742,10988
156,Compound,Shinflavanone,197678,PREDICTED_TARGETS,Gene,RELA,,0.9816,741,10988
157,Compound,Glycycoumarin,5317756,PREDICTED_TARGETS,Gene,RELA,,0.9816,437,10988
158,Compound,Kanzonol W,15380912,PREDICTED_TARGETS,Gene,RELA,,0.9816,518,10988
159,Compound,Glabrone,5317652,PREDICTED_TARGETS,Gene,RELA,,0.9816,428,10988
160,Compound,Ethyl acetate,8857,PREDICTED_TARGETS,Gene,CAT,847,0.9816,377,1715
161,Compound,Punicic acid,5281126,PREDICTED_TARGETS,Gene,RELA,,0.9815,705,10988
162,Compound,"2',4'-Dihydroxyacetophenone",6990,PREDICTED_TARGETS,Gene,RELA,,0.9815,118,10988
163,Compound,Methacrylonitrile,31368,PREDICTED_TARGETS,Gene,PPARG,5468,0.9814,602,10164
164,Compound,p-Cymene,7463,PREDICTED_TARGETS,Gene,TNF,7124,0.9814,908,13629
165,Compound,Daucosterol,5742590,PREDICTED_TARGETS,Gene,IL1B,3553,0.9813,338,5953
166,Compound,"(2S,3S,4S,5R,6R)-6-[[(3S,4S,4aR,6aR,6bS,8aR,9R,12aS,14aR,14bR)-9-hydroxy-4-(hydroxymethyl)-4,6a,6b,8a,11,11,14b-heptamethyl-1,2,3,4a,5,6,7,8,9,10,12,12a,14,14a-tetradecahydropicen-3-yl]oxy]-5-[(2S,3R,4S,5S)-4,5-dihydroxy-3-[(2S,3R,4R,5R,6S)-3,4,5-trihydroxy-6-methyloxan-2-yl]oxyoxan-2-yl]oxy-3,4-dihydroxyoxane-2-carboxylic acid",443614,PREDICTED_TARGETS,Gene,TNF,7124,0.9813,33,13629
167,Compound,Licopyranocoumarin,122851,PREDICTED_TARGETS,Gene,RELA,,0.9813,556,10988
168,Compound,Tetracosanoic acid,11197,PREDICTED_TARGETS,Gene,CAT,847,0.9813,764,1715
169,Compound,3-Deacetylsalannin,14458886,PREDICTED_TARGETS,Gene,TNF,7124,0.9812,172,13629
170,Compound,Licoisoflavone B,5481234,PREDICTED_TARGETS,Gene,TNF,7124,0.9812,555,13629
171,Compound,beta-Eudesmol,91457,PREDICTED_TARGETS,Gene,CAT,847,0.9812,851,1715
172,Compound,4-Ethyl-2-methoxyphenol,62465,PREDICTED_TARGETS,Gene,PPARG,5468,0.9811,184,10164
173,Compound,Licoflavone A,5319000,PREDICTED_TARGETS,Gene,GPT,2875,0.9811,550,5081
174,Compound,Isokobusone,3860435,PREDICTED_TARGETS,Gene,RELA,,0.9811,492,10988
175,Compound,Levomenol,442343,PREDICTED_TARGETS,Gene,CAT,847,0.9811,537,1715
176,Compound,Kanzonol X,10046166,PREDICTED_TARGETS,Gene,GPT,2875,0.981,519,5081
177,Compound,Shinpterocarpin,10336244,PREDICTED_TARGETS,Gene,GPT,2875,0.981,742,5081
178,Compound,Isokobusone,3860435,PREDICTED_TARGETS,Gene,IL1B,3553,0.981,492,5953
179,Compound,Glycycoumarin,5317756,PREDICTED_TARGETS,Gene,GPT,2875,0.981,437,5081
180,Compound,Kanzonol W,15380912,PREDICTED_TARGETS,Gene,GPT,2875,0.981,518,5081
181,Compound,Shinflavanone,197678,PREDICTED_TARGETS,Gene,GPT,2875,0.981,741,5081
182,Compound,Glabrone,5317652,PREDICTED_TARGETS,Gene,GPT,2875,0.981,428,5081
183,Compound,beta-Pinene,14896,PREDICTED_TARGETS,Gene,CAT,847,0.981,860,1715
184,Compound,Safrole,5144,PREDICTED_TARGETS,Gene,CAT,847,0.981,721,1715
185,Compound,Licoflavone A,5319000,PREDICTED_TARGETS,Gene,PTGS2,,0.9809,550,10537
186,Compound,Licoagrone,5318993,PREDICTED_TARGETS,Gene,TNF,7124,0.9809,541,13629
187,Compound,Licoflavone A,5319000,PREDICTED_TARGETS,Gene,CXCL8,3576,0.9809,550,2865
188,Compound,Kanzonol X,10046166,PREDICTED_TARGETS,Gene,PTGS2,,0.9809,519,10537
189,Compound,Shinpterocarpin,10336244,PREDICTED_TARGETS,Gene,PTGS2,,0.9809,742,10537
190,Compound,Shinflavanone,197678,PREDICTED_TARGETS,Gene,PTGS2,,0.9809,741,10537
191,Compound,Glycycoumarin,5317756,PREDICTED_TARGETS,Gene,PTGS2,,0.9809,437,10537
192,Compound,Glisoflavone,5487298,PREDICTED_TARGETS,Gene,TNF,7124,0.9809,429,13629
193,Compound,Kanzonol X,10046166,PREDICTED_TARGETS,Gene,CXCL8,3576,0.9809,519,2865
194,Compound,Kanzonol W,15380912,PREDICTED_TARGETS,Gene,PTGS2,,0.9809,518,10537
195,Compound,Glabrone,5317652,PREDICTED_TARGETS,Gene,PTGS2,,0.9809,428,10537
196,Compound,Shinpterocarpin,10336244,PREDICTED_TARGETS,Gene,CXCL8,3576,0.9808,742,2865
197,Compound,Licoagrodin,637141,PREDICTED_TARGETS,Gene,TNF,7124,0.9808,539,13629
198,Compound,28-Deoxonimbolide,14467538,PREDICTED_TARGETS,Gene,PPARG,5468,0.9808,157,10164
199,Compound,Glycycoumarin,5317756,PREDICTED_TARGETS,Gene,CXCL8,3576,0.9808,437,2865
200,Compound,Gibberellic acid,6466,PREDICTED_TARGETS,Gene,CAT,847,0.9808,418,1715
201,Compound,Shinflavanone,197678,PREDICTED_TARGETS,Gene,CXCL8,3576,0.9808,741,2865
202,Compound,Glabrone,5317652,PREDICTED_TARGETS,Gene,CXCL8,3576,0.9808,428,2865
203,Compound,Kanzonol W,15380912,PREDICTED_TARGETS,Gene,CXCL8,3576,0.9808,518,2865
204,Compound,2-Methoxy-4-methylphenol,7144,PREDICTED_TARGETS,Gene,TNF,7124,0.9807,139,13629
205,Compound,Methacrylonitrile,31368,PREDICTED_TARGETS,Gene,RELA,,0.9807,602,10988
206,Compound,"Methyl 2,5-dihydroxycinnamate",5353609,PREDICTED_TARGETS,Gene,CAT,847,0.9806,604,1715
207,Compound,Punicic acid,5281126,PREDICTED_TARGETS,Gene,PTGS2,,0.9806,705,10537
208,Compound,Daucosterol,5742590,PREDICTED_TARGETS,Gene,RELA,,0.9805,338,10988
209,Compound,Licopyranocoumarin,122851,PREDICTED_TARGETS,Gene,PTGS2,,0.9804,556,10537
210,Compound,Glabrol,11596309,PREDICTED_TARGETS,Gene,IL1B,3553,0.9804,426,5953
211,Compound,Glabrol,11596309,PREDICTED_TARGETS,Gene,RELA,,0.9803,426,10988
212,Compound,Lupiwighteone,5317480,PREDICTED_TARGETS,Gene,TNF,7124,0.9803,581,13629
213,Compound,4-Ethyl-2-methoxyphenol,62465,PREDICTED_TARGETS,Gene,RELA,,0.9803,184,10988
214,Compound,Isokobusone,3860435,PREDICTED_TARGETS,Gene,IL6,,0.9802,492,5991
215,Compound,"2',4'-Dihydroxyacetophenone",6990,PREDICTED_TARGETS,Gene,CCND1,595,0.9802,118,1846
216,Compound,Glycopeptide,56928060,PREDICTED_TARGETS,Gene,CXCL8,3576,0.9802,435,2865
217,Compound,1-Dodecanol,8193,PREDICTED_TARGETS,Gene,CAT,847,0.9802,78,1715
218,Compound,Dodecane,8182,PREDICTED_TARGETS,Gene,CASP3,,0.9802,359,1701
219,Compound,Glycopeptide,56928060,PREDICTED_TARGETS,Gene,RELA,,0.9801,435,10988
220,Compound,Methacrylonitrile,31368,PREDICTED_TARGETS,Gene,GPT,2875,0.9801,602,5081
221,Compound,Benzyl salicylate,8363,PREDICTED_TARGETS,Gene,CAT,847,0.9801,269,1715
222,Compound,Punicic acid,5281126,PREDICTED_TARGETS,Gene,IL6,,0.9801,705,5991
223,Compound,Isokobusone,3860435,PREDICTED_TARGETS,Gene,PTGS2,,0.9801,492,10537
224,Compound,Phloroglucinol,359,PREDICTED_TARGETS,Gene,CAT,847,0.9801,682,1715
225,Compound,Echinatin,6442675,PREDICTED_TARGETS,Gene,RELA,,0.9801,360,10988
226,Compound,Licopyranocoumarin,122851,PREDICTED_TARGETS,Gene,IL6,,0.98,556,5991
227,Compound,Echinatin,6442675,PREDICTED_TARGETS,Gene,IL1B,3553,0.98,360,5953
228,Compound,Ethyl acetate,8857,PREDICTED_TARGETS,Gene,TNF,7124,0.98,377,13629
229,Compound,"2',4'-Dihydroxyacetophenone",6990,PREDICTED_TARGETS,Gene,IL6,,0.98,118,5991
230,Compound,"2',4'-Dihydroxyacetophenone",6990,PREDICTED_TARGETS,Gene,CXCL8,3576,0.98,118,2865
231,Compound,28-Deoxonimbolide,14467538,PREDICTED_TARGETS,Gene,RELA,,0.98,157,10988
232,Compound,Tetracosanoic acid,11197,PREDICTED_TARGETS,Gene,TNF,7124,0.9799,764,13629
233,Compound,Methacrylonitrile,31368,PREDICTED_TARGETS,Gene,PTGS2,,0.9799,602,10537
234,Compound,Licoflavone A,5319000,PREDICTED_TARGETS,Gene,IL6,,0.9798,550,5991
235,Compound,Punicic acid,5281126,PREDICTED_TARGETS,Gene,CXCL8,3576,0.9798,705,2865
236,Compound,Glycopeptide,56928060,PREDICTED_TARGETS,Gene,GPT,2875,0.9798,435,5081
237,Compound,Kanzonol X,10046166,PREDICTED_TARGETS,Gene,IL6,,0.9798,519,5991
238,Compound,Shinflavanone,197678,PREDICTED_TARGETS,Gene,IL6,,0.9798,741,5991
239,Compound,Shinpterocarpin,10336244,PREDICTED_TARGETS,Gene,IL6,,0.9798,742,5991
240,Compound,Glycycoumarin,5317756,PREDICTED_TARGETS,Gene,IL6,,0.9798,437,5991
241,Compound,Aureusidin,5281220,PREDICTED_TARGETS,Gene,CASP3,,0.9798,248,1701
242,Compound,o-Cresol,335,PREDICTED_TARGETS,Gene,CAT,847,0.9798,905,1715
243,Compound,Kanzonol W,15380912,PREDICTED_TARGETS,Gene,IL6,,0.9798,518,5991
244,Compound,Glabrone,5317652,PREDICTED_TARGETS,Gene,IL6,,0.9798,428,5991
245,Compound,Nootkatone,1268142,PREDICTED_TARGETS,Gene,CAT,847,0.9798,658,1715
246,Compound,"2,3-Butanediol",262,PREDICTED_TARGETS,Gene,CAT,847,0.9798,123,1715
247,Compound,Punicic acid,5281126,PREDICTED_TARGETS,Gene,BCL2,,0.9797,705,1234
248,Compound,"3,5-Dihydroxybenzoic acid",7424,PREDICTED_TARGETS,Gene,CASP3,,0.9797,166,1701
249,Compound,Licopyranocoumarin,122851,PREDICTED_TARGETS,Gene,CXCL8,3576,0.9797,556,2865
250,Compound,Humulene,5281520,PREDICTED_TARGETS,Gene,IL1B,3553,0.9797,472,5953
251,Compound,Humulene,5281520,PREDICTED_TARGETS,Gene,RELA,,0.9797,472,10988
252,Compound,Licoflavone A,5319000,PREDICTED_TARGETS,Gene,BCL2,,0.9796,550,1234
253,Compound,Fraxinellone,124039,PREDICTED_TARGETS,Gene,CASP3,,0.9796,399,1701
254,Compound,Dipropyl disulfide,12377,PREDICTED_TARGETS,Gene,CASP3,,0.9796,352,1701
255,Compound,"2',4'-Dihydroxyacetophenone",6990,PREDICTED_TARGETS,Gene,BCL2,,0.9796,118,1234
256,Compound,Glycopeptide,56928060,PREDICTED_TARGETS,Gene,PTGS2,,0.9796,435,10537
257,Compound,4-Ethyl-2-methoxyphenol,62465,PREDICTED_TARGETS,Gene,IL6,,0.9796,184,5991
258,Compound,Daucosterol,5742590,PREDICTED_TARGETS,Gene,PTGS2,,0.9796,338,10537
259,Compound,Kanzonol X,10046166,PREDICTED_TARGETS,Gene,BCL2,,0.9795,519,1234
260,Compound,Shinpterocarpin,10336244,PREDICTED_TARGETS,Gene,BCL2,,0.9795,742,1234
261,Compound,beta-Pinene,14896,PREDICTED_TARGETS,Gene,TNF,7124,0.9795,860,13629
262,Compound,Shinflavanone,197678,PREDICTED_TARGETS,Gene,BCL2,,0.9795,741,1234
263,Compound,Glycycoumarin,5317756,PREDICTED_TARGETS,Gene,BCL2,,0.9795,437,1234
264,Compound,4-Ethyl-2-methoxyphenol,62465,PREDICTED_TARGETS,Gene,PTGS2,,0.9795,184,10537
265,Compound,Kanzonol W,15380912,PREDICTED_TARGETS,Gene,BCL2,,0.9795,518,1234
266,Compound,Glabrone,5317652,PREDICTED_TARGETS,Gene,BCL2,,0.9795,428,1234
267,Compound,"2',4'-Dihydroxyacetophenone",6990,PREDICTED_TARGETS,Gene,GPT,2875,0.9795,118,5081
268,Compound,Licopyranocoumarin,122851,PREDICTED_TARGETS,Gene,BCL2,,0.9795,556,1234
269,Compound,Picroside II,11944602,PREDICTED_TARGETS,Gene,CAT,847,0.9795,688,1715
270,Compound,Shikimic acid,8742,PREDICTED_TARGETS,Gene,CAT,847,0.9795,740,1715
271,Compound,Nimbin,108058,PREDICTED_TARGETS,Gene,CAT,847,0.9794,636,1715
272,Compound,Methacrylonitrile,31368,PREDICTED_TARGETS,Gene,CXCL8,3576,0.9794,602,2865
273,Compound,Glabrol,11596309,PREDICTED_TARGETS,Gene,PTGS2,,0.9793,426,10537
274,Compound,Isokobusone,3860435,PREDICTED_TARGETS,Gene,BCL2,,0.9793,492,1234
275,Compound,Daucosterol,5742590,PREDICTED_TARGETS,Gene,PPARG,5468,0.9793,338,10164
276,Compound,4-Ethyl-2-methoxyphenol,62465,PREDICTED_TARGETS,Gene,CXCL8,3576,0.9793,184,2865
277,Compound,Punicic acid,5281126,PREDICTED_TARGETS,Gene,CCND1,595,0.9793,705,1846
278,Compound,Isokobusone,3860435,PREDICTED_TARGETS,Gene,PPARG,5468,0.9793,492,10164
279,Compound,Echinatin,6442675,PREDICTED_TARGETS,Gene,IL6,,0.9793,360,5991
280,Compound,4-Ethyl-2-methoxyphenol,62465,PREDICTED_TARGETS,Gene,GPT,2875,0.9792,184,5081
281,Compound,6-Prenylnaringenin,155094,PREDICTED_TARGETS,Gene,CASP3,,0.9792,204,1701
282,Compound,beta-Elemene,6918391,PREDICTED_TARGETS,Gene,IL1B,3553,0.9792,850,5953
283,Compound,"Methyl 2,5-dihydroxycinnamate",5353609,PREDICTED_TARGETS,Gene,TNF,7124,0.9792,604,13629
284,Compound,Decane,15600,PREDICTED_TARGETS,Gene,IL1B,3553,0.9792,342,5953
285,Compound,Glabrol,11596309,PREDICTED_TARGETS,Gene,IL6,,0.9791,426,5991
286,Compound,Daucosterol,5742590,PREDICTED_TARGETS,Gene,IL6,,0.9791,338,5991
287,Compound,Echinatin,6442675,PREDICTED_TARGETS,Gene,PTGS2,,0.9791,360,10537
288,Compound,Gibberellic acid,6466,PREDICTED_TARGETS,Gene,TNF,7124,0.9791,418,13629
289,Compound,2-Undecanone,8163,PREDICTED_TARGETS,Gene,CASP3,,0.9791,149,1701
290,Compound,4-Isopropylbenzyl alcohol,325,PREDICTED_TARGETS,Gene,IL6,,0.9791,187,5991
291,Compound,Levomenol,442343,PREDICTED_TARGETS,Gene,TNF,7124,0.979,537,13629
292,Compound,28-Deoxonimbolide,14467538,PREDICTED_TARGETS,Gene,PTGS2,,0.979,157,10537
293,Compound,Tridecane,12388,PREDICTED_TARGETS,Gene,IL1B,3553,0.979,779,5953
294,Compound,Hexadecane,11006,PREDICTED_TARGETS,Gene,IL1B,3553,0.9789,466,5953
295,Compound,Spathulenol,92231,PREDICTED_TARGETS,Gene,CASP3,,0.9789,745,1701
296,Compound,Glabranin,124049,PREDICTED_TARGETS,Gene,CASP3,,0.9789,419,1701
297,Compound,4-Isopropylbenzyl alcohol,325,PREDICTED_TARGETS,Gene,RELA,,0.9789,187,10988
298,Compound,Tridecane,12388,PREDICTED_TARGETS,Gene,RELA,,0.9789,779,10988
299,Compound,Methacrylonitrile,31368,PREDICTED_TARGETS,Gene,IL6,,0.9789,602,5991
300,Compound,Hexadecane,11006,PREDICTED_TARGETS,Gene,RELA,,0.9788,466,10988
301,Compound,4-Isopropylbenzyl alcohol,325,PREDICTED_TARGETS,Gene,IL1B,3553,0.9788,187,5953
302,Compound,Zingiberene,92776,PREDICTED_TARGETS,Gene,CASP3,,0.9788,805,1701
303,Compound,Safrole,5144,PREDICTED_TARGETS,Gene,TNF,7124,0.9788,721,13629
304,Compound,beta-Ionone,638014,PREDICTED_TARGETS,Gene,CAT,847,0.9787,855,1715
305,Compound,28-Deoxonimbolide,14467538,PREDICTED_TARGETS,Gene,IL6,,0.9786,157,5991
306,Compound,Humulene,5281520,PREDICTED_TARGETS,Gene,PTGS2,,0.9786,472,10537
307,Compound,Elemicin,10248,PREDICTED_TARGETS,Gene,CAT,847,0.9786,367,1715
308,Compound,Daucosterol,5742590,PREDICTED_TARGETS,Gene,BCL2,,0.9786,338,1234
309,Compound,Benzyl salicylate,8363,PREDICTED_TARGETS,Gene,TNF,7124,0.9786,269,13629
310,Compound,Chebulic acid,71308174,PREDICTED_TARGETS,Gene,IL1B,3553,0.9786,304,5953
311,Compound,Punicic acid,5281126,PREDICTED_TARGETS,Gene,GPT,2875,0.9785,705,5081
312,Compound,Isovitexin,162350,PREDICTED_TARGETS,Gene,CASP3,,0.9785,510,1701
313,Compound,Methacrylonitrile,31368,PREDICTED_TARGETS,Gene,BCL2,,0.9785,602,1234
314,Compound,Phloroglucinol,359,PREDICTED_TARGETS,Gene,TNF,7124,0.9784,682,13629
315,Compound,Estragole,8815,PREDICTED_TARGETS,Gene,CAT,847,0.9784,376,1715
316,Compound,Humulene,5281520,PREDICTED_TARGETS,Gene,IL6,,0.9784,472,5991
317,Compound,1-Dodecanol,8193,PREDICTED_TARGETS,Gene,TNF,7124,0.9784,78,13629
318,Compound,Licopyranocoumarin,122851,PREDICTED_TARGETS,Gene,CCND1,595,0.9784,556,1846
319,Compound,Verbenone,29025,PREDICTED_TARGETS,Gene,CAT,847,0.9784,797,1715
320,Compound,1-Heptanol,8129,PREDICTED_TARGETS,Gene,CAT,847,0.9784,81,1715
321,Compound,Daucosterol,5742590,PREDICTED_TARGETS,Gene,CXCL8,3576,0.9783,338,2865
322,Compound,Glabrol,11596309,PREDICTED_TARGETS,Gene,BCL2,,0.9783,426,1234
323,Compound,Fenchone,14525,PREDICTED_TARGETS,Gene,IL6,,0.9783,393,5991
324,Compound,Kutkin,131750182,PREDICTED_TARGETS,Gene,CASP3,,0.9783,526,1701
325,Compound,"2,3-Butanediol",262,PREDICTED_TARGETS,Gene,TNF,7124,0.9783,123,13629
326,Compound,28-Deoxonimbolide,14467538,PREDICTED_TARGETS,Gene,CXCL8,3576,0.9782,157,2865
327,Compound,p-Cymene,7463,PREDICTED_TARGETS,Gene,CASP3,,0.9782,908,1701
328,Compound,Nonane,8141,PREDICTED_TARGETS,Gene,CASP3,,0.9781,656,1701
329,Compound,Myrcene,31253,PREDICTED_TARGETS,Gene,CASP3,,0.9781,618,1701
330,Compound,Echinatin,6442675,PREDICTED_TARGETS,Gene,BCL2,,0.9781,360,1234
331,Compound,Nootkatone,1268142,PREDICTED_TARGETS,Gene,TNF,7124,0.9781,658,13629
332,Compound,Picroside II,11944602,PREDICTED_TARGETS,Gene,TNF,7124,0.9781,688,13629
333,Compound,Methyl palmitate,8181,PREDICTED_TARGETS,Gene,PPARG,5468,0.9781,613,10164
334,Compound,Fenchone,14525,PREDICTED_TARGETS,Gene,RELA,,0.9781,393,10988
335,Compound,Pentagalloylglucose,65238,PREDICTED_TARGETS,Gene,CAT,847,0.9781,678,1715
336,Compound,4-Ethyl-2-methoxyphenol,62465,PREDICTED_TARGETS,Gene,BCL2,,0.978,184,1234
337,Compound,Glycopeptide,56928060,PREDICTED_TARGETS,Gene,IL6,,0.978,435,5991
338,Compound,Fenchone,14525,PREDICTED_TARGETS,Gene,IL1B,3553,0.978,393,5953
339,Compound,Shikimic acid,8742,PREDICTED_TARGETS,Gene,TNF,7124,0.978,740,13629
340,Compound,4-Hydroxychalcone,5282361,PREDICTED_TARGETS,Gene,CAT,847,0.9779,185,1715
341,Compound,28-Deoxonimbolide,14467538,PREDICTED_TARGETS,Gene,BCL2,,0.9779,157,1234
342,Compound,Sterol,1107,PREDICTED_TARGETS,Gene,CAT,847,0.9779,749,1715
343,Compound,Punicic acid,5281126,PREDICTED_TARGETS,Gene,NOS2,,0.9779,705,8741
344,Compound,Aromadendrin,122850,PREDICTED_TARGETS,Gene,TNF,7124,0.9779,244,13629
345,Compound,Licopyranocoumarin,122851,PREDICTED_TARGETS,Gene,GPT,2875,0.9779,556,5081
346,Compound,2-Phenylethanol,6054,PREDICTED_TARGETS,Gene,CAT,847,0.9778,146,1715
347,Compound,Isokobusone,3860435,PREDICTED_TARGETS,Gene,NOS2,,0.9778,492,8741
348,Compound,beta-Sitosterol,222284,PREDICTED_TARGETS,Gene,RELA,,0.9778,869,10988
349,Compound,Chebulic acid,71308174,PREDICTED_TARGETS,Gene,RELA,,0.9777,304,10988
350,Compound,Tridecane,12388,PREDICTED_TARGETS,Gene,PTGS2,,0.9777,779,10537
351,Compound,Cedrol,65575,PREDICTED_TARGETS,Gene,CASP3,,0.9777,301,1701
352,Compound,Humulene,5281520,PREDICTED_TARGETS,Gene,PPARG,5468,0.9777,472,10164
353,Compound,4-Isopropylbenzyl alcohol,325,PREDICTED_TARGETS,Gene,PTGS2,,0.9777,187,10537
354,Compound,Hexadecane,11006,PREDICTED_TARGETS,Gene,PTGS2,,0.9777,466,10537
355,Compound,Humulene,5281520,PREDICTED_TARGETS,Gene,BCL2,,0.9777,472,1234
356,Compound,o-Cresol,335,PREDICTED_TARGETS,Gene,TNF,7124,0.9776,905,13629
357,Compound,Licopyranocoumarin,122851,PREDICTED_TARGETS,Gene,NOS2,,0.9776,556,8741
358,Compound,Glycyrol,5320083,PREDICTED_TARGETS,Gene,RELA,,0.9776,439,10988
359,Compound,beta-Sitosterol,222284,PREDICTED_TARGETS,Gene,IL1B,3553,0.9776,869,5953
360,Compound,Isokobusone,3860435,PREDICTED_TARGETS,Gene,CXCL8,3576,0.9776,492,2865
361,Compound,Terpinolene,11463,PREDICTED_TARGETS,Gene,RELA,,0.9776,763,10988
362,Compound,3-Deacetylsalannin,14458886,PREDICTED_TARGETS,Gene,CASP3,,0.9775,172,1701
363,Compound,"(2S,3S,4S,5R,6R)-6-[[(3S,4S,4aR,6aR,6bS,8aR,9R,12aS,14aR,14bR)-9-hydroxy-4-(hydroxymethyl)-4,6a,6b,8a,11,11,14b-heptamethyl-1,2,3,4a,5,6,7,8,9,10,12,12a,14,14a-tetradecahydropicen-3-yl]oxy]-5-[(2S,3R,4S,5S)-4,5-dihydroxy-3-[(2S,3R,4R,5R,6S)-3,4,5-trihydroxy-6-methyloxan-2-yl]oxyoxan-2-yl]oxy-3,4-dihydroxyoxane-2-carboxylic acid",443614,PREDICTED_TARGETS,Gene,CASP3,,0.9774,33,1701
364,Compound,"2',4'-Dihydroxyacetophenone",6990,PREDICTED_TARGETS,Gene,NOS2,,0.9773,118,8741
365,Compound,Licoisoflavone B,5481234,PREDICTED_TARGETS,Gene,CASP3,,0.9773,555,1701
366,Compound,Soyasaponin I,122097,PREDICTED_TARGETS,Gene,CASP3,,0.9773,744,1701
367,Compound,Azadiradione,12308714,PREDICTED_TARGETS,Gene,IL6,,0.9773,254,5991
368,Compound,28-Deoxonimbolide,14467538,PREDICTED_TARGETS,Gene,CCND1,595,0.9773,157,1846
369,Compound,Nimbin,108058,PREDICTED_TARGETS,Gene,TNF,7124,0.9773,636,13629
370,Compound,Licoflavone A,5319000,PREDICTED_TARGETS,Gene,NOS2,,0.9773,550,8741
371,Compound,Decane,15600,PREDICTED_TARGETS,Gene,RELA,,0.9773,342,10988
372,Compound,Isokobusone,3860435,PREDICTED_TARGETS,Gene,BAX,,0.9772,492,1202
373,Compound,Licoagrone,5318993,PREDICTED_TARGETS,Gene,CASP3,,0.9772,541,1701
374,Compound,Kanzonol X,10046166,PREDICTED_TARGETS,Gene,NOS2,,0.9772,519,8741
375,Compound,Glycopeptide,56928060,PREDICTED_TARGETS,Gene,BCL2,,0.9772,435,1234
376,Compound,Shinflavanone,197678,PREDICTED_TARGETS,Gene,NOS2,,0.9772,741,8741
377,Compound,Shinpterocarpin,10336244,PREDICTED_TARGETS,Gene,NOS2,,0.9772,742,8741
378,Compound,Glycycoumarin,5317756,PREDICTED_TARGETS,Gene,NOS2,,0.9772,437,8741
379,Compound,Glabrone,5317652,PREDICTED_TARGETS,Gene,NOS2,,0.9772,428,8741
380,Compound,Kanzonol W,15380912,PREDICTED_TARGETS,Gene,NOS2,,0.9772,518,8741
381,Compound,Glisoflavone,5487298,PREDICTED_TARGETS,Gene,CASP3,,0.9772,429,1701
382,Compound,Licoagrodin,637141,PREDICTED_TARGETS,Gene,CASP3,,0.9772,539,1701
383,Compound,Punicic acid,5281126,PREDICTED_TARGETS,Gene,BAX,,0.9771,705,1202
384,Compound,Furfuryl alcohol,7361,PREDICTED_TARGETS,Gene,CAT,847,0.9771,403,1715
385,Compound,Decane,15600,PREDICTED_TARGETS,Gene,PPARG,5468,0.9771,342,10164
386,Compound,Terpinolene,11463,PREDICTED_TARGETS,Gene,IL6,,0.977,763,5991
387,Compound,Elemicin,10248,PREDICTED_TARGETS,Gene,TNF,7124,0.977,367,13629
388,Compound,Glabrol,11596309,PREDICTED_TARGETS,Gene,CXCL8,3576,0.977,426,2865
389,Compound,beta-Elemene,6918391,PREDICTED_TARGETS,Gene,PPARG,5468,0.977,850,10164
390,Compound,Flavanone,10251,PREDICTED_TARGETS,Gene,CAT,847,0.9769,395,1715
391,Compound,1-Heptanol,8129,PREDICTED_TARGETS,Gene,TNF,7124,0.9769,81,13629
392,Compound,Verbenone,29025,PREDICTED_TARGETS,Gene,TNF,7124,0.9769,797,13629
393,Compound,Tridecane,12388,PREDICTED_TARGETS,Gene,PPARG,5468,0.9769,779,10164
394,Compound,Ethyl salicylate,8365,PREDICTED_TARGETS,Gene,CAT,847,0.9769,385,1715
395,Compound,L-Rhamnose,25310,PREDICTED_TARGETS,Gene,CAT,847,0.9769,530,1715
396,Compound,beta-Patchoulene,101731,PREDICTED_TARGETS,Gene,PPARG,5468,0.9769,859,10164
397,Compound,4-Isopropylbenzyl alcohol,325,PREDICTED_TARGETS,Gene,BCL2,,0.9769,187,1234
398,Compound,Fenchone,14525,PREDICTED_TARGETS,Gene,PTGS2,,0.9769,393,10537
399,Compound,Hexadecane,11006,PREDICTED_TARGETS,Gene,PPARG,5468,0.9769,466,10164
400,Compound,Undecanal,8186,PREDICTED_TARGETS,Gene,CAT,847,0.9769,785,1715
401,Compound,D-Xylose,135191,PREDICTED_TARGETS,Gene,CAT,847,0.9769,337,1715
402,Compound,Azadiradione,12308714,PREDICTED_TARGETS,Gene,RELA,,0.9768,254,10988
403,Compound,28-Deoxonimbolide,14467538,PREDICTED_TARGETS,Gene,GPT,2875,0.9768,157,5081
404,Compound,Licopyranocoumarin,122851,PREDICTED_TARGETS,Gene,BAX,,0.9768,556,1202
405,Compound,4-Isopropylbenzyl alcohol,325,PREDICTED_TARGETS,Gene,PPARG,5468,0.9768,187,10164
406,Compound,Benzyl acetate,8785,PREDICTED_TARGETS,Gene,CAT,847,0.9768,268,1715
407,Compound,Tridecane,12388,PREDICTED_TARGETS,Gene,BCL2,,0.9767,779,1234
408,Compound,Hexadecane,11006,PREDICTED_TARGETS,Gene,BCL2,,0.9767,466,1234
409,Compound,Daucosterol,5742590,PREDICTED_TARGETS,Gene,NOS2,,0.9767,338,8741
410,Compound,beta-Sitosterol,222284,PREDICTED_TARGETS,Gene,PTGS2,,0.9766,869,10537
411,Compound,Chebulic acid,71308174,PREDICTED_TARGETS,Gene,PTGS2,,0.9766,304,10537
412,Compound,Terpinolene,11463,PREDICTED_TARGETS,Gene,IL1B,3553,0.9766,763,5953
413,Compound,"2',4'-Dihydroxyacetophenone",6990,PREDICTED_TARGETS,Gene,BAX,,0.9765,118,1202
414,Compound,2-Methoxy-4-methylphenol,7144,PREDICTED_TARGETS,Gene,CASP3,,0.9765,139,1701
415,Compound,Undecanoic acid,8180,PREDICTED_TARGETS,Gene,CAT,847,0.9765,787,1715
416,Compound,Echinatin,6442675,PREDICTED_TARGETS,Gene,CXCL8,3576,0.9765,360,2865
417,Compound,Chebulic acid,71308174,PREDICTED_TARGETS,Gene,PPARG,5468,0.9765,304,10164
418,Compound,Echinatin,6442675,PREDICTED_TARGETS,Gene,NOS2,,0.9764,360,8741
419,Compound,Glabrol,11596309,PREDICTED_TARGETS,Gene,NOS2,,0.9764,426,8741
420,Compound,Myrtenol,10582,PREDICTED_TARGETS,Gene,CASP3,,0.9764,622,1701
421,Compound,1-Hexacosanol,68171,PREDICTED_TARGETS,Gene,CAT,847,0.9763,82,1715
422,Compound,Terpinolene,11463,PREDICTED_TARGETS,Gene,PTGS2,,0.9763,763,10537
423,Compound,beta-Sitosterol,222284,PREDICTED_TARGETS,Gene,IL6,,0.9763,869,5991
424,Compound,Methyl palmitate,8181,PREDICTED_TARGETS,Gene,PTGS2,,0.9762,613,10537
425,Compound,Isoelemicin,5318557,PREDICTED_TARGETS,Gene,CAT,847,0.9762,485,1715
426,Compound,beta-Elemene,6918391,PREDICTED_TARGETS,Gene,RELA,,0.9761,850,10988
427,Compound,Glabridin,124052,PREDICTED_TARGETS,Gene,CAT,847,0.9761,422,1715
428,Compound,Phytol,5280435,PREDICTED_TARGETS,Gene,TNF,7124,0.9761,684,13629
429,Compound,Licoflavone A,5319000,PREDICTED_TARGETS,Gene,CASP8,841,0.9761,550,1705
430,Compound,Echinatin,6442675,PREDICTED_TARGETS,Gene,BAX,,0.9761,360,1202
431,Compound,Humulene,5281520,PREDICTED_TARGETS,Gene,CXCL8,3576,0.9761,472,2865
432,Compound,"3,5-Dihydroxybenzoic acid",7424,PREDICTED_TARGETS,Gene,IL6,,0.9761,166,5991
433,Compound,Methacrylonitrile,31368,PREDICTED_TARGETS,Gene,NOS2,,0.9761,602,8741
434,Compound,Decane,15600,PREDICTED_TARGETS,Gene,PTGS2,,0.9761,342,10537
435,Compound,4-Hydroxychalcone,5282361,PREDICTED_TARGETS,Gene,TNF,7124,0.9761,185,13629
436,Compound,Tetracosanoic acid,11197,PREDICTED_TARGETS,Gene,CASP3,,0.9761,764,1701
437,Compound,2-Phenylethanol,6054,PREDICTED_TARGETS,Gene,TNF,7124,0.9761,146,13629
438,Compound,4-Isopropylbenzyl alcohol,325,PREDICTED_TARGETS,Gene,BAX,,0.9761,187,1202
439,Compound,Glycyrol,5320083,PREDICTED_TARGETS,Gene,PPARG,5468,0.9761,439,10164
440,Compound,Kanzonol X,10046166,PREDICTED_TARGETS,Gene,CASP8,841,0.9761,519,1705
441,Compound,Daucosterol,5742590,PREDICTED_TARGETS,Gene,BAX,,0.976,338,1202
442,Compound,Shinpterocarpin,10336244,PREDICTED_TARGETS,Gene,CASP8,841,0.976,742,1705
443,Compound,Glycycoumarin,5317756,PREDICTED_TARGETS,Gene,CASP8,841,0.976,437,1705
444,Compound,Shinflavanone,197678,PREDICTED_TARGETS,Gene,CASP8,841,0.976,741,1705
445,Compound,Glabrone,5317652,PREDICTED_TARGETS,Gene,CASP8,841,0.976,428,1705
446,Compound,Kanzonol W,15380912,PREDICTED_TARGETS,Gene,CASP8,841,0.976,518,1705
447,Compound,Glabrol,11596309,PREDICTED_TARGETS,Gene,BAX,,0.976,426,1202
448,Compound,Fenchone,14525,PREDICTED_TARGETS,Gene,BCL2,,0.976,393,1234
449,Compound,Dodecane,8182,PREDICTED_TARGETS,Gene,RELA,,0.976,359,10988
450,Compound,28-Deoxonimbolide,14467538,PREDICTED_TARGETS,Gene,NOS2,,0.9759,157,8741
451,Compound,Ethyl acetate,8857,PREDICTED_TARGETS,Gene,CASP3,,0.9759,377,1701
452,Compound,Liquiritin,503737,PREDICTED_TARGETS,Gene,CAT,847,0.9759,576,1715
453,Compound,Methyl palmitate,8181,PREDICTED_TARGETS,Gene,IL6,,0.9758,613,5991
454,Compound,Daucosterol,5742590,PREDICTED_TARGETS,Gene,CCND1,595,0.9758,338,1846
455,Compound,Dipropyl disulfide,12377,PREDICTED_TARGETS,Gene,IL6,,0.9758,352,5991
456,Compound,Citronellol,8842,PREDICTED_TARGETS,Gene,CAT,847,0.9757,313,1715
457,Compound,Acetoin,179,PREDICTED_TARGETS,Gene,CAT,847,0.9757,221,1715
458,Compound,Humulene,5281520,PREDICTED_TARGETS,Gene,NOS2,,0.9757,472,8741
459,Compound,Dodecane,8182,PREDICTED_TARGETS,Gene,IL1B,3553,0.9757,359,5953
460,Compound,4-Ethyl-2-methoxyphenol,62465,PREDICTED_TARGETS,Gene,NOS2,,0.9757,184,8741
461,Compound,Levomenol,442343,PREDICTED_TARGETS,Gene,CASP3,,0.9756,537,1701
462,Compound,L-Rhamnose,25310,PREDICTED_TARGETS,Gene,TNF,7124,0.9756,530,13629
463,Compound,Ethyl salicylate,8365,PREDICTED_TARGETS,Gene,TNF,7124,0.9756,385,13629
464,Compound,Myrtenal,61130,PREDICTED_TARGETS,Gene,CAT,847,0.9756,621,1715
465,Compound,1-Octen-3-OL,18827,PREDICTED_TARGETS,Gene,TNF,7124,0.9756,97,13629
466,Compound,4-Isopropylbenzyl alcohol,325,PREDICTED_TARGETS,Gene,NOS2,,0.9756,187,8741
467,Compound,Furfuryl alcohol,7361,PREDICTED_TARGETS,Gene,TNF,7124,0.9755,403,13629
468,Compound,Glabranin,124049,PREDICTED_TARGETS,Gene,IL6,,0.9755,419,5991
469,Compound,Chebulic acid,71308174,PREDICTED_TARGETS,Gene,BCL2,,0.9755,304,1234
470,Compound,beta-Sitosterol,222284,PREDICTED_TARGETS,Gene,BCL2,,0.9755,869,1234
471,Compound,Prunetin,5281804,PREDICTED_TARGETS,Gene,PPARG,5468,0.9755,700,10164
472,Compound,Pinocembrin,68071,PREDICTED_TARGETS,Gene,CAT,847,0.9755,692,1715
473,Compound,Prunetin,5281804,PREDICTED_TARGETS,Gene,RELA,,0.9755,700,10988
474,Compound,6-Prenylnaringenin,155094,PREDICTED_TARGETS,Gene,IL6,,0.9755,204,5991
475,Compound,Glyasperin D,480860,PREDICTED_TARGETS,Gene,CAT,847,0.9754,432,1715
476,Compound,"3,5-Dihydroxybenzoic acid",7424,PREDICTED_TARGETS,Gene,RELA,,0.9754,166,10988
477,Compound,beta-Pinene,14896,PREDICTED_TARGETS,Gene,CASP3,,0.9754,860,1701
478,Compound,Azadiradione,12308714,PREDICTED_TARGETS,Gene,IL1B,3553,0.9754,254,5953
479,Compound,beta-Sitosterol,222284,PREDICTED_TARGETS,Gene,PPARG,5468,0.9754,869,10164
480,Compound,Undecanal,8186,PREDICTED_TARGETS,Gene,TNF,7124,0.9754,785,13629
481,Compound,28-Deoxonimbolide,14467538,PREDICTED_TARGETS,Gene,BAX,,0.9754,157,1202
482,Compound,beta-Patchoulene,101731,PREDICTED_TARGETS,Gene,PTGS2,,0.9754,859,10537
483,Compound,Terpinolene,11463,PREDICTED_TARGETS,Gene,BCL2,,0.9753,763,1234
484,Compound,beta-Eudesmol,91457,PREDICTED_TARGETS,Gene,CASP3,,0.9753,851,1701
485,Compound,Azadiradione,12308714,PREDICTED_TARGETS,Gene,PTGS2,,0.9753,254,10537
486,Compound,Glycyrol,5320083,PREDICTED_TARGETS,Gene,BCL2,,0.9753,439,1234
487,Compound,Dipropyl disulfide,12377,PREDICTED_TARGETS,Gene,RELA,,0.9753,352,10988
488,Compound,Methyl palmitate,8181,PREDICTED_TARGETS,Gene,CXCL8,3576,0.9753,613,2865
489,Compound,Glycopeptide,56928060,PREDICTED_TARGETS,Gene,CASP8,841,0.9752,435,1705
490,Compound,Aureusidin,5281220,PREDICTED_TARGETS,Gene,IL1B,3553,0.9752,248,5953
491,Compound,"2',4'-Dihydroxyacetophenone",6990,PREDICTED_TARGETS,Gene,CASP8,841,0.9752,118,1705
492,Compound,Spathulenol,92231,PREDICTED_TARGETS,Gene,IL6,,0.9752,745,5991
493,Compound,Humulene,5281520,PREDICTED_TARGETS,Gene,BAX,,0.9752,472,1202
494,Compound,"Methyl 2,5-dihydroxycinnamate",5353609,PREDICTED_TARGETS,Gene,CASP3,,0.9752,604,1701
495,Compound,beta-Patchoulene,101731,PREDICTED_TARGETS,Gene,IL6,,0.9751,859,5991
496,Compound,Fenchone,14525,PREDICTED_TARGETS,Gene,BAX,,0.9751,393,1202
497,Compound,Decane,15600,PREDICTED_TARGETS,Gene,BCL2,,0.9751,342,1234
498,Compound,Daucosterol,5742590,PREDICTED_TARGETS,Gene,GPT,2875,0.975,338,5081
499,Compound,Punicic acid,5281126,PREDICTED_TARGETS,Gene,CASP8,841,0.975,705,1705
500,Compound,Methyl palmitate,8181,PREDICTED_TARGETS,Gene,BCL2,,0.975,613,1234
501,Compound,4-Isopropylbenzyl alcohol,325,PREDICTED_TARGETS,Gene,CXCL8,3576,0.975,187,2865
502,Compound,Zingiberene,92776,PREDICTED_TARGETS,Gene,IL6,,0.9749,805,5991
503,Compound,Licoflavone A,5319000,PREDICTED_TARGETS,Gene,BAX,,0.9749,550,1202
504,Compound,Kanzonol X,10046166,PREDICTED_TARGETS,Gene,BAX,,0.9749,519,1202
505,Compound,Licopyranocoumarin,122851,PREDICTED_TARGETS,Gene,CASP8,841,0.9749,556,1705
506,Compound,Methyl palmitate,8181,PREDICTED_TARGETS,Gene,CCND1,595,0.9749,613,1846
507,Compound,Shinflavanone,197678,PREDICTED_TARGETS,Gene,BAX,,0.9749,741,1202
508,Compound,Shinpterocarpin,10336244,PREDICTED_TARGETS,Gene,BAX,,0.9749,742,1202
509,Compound,Glycycoumarin,5317756,PREDICTED_TARGETS,Gene,BAX,,0.9749,437,1202
510,Compound,Kanzonol W,15380912,PREDICTED_TARGETS,Gene,BAX,,0.9748,518,1202
511,Compound,Glabrone,5317652,PREDICTED_TARGETS,Gene,BAX,,0.9748,428,1202
512,Compound,Menthone,26447,PREDICTED_TARGETS,Gene,CAT,847,0.9748,600,1715
513,Compound,Dipropyl disulfide,12377,PREDICTED_TARGETS,Gene,IL1B,3553,0.9748,352,5953
514,Compound,6-Prenylnaringenin,155094,PREDICTED_TARGETS,Gene,RELA,,0.9748,204,10988
515,Compound,1-Dodecanol,8193,PREDICTED_TARGETS,Gene,CASP3,,0.9748,78,1701
516,Compound,1-Hexacosanol,68171,PREDICTED_TARGETS,Gene,TNF,7124,0.9748,82,13629
517,Compound,Methacrylonitrile,31368,PREDICTED_TARGETS,Gene,BAX,,0.9747,602,1202
518,Compound,Tridecane,12388,PREDICTED_TARGETS,Gene,NOS2,,0.9747,779,8741
519,Compound,D-Xylose,135191,PREDICTED_TARGETS,Gene,TNF,7124,0.9747,337,13629
520,Compound,Dodecane,8182,PREDICTED_TARGETS,Gene,PTGS2,,0.9747,359,10537
521,Compound,Hexadecane,11006,PREDICTED_TARGETS,Gene,NOS2,,0.9746,466,8741
522,Compound,Fenchone,14525,PREDICTED_TARGETS,Gene,NOS2,,0.9746,393,8741
523,Compound,4-Ethyl-2-methoxyphenol,62465,PREDICTED_TARGETS,Gene,BAX,,0.9746,184,1202
524,Compound,Isokobusone,3860435,PREDICTED_TARGETS,Gene,CCND1,595,0.9746,492,1846
525,Compound,Linalyl acetate,8294,PREDICTED_TARGETS,Gene,CAT,847,0.9746,569,1715
526,Compound,Flavanone,10251,PREDICTED_TARGETS,Gene,TNF,7124,0.9746,395,13629
527,Compound,beta-Amyrin,73145,PREDICTED_TARGETS,Gene,RELA,,0.9745,843,10988
528,Compound,Glycyrol,5320083,PREDICTED_TARGETS,Gene,CXCL8,3576,0.9745,439,2865
529,Compound,7-Methoxycoumarin,10748,PREDICTED_TARGETS,Gene,CAT,847,0.9745,215,1715
530,Compound,p-Cymene,7463,PREDICTED_TARGETS,Gene,IL6,,0.9745,908,5991
531,Compound,Azadiradione,12308714,PREDICTED_TARGETS,Gene,BCL2,,0.9745,254,1234
532,Compound,Spathulenol,92231,PREDICTED_TARGETS,Gene,RELA,,0.9745,745,10988
533,Compound,Glabranin,124049,PREDICTED_TARGETS,Gene,RELA,,0.9745,419,10988
534,Compound,Aromadendrin,122850,PREDICTED_TARGETS,Gene,CASP3,,0.9745,244,1701
535,Compound,gamma-Terpinene,7461,PREDICTED_TARGETS,Gene,CAT,847,0.9744,896,1715
536,Compound,beta-Patchoulene,101731,PREDICTED_TARGETS,Gene,CXCL8,3576,0.9744,859,2865
537,Compound,Methyl palmitate,8181,PREDICTED_TARGETS,Gene,GPT,2875,0.9744,613,5081
538,Compound,Terpinolene,11463,PREDICTED_TARGETS,Gene,PPARG,5468,0.9744,763,10164
539,Compound,Zingiberene,92776,PREDICTED_TARGETS,Gene,RELA,,0.9743,805,10988
540,Compound,Pratol,5320693,PREDICTED_TARGETS,Gene,CAT,847,0.9743,695,1715
541,Compound,Isoangustone A,21591148,PREDICTED_TARGETS,Gene,CAT,847,0.9743,480,1715
542,Compound,"2,3-Butanediol",262,PREDICTED_TARGETS,Gene,CASP3,,0.9743,123,1701
543,Compound,Undecanoic acid,8180,PREDICTED_TARGETS,Gene,TNF,7124,0.9743,787,13629
544,Compound,Glabridin,124052,PREDICTED_TARGETS,Gene,TNF,7124,0.9743,422,13629
545,Compound,Myrcene,31253,PREDICTED_TARGETS,Gene,IL6,,0.9743,618,5991
546,Compound,Benzyl salicylate,8363,PREDICTED_TARGETS,Gene,CASP3,,0.9743,269,1701
547,Compound,Nimbin,108058,PREDICTED_TARGETS,Gene,CASP3,,0.9743,636,1701
548,Compound,Benzyl acetate,8785,PREDICTED_TARGETS,Gene,TNF,7124,0.9742,268,13629
549,Compound,Methacrylonitrile,31368,PREDICTED_TARGETS,Gene,CASP8,841,0.9742,602,1705
550,Compound,Isokobusone,3860435,PREDICTED_TARGETS,Gene,GPT,2875,0.9742,492,5081
551,Compound,Tridecane,12388,PREDICTED_TARGETS,Gene,BAX,,0.9742,779,1202
552,Compound,beta-Patchoulene,101731,PREDICTED_TARGETS,Gene,BCL2,,0.9742,859,1234
553,Compound,Hexadecane,11006,PREDICTED_TARGETS,Gene,BAX,,0.9742,466,1202
554,Compound,o-Cresol,335,PREDICTED_TARGETS,Gene,CASP3,,0.9742,905,1701
555,Compound,Methyl linoleate,5284421,PREDICTED_TARGETS,Gene,CAT,847,0.9742,610,1715
556,Compound,Glyasperin D,480860,PREDICTED_TARGETS,Gene,TNF,7124,0.9741,432,13629
557,Compound,Scoparone,8417,PREDICTED_TARGETS,Gene,CAT,847,0.9741,732,1715
558,Compound,4-Ethyl-2-methoxyphenol,62465,PREDICTED_TARGETS,Gene,CASP8,841,0.9741,184,1705
559,Compound,Azadirachtin,5281303,PREDICTED_TARGETS,Gene,CAT,847,0.9741,250,1715
560,Compound,Liquiritigenin,114829,PREDICTED_TARGETS,Gene,CAT,847,0.9741,573,1715
561,Compound,Glycopeptide,56928060,PREDICTED_TARGETS,Gene,NOS2,,0.9741,435,8741
562,Compound,Fenchone,14525,PREDICTED_TARGETS,Gene,CXCL8,3576,0.974,393,2865
563,Compound,Myrtenal,61130,PREDICTED_TARGETS,Gene,TNF,7124,0.974,621,13629
564,Compound,Licoricidin,480865,PREDICTED_TARGETS,Gene,IL6,,0.974,557,5991
565,Compound,"3,5-Dihydroxybenzoic acid",7424,PREDICTED_TARGETS,Gene,IL1B,3553,0.974,166,5953
566,Compound,beta-Sitosterol,222284,PREDICTED_TARGETS,Gene,CXCL8,3576,0.974,869,2865
567,Compound,Kutkin,131750182,PREDICTED_TARGETS,Gene,IL6,,0.974,526,5991
568,Compound,Spathulenol,92231,PREDICTED_TARGETS,Gene,IL1B,3553,0.974,745,5953
569,Compound,Astragalin,5282102,PREDICTED_TARGETS,Gene,CASP3,,0.9739,247,1701
570,Compound,Azadiradione,12308714,PREDICTED_TARGETS,Gene,BAX,,0.9739,254,1202
571,Compound,beta-Elemene,6918391,PREDICTED_TARGETS,Gene,CXCL8,3576,0.9739,850,2865
572,Compound,Glabrol,11596309,PREDICTED_TARGETS,Gene,CCND1,595,0.9739,426,1846
573,Compound,Isokobusone,3860435,PREDICTED_TARGETS,Gene,CASP8,841,0.9738,492,1705
574,Compound,Kutkin,131750182,PREDICTED_TARGETS,Gene,RELA,,0.9738,526,10988
575,Compound,"3,5-Dihydroxybenzoic acid",7424,PREDICTED_TARGETS,Gene,PTGS2,,0.9738,166,10537
576,Compound,Kutkin,131750182,PREDICTED_TARGETS,Gene,IL1B,3553,0.9738,526,5953
577,Compound,3-Deacetylsalannin,14458886,PREDICTED_TARGETS,Gene,IL6,,0.9737,172,5991
578,Compound,Isokobusone,3860435,PREDICTED_TARGETS,Gene,MAPK1,,0.9737,492,7299
579,Compound,Terpinolene,11463,PREDICTED_TARGETS,Gene,BAX,,0.9736,763,1202
580,Compound,Nootkatone,1268142,PREDICTED_TARGETS,Gene,CASP3,,0.9736,658,1701
581,Compound,Dodecane,8182,PREDICTED_TARGETS,Gene,BCL2,,0.9736,359,1234
582,Compound,Dipropyl disulfide,12377,PREDICTED_TARGETS,Gene,PTGS2,,0.9736,352,10537
583,Compound,Cedrol,65575,PREDICTED_TARGETS,Gene,IL6,,0.9736,301,5991
584,Compound,Zingiberene,92776,PREDICTED_TARGETS,Gene,IL1B,3553,0.9736,805,5953
585,Compound,Glabrol,11596309,PREDICTED_TARGETS,Gene,GPT,2875,0.9736,426,5081
586,Compound,"(2S,3S,4S,5R,6R)-6-[[(3S,4S,4aR,6aR,6bS,8aR,9R,12aS,14aR,14bR)-9-hydroxy-4-(hydroxymethyl)-4,6a,6b,8a,11,11,14b-heptamethyl-1,2,3,4a,5,6,7,8,9,10,12,12a,14,14a-tetradecahydropicen-3-yl]oxy]-5-[(2S,3R,4S,5S)-4,5-dihydroxy-3-[(2S,3R,4R,5R,6S)-3,4,5-trihydroxy-6-methyloxan-2-yl]oxyoxan-2-yl]oxy-3,4-dihydroxyoxane-2-carboxylic acid",443614,PREDICTED_TARGETS,Gene,IL6,,0.9736,33,5991
587,Compound,Punicic acid,5281126,PREDICTED_TARGETS,Gene,MAPK1,,0.9736,705,7299
588,Compound,p-Cymene,7463,PREDICTED_TARGETS,Gene,RELA,,0.9736,908,10988
589,Compound,Myrcene,31253,PREDICTED_TARGETS,Gene,RELA,,0.9735,618,10988
590,Compound,"3,5-Dihydroxybenzoic acid",7424,PREDICTED_TARGETS,Gene,BAX,,0.9735,166,1202
591,Compound,Camphene,6616,PREDICTED_TARGETS,Gene,IL6,,0.9735,290,5991
592,Compound,Shikimic acid,8742,PREDICTED_TARGETS,Gene,CASP3,,0.9735,740,1701
593,Compound,6-Prenylnaringenin,155094,PREDICTED_TARGETS,Gene,IL1B,3553,0.9735,204,5953
594,Compound,Daucosterol,5742590,PREDICTED_TARGETS,Gene,CASP8,841,0.9734,338,1705
595,Compound,Menthone,26447,PREDICTED_TARGETS,Gene,TNF,7124,0.9734,600,13629
596,Compound,Nonane,8141,PREDICTED_TARGETS,Gene,IL1B,3553,0.9734,656,5953
597,Compound,Licoagrone,5318993,PREDICTED_TARGETS,Gene,IL6,,0.9734,541,5991
598,Compound,Physcion,10639,PREDICTED_TARGETS,Gene,CAT,847,0.9734,683,1715
599,Compound,Chebulic acid,71308174,PREDICTED_TARGETS,Gene,NOS2,,0.9734,304,8741
600,Compound,Glisoflavone,5487298,PREDICTED_TARGETS,Gene,IL6,,0.9733,429,5991
601,Compound,beta-Sitosterol,222284,PREDICTED_TARGETS,Gene,NOS2,,0.9733,869,8741
602,Compound,Licoisoflavone B,5481234,PREDICTED_TARGETS,Gene,IL6,,0.9733,555,5991
603,Compound,Acetoin,179,PREDICTED_TARGETS,Gene,TNF,7124,0.9733,221,13629
604,Compound,Dodecane,8182,PREDICTED_TARGETS,Gene,PPARG,5468,0.9733,359,10164
605,Compound,Licoagrodin,637141,PREDICTED_TARGETS,Gene,IL6,,0.9733,539,5991
606,Compound,Echinatin,6442675,PREDICTED_TARGETS,Gene,CCND1,595,0.9733,360,1846
607,Compound,Terpinolene,11463,PREDICTED_TARGETS,Gene,CXCL8,3576,0.9733,763,2865
608,Compound,Picroside II,11944602,PREDICTED_TARGETS,Gene,CASP3,,0.9732,688,1701
609,Compound,Dipropyl disulfide,12377,PREDICTED_TARGETS,Gene,BAX,,0.9731,352,1202
610,Compound,Terpinolene,11463,PREDICTED_TARGETS,Gene,NOS2,,0.9731,763,8741
611,Compound,Glabrol,11596309,PREDICTED_TARGETS,Gene,CASP8,841,0.9731,426,1705
612,Compound,6-Prenylnaringenin,155094,PREDICTED_TARGETS,Gene,PTGS2,,0.9731,204,10537
613,Compound,Azadiradione,12308714,PREDICTED_TARGETS,Gene,PPARG,5468,0.9731,254,10164
614,Compound,1-Heptanol,8129,PREDICTED_TARGETS,Gene,CASP3,,0.9731,81,1701
615,Compound,Decane,15600,PREDICTED_TARGETS,Gene,CCND1,595,0.9731,342,1846
616,Compound,Prunetin,5281804,PREDICTED_TARGETS,Gene,BCL2,,0.9731,700,1234
617,Compound,Licoricidin,480865,PREDICTED_TARGETS,Gene,IL1B,3553,0.9731,557,5953
618,Compound,m-Cresol,342,PREDICTED_TARGETS,Gene,CAT,847,0.973,898,1715
619,Compound,Cedrol,65575,PREDICTED_TARGETS,Gene,RELA,,0.973,301,10988
620,Compound,Echinatin,6442675,PREDICTED_TARGETS,Gene,GPT,2875,0.973,360,5081
621,Compound,Camphene,6616,PREDICTED_TARGETS,Gene,RELA,,0.973,290,10988
622,Compound,"3,5-Dihydroxybenzoic acid",7424,PREDICTED_TARGETS,Gene,BCL2,,0.973,166,1234
623,Compound,2-Undecanone,8163,PREDICTED_TARGETS,Gene,PTGS2,,0.973,149,10537
624,Compound,Azadiradione,12308714,PREDICTED_TARGETS,Gene,NOS2,,0.973,254,8741
625,Compound,Isokobusone,3860435,PREDICTED_TARGETS,Gene,AKT1,,0.973,492,410
626,Compound,Caryophyllene oxide,1742210,PREDICTED_TARGETS,Gene,CAT,847,0.9729,296,1715
627,Compound,Pinocembrin,68071,PREDICTED_TARGETS,Gene,TNF,7124,0.9729,692,13629
628,Compound,Licopyranocoumarin,122851,PREDICTED_TARGETS,Gene,MAPK1,,0.9729,556,7299
629,Compound,Methyl linoleate,5284421,PREDICTED_TARGETS,Gene,TNF,7124,0.9729,610,13629
630,Compound,Glabranin,124049,PREDICTED_TARGETS,Gene,BAX,,0.9729,419,1202
631,Compound,Decane,15600,PREDICTED_TARGETS,Gene,NOS2,,0.9729,342,8741
632,Compound,Fraxinellone,124039,PREDICTED_TARGETS,Gene,BCL2,,0.9729,399,1234
633,Compound,Humulene,5281520,PREDICTED_TARGETS,Gene,CCND1,595,0.9728,472,1846
634,Compound,beta-Sitosterol,222284,PREDICTED_TARGETS,Gene,BAX,,0.9728,869,1202
635,Compound,Prunetin,5281804,PREDICTED_TARGETS,Gene,CXCL8,3576,0.9728,700,2865
636,Compound,Dipropyl disulfide,12377,PREDICTED_TARGETS,Gene,BCL2,,0.9728,352,1234
637,Compound,Punicic acid,5281126,PREDICTED_TARGETS,Gene,AKT1,,0.9728,705,410
638,Compound,6-Prenylnaringenin,155094,PREDICTED_TARGETS,Gene,BAX,,0.9728,204,1202
639,Compound,3-Deacetylsalannin,14458886,PREDICTED_TARGETS,Gene,RELA,,0.9728,172,10988
640,Compound,Aureusidin,5281220,PREDICTED_TARGETS,Gene,PPARG,5468,0.9728,248,10164
641,Compound,Spathulenol,92231,PREDICTED_TARGETS,Gene,PTGS2,,0.9728,745,10537
642,Compound,Glabranin,124049,PREDICTED_TARGETS,Gene,PTGS2,,0.9727,419,10537
643,Compound,Chebulic acid,71308174,PREDICTED_TARGETS,Gene,BAX,,0.9727,304,1202
644,Compound,Methyl palmitate,8181,PREDICTED_TARGETS,Gene,NOS2,,0.9727,613,8741
645,Compound,Aureusidin,5281220,PREDICTED_TARGETS,Gene,BCL2,,0.9727,248,1234
646,Compound,Glycyrol,5320083,PREDICTED_TARGETS,Gene,BAX,,0.9727,439,1202
647,Compound,Glycopeptide,56928060,PREDICTED_TARGETS,Gene,BAX,,0.9727,435,1202
648,Compound,"(2S,3S,4S,5R,6R)-6-[[(3S,4S,4aR,6aR,6bS,8aR,9R,12aS,14aR,14bR)-9-hydroxy-4-(hydroxymethyl)-4,6a,6b,8a,11,11,14b-heptamethyl-1,2,3,4a,5,6,7,8,9,10,12,12a,14,14a-tetradecahydropicen-3-yl]oxy]-5-[(2S,3R,4S,5S)-4,5-dihydroxy-3-[(2S,3R,4R,5R,6S)-3,4,5-trihydroxy-6-methyloxan-2-yl]oxyoxan-2-yl]oxy-3,4-dihydroxyoxane-2-carboxylic acid",443614,PREDICTED_TARGETS,Gene,RELA,,0.9727,33,10988
649,Compound,Verbenone,29025,PREDICTED_TARGETS,Gene,CASP3,,0.9727,797,1701
650,Compound,Camphene,6616,PREDICTED_TARGETS,Gene,IL1B,3553,0.9726,290,5953
651,Compound,Isovitexin,162350,PREDICTED_TARGETS,Gene,PTGS2,,0.9726,510,10537
652,Compound,Sennoside A,73111,PREDICTED_TARGETS,Gene,CAT,847,0.9726,736,1715
653,Compound,"2',4'-Dihydroxyacetophenone",6990,PREDICTED_TARGETS,Gene,MAPK1,,0.9726,118,7299
654,Compound,Zingiberene,92776,PREDICTED_TARGETS,Gene,PTGS2,,0.9726,805,10537
655,Compound,beta-Elemene,6918391,PREDICTED_TARGETS,Gene,GPT,2875,0.9726,850,5081
656,Compound,Licoflavone A,5319000,PREDICTED_TARGETS,Gene,ABCB1,5243,0.9726,550,36
657,Compound,Isoangustone A,21591148,PREDICTED_TARGETS,Gene,TNF,7124,0.9726,480,13629
658,Compound,Echinatin,6442675,PREDICTED_TARGETS,Gene,CASP8,841,0.9726,360,1705
659,Compound,Licoisoflavone B,5481234,PREDICTED_TARGETS,Gene,RELA,,0.9726,555,10988
660,Compound,Elemicin,10248,PREDICTED_TARGETS,Gene,CASP3,,0.9726,367,1701
661,Compound,Isokobusone,3860435,PREDICTED_TARGETS,Gene,CASP9,,0.9725,492,1707
662,Compound,Humulene,5281520,PREDICTED_TARGETS,Gene,GPT,2875,0.9725,472,5081
663,Compound,Ononin,442813,PREDICTED_TARGETS,Gene,CAT,847,0.9725,668,1715
664,Compound,Kanzonol X,10046166,PREDICTED_TARGETS,Gene,ABCB1,5243,0.9725,519,36
665,Compound,Shinpterocarpin,10336244,PREDICTED_TARGETS,Gene,ABCB1,5243,0.9725,742,36
666,Compound,Spathulenol,92231,PREDICTED_TARGETS,Gene,BAX,,0.9725,745,1202
667,Compound,Dipropyl disulfide,12377,PREDICTED_TARGETS,Gene,PPARG,5468,0.9725,352,10164
668,Compound,Glycycoumarin,5317756,PREDICTED_TARGETS,Gene,ABCB1,5243,0.9725,437,36
669,Compound,Shinflavanone,197678,PREDICTED_TARGETS,Gene,ABCB1,5243,0.9725,741,36
670,Compound,Glabrone,5317652,PREDICTED_TARGETS,Gene,ABCB1,5243,0.9725,428,36
671,Compound,Kanzonol W,15380912,PREDICTED_TARGETS,Gene,ABCB1,5243,0.9725,518,36
672,Compound,beta-Patchoulene,101731,PREDICTED_TARGETS,Gene,CCND1,595,0.9724,859,1846
673,Compound,4-Hydroxychalcone,5282361,PREDICTED_TARGETS,Gene,CASP3,,0.9724,185,1701
674,Compound,Fraxinellone,124039,PREDICTED_TARGETS,Gene,PPARG,5468,0.9724,399,10164
675,Compound,Licoagrone,5318993,PREDICTED_TARGETS,Gene,RELA,,0.9724,541,10988
676,Compound,2-Phenylethanol,6054,PREDICTED_TARGETS,Gene,CASP3,,0.9724,146,1701
677,Compound,Maltol,8369,PREDICTED_TARGETS,Gene,CAT,847,0.9724,586,1715
678,Compound,Glisoflavone,5487298,PREDICTED_TARGETS,Gene,RELA,,0.9724,429,10988
679,Compound,Decane,15600,PREDICTED_TARGETS,Gene,GPT,2875,0.9724,342,5081
680,Compound,Licoagrodin,637141,PREDICTED_TARGETS,Gene,RELA,,0.9724,539,10988
681,Compound,Dodecane,8182,PREDICTED_TARGETS,Gene,BAX,,0.9723,359,1202
682,Compound,Glabranin,124049,PREDICTED_TARGETS,Gene,IL1B,3553,0.9723,419,5953
683,Compound,Kutkin,131750182,PREDICTED_TARGETS,Gene,PTGS2,,0.9723,526,10537
684,Compound,Zingiberene,92776,PREDICTED_TARGETS,Gene,BAX,,0.9723,805,1202
685,Compound,6-Prenylnaringenin,155094,PREDICTED_TARGETS,Gene,BCL2,,0.9723,204,1234
686,Compound,Daucosterol,5742590,PREDICTED_TARGETS,Gene,MAPK1,,0.9723,338,7299
687,Compound,Decanoic acid,2969,PREDICTED_TARGETS,Gene,CAT,847,0.9723,343,1715
688,Compound,Cedrol,65575,PREDICTED_TARGETS,Gene,IL1B,3553,0.9723,301,5953
689,Compound,Punicic acid,5281126,PREDICTED_TARGETS,Gene,CASP9,,0.9722,705,1707
690,Compound,Myrcene,31253,PREDICTED_TARGETS,Gene,IL1B,3553,0.9722,618,5953
691,Compound,Methyl palmitate,8181,PREDICTED_TARGETS,Gene,BAX,,0.9722,613,1202
692,Compound,Decane,15600,PREDICTED_TARGETS,Gene,BAX,,0.9721,342,1202
693,Compound,2-Methoxy-4-methylphenol,7144,PREDICTED_TARGETS,Gene,IL6,,0.9721,139,5991
694,Compound,Maslinic acid,73659,PREDICTED_TARGETS,Gene,CAT,847,0.9721,593,1715
695,Compound,Tridecane,12388,PREDICTED_TARGETS,Gene,CCND1,595,0.9721,779,1846
696,Compound,Licopyranocoumarin,122851,PREDICTED_TARGETS,Gene,AKT1,,0.9721,556,410
697,Compound,Humulene,5281520,PREDICTED_TARGETS,Gene,CASP8,841,0.9721,472,1705
698,Compound,Dodecane,8182,PREDICTED_TARGETS,Gene,NOS2,,0.9721,359,8741
699,Compound,Prunetin,5281804,PREDICTED_TARGETS,Gene,CCND1,595,0.9721,700,1846
700,Compound,Punicic acid,5281126,PREDICTED_TARGETS,Gene,CYP1A1,,0.9721,705,2902
701,Compound,2-Undecanone,8163,PREDICTED_TARGETS,Gene,BCL2,,0.9721,149,1234
702,Compound,Hexadecane,11006,PREDICTED_TARGETS,Gene,CCND1,595,0.9721,466,1846
703,Compound,beta-Amyrin,73145,PREDICTED_TARGETS,Gene,BCL2,,0.9721,843,1234
704,Compound,beta-Patchoulene,101731,PREDICTED_TARGETS,Gene,GPT,2875,0.9721,859,5081
705,Compound,Camphor,2537,PREDICTED_TARGETS,Gene,CAT,847,0.9721,292,1715
706,Compound,Echinatin,6442675,PREDICTED_TARGETS,Gene,MAPK1,,0.972,360,7299
707,Compound,Licocoumarone,503731,PREDICTED_TARGETS,Gene,CAT,847,0.972,548,1715
708,Compound,Tetracosanoic acid,11197,PREDICTED_TARGETS,Gene,IL6,,0.972,764,5991
709,Compound,Glabrol,11596309,PREDICTED_TARGETS,Gene,MAPK1,,0.972,426,7299
710,Compound,Myrtenol,10582,PREDICTED_TARGETS,Gene,IL6,,0.972,622,5991
711,Compound,Mesitylene,7947,PREDICTED_TARGETS,Gene,CAT,847,0.972,601,1715
712,Compound,Pentagalloylglucose,65238,PREDICTED_TARGETS,Gene,CASP3,,0.972,678,1701
713,Compound,Pratol,5320693,PREDICTED_TARGETS,Gene,TNF,7124,0.972,695,13629
714,Compound,Spathulenol,92231,PREDICTED_TARGETS,Gene,BCL2,,0.9719,745,1234
715,Compound,Nonane,8141,PREDICTED_TARGETS,Gene,PTGS2,,0.9719,656,10537
716,Compound,Glabranin,124049,PREDICTED_TARGETS,Gene,BCL2,,0.9719,419,1234
717,Compound,4-Isopropylbenzyl alcohol,325,PREDICTED_TARGETS,Gene,MAPK1,,0.9719,187,7299
718,Compound,Ricinoleic acid,643684,PREDICTED_TARGETS,Gene,CAT,847,0.9719,716,1715
719,Compound,beta-Patchoulene,101731,PREDICTED_TARGETS,Gene,NOS2,,0.9719,859,8741
720,Compound,7-Methoxycoumarin,10748,PREDICTED_TARGETS,Gene,TNF,7124,0.9719,215,13629
721,Compound,Isokobusone,3860435,PREDICTED_TARGETS,Gene,CYP1A1,,0.9719,492,2902
722,Compound,gamma-Terpinene,7461,PREDICTED_TARGETS,Gene,TNF,7124,0.9719,896,13629
723,Compound,Licoricidin,480865,PREDICTED_TARGETS,Gene,PTGS2,,0.9718,557,10537
724,Compound,Licoflavone A,5319000,PREDICTED_TARGETS,Gene,GSK3B,2932,0.9718,550,5148
725,Compound,Tridecane,12388,PREDICTED_TARGETS,Gene,GPT,2875,0.9718,779,5081
726,Compound,"2',4'-Dihydroxyacetophenone",6990,PREDICTED_TARGETS,Gene,AKT1,,0.9718,118,410
727,Compound,Zingiberene,92776,PREDICTED_TARGETS,Gene,BCL2,,0.9718,805,1234
728,Compound,Kutkin,131750182,PREDICTED_TARGETS,Gene,PPARG,5468,0.9718,526,10164
729,Compound,Hexadecane,11006,PREDICTED_TARGETS,Gene,GPT,2875,0.9718,466,5081
730,Compound,p-Cymene,7463,PREDICTED_TARGETS,Gene,PTGS2,,0.9718,908,10537
731,Compound,"3,5-Dihydroxybenzoic acid",7424,PREDICTED_TARGETS,Gene,PPARG,5468,0.9718,166,10164
732,Compound,Ethyl acetate,8857,PREDICTED_TARGETS,Gene,IL6,,0.9717,377,5991
733,Compound,Physcion,10639,PREDICTED_TARGETS,Gene,TNF,7124,0.9717,683,13629
734,Compound,Kanzonol X,10046166,PREDICTED_TARGETS,Gene,GSK3B,2932,0.9717,519,5148
735,Compound,Spathulenol,92231,PREDICTED_TARGETS,Gene,PPARG,5468,0.9717,745,10164
736,Compound,p-Cymene,7463,PREDICTED_TARGETS,Gene,BAX,,0.9717,908,1202
737,Compound,Myrcene,31253,PREDICTED_TARGETS,Gene,PTGS2,,0.9717,618,10537
738,Compound,Shinpterocarpin,10336244,PREDICTED_TARGETS,Gene,GSK3B,2932,0.9717,742,5148
739,Compound,L-Rhamnose,25310,PREDICTED_TARGETS,Gene,CASP3,,0.9717,530,1701
740,Compound,Glycycoumarin,5317756,PREDICTED_TARGETS,Gene,GSK3B,2932,0.9717,437,5148
741,Compound,beta-Amyrin,73145,PREDICTED_TARGETS,Gene,PPARG,5468,0.9717,843,10164
742,Compound,Kanzonol W,15380912,PREDICTED_TARGETS,Gene,GSK3B,2932,0.9717,518,5148
743,Compound,Glabrone,5317652,PREDICTED_TARGETS,Gene,GSK3B,2932,0.9717,428,5148
744,Compound,Shinflavanone,197678,PREDICTED_TARGETS,Gene,GSK3B,2932,0.9717,741,5148
745,Compound,"(2S,3S,4S,5R,6R)-6-[[(3S,4S,4aR,6aR,6bS,8aR,9R,12aS,14aR,14bR)-9-hydroxy-4-(hydroxymethyl)-4,6a,6b,8a,11,11,14b-heptamethyl-1,2,3,4a,5,6,7,8,9,10,12,12a,14,14a-tetradecahydropicen-3-yl]oxy]-5-[(2S,3R,4S,5S)-4,5-dihydroxy-3-[(2S,3R,4R,5R,6S)-3,4,5-trihydroxy-6-methyloxan-2-yl]oxyoxan-2-yl]oxy-3,4-dihydroxyoxane-2-carboxylic acid",443614,PREDICTED_TARGETS,Gene,IL1B,3553,0.9717,33,5953
746,Compound,Levomenol,442343,PREDICTED_TARGETS,Gene,IL6,,0.9717,537,5991
747,Compound,2-Methoxy-4-methylphenol,7144,PREDICTED_TARGETS,Gene,RELA,,0.9716,139,10988
748,Compound,alpha-Terpineol,17100,PREDICTED_TARGETS,Gene,CAT,847,0.9716,838,1715
749,Compound,4-Isopropylbenzyl alcohol,325,PREDICTED_TARGETS,Gene,CCND1,595,0.9716,187,1846
750,Compound,Sterol,1107,PREDICTED_TARGETS,Gene,CASP3,,0.9716,749,1701
751,Compound,Lupiwighteone,5317480,PREDICTED_TARGETS,Gene,IL6,,0.9716,581,5991
752,Compound,"2',4'-Dihydroxyacetophenone",6990,PREDICTED_TARGETS,Gene,CYP1A1,,0.9716,118,2902
753,Compound,3-Deacetylsalannin,14458886,PREDICTED_TARGETS,Gene,IL1B,3553,0.9716,172,5953
754,Compound,Licoisoflavone B,5481234,PREDICTED_TARGETS,Gene,IL1B,3553,0.9716,555,5953
755,Compound,Prunetin,5281804,PREDICTED_TARGETS,Gene,GPT,2875,0.9715,700,5081
756,Compound,Licopyranocoumarin,122851,PREDICTED_TARGETS,Gene,CASP9,,0.9715,556,1707
757,Compound,Daucosterol,5742590,PREDICTED_TARGETS,Gene,AKT1,,0.9715,338,410
758,Compound,Myrcene,31253,PREDICTED_TARGETS,Gene,BAX,,0.9715,618,1202
759,Compound,Liquiritigenin,114829,PREDICTED_TARGETS,Gene,TNF,7124,0.9715,573,13629
760,Compound,p-Xylene,7809,PREDICTED_TARGETS,Gene,TNF,7124,0.9715,910,13629
761,Compound,Azadiradione,12308714,PREDICTED_TARGETS,Gene,CXCL8,3576,0.9715,254,2865
762,Compound,Chebulic acid,71308174,PREDICTED_TARGETS,Gene,CCND1,595,0.9715,304,1846
763,Compound,Chrysophanol,10208,PREDICTED_TARGETS,Gene,CAT,847,0.9714,308,1715
764,Compound,Isovitexin,162350,PREDICTED_TARGETS,Gene,BCL2,,0.9714,510,1234
765,Compound,p-Cymene,7463,PREDICTED_TARGETS,Gene,IL1B,3553,0.9714,908,5953
766,Compound,Undecanoic acid,8180,PREDICTED_TARGETS,Gene,CASP3,,0.9714,787,1701
767,Compound,Ethyl salicylate,8365,PREDICTED_TARGETS,Gene,CASP3,,0.9714,385,1701
768,Compound,Zingiberene,92776,PREDICTED_TARGETS,Gene,PPARG,5468,0.9714,805,10164
769,Compound,Myrtenol,10582,PREDICTED_TARGETS,Gene,RELA,,0.9714,622,10988
770,Compound,"3,5-Dihydroxybenzoic acid",7424,PREDICTED_TARGETS,Gene,NOS2,,0.9714,166,8741
771,Compound,4-Isopropylbenzyl alcohol,325,PREDICTED_TARGETS,Gene,GPT,2875,0.9714,187,5081
772,Compound,Furfuryl alcohol,7361,PREDICTED_TARGETS,Gene,CASP3,,0.9714,403,1701
773,Compound,Kutkin,131750182,PREDICTED_TARGETS,Gene,BCL2,,0.9713,526,1234
774,Compound,Safrole,5144,PREDICTED_TARGETS,Gene,IL6,,0.9713,721,5991
775,Compound,beta-Patchoulene,101731,PREDICTED_TARGETS,Gene,BAX,,0.9713,859,1202
776,Compound,Daucosterol,5742590,PREDICTED_TARGETS,Gene,CASP9,,0.9713,338,1707
777,Compound,Glycyrol,5320083,PREDICTED_TARGETS,Gene,CCND1,595,0.9713,439,1846
778,Compound,1-Octen-3-OL,18827,PREDICTED_TARGETS,Gene,CASP3,,0.9713,97,1701
779,Compound,Kutkin,131750182,PREDICTED_TARGETS,Gene,BAX,,0.9713,526,1202
780,Compound,Echinatin,6442675,PREDICTED_TARGETS,Gene,CASP9,,0.9713,360,1707
781,Compound,28-Deoxonimbolide,14467538,PREDICTED_TARGETS,Gene,MAPK1,,0.9713,157,7299
782,Compound,Glycopeptide,56928060,PREDICTED_TARGETS,Gene,ABCB1,5243,0.9713,435,36
783,Compound,Echinatin,6442675,PREDICTED_TARGETS,Gene,AKT1,,0.9712,360,410
784,Compound,Methyl ethyl ketone,6569,PREDICTED_TARGETS,Gene,CAT,847,0.9712,608,1715
785,Compound,Benzyl acetate,8785,PREDICTED_TARGETS,Gene,CASP3,,0.9712,268,1701
786,Compound,D-Xylose,135191,PREDICTED_TARGETS,Gene,CASP3,,0.9712,337,1701
787,Compound,Gibberellic acid,6466,PREDICTED_TARGETS,Gene,IL6,,0.9712,418,5991
788,Compound,Licoricidin,480865,PREDICTED_TARGETS,Gene,BAX,,0.9712,557,1202
789,Compound,Cedrol,65575,PREDICTED_TARGETS,Gene,PTGS2,,0.9712,301,10537
790,Compound,Undecanal,8186,PREDICTED_TARGETS,Gene,CASP3,,0.9712,785,1701
791,Compound,Dipropyl disulfide,12377,PREDICTED_TARGETS,Gene,NOS2,,0.9712,352,8741
792,Compound,Glabrol,11596309,PREDICTED_TARGETS,Gene,AKT1,,0.9712,426,410
793,Compound,Camphene,6616,PREDICTED_TARGETS,Gene,PTGS2,,0.9712,290,10537
794,Compound,Humulene,5281520,PREDICTED_TARGETS,Gene,MAPK1,,0.9712,472,7299
795,Compound,"2',4'-Dihydroxyacetophenone",6990,PREDICTED_TARGETS,Gene,CASP9,,0.9711,118,1707
796,Compound,Tridecane,12388,PREDICTED_TARGETS,Gene,CASP8,841,0.9711,779,1705
797,Compound,beta-Pinene,14896,PREDICTED_TARGETS,Gene,IL6,,0.9711,860,5991
798,Compound,Glabrol,11596309,PREDICTED_TARGETS,Gene,CASP9,,0.9711,426,1707
799,Compound,Methacrylonitrile,31368,PREDICTED_TARGETS,Gene,MAPK1,,0.9711,602,7299
800,Compound,Licoagrone,5318993,PREDICTED_TARGETS,Gene,IL1B,3553,0.9711,541,5953
801,Compound,4-Isopropylbenzyl alcohol,325,PREDICTED_TARGETS,Gene,AKT1,,0.9711,187,410
802,Compound,Hexadecane,11006,PREDICTED_TARGETS,Gene,CASP8,841,0.9711,466,1705
803,Compound,Chebulic acid,71308174,PREDICTED_TARGETS,Gene,GPT,2875,0.9711,304,5081
804,Compound,Glycyrol,5320083,PREDICTED_TARGETS,Gene,GPT,2875,0.9711,439,5081
805,Compound,4-Isopropylbenzyl alcohol,325,PREDICTED_TARGETS,Gene,CASP9,,0.9711,187,1707
806,Compound,Ononin,442813,PREDICTED_TARGETS,Gene,TNF,7124,0.971,668,13629
807,Compound,Tetracosanoic acid,11197,PREDICTED_TARGETS,Gene,RELA,,0.971,764,10988
808,Compound,Glisoflavone,5487298,PREDICTED_TARGETS,Gene,IL1B,3553,0.971,429,5953
809,Compound,Nonane,8141,PREDICTED_TARGETS,Gene,BAX,,0.971,656,1202
810,Compound,Licoagrodin,637141,PREDICTED_TARGETS,Gene,IL1B,3553,0.971,539,5953
811,Compound,beta-Eudesmol,91457,PREDICTED_TARGETS,Gene,IL6,,0.971,851,5991
812,Compound,3-Deacetylsalannin,14458886,PREDICTED_TARGETS,Gene,PTGS2,,0.971,172,10537
813,Compound,Isokobusone,3860435,PREDICTED_TARGETS,Gene,HMOX1,,0.971,492,5559
814,Compound,Nonane,8141,PREDICTED_TARGETS,Gene,BCL2,,0.9709,656,1234
815,Compound,Aureusidin,5281220,PREDICTED_TARGETS,Gene,CXCL8,3576,0.9709,248,2865
816,Compound,3-Deacetylsalannin,14458886,PREDICTED_TARGETS,Gene,BAX,,0.9709,172,1202
817,Compound,p-Cymene,7463,PREDICTED_TARGETS,Gene,BCL2,,0.9709,908,1234
818,Compound,2-Hexenal,5281168,PREDICTED_TARGETS,Gene,CAT,847,0.9709,138,1715
819,Compound,beta-Sitosterol,222284,PREDICTED_TARGETS,Gene,CCND1,595,0.9709,869,1846
820,Compound,Licoflavone A,5319000,PREDICTED_TARGETS,Gene,EGFR,1956,0.9709,550,3738
821,Compound,Isovitexin,162350,PREDICTED_TARGETS,Gene,PPARG,5468,0.9709,510,10164
822,Compound,Myrcene,31253,PREDICTED_TARGETS,Gene,BCL2,,0.9709,618,1234
823,Compound,Lupiwighteone,5317480,PREDICTED_TARGETS,Gene,RELA,,0.9709,581,10988
824,Compound,6-Prenylnaringenin,155094,PREDICTED_TARGETS,Gene,PPARG,5468,0.9709,204,10164
825,Compound,"Methyl 2,5-dihydroxycinnamate",5353609,PREDICTED_TARGETS,Gene,IL6,,0.9709,604,5991
826,Compound,Maltol,8369,PREDICTED_TARGETS,Gene,TNF,7124,0.9708,586,13629
827,Compound,Cedrol,65575,PREDICTED_TARGETS,Gene,BAX,,0.9708,301,1202
828,Compound,Licoricidin,480865,PREDICTED_TARGETS,Gene,BCL2,,0.9708,557,1234
829,Compound,"(2S,3S,4S,5R,6R)-6-[[(3S,4S,4aR,6aR,6bS,8aR,9R,12aS,14aR,14bR)-9-hydroxy-4-(hydroxymethyl)-4,6a,6b,8a,11,11,14b-heptamethyl-1,2,3,4a,5,6,7,8,9,10,12,12a,14,14a-tetradecahydropicen-3-yl]oxy]-5-[(2S,3R,4S,5S)-4,5-dihydroxy-3-[(2S,3R,4R,5R,6S)-3,4,5-trihydroxy-6-methyloxan-2-yl]oxyoxan-2-yl]oxy-3,4-dihydroxyoxane-2-carboxylic acid",443614,PREDICTED_TARGETS,Gene,PTGS2,,0.9708,33,10537
830,Compound,Nonane,8141,PREDICTED_TARGETS,Gene,PPARG,5468,0.9708,656,10164
831,Compound,4-Isopropylbenzyl alcohol,325,PREDICTED_TARGETS,Gene,CASP8,841,0.9708,187,1705
832,Compound,Kanzonol X,10046166,PREDICTED_TARGETS,Gene,EGFR,1956,0.9708,519,3738
833,Compound,Licoflavone A,5319000,PREDICTED_TARGETS,Gene,MAPK1,,0.9708,550,7299
834,Compound,Shinpterocarpin,10336244,PREDICTED_TARGETS,Gene,EGFR,1956,0.9708,742,3738
835,Compound,Glycycoumarin,5317756,PREDICTED_TARGETS,Gene,EGFR,1956,0.9708,437,3738
836,Compound,Kanzonol W,15380912,PREDICTED_TARGETS,Gene,EGFR,1956,0.9708,518,3738
837,Compound,Glabrone,5317652,PREDICTED_TARGETS,Gene,EGFR,1956,0.9708,428,3738
838,Compound,Kanzonol X,10046166,PREDICTED_TARGETS,Gene,MAPK1,,0.9708,519,7299
839,Compound,Shinflavanone,197678,PREDICTED_TARGETS,Gene,EGFR,1956,0.9708,741,3738
840,Compound,m-Cresol,342,PREDICTED_TARGETS,Gene,TNF,7124,0.9708,898,13629
841,Compound,Licocoumarone,503731,PREDICTED_TARGETS,Gene,TNF,7124,0.9708,548,13629
842,Compound,Shinflavanone,197678,PREDICTED_TARGETS,Gene,MAPK1,,0.9708,741,7299
843,Compound,Shinpterocarpin,10336244,PREDICTED_TARGETS,Gene,MAPK1,,0.9707,742,7299
844,Compound,Glycycoumarin,5317756,PREDICTED_TARGETS,Gene,MAPK1,,0.9707,437,7299
845,Compound,2-Methoxy-4-methylphenol,7144,PREDICTED_TARGETS,Gene,IL1B,3553,0.9707,139,5953
846,Compound,2-Undecanone,8163,PREDICTED_TARGETS,Gene,PPARG,5468,0.9707,149,10164
847,Compound,Fenchone,14525,PREDICTED_TARGETS,Gene,MAPK1,,0.9707,393,7299
848,Compound,Glabrone,5317652,PREDICTED_TARGETS,Gene,MAPK1,,0.9707,428,7299
849,Compound,Kanzonol W,15380912,PREDICTED_TARGETS,Gene,MAPK1,,0.9707,518,7299
850,Compound,"(2S,3S,4S,5R,6R)-6-[[(3S,4S,4aR,6aR,6bS,8aR,9R,12aS,14aR,14bR)-9-hydroxy-4-(hydroxymethyl)-4,6a,6b,8a,11,11,14b-heptamethyl-1,2,3,4a,5,6,7,8,9,10,12,12a,14,14a-tetradecahydropicen-3-yl]oxy]-5-[(2S,3R,4S,5S)-4,5-dihydroxy-3-[(2S,3R,4R,5R,6S)-3,4,5-trihydroxy-6-methyloxan-2-yl]oxyoxan-2-yl]oxy-3,4-dihydroxyoxane-2-carboxylic acid",443614,PREDICTED_TARGETS,Gene,BAX,,0.9707,33,1202
851,Compound,Licoisoflavone B,5481234,PREDICTED_TARGETS,Gene,PTGS2,,0.9707,555,10537
852,Compound,1-Dodecanol,8193,PREDICTED_TARGETS,Gene,IL6,,0.9707,78,5991
853,Compound,Fraxinellone,124039,PREDICTED_TARGETS,Gene,CXCL8,3576,0.9707,399,2865
854,Compound,6-Prenylnaringenin,155094,PREDICTED_TARGETS,Gene,NOS2,,0.9707,204,8741
855,Compound,Mesitylene,7947,PREDICTED_TARGETS,Gene,TNF,7124,0.9706,601,13629
856,Compound,Daucosterol,5742590,PREDICTED_TARGETS,Gene,CYP1A1,,0.9706,338,2902
857,Compound,Nimbin,108058,PREDICTED_TARGETS,Gene,IL6,,0.9706,636,5991
858,Compound,Camphene,6616,PREDICTED_TARGETS,Gene,BAX,,0.9706,290,1202
859,Compound,Licoagrone,5318993,PREDICTED_TARGETS,Gene,PTGS2,,0.9706,541,10537
860,Compound,Licoagrone,5318993,PREDICTED_TARGETS,Gene,BAX,,0.9706,541,1202
861,Compound,Fenchone,14525,PREDICTED_TARGETS,Gene,CCND1,595,0.9705,393,1846
862,Compound,Glisoflavone,5487298,PREDICTED_TARGETS,Gene,PTGS2,,0.9705,429,10537
863,Compound,Glisoflavone,5487298,PREDICTED_TARGETS,Gene,BAX,,0.9705,429,1202
864,Compound,Levomenol,442343,PREDICTED_TARGETS,Gene,RELA,,0.9705,537,10988
865,Compound,1-Hexacosanol,68171,PREDICTED_TARGETS,Gene,CASP3,,0.9705,82,1701
866,Compound,Licoagrodin,637141,PREDICTED_TARGETS,Gene,PTGS2,,0.9705,539,10537
867,Compound,Sennoside A,73111,PREDICTED_TARGETS,Gene,TNF,7124,0.9705,736,13629
868,Compound,Licoagrodin,637141,PREDICTED_TARGETS,Gene,BAX,,0.9705,539,1202
869,Compound,Aromadendrin,122850,PREDICTED_TARGETS,Gene,IL6,,0.9705,244,5991
870,Compound,Licoisoflavone B,5481234,PREDICTED_TARGETS,Gene,BAX,,0.9705,555,1202
871,Compound,Glycopeptide,56928060,PREDICTED_TARGETS,Gene,GSK3B,2932,0.9705,435,5148
872,Compound,Licoricidin,480865,PREDICTED_TARGETS,Gene,PPARG,5468,0.9704,557,10164
873,Compound,beta-Amyrin,73145,PREDICTED_TARGETS,Gene,BAX,,0.9704,843,1202
874,Compound,28-Deoxonimbolide,14467538,PREDICTED_TARGETS,Gene,AKT1,,0.9704,157,410
875,Compound,Licoflavone A,5319000,PREDICTED_TARGETS,Gene,CYP1A1,,0.9704,550,2902
876,Compound,Fenchone,14525,PREDICTED_TARGETS,Gene,GPT,2875,0.9704,393,5081
877,Compound,Esculetin,5281416,PREDICTED_TARGETS,Gene,CAT,847,0.9704,375,1715
878,Compound,Kanzonol X,10046166,PREDICTED_TARGETS,Gene,CYP1A1,,0.9704,519,2902
879,Compound,Terpinolene,11463,PREDICTED_TARGETS,Gene,CCND1,595,0.9704,763,1846
880,Compound,Methacrylonitrile,31368,PREDICTED_TARGETS,Gene,ABCB1,5243,0.9704,602,36
881,Compound,Shinflavanone,197678,PREDICTED_TARGETS,Gene,CYP1A1,,0.9704,741,2902
882,Compound,Echinatin,6442675,PREDICTED_TARGETS,Gene,CYP1A1,,0.9704,360,2902
883,Compound,Soyasaponin I,122097,PREDICTED_TARGETS,Gene,BAX,,0.9703,744,1202
884,Compound,Shinpterocarpin,10336244,PREDICTED_TARGETS,Gene,CYP1A1,,0.9703,742,2902
885,Compound,Humulene,5281520,PREDICTED_TARGETS,Gene,AKT1,,0.9703,472,410
886,Compound,Acetoin,179,PREDICTED_TARGETS,Gene,CASP3,,0.9703,221,1701
887,Compound,Glycycoumarin,5317756,PREDICTED_TARGETS,Gene,CYP1A1,,0.9703,437,2902
888,Compound,Hexanoic acid,8892,PREDICTED_TARGETS,Gene,CAT,847,0.9703,468,1715
889,Compound,Cedrol,65575,PREDICTED_TARGETS,Gene,BCL2,,0.9703,301,1234
890,Compound,Glabrone,5317652,PREDICTED_TARGETS,Gene,CYP1A1,,0.9703,428,2902
891,Compound,Kanzonol W,15380912,PREDICTED_TARGETS,Gene,CYP1A1,,0.9703,518,2902
892,Compound,beta-Sitosterol,222284,PREDICTED_TARGETS,Gene,GPT,2875,0.9703,869,5081
893,Compound,Glabrol,11596309,PREDICTED_TARGETS,Gene,CYP1A1,,0.9703,426,2902
894,Compound,Camphene,6616,PREDICTED_TARGETS,Gene,BCL2,,0.9703,290,1234
895,Compound,beta-Pinene,14896,PREDICTED_TARGETS,Gene,RELA,,0.9703,860,10988
896,Compound,Punicic acid,5281126,PREDICTED_TARGETS,Gene,HMOX1,,0.9703,705,5559
897,Compound,Spathulenol,92231,PREDICTED_TARGETS,Gene,NOS2,,0.9703,745,8741
898,Compound,Methacrylonitrile,31368,PREDICTED_TARGETS,Gene,AKT1,,0.9703,602,410
899,Compound,Fraxinellone,124039,PREDICTED_TARGETS,Gene,BAX,,0.9703,399,1202
900,Compound,Glabranin,124049,PREDICTED_TARGETS,Gene,NOS2,,0.9702,419,8741
901,Compound,Prunetin,5281804,PREDICTED_TARGETS,Gene,BAX,,0.9702,700,1202
902,Compound,Punicic acid,5281126,PREDICTED_TARGETS,Gene,CYP2E1,,0.9702,705,2927
903,Compound,Safrole,5144,PREDICTED_TARGETS,Gene,RELA,,0.9702,721,10988
904,Compound,Licoflavone A,5319000,PREDICTED_TARGETS,Gene,AKT1,,0.9702,550,410
905,Compound,Gibberellic acid,6466,PREDICTED_TARGETS,Gene,RELA,,0.9702,418,10988
906,Compound,"2,3-Butanediol",262,PREDICTED_TARGETS,Gene,IL6,,0.9701,123,5991
907,Compound,Glycyrin,480787,PREDICTED_TARGETS,Gene,CAT,847,0.9701,438,1715
908,Compound,Humulene,5281520,PREDICTED_TARGETS,Gene,CASP9,,0.9701,472,1707
909,Compound,alpha-Terpineol,17100,PREDICTED_TARGETS,Gene,TNF,7124,0.9701,838,13629
910,Compound,beta-Eudesmol,91457,PREDICTED_TARGETS,Gene,RELA,,0.9701,851,10988
911,Compound,Glyasperin D,480860,PREDICTED_TARGETS,Gene,CASP3,,0.9701,432,1701
912,Compound,Kanzonol X,10046166,PREDICTED_TARGETS,Gene,AKT1,,0.9701,519,410
913,Compound,Zingiberene,92776,PREDICTED_TARGETS,Gene,NOS2,,0.9701,805,8741
914,Compound,Shinflavanone,197678,PREDICTED_TARGETS,Gene,AKT1,,0.9701,741,410
915,Compound,Dipropyl disulfide,12377,PREDICTED_TARGETS,Gene,CXCL8,3576,0.9701,352,2865
916,Compound,Lupiwighteone,5317480,PREDICTED_TARGETS,Gene,IL1B,3553,0.9701,581,5953
917,Compound,beta-Maltose,6255,PREDICTED_TARGETS,Gene,CAT,847,0.9701,857,1715
918,Compound,Shinpterocarpin,10336244,PREDICTED_TARGETS,Gene,AKT1,,0.9701,742,410
919,Compound,Glycycoumarin,5317756,PREDICTED_TARGETS,Gene,AKT1,,0.9701,437,410
920,Compound,3-Deacetylsalannin,14458886,PREDICTED_TARGETS,Gene,BCL2,,0.9701,172,1234
921,Compound,Glabrone,5317652,PREDICTED_TARGETS,Gene,AKT1,,0.9701,428,410
922,Compound,Kanzonol W,15380912,PREDICTED_TARGETS,Gene,AKT1,,0.9701,518,410
923,Compound,Fenchone,14525,PREDICTED_TARGETS,Gene,CASP9,,0.9701,393,1707
924,Compound,Sclareol,163263,PREDICTED_TARGETS,Gene,CAT,847,0.97,731,1715
925,Compound,Camphene,6616,PREDICTED_TARGETS,Gene,PPARG,5468,0.97,290,10164
926,Compound,2-Undecanone,8163,PREDICTED_TARGETS,Gene,BAX,,0.97,149,1202
927,Compound,Methacrylonitrile,31368,PREDICTED_TARGETS,Gene,CYP1A1,,0.97,602,2902
928,Compound,Aureusidin,5281220,PREDICTED_TARGETS,Gene,BAX,,0.97,248,1202
929,Compound,4-Ethyl-2-methoxyphenol,62465,PREDICTED_TARGETS,Gene,ABCB1,5243,0.97,184,36
930,Compound,Isokobusone,3860435,PREDICTED_TARGETS,Gene,CYP2E1,,0.97,492,2927
931,Compound,Tridecane,12388,PREDICTED_TARGETS,Gene,MAPK1,,0.97,779,7299
932,Compound,Myrcene,31253,PREDICTED_TARGETS,Gene,PPARG,5468,0.97,618,10164
933,Compound,Terpinolene,11463,PREDICTED_TARGETS,Gene,GPT,2875,0.9699,763,5081
934,Compound,"(2S,3S,4S,5R,6R)-6-[[(3S,4S,4aR,6aR,6bS,8aR,9R,12aS,14aR,14bR)-9-hydroxy-4-(hydroxymethyl)-4,6a,6b,8a,11,11,14b-heptamethyl-1,2,3,4a,5,6,7,8,9,10,12,12a,14,14a-tetradecahydropicen-3-yl]oxy]-5-[(2S,3R,4S,5S)-4,5-dihydroxy-3-[(2S,3R,4R,5R,6S)-3,4,5-trihydroxy-6-methyloxan-2-yl]oxyoxan-2-yl]oxy-3,4-dihydroxyoxane-2-carboxylic acid",443614,PREDICTED_TARGETS,Gene,BCL2,,0.9699,33,1234
935,Compound,Hexadecane,11006,PREDICTED_TARGETS,Gene,MAPK1,,0.9699,466,7299
936,Compound,"Methyl 2,5-dihydroxycinnamate",5353609,PREDICTED_TARGETS,Gene,RELA,,0.9699,604,10988
937,Compound,Licoflavone A,5319000,PREDICTED_TARGETS,Gene,ALB,213,0.9699,550,418
938,Compound,4-Isopropylbenzyl alcohol,325,PREDICTED_TARGETS,Gene,CYP1A1,,0.9699,187,2902
939,Compound,o-Cresol,335,PREDICTED_TARGETS,Gene,IL6,,0.9699,905,5991
940,Compound,Kanzonol X,10046166,PREDICTED_TARGETS,Gene,ALB,213,0.9699,519,418
941,Compound,Fenchone,14525,PREDICTED_TARGETS,Gene,AKT1,,0.9699,393,410
942,Compound,Isovitexin,162350,PREDICTED_TARGETS,Gene,BAX,,0.9699,510,1202
943,Compound,Chebulic acid,71308174,PREDICTED_TARGETS,Gene,CASP8,841,0.9699,304,1705
944,Compound,Decanoic acid,2969,PREDICTED_TARGETS,Gene,TNF,7124,0.9698,343,13629
945,Compound,Shinpterocarpin,10336244,PREDICTED_TARGETS,Gene,ALB,213,0.9698,742,418
946,Compound,28-Deoxonimbolide,14467538,PREDICTED_TARGETS,Gene,CYP1A1,,0.9698,157,2902
947,Compound,Licoisoflavone B,5481234,PREDICTED_TARGETS,Gene,BCL2,,0.9698,555,1234
948,Compound,Soyasaponin I,122097,PREDICTED_TARGETS,Gene,BCL2,,0.9698,744,1234
949,Compound,Glabrone,5317652,PREDICTED_TARGETS,Gene,ALB,213,0.9698,428,418
950,Compound,Glycycoumarin,5317756,PREDICTED_TARGETS,Gene,ALB,213,0.9698,437,418
951,Compound,Shinflavanone,197678,PREDICTED_TARGETS,Gene,ALB,213,0.9698,741,418
952,Compound,Kanzonol W,15380912,PREDICTED_TARGETS,Gene,ALB,213,0.9698,518,418
953,Compound,Glabranin,124049,PREDICTED_TARGETS,Gene,PPARG,5468,0.9698,419,10164
954,Compound,Licopyranocoumarin,122851,PREDICTED_TARGETS,Gene,CYP2E1,,0.9698,556,2927
955,Compound,Cedrol,65575,PREDICTED_TARGETS,Gene,PPARG,5468,0.9698,301,10164
956,Compound,Kutkin,131750182,PREDICTED_TARGETS,Gene,NOS2,,0.9698,526,8741
957,Compound,2-Undecanone,8163,PREDICTED_TARGETS,Gene,NOS2,,0.9698,149,8741
958,Compound,5-Hydroxymethylfurfural,237332,PREDICTED_TARGETS,Gene,CAT,847,0.9697,193,1715
959,Compound,Isovitexin,162350,PREDICTED_TARGETS,Gene,NOS2,,0.9697,510,8741
960,Compound,Fenchone,14525,PREDICTED_TARGETS,Gene,CASP8,841,0.9697,393,1705
961,Compound,Ethyl acetate,8857,PREDICTED_TARGETS,Gene,IL1B,3553,0.9697,377,5953
962,Compound,Isokobusone,3860435,PREDICTED_TARGETS,Gene,MAPK3,,0.9697,492,7305
963,Compound,beta-Amyrin,73145,PREDICTED_TARGETS,Gene,CXCL8,3576,0.9697,843,2865
964,Compound,Chrysophanol,10208,PREDICTED_TARGETS,Gene,TNF,7124,0.9697,308,13629
965,Compound,Benzyl salicylate,8363,PREDICTED_TARGETS,Gene,IL6,,0.9697,269,5991
966,Compound,Punicic acid,5281126,PREDICTED_TARGETS,Gene,ALB,213,0.9697,705,418
967,Compound,Licoagrone,5318993,PREDICTED_TARGETS,Gene,BCL2,,0.9697,541,1234
968,Compound,"3,5-Dihydroxybenzoic acid",7424,PREDICTED_TARGETS,Gene,CXCL8,3576,0.9697,166,2865
969,Compound,Methacrylonitrile,31368,PREDICTED_TARGETS,Gene,GSK3B,2932,0.9697,602,5148
970,Compound,Ricinoleic acid,643684,PREDICTED_TARGETS,Gene,TNF,7124,0.9696,716,13629
971,Compound,Glisoflavone,5487298,PREDICTED_TARGETS,Gene,BCL2,,0.9696,429,1234
972,Compound,Tetracosanoic acid,11197,PREDICTED_TARGETS,Gene,IL1B,3553,0.9696,764,5953
973,Compound,Glycyrol,5320083,PREDICTED_TARGETS,Gene,CASP8,841,0.9696,439,1705
974,Compound,Licoagrodin,637141,PREDICTED_TARGETS,Gene,BCL2,,0.9696,539,1234
975,Compound,Pinocembrin,68071,PREDICTED_TARGETS,Gene,CASP3,,0.9696,692,1701
976,Compound,alpha-Amyrin,73170,PREDICTED_TARGETS,Gene,CAT,847,0.9696,815,1715
977,Compound,beta-Sitosterol,222284,PREDICTED_TARGETS,Gene,CASP8,841,0.9696,869,1705
978,Compound,Maslinic acid,73659,PREDICTED_TARGETS,Gene,TNF,7124,0.9696,593,13629
979,Compound,Myrtenal,61130,PREDICTED_TARGETS,Gene,CASP3,,0.9695,621,1701
980,Compound,Licopyranocoumarin,122851,PREDICTED_TARGETS,Gene,HMOX1,,0.9695,556,5559
981,Compound,1-Dodecanol,8193,PREDICTED_TARGETS,Gene,RELA,,0.9695,78,10988
982,Compound,"2',4'-Dihydroxyacetophenone",6990,PREDICTED_TARGETS,Gene,CYP2E1,,0.9695,118,2927
983,Compound,Glycopeptide,56928060,PREDICTED_TARGETS,Gene,EGFR,1956,0.9695,435,3738
984,Compound,Menthone,26447,PREDICTED_TARGETS,Gene,CASP3,,0.9695,600,1701
985,Compound,Myrtenol,10582,PREDICTED_TARGETS,Gene,PTGS2,,0.9695,622,10537
986,Compound,Methyl palmitate,8181,PREDICTED_TARGETS,Gene,CASP8,841,0.9694,613,1705
987,Compound,Camphor,2537,PREDICTED_TARGETS,Gene,TNF,7124,0.9694,292,13629
988,Compound,2-Undecanone,8163,PREDICTED_TARGETS,Gene,CXCL8,3576,0.9693,149,2865
989,Compound,Licopyranocoumarin,122851,PREDICTED_TARGETS,Gene,ALB,213,0.9693,556,418
990,Compound,Nonane,8141,PREDICTED_TARGETS,Gene,NOS2,,0.9693,656,8741
991,Compound,Humulene,5281520,PREDICTED_TARGETS,Gene,CYP1A1,,0.9693,472,2902
992,Compound,2-Methoxy-4-methylphenol,7144,PREDICTED_TARGETS,Gene,BAX,,0.9692,139,1202
993,Compound,Licoflavone A,5319000,PREDICTED_TARGETS,Gene,UGT1A1,54658,0.9692,550,14231
994,Compound,1-Octanol,957,PREDICTED_TARGETS,Gene,CAT,847,0.9692,96,1715
995,Compound,"2',4'-Dihydroxyacetophenone",6990,PREDICTED_TARGETS,Gene,ALB,213,0.9692,118,418
996,Compound,p-Cymene,7463,PREDICTED_TARGETS,Gene,NOS2,,0.9692,908,8741
997,Compound,Daucosterol,5742590,PREDICTED_TARGETS,Gene,HMOX1,,0.9692,338,5559
998,Compound,4-Ethyl-2-methoxyphenol,62465,PREDICTED_TARGETS,Gene,GSK3B,2932,0.9692,184,5148
999,Compound,"2',4'-Dihydroxyacetophenone",6990,PREDICTED_TARGETS,Gene,HMOX1,,0.9692,118,5559
1000,Compound,Citronellol,8842,PREDICTED_TARGETS,Gene,CASP3,,0.9692,313,1701
1001,Compound,Myrcene,31253,PREDICTED_TARGETS,Gene,NOS2,,0.9692,618,8741
1002,Compound,"(2S,3S,4S,5R,6R)-6-[[(3S,4S,4aR,6aR,6bS,8aR,9R,12aS,14aR,14bR)-9-hydroxy-4-(hydroxymethyl)-4,6a,6b,8a,11,11,14b-heptamethyl-1,2,3,4a,5,6,7,8,9,10,12,12a,14,14a-tetradecahydropicen-3-yl]oxy]-5-[(2S,3R,4S,5S)-4,5-dihydroxy-3-[(2S,3R,4R,5R,6S)-3,4,5-trihydroxy-6-methyloxan-2-yl]oxyoxan-2-yl]oxy-3,4-dihydroxyoxane-2-carboxylic acid",443614,PREDICTED_TARGETS,Gene,PPARG,5468,0.9692,33,10164
1003,Compound,3-Deacetylsalannin,14458886,PREDICTED_TARGETS,Gene,PPARG,5468,0.9691,172,10164
1004,Compound,Dipropyl disulfide,12377,PREDICTED_TARGETS,Gene,CASP9,,0.9691,352,1707
1005,Compound,Soyasaponin I,122097,PREDICTED_TARGETS,Gene,PPARG,5468,0.9691,744,10164
1006,Compound,Kanzonol X,10046166,PREDICTED_TARGETS,Gene,UGT1A1,54658,0.9691,519,14231
1007,Compound,Liquiritin,503737,PREDICTED_TARGETS,Gene,CASP3,,0.9691,576,1701
1008,Compound,Phloroglucinol,359,PREDICTED_TARGETS,Gene,IL6,,0.9691,682,5991
1009,Compound,Shinpterocarpin,10336244,PREDICTED_TARGETS,Gene,UGT1A1,54658,0.9691,742,14231
1010,Compound,Echinatin,6442675,PREDICTED_TARGETS,Gene,HMOX1,,0.9691,360,5559
1011,Compound,Licoricidin,480865,PREDICTED_TARGETS,Gene,NOS2,,0.9691,557,8741
1012,Compound,Glycycoumarin,5317756,PREDICTED_TARGETS,Gene,UGT1A1,54658,0.9691,437,14231
1013,Compound,Tridecane,12388,PREDICTED_TARGETS,Gene,AKT1,,0.9691,779,410
1014,Compound,Aromadendrin,122850,PREDICTED_TARGETS,Gene,RELA,,0.9691,244,10988
1015,Compound,Kanzonol W,15380912,PREDICTED_TARGETS,Gene,UGT1A1,54658,0.9691,518,14231
1016,Compound,Tetracosanoic acid,11197,PREDICTED_TARGETS,Gene,PTGS2,,0.9691,764,10537
1017,Compound,Glabrone,5317652,PREDICTED_TARGETS,Gene,UGT1A1,54658,0.9691,428,14231
1018,Compound,Shinflavanone,197678,PREDICTED_TARGETS,Gene,UGT1A1,54658,0.9691,741,14231
1019,Compound,Tetracosanoic acid,11197,PREDICTED_TARGETS,Gene,BAX,,0.9691,764,1202
1020,Compound,Hexadecane,11006,PREDICTED_TARGETS,Gene,AKT1,,0.9691,466,410
1021,Compound,Glabrol,11596309,PREDICTED_TARGETS,Gene,HMOX1,,0.9691,426,5559
1022,Compound,Lupiwighteone,5317480,PREDICTED_TARGETS,Gene,PTGS2,,0.969,581,10537
1023,Compound,Isovitexin,162350,PREDICTED_TARGETS,Gene,CXCL8,3576,0.969,510,2865
1024,Compound,6-Prenylnaringenin,155094,PREDICTED_TARGETS,Gene,CXCL8,3576,0.969,204,2865
1025,Compound,beta-Pinene,14896,PREDICTED_TARGETS,Gene,IL1B,3553,0.969,860,5953
1026,Compound,Tridecane,12388,PREDICTED_TARGETS,Gene,CASP9,,0.969,779,1707
1027,Compound,Myrtenol,10582,PREDICTED_TARGETS,Gene,BAX,,0.969,622,1202
1028,Compound,4-Isopropylbenzyl alcohol,325,PREDICTED_TARGETS,Gene,HMOX1,,0.969,187,5559
1029,Compound,Licoisoflavone B,5481234,PREDICTED_TARGETS,Gene,PPARG,5468,0.9689,555,10164
1030,Compound,Pratol,5320693,PREDICTED_TARGETS,Gene,CASP3,,0.9689,695,1701
1031,Compound,Hexadecane,11006,PREDICTED_TARGETS,Gene,CASP9,,0.9689,466,1707
1032,Compound,Nootkatone,1268142,PREDICTED_TARGETS,Gene,IL6,,0.9689,658,5991
1033,Compound,Ethyl acetate,8857,PREDICTED_TARGETS,Gene,PTGS2,,0.9689,377,10537
1034,Compound,"2,3-Butanediol",262,PREDICTED_TARGETS,Gene,RELA,,0.9689,123,10988
1035,Compound,1-Heptanol,8129,PREDICTED_TARGETS,Gene,IL6,,0.9689,81,5991
1036,Compound,Methyl linoleate,5284421,PREDICTED_TARGETS,Gene,CASP3,,0.9689,610,1701
1037,Compound,4-Ethyl-2-methoxyphenol,62465,PREDICTED_TARGETS,Gene,MAPK1,,0.9689,184,7299
1038,Compound,7-Methoxycoumarin,10748,PREDICTED_TARGETS,Gene,CASP3,,0.9689,215,1701
1039,Compound,Benzyl salicylate,8363,PREDICTED_TARGETS,Gene,RELA,,0.9689,269,10988
1040,Compound,Nimbin,108058,PREDICTED_TARGETS,Gene,RELA,,0.9689,636,10988
1041,Compound,Glycyrin,480787,PREDICTED_TARGETS,Gene,TNF,7124,0.9688,438,13629
1042,Compound,2-Methoxy-4-methylphenol,7144,PREDICTED_TARGETS,Gene,BCL2,,0.9688,139,1234
1043,Compound,Methacrylonitrile,31368,PREDICTED_TARGETS,Gene,EGFR,1956,0.9688,602,3738
1044,Compound,cis-3-Hexen-1-ol,5281167,PREDICTED_TARGETS,Gene,CAT,847,0.9688,874,1715
1045,Compound,p-Cymene,7463,PREDICTED_TARGETS,Gene,PPARG,5468,0.9688,908,10164
1046,Compound,Glabranin,124049,PREDICTED_TARGETS,Gene,CASP9,,0.9688,419,1707
1047,Compound,Shikimic acid,8742,PREDICTED_TARGETS,Gene,IL6,,0.9687,740,5991
1048,Compound,Fenchone,14525,PREDICTED_TARGETS,Gene,CYP1A1,,0.9687,393,2902
1049,Compound,o-Cresol,335,PREDICTED_TARGETS,Gene,RELA,,0.9687,905,10988
1050,Compound,Ethyl acetate,8857,PREDICTED_TARGETS,Gene,BAX,,0.9687,377,1202
1051,Compound,gamma-Terpinene,7461,PREDICTED_TARGETS,Gene,CASP3,,0.9687,896,1701
1052,Compound,Daucosterol,5742590,PREDICTED_TARGETS,Gene,CYP2E1,,0.9687,338,2927
1053,Compound,Linalyl acetate,8294,PREDICTED_TARGETS,Gene,CASP3,,0.9687,569,1701
1054,Compound,Levomenol,442343,PREDICTED_TARGETS,Gene,BAX,,0.9686,537,1202
1055,Compound,"2',4'-Dihydroxyacetophenone",6990,PREDICTED_TARGETS,Gene,ABCB1,5243,0.9686,118,36
1056,Compound,Licoagrone,5318993,PREDICTED_TARGETS,Gene,PPARG,5468,0.9686,541,10164
1057,Compound,Cedrol,65575,PREDICTED_TARGETS,Gene,NOS2,,0.9686,301,8741
1058,Compound,Methyl ethyl ketone,6569,PREDICTED_TARGETS,Gene,TNF,7124,0.9685,608,13629
1059,Compound,Sclareol,163263,PREDICTED_TARGETS,Gene,TNF,7124,0.9685,731,13629
1060,Compound,Myrtenol,10582,PREDICTED_TARGETS,Gene,BCL2,,0.9685,622,1234
1061,Compound,Levomenol,442343,PREDICTED_TARGETS,Gene,PTGS2,,0.9685,537,10537
1062,Compound,"Methyl 2,5-dihydroxycinnamate",5353609,PREDICTED_TARGETS,Gene,IL1B,3553,0.9685,604,5953
1063,Compound,Spathulenol,92231,PREDICTED_TARGETS,Gene,CXCL8,3576,0.9685,745,2865
1064,Compound,Glisoflavone,5487298,PREDICTED_TARGETS,Gene,PPARG,5468,0.9685,429,10164
1065,Compound,beta-Sitosterol,222284,PREDICTED_TARGETS,Gene,MAPK1,,0.9685,869,7299
1066,Compound,4-Ethyl-2-methoxyphenol,62465,PREDICTED_TARGETS,Gene,CYP1A1,,0.9685,184,2902
1067,Compound,Azadiradione,12308714,PREDICTED_TARGETS,Gene,MAPK1,,0.9685,254,7299
1068,Compound,Licoagrodin,637141,PREDICTED_TARGETS,Gene,PPARG,5468,0.9685,539,10164
1069,Compound,Chebulic acid,71308174,PREDICTED_TARGETS,Gene,MAPK1,,0.9684,304,7299
1070,Compound,Decane,15600,PREDICTED_TARGETS,Gene,CASP8,841,0.9684,342,1705
1071,Compound,Phloroglucinol,359,PREDICTED_TARGETS,Gene,RELA,,0.9684,682,10988
1072,Compound,beta-Patchoulene,101731,PREDICTED_TARGETS,Gene,CASP8,841,0.9684,859,1705
1073,Compound,Echinatin,6442675,PREDICTED_TARGETS,Gene,CYP2E1,,0.9684,360,2927
1074,Compound,alpha-Amyrin,73170,PREDICTED_TARGETS,Gene,TNF,7124,0.9684,815,13629
1075,Compound,Glabrol,11596309,PREDICTED_TARGETS,Gene,CYP2E1,,0.9683,426,2927
1076,Compound,Echinatin,6442675,PREDICTED_TARGETS,Gene,MAPK3,,0.9683,360,7305
1077,Compound,Terpinolene,11463,PREDICTED_TARGETS,Gene,CASP8,841,0.9683,763,1705
1078,Compound,beta-Pinene,14896,PREDICTED_TARGETS,Gene,PTGS2,,0.9683,860,10537
1079,Compound,3-Deacetylsalannin,14458886,PREDICTED_TARGETS,Gene,NOS2,,0.9683,172,8741
1080,Compound,Spathulenol,92231,PREDICTED_TARGETS,Gene,CASP9,,0.9683,745,1707
1081,Compound,Licopyranocoumarin,122851,PREDICTED_TARGETS,Gene,MAPK3,,0.9682,556,7305
1082,Compound,2-Hexenal,5281168,PREDICTED_TARGETS,Gene,TNF,7124,0.9682,138,13629
1083,Compound,Punicic acid,5281126,PREDICTED_TARGETS,Gene,MAPK3,,0.9682,705,7305
1084,Compound,4-Vinylphenol,62453,PREDICTED_TARGETS,Gene,CAT,847,0.9682,190,1715
1085,Compound,4-Isopropylbenzyl alcohol,325,PREDICTED_TARGETS,Gene,MAPK3,,0.9682,187,7305
1086,Compound,Glycyrol,5320083,PREDICTED_TARGETS,Gene,MAPK1,,0.9682,439,7299
1087,Compound,4-Ethyl-2-methoxyphenol,62465,PREDICTED_TARGETS,Gene,AKT1,,0.9682,184,410
1088,Compound,Safrole,5144,PREDICTED_TARGETS,Gene,PTGS2,,0.9682,721,10537
1089,Compound,2-Phenylethanol,6054,PREDICTED_TARGETS,Gene,IL6,,0.9682,146,5991
1090,Compound,Terpinolene,11463,PREDICTED_TARGETS,Gene,MAPK1,,0.9682,763,7299
1091,Compound,4-Ethyl-2-methoxyphenol,62465,PREDICTED_TARGETS,Gene,EGFR,1956,0.9682,184,3738
1092,Compound,Gibberellic acid,6466,PREDICTED_TARGETS,Gene,IL1B,3553,0.9682,418,5953
1093,Compound,Tetracosanoic acid,11197,PREDICTED_TARGETS,Gene,BCL2,,0.9682,764,1234
1094,Compound,Gibberellic acid,6466,PREDICTED_TARGETS,Gene,PTGS2,,0.9681,418,10537
1095,Compound,Humulene,5281520,PREDICTED_TARGETS,Gene,HMOX1,,0.9681,472,5559
1096,Compound,Zingiberene,92776,PREDICTED_TARGETS,Gene,CASP9,,0.9681,805,1707
1097,Compound,4-Hydroxychalcone,5282361,PREDICTED_TARGETS,Gene,IL6,,0.9681,185,5991
1098,Compound,beta-Pinene,14896,PREDICTED_TARGETS,Gene,BAX,,0.9681,860,1202
1099,Compound,beta-Eudesmol,91457,PREDICTED_TARGETS,Gene,PTGS2,,0.9681,851,10537
1100,Compound,2-Methoxy-4-methylphenol,7144,PREDICTED_TARGETS,Gene,PPARG,5468,0.9681,139,10164
1101,Compound,Glabrol,11596309,PREDICTED_TARGETS,Gene,MAPK3,,0.9681,426,7305
1102,Compound,Licoricidin,480865,PREDICTED_TARGETS,Gene,CXCL8,3576,0.9681,557,2865
1103,Compound,Picroside II,11944602,PREDICTED_TARGETS,Gene,IL6,,0.9681,688,5991
1104,Compound,Gibberellic acid,6466,PREDICTED_TARGETS,Gene,BAX,,0.9681,418,1202
1105,Compound,Daucosterol,5742590,PREDICTED_TARGETS,Gene,MAPK3,,0.9681,338,7305
1106,Compound,"3,5-Dihydroxybenzoic acid",7424,PREDICTED_TARGETS,Gene,CASP9,,0.9681,166,1707
1107,Compound,Nootkatone,1268142,PREDICTED_TARGETS,Gene,RELA,,0.9681,658,10988
1108,Compound,Licoflavone A,5319000,PREDICTED_TARGETS,Gene,ESR1,2099,0.9681,550,4008
1109,Compound,Hexanoic acid,8892,PREDICTED_TARGETS,Gene,TNF,7124,0.9681,468,13629
1110,Compound,Kutkin,131750182,PREDICTED_TARGETS,Gene,CXCL8,3576,0.9681,526,2865
1111,Compound,Azadiradione,12308714,PREDICTED_TARGETS,Gene,CCND1,595,0.9681,254,1846
1112,Compound,Zingiberene,92776,PREDICTED_TARGETS,Gene,CXCL8,3576,0.9681,805,2865
1113,Compound,Punicic acid,5281126,PREDICTED_TARGETS,Gene,ESR1,2099,0.968,705,4008
1114,Compound,Levomenol,442343,PREDICTED_TARGETS,Gene,IL1B,3553,0.968,537,5953
1115,Compound,Licoisoflavone B,5481234,PREDICTED_TARGETS,Gene,NOS2,,0.968,555,8741
1116,Compound,"2',4'-Dihydroxyacetophenone",6990,PREDICTED_TARGETS,Gene,EGFR,1956,0.968,118,3738
1117,Compound,Isokobusone,3860435,PREDICTED_TARGETS,Gene,ESR1,2099,0.968,492,4008
1118,Compound,Verbenone,29025,PREDICTED_TARGETS,Gene,IL6,,0.968,797,5991
1119,Compound,Kanzonol X,10046166,PREDICTED_TARGETS,Gene,ESR1,2099,0.968,519,4008
1120,Compound,Tridecane,12388,PREDICTED_TARGETS,Gene,CYP1A1,,0.968,779,2902
1121,Compound,Liquiritigenin,114829,PREDICTED_TARGETS,Gene,CASP3,,0.968,573,1701
1122,Compound,"2',4'-Dihydroxyacetophenone",6990,PREDICTED_TARGETS,Gene,GSK3B,2932,0.968,118,5148
1123,Compound,Ethyl acetate,8857,PREDICTED_TARGETS,Gene,BCL2,,0.968,377,1234
1124,Compound,Terpinolene,11463,PREDICTED_TARGETS,Gene,CASP9,,0.968,763,1707
1125,Compound,Shinpterocarpin,10336244,PREDICTED_TARGETS,Gene,ESR1,2099,0.968,742,4008
1126,Compound,Myrtenol,10582,PREDICTED_TARGETS,Gene,PPARG,5468,0.968,622,10164
1127,Compound,Hexadecane,11006,PREDICTED_TARGETS,Gene,CYP1A1,,0.968,466,2902
1128,Compound,Azadiradione,12308714,PREDICTED_TARGETS,Gene,GPT,2875,0.9679,254,5081
1129,Compound,Glabrone,5317652,PREDICTED_TARGETS,Gene,ESR1,2099,0.9679,428,4008
1130,Compound,Glycycoumarin,5317756,PREDICTED_TARGETS,Gene,ESR1,2099,0.9679,437,4008
1131,Compound,Shinflavanone,197678,PREDICTED_TARGETS,Gene,ESR1,2099,0.9679,741,4008
1132,Compound,Kanzonol W,15380912,PREDICTED_TARGETS,Gene,ESR1,2099,0.9679,518,4008
1133,Compound,"Methyl 2,5-dihydroxycinnamate",5353609,PREDICTED_TARGETS,Gene,PTGS2,,0.9679,604,10537
1134,Compound,4-Isopropylbenzyl alcohol,325,PREDICTED_TARGETS,Gene,CYP2E1,,0.9679,187,2927
1135,Compound,Licoagrone,5318993,PREDICTED_TARGETS,Gene,NOS2,,0.9679,541,8741
1136,Compound,Glycopeptide,56928060,PREDICTED_TARGETS,Gene,ALB,213,0.9679,435,418
1137,Compound,Methacrylonitrile,31368,PREDICTED_TARGETS,Gene,ALB,213,0.9679,602,418
1138,Compound,Licoflavone A,5319000,PREDICTED_TARGETS,Gene,CASP9,,0.9678,550,1707
1139,Compound,Elemicin,10248,PREDICTED_TARGETS,Gene,IL6,,0.9678,367,5991
1140,Compound,Glisoflavone,5487298,PREDICTED_TARGETS,Gene,NOS2,,0.9678,429,8741
1141,Compound,Decane,15600,PREDICTED_TARGETS,Gene,MAPK1,,0.9678,342,7299
1142,Compound,beta-Eudesmol,91457,PREDICTED_TARGETS,Gene,BAX,,0.9678,851,1202
1143,Compound,28-Deoxonimbolide,14467538,PREDICTED_TARGETS,Gene,CYP2E1,,0.9678,157,2927
1144,Compound,"Methyl 2,5-dihydroxycinnamate",5353609,PREDICTED_TARGETS,Gene,BAX,,0.9678,604,1202
1145,Compound,Isokobusone,3860435,PREDICTED_TARGETS,Gene,ALB,213,0.9678,492,418
1146,Compound,Licoagrodin,637141,PREDICTED_TARGETS,Gene,NOS2,,0.9678,539,8741
1147,Compound,Kanzonol X,10046166,PREDICTED_TARGETS,Gene,CASP9,,0.9678,519,1707
1148,Compound,Shinflavanone,197678,PREDICTED_TARGETS,Gene,CASP9,,0.9678,741,1707
1149,Compound,Shinpterocarpin,10336244,PREDICTED_TARGETS,Gene,CASP9,,0.9678,742,1707
1150,Compound,beta-Elemene,6918391,PREDICTED_TARGETS,Gene,CASP8,841,0.9678,850,1705
1151,Compound,Glycycoumarin,5317756,PREDICTED_TARGETS,Gene,CASP9,,0.9678,437,1707
1152,Compound,Dodecane,8182,PREDICTED_TARGETS,Gene,CCND1,595,0.9677,359,1846
1153,Compound,Glabranin,124049,PREDICTED_TARGETS,Gene,CXCL8,3576,0.9677,419,2865
1154,Compound,Kanzonol W,15380912,PREDICTED_TARGETS,Gene,CASP9,,0.9677,518,1707
1155,Compound,Glabrone,5317652,PREDICTED_TARGETS,Gene,CASP9,,0.9677,428,1707
1156,Compound,Glycopeptide,56928060,PREDICTED_TARGETS,Gene,UGT1A1,54658,0.9677,435,14231
1157,Compound,Picroside II,11944602,PREDICTED_TARGETS,Gene,RELA,,0.9677,688,10988
1158,Compound,beta-Maltose,6255,PREDICTED_TARGETS,Gene,TNF,7124,0.9677,857,13629
1159,Compound,Undecanoic acid,8180,PREDICTED_TARGETS,Gene,IL6,,0.9677,787,5991
1160,Compound,Dodecane,8182,PREDICTED_TARGETS,Gene,GPT,2875,0.9677,359,5081
1161,Compound,Fenchone,14525,PREDICTED_TARGETS,Gene,HMOX1,,0.9677,393,5559
1162,Compound,Methyl palmitate,8181,PREDICTED_TARGETS,Gene,MAPK1,,0.9676,613,7299
1163,Compound,5-Hydroxymethylfurfural,237332,PREDICTED_TARGETS,Gene,TNF,7124,0.9676,193,13629
1164,Compound,"2',4'-Dihydroxyacetophenone",6990,PREDICTED_TARGETS,Gene,ESR1,2099,0.9676,118,4008
1165,Compound,Punicic acid,5281126,PREDICTED_TARGETS,Gene,ABCB1,5243,0.9676,705,36
1166,Compound,Licopyranocoumarin,122851,PREDICTED_TARGETS,Gene,ESR1,2099,0.9676,556,4008
1167,Compound,28-Deoxonimbolide,14467538,PREDICTED_TARGETS,Gene,HMOX1,,0.9676,157,5559
1168,Compound,Levomenol,442343,PREDICTED_TARGETS,Gene,BCL2,,0.9676,537,1234
1169,Compound,cis-3-Hexen-1-ol,5281167,PREDICTED_TARGETS,Gene,TNF,7124,0.9676,874,13629
1170,Compound,Benzyl salicylate,8363,PREDICTED_TARGETS,Gene,IL1B,3553,0.9675,269,5953
1171,Compound,beta-Sitosterol,222284,PREDICTED_TARGETS,Gene,AKT1,,0.9675,869,410
1172,Compound,1-Dodecanol,8193,PREDICTED_TARGETS,Gene,BAX,,0.9675,78,1202
1173,Compound,Nerolidol,5284507,PREDICTED_TARGETS,Gene,IL1B,3553,0.9675,629,5953
1174,Compound,Chebulic acid,71308174,PREDICTED_TARGETS,Gene,AKT1,,0.9675,304,410
1175,Compound,6-Prenylnaringenin,155094,PREDICTED_TARGETS,Gene,CASP9,,0.9675,204,1707
1176,Compound,"3,5-Dihydroxybenzoic acid",7424,PREDICTED_TARGETS,Gene,MAPK1,,0.9675,166,7299
1177,Compound,m-Cresol,342,PREDICTED_TARGETS,Gene,CASP3,,0.9675,898,1701
1178,Compound,beta-Sitosterol,222284,PREDICTED_TARGETS,Gene,CASP9,,0.9675,869,1707
1179,Compound,Methacrylonitrile,31368,PREDICTED_TARGETS,Gene,UGT1A1,54658,0.9675,602,14231
1180,Compound,Daucosterol,5742590,PREDICTED_TARGETS,Gene,ALB,213,0.9675,338,418
1181,Compound,Nimbin,108058,PREDICTED_TARGETS,Gene,BAX,,0.9674,636,1202
1182,Compound,1-Dodecanol,8193,PREDICTED_TARGETS,Gene,PTGS2,,0.9674,78,10537
1183,Compound,1-Heptanol,8129,PREDICTED_TARGETS,Gene,RELA,,0.9674,81,10988
1184,Compound,Azadiradione,12308714,PREDICTED_TARGETS,Gene,AKT1,,0.9674,254,410
1185,Compound,4-Ethyl-2-methoxyphenol,62465,PREDICTED_TARGETS,Gene,CASP9,,0.9674,184,1707
1186,Compound,p-Cymene,7463,PREDICTED_TARGETS,Gene,CASP9,,0.9674,908,1707
1187,Compound,L-Rhamnose,25310,PREDICTED_TARGETS,Gene,IL6,,0.9674,530,5991
1188,Compound,Benzyl acetate,8785,PREDICTED_TARGETS,Gene,IL6,,0.9674,268,5991
1189,Compound,Licoflavone A,5319000,PREDICTED_TARGETS,Gene,CYP2E1,,0.9674,550,2927
1190,Compound,Phloroglucinol,359,PREDICTED_TARGETS,Gene,IL1B,3553,0.9674,682,5953
1191,Compound,beta-Pinene,14896,PREDICTED_TARGETS,Gene,BCL2,,0.9674,860,1234
1192,Compound,Chebulic acid,71308174,PREDICTED_TARGETS,Gene,CASP9,,0.9673,304,1707
1193,Compound,Dodecane,8182,PREDICTED_TARGETS,Gene,MAPK1,,0.9673,359,7299
1194,Compound,Kanzonol X,10046166,PREDICTED_TARGETS,Gene,CYP2E1,,0.9673,519,2927
1195,Compound,Shinflavanone,197678,PREDICTED_TARGETS,Gene,CYP2E1,,0.9673,741,2927
1196,Compound,Camphene,6616,PREDICTED_TARGETS,Gene,CXCL8,3576,0.9673,290,2865
1197,Compound,Arjunolic acid,73641,PREDICTED_TARGETS,Gene,IL6,,0.9673,242,5991
1198,Compound,Shinpterocarpin,10336244,PREDICTED_TARGETS,Gene,CYP2E1,,0.9673,742,2927
1199,Compound,Glycycoumarin,5317756,PREDICTED_TARGETS,Gene,CYP2E1,,0.9673,437,2927
1200,Compound,Aromadendrin,122850,PREDICTED_TARGETS,Gene,BAX,,0.9673,244,1202
1201,Compound,Methacrylonitrile,31368,PREDICTED_TARGETS,Gene,CASP9,,0.9673,602,1707
1202,Compound,Dipropyl disulfide,12377,PREDICTED_TARGETS,Gene,MAPK1,,0.9673,352,7299
1203,Compound,Kanzonol W,15380912,PREDICTED_TARGETS,Gene,CYP2E1,,0.9673,518,2927
1204,Compound,Glabrone,5317652,PREDICTED_TARGETS,Gene,CYP2E1,,0.9673,428,2927
1205,Compound,Isoquercitrin,5280804,PREDICTED_TARGETS,Gene,CAT,847,0.9673,506,1715
1206,Compound,Safrole,5144,PREDICTED_TARGETS,Gene,IL1B,3553,0.9673,721,5953
1207,Compound,beta-Ionone,638014,PREDICTED_TARGETS,Gene,IL6,,0.9673,855,5991
1208,Compound,Glycyrol,5320083,PREDICTED_TARGETS,Gene,AKT1,,0.9672,439,410
1209,Compound,Humulene,5281520,PREDICTED_TARGETS,Gene,CYP2E1,,0.9672,472,2927
1210,Compound,Lupiwighteone,5317480,PREDICTED_TARGETS,Gene,PPARG,5468,0.9672,581,10164
1211,Compound,Gibberellic acid,6466,PREDICTED_TARGETS,Gene,BCL2,,0.9672,418,1234
1212,Compound,Myrcene,31253,PREDICTED_TARGETS,Gene,CASP9,,0.9672,618,1707
1213,Compound,Aureusidin,5281220,PREDICTED_TARGETS,Gene,CCND1,595,0.9672,248,1846
1214,Compound,beta-Eudesmol,91457,PREDICTED_TARGETS,Gene,BCL2,,0.9672,851,1234
1215,Compound,1-Dodecanol,8193,PREDICTED_TARGETS,Gene,IL1B,3553,0.9672,78,5953
1216,Compound,Glycyrol,5320083,PREDICTED_TARGETS,Gene,CASP9,,0.9671,439,1707
1217,Compound,"2,3-Butanediol",262,PREDICTED_TARGETS,Gene,IL1B,3553,0.9671,123,5953
1218,Compound,Aureusidin,5281220,PREDICTED_TARGETS,Gene,GPT,2875,0.9671,248,5081
1219,Compound,Humulene,5281520,PREDICTED_TARGETS,Gene,MAPK3,,0.9671,472,7305
1220,Compound,Estragole,8815,PREDICTED_TARGETS,Gene,IL6,,0.9671,376,5991
1221,Compound,D-Xylose,135191,PREDICTED_TARGETS,Gene,IL6,,0.967,337,5991
1222,Compound,Sennoside A,73111,PREDICTED_TARGETS,Gene,CASP3,,0.967,736,1701
1223,Compound,"2',4'-Dihydroxyacetophenone",6990,PREDICTED_TARGETS,Gene,UGT1A1,54658,0.967,118,14231
1224,Compound,Licoflavone A,5319000,PREDICTED_TARGETS,Gene,MTOR,2475,0.967,550,8080
1225,Compound,Kutkin,131750182,PREDICTED_TARGETS,Gene,CASP9,,0.967,526,1707
1226,Compound,Tetracosanoic acid,11197,PREDICTED_TARGETS,Gene,PPARG,5468,0.967,764,10164
1227,Compound,Aromadendrin,122850,PREDICTED_TARGETS,Gene,PTGS2,,0.967,244,10537
1228,Compound,28-Deoxonimbolide,14467538,PREDICTED_TARGETS,Gene,ALB,213,0.967,157,418
1229,Compound,Fenchone,14525,PREDICTED_TARGETS,Gene,MAPK3,,0.967,393,7305
1230,Compound,Physcion,10639,PREDICTED_TARGETS,Gene,CASP3,,0.967,683,1701
1231,Compound,Ononin,442813,PREDICTED_TARGETS,Gene,CASP3,,0.967,668,1701
1232,Compound,2-Methoxy-4-methylphenol,7144,PREDICTED_TARGETS,Gene,NOS2,,0.967,139,8741
1233,Compound,"Methyl 2,5-dihydroxycinnamate",5353609,PREDICTED_TARGETS,Gene,BCL2,,0.967,604,1234
1234,Compound,Kanzonol X,10046166,PREDICTED_TARGETS,Gene,MTOR,2475,0.9669,519,8080
1235,Compound,Verbenone,29025,PREDICTED_TARGETS,Gene,RELA,,0.9669,797,10988
1236,Compound,Carvone,7439,PREDICTED_TARGETS,Gene,CAT,847,0.9669,294,1715
1237,Compound,Decane,15600,PREDICTED_TARGETS,Gene,AKT1,,0.9669,342,410
1238,Compound,Ethyl acetate,8857,PREDICTED_TARGETS,Gene,PPARG,5468,0.9669,377,10164
1239,Compound,"2,3-Butanediol",262,PREDICTED_TARGETS,Gene,BAX,,0.9669,123,1202
1240,Compound,Shinpterocarpin,10336244,PREDICTED_TARGETS,Gene,MTOR,2475,0.9669,742,8080
1241,Compound,4-Vinylphenol,62453,PREDICTED_TARGETS,Gene,TNF,7124,0.9669,190,13629
1242,Compound,Glycycoumarin,5317756,PREDICTED_TARGETS,Gene,MTOR,2475,0.9669,437,8080
1243,Compound,Glabrol,11596309,PREDICTED_TARGETS,Gene,ALB,213,0.9669,426,418
1244,Compound,Shinflavanone,197678,PREDICTED_TARGETS,Gene,MTOR,2475,0.9669,741,8080
1245,Compound,Picroside II,11944602,PREDICTED_TARGETS,Gene,IL1B,3553,0.9669,688,5953
1246,Compound,Glabrone,5317652,PREDICTED_TARGETS,Gene,MTOR,2475,0.9669,428,8080
1247,Compound,Kanzonol W,15380912,PREDICTED_TARGETS,Gene,MTOR,2475,0.9669,518,8080
1248,Compound,Furfuryl alcohol,7361,PREDICTED_TARGETS,Gene,IL6,,0.9668,403,5991
1249,Compound,Dipropyl disulfide,12377,PREDICTED_TARGETS,Gene,MAPK3,,0.9668,352,7305
1250,Compound,Ethyl salicylate,8365,PREDICTED_TARGETS,Gene,IL6,,0.9668,385,5991
1251,Compound,"2,3-Butanediol",262,PREDICTED_TARGETS,Gene,PTGS2,,0.9668,123,10537
1252,Compound,Tridecane,12388,PREDICTED_TARGETS,Gene,HMOX1,,0.9668,779,5559
1253,Compound,Licocoumarone,503731,PREDICTED_TARGETS,Gene,CASP3,,0.9668,548,1701
1254,Compound,Soyasaponin I,122097,PREDICTED_TARGETS,Gene,CXCL8,3576,0.9668,744,2865
1255,Compound,Fraxinellone,124039,PREDICTED_TARGETS,Gene,CCND1,595,0.9668,399,1846
1256,Compound,Elemicin,10248,PREDICTED_TARGETS,Gene,RELA,,0.9668,367,10988
1257,Compound,beta-Patchoulene,101731,PREDICTED_TARGETS,Gene,MAPK1,,0.9668,859,7299
1258,Compound,Hexadecane,11006,PREDICTED_TARGETS,Gene,HMOX1,,0.9668,466,5559
1259,Compound,Myrcene,31253,PREDICTED_TARGETS,Gene,CXCL8,3576,0.9668,618,2865
1260,Compound,Benzyl salicylate,8363,PREDICTED_TARGETS,Gene,PTGS2,,0.9668,269,10537
1261,Compound,Nimbin,108058,PREDICTED_TARGETS,Gene,PTGS2,,0.9668,636,10537
1262,Compound,p-Cymene,7463,PREDICTED_TARGETS,Gene,CXCL8,3576,0.9668,908,2865
1263,Compound,Maltol,8369,PREDICTED_TARGETS,Gene,CASP3,,0.9667,586,1701
1264,Compound,Fraxinellone,124039,PREDICTED_TARGETS,Gene,GPT,2875,0.9667,399,5081
1265,Compound,Glycopeptide,56928060,PREDICTED_TARGETS,Gene,MAPK1,,0.9667,435,7299
1266,Compound,Caryophyllene oxide,1742210,PREDICTED_TARGETS,Gene,CASP3,,0.9667,296,1701
1267,Compound,Shikimic acid,8742,PREDICTED_TARGETS,Gene,IL1B,3553,0.9667,740,5953
1268,Compound,Methyl palmitate,8181,PREDICTED_TARGETS,Gene,AKT1,,0.9667,613,410
1269,Compound,Dodecane,8182,PREDICTED_TARGETS,Gene,CASP9,,0.9667,359,1707
1270,Compound,6-Prenylnaringenin,155094,PREDICTED_TARGETS,Gene,MAPK1,,0.9667,204,7299
1271,Compound,Myrtenol,10582,PREDICTED_TARGETS,Gene,NOS2,,0.9667,622,8741
1272,Compound,4-Hydroxychalcone,5282361,PREDICTED_TARGETS,Gene,RELA,,0.9667,185,10988
1273,Compound,Dodecane,8182,PREDICTED_TARGETS,Gene,CASP8,841,0.9666,359,1705
1274,Compound,Cedrol,65575,PREDICTED_TARGETS,Gene,CXCL8,3576,0.9666,301,2865
1275,Compound,Fenchone,14525,PREDICTED_TARGETS,Gene,CYP2E1,,0.9666,393,2927
1276,Compound,Chebulinic acid,72284,PREDICTED_TARGETS,Gene,CAT,847,0.9666,305,1715
1277,Compound,Undecanal,8186,PREDICTED_TARGETS,Gene,IL6,,0.9666,785,5991
1278,Compound,2-Phenylethanol,6054,PREDICTED_TARGETS,Gene,RELA,,0.9666,146,10988
1279,Compound,Decanal,8175,PREDICTED_TARGETS,Gene,CAT,847,0.9666,341,1715
1280,Compound,Astragalin,5282102,PREDICTED_TARGETS,Gene,BAX,,0.9666,247,1202
1281,Compound,3-Deacetylsalannin,14458886,PREDICTED_TARGETS,Gene,CASP9,,0.9665,172,1707
1282,Compound,Punicic acid,5281126,PREDICTED_TARGETS,Gene,EGFR,1956,0.9665,705,3738
1283,Compound,Glabranin,124049,PREDICTED_TARGETS,Gene,MAPK3,,0.9665,419,7305
1284,Compound,1-Octen-3-OL,18827,PREDICTED_TARGETS,Gene,IL6,,0.9665,97,5991
1285,Compound,Benzyl salicylate,8363,PREDICTED_TARGETS,Gene,BAX,,0.9665,269,1202
1286,Compound,"2',4'-Dihydroxyacetophenone",6990,PREDICTED_TARGETS,Gene,MAPK3,,0.9665,118,7305
1287,Compound,Acetoin,179,PREDICTED_TARGETS,Gene,IL6,,0.9665,221,5991
1288,Compound,28-Deoxonimbolide,14467538,PREDICTED_TARGETS,Gene,MAPK3,,0.9665,157,7305
1289,Compound,1-Dodecanol,8193,PREDICTED_TARGETS,Gene,BCL2,,0.9665,78,1234
1290,Compound,Punicic acid,5281126,PREDICTED_TARGETS,Gene,GSK3B,2932,0.9665,705,5148
1291,Compound,Flavanone,10251,PREDICTED_TARGETS,Gene,IL6,,0.9664,395,5991
1292,Compound,Cedrol,65575,PREDICTED_TARGETS,Gene,CASP9,,0.9664,301,1707
1293,Compound,beta-Sitosterol,222284,PREDICTED_TARGETS,Gene,CYP1A1,,0.9664,869,2902
1294,Compound,Chebulic acid,71308174,PREDICTED_TARGETS,Gene,CYP1A1,,0.9664,304,2902
1295,Compound,Dodecane,8182,PREDICTED_TARGETS,Gene,AKT1,,0.9664,359,410
1296,Compound,Decanoic acid,2969,PREDICTED_TARGETS,Gene,CASP3,,0.9663,343,1701
1297,Compound,Echinatin,6442675,PREDICTED_TARGETS,Gene,ALB,213,0.9663,360,418
1298,Compound,"3,5-Dihydroxybenzoic acid",7424,PREDICTED_TARGETS,Gene,AKT1,,0.9663,166,410
1299,Compound,4-Ethyl-2-methoxyphenol,62465,PREDICTED_TARGETS,Gene,UGT1A1,54658,0.9663,184,14231
1300,Compound,beta-Eudesmol,91457,PREDICTED_TARGETS,Gene,PPARG,5468,0.9663,851,10164
1301,Compound,Phytol,5280435,PREDICTED_TARGETS,Gene,IL6,,0.9663,684,5991
1302,Compound,Isokobusone,3860435,PREDICTED_TARGETS,Gene,NFKBIA,,0.9663,492,8597
1303,Compound,Decane,15600,PREDICTED_TARGETS,Gene,CASP9,,0.9663,342,1707
1304,Compound,Phloroglucinol,359,PREDICTED_TARGETS,Gene,PTGS2,,0.9663,682,10537
1305,Compound,beta-Pinene,14896,PREDICTED_TARGETS,Gene,PPARG,5468,0.9663,860,10164
1306,Compound,"(2S,3S,4S,5R,6R)-6-[[(3S,4S,4aR,6aR,6bS,8aR,9R,12aS,14aR,14bR)-9-hydroxy-4-(hydroxymethyl)-4,6a,6b,8a,11,11,14b-heptamethyl-1,2,3,4a,5,6,7,8,9,10,12,12a,14,14a-tetradecahydropicen-3-yl]oxy]-5-[(2S,3R,4S,5S)-4,5-dihydroxy-3-[(2S,3R,4R,5R,6S)-3,4,5-trihydroxy-6-methyloxan-2-yl]oxyoxan-2-yl]oxy-3,4-dihydroxyoxane-2-carboxylic acid",443614,PREDICTED_TARGETS,Gene,CASP9,,0.9663,33,1707
1307,Compound,Methacrylonitrile,31368,PREDICTED_TARGETS,Gene,HMOX1,,0.9663,602,5559
1308,Compound,Tetracosanoic acid,11197,PREDICTED_TARGETS,Gene,NOS2,,0.9663,764,8741
1309,Compound,Dipropyl disulfide,12377,PREDICTED_TARGETS,Gene,AKT1,,0.9663,352,410
1310,Compound,Spathulenol,92231,PREDICTED_TARGETS,Gene,MAPK1,,0.9662,745,7299
1311,Compound,Prunetin,5281804,PREDICTED_TARGETS,Gene,CASP8,841,0.9662,700,1705
1312,Compound,Methyl palmitate,8181,PREDICTED_TARGETS,Gene,CASP9,,0.9662,613,1707
1313,Compound,Aromadendrin,122850,PREDICTED_TARGETS,Gene,IL1B,3553,0.9662,244,5953
1314,Compound,Glabranin,124049,PREDICTED_TARGETS,Gene,MAPK1,,0.9662,419,7299
1315,Compound,Maslinic acid,73659,PREDICTED_TARGETS,Gene,CASP3,,0.9662,593,1701
1316,Compound,Glycopeptide,56928060,PREDICTED_TARGETS,Gene,CYP1A1,,0.9662,435,2902
1317,Compound,Echinatin,6442675,PREDICTED_TARGETS,Gene,ESR1,2099,0.9662,360,4008
1318,Compound,Ricinoleic acid,643684,PREDICTED_TARGETS,Gene,CASP3,,0.9662,716,1701
1319,Compound,Mesitylene,7947,PREDICTED_TARGETS,Gene,CASP3,,0.9661,601,1701
1320,Compound,beta-Elemene,6918391,PREDICTED_TARGETS,Gene,MAPK1,,0.9661,850,7299
1321,Compound,Spathulenol,92231,PREDICTED_TARGETS,Gene,MAPK3,,0.9661,745,7305
1322,Compound,Methacrylonitrile,31368,PREDICTED_TARGETS,Gene,ESR1,2099,0.9661,602,4008
1323,Compound,Aureusidin,5281220,PREDICTED_TARGETS,Gene,CASP8,841,0.9661,248,1705
1324,Compound,Licoagrone,5318993,PREDICTED_TARGETS,Gene,CASP9,,0.9661,541,1707
1325,Compound,Ethyl acetate,8857,PREDICTED_TARGETS,Gene,NOS2,,0.9661,377,8741
1326,Compound,Lupiwighteone,5317480,PREDICTED_TARGETS,Gene,NOS2,,0.9661,581,8741
1327,Compound,Camphor,2537,PREDICTED_TARGETS,Gene,CASP3,,0.9661,292,1701
1328,Compound,Glycyrol,5320083,PREDICTED_TARGETS,Gene,CYP1A1,,0.9661,439,2902
1329,Compound,Glabrol,11596309,PREDICTED_TARGETS,Gene,ESR1,2099,0.9661,426,4008
1330,Compound,Azadiradione,12308714,PREDICTED_TARGETS,Gene,CYP1A1,,0.9661,254,2902
1331,Compound,Glisoflavone,5487298,PREDICTED_TARGETS,Gene,CASP9,,0.9661,429,1707
1332,Compound,Licoisoflavone B,5481234,PREDICTED_TARGETS,Gene,CASP9,,0.9661,555,1707
1333,Compound,Zingiberene,92776,PREDICTED_TARGETS,Gene,MAPK1,,0.966,805,7299
1334,Compound,Licopyranocoumarin,122851,PREDICTED_TARGETS,Gene,ABCB1,5243,0.966,556,36
1335,Compound,Estragole,8815,PREDICTED_TARGETS,Gene,RELA,,0.966,376,10988
1336,Compound,Aromadendrin,122850,PREDICTED_TARGETS,Gene,BCL2,,0.966,244,1234
1337,Compound,Licoagrodin,637141,PREDICTED_TARGETS,Gene,CASP9,,0.966,539,1707
1338,Compound,Glycopeptide,56928060,PREDICTED_TARGETS,Gene,AKT1,,0.966,435,410
1339,Compound,Zingiberene,92776,PREDICTED_TARGETS,Gene,MAPK3,,0.966,805,7305
1340,Compound,Terpinolene,11463,PREDICTED_TARGETS,Gene,CYP1A1,,0.9659,763,2902
1341,Compound,Dipropyl disulfide,12377,PREDICTED_TARGETS,Gene,CCND1,595,0.9659,352,1846
1342,Compound,Tridecane,12388,PREDICTED_TARGETS,Gene,CYP2E1,,0.9659,779,2927
1343,Compound,Licoisoflavone B,5481234,PREDICTED_TARGETS,Gene,CXCL8,3576,0.9659,555,2865
1344,Compound,"(2S,3S,4S,5R,6R)-6-[[(3S,4S,4aR,6aR,6bS,8aR,9R,12aS,14aR,14bR)-9-hydroxy-4-(hydroxymethyl)-4,6a,6b,8a,11,11,14b-heptamethyl-1,2,3,4a,5,6,7,8,9,10,12,12a,14,14a-tetradecahydropicen-3-yl]oxy]-5-[(2S,3R,4S,5S)-4,5-dihydroxy-3-[(2S,3R,4R,5R,6S)-3,4,5-trihydroxy-6-methyloxan-2-yl]oxyoxan-2-yl]oxy-3,4-dihydroxyoxane-2-carboxylic acid",443614,PREDICTED_TARGETS,Gene,CXCL8,3576,0.9658,33,2865
1345,Compound,Glycopeptide,56928060,PREDICTED_TARGETS,Gene,ESR1,2099,0.9658,435,4008
1346,Compound,"2,3-Butanediol",262,PREDICTED_TARGETS,Gene,BCL2,,0.9658,123,1234
1347,Compound,Glycopeptide,56928060,PREDICTED_TARGETS,Gene,MTOR,2475,0.9658,435,8080
1348,Compound,Dipropyl disulfide,12377,PREDICTED_TARGETS,Gene,GPT,2875,0.9658,352,5081
1349,Compound,Hexadecane,11006,PREDICTED_TARGETS,Gene,CYP2E1,,0.9658,466,2927
1350,Compound,Methyl palmitate,8181,PREDICTED_TARGETS,Gene,CYP1A1,,0.9658,613,2902
1351,Compound,Methyl ethyl ketone,6569,PREDICTED_TARGETS,Gene,CASP3,,0.9658,608,1701
1352,Compound,Tridecane,12388,PREDICTED_TARGETS,Gene,MAPK3,,0.9658,779,7305
1353,Compound,Licoflavone A,5319000,PREDICTED_TARGETS,Gene,HMOX1,,0.9658,550,5559
1354,Compound,Arjunolic acid,73641,PREDICTED_TARGETS,Gene,IL1B,3553,0.9658,242,5953
1355,Compound,Fraxinellone,124039,PREDICTED_TARGETS,Gene,CASP8,841,0.9658,399,1705
1356,Compound,beta-Patchoulene,101731,PREDICTED_TARGETS,Gene,AKT1,,0.9658,859,410
1357,Compound,L-Rhamnose,25310,PREDICTED_TARGETS,Gene,RELA,,0.9658,530,10988
1358,Compound,1-Hexacosanol,68171,PREDICTED_TARGETS,Gene,IL6,,0.9658,82,5991
1359,Compound,Hexadecane,11006,PREDICTED_TARGETS,Gene,MAPK3,,0.9658,466,7305
1360,Compound,Benzyl salicylate,8363,PREDICTED_TARGETS,Gene,BCL2,,0.9658,269,1234
1361,Compound,"Methyl 2,5-dihydroxycinnamate",5353609,PREDICTED_TARGETS,Gene,PPARG,5468,0.9658,604,10164
1362,Compound,Nimbin,108058,PREDICTED_TARGETS,Gene,BCL2,,0.9658,636,1234
1363,Compound,Kanzonol X,10046166,PREDICTED_TARGETS,Gene,HMOX1,,0.9658,519,5559
1364,Compound,"3,5-Dihydroxybenzoic acid",7424,PREDICTED_TARGETS,Gene,CCND1,595,0.9658,166,1846
1365,Compound,Kutkin,131750182,PREDICTED_TARGETS,Gene,MAPK1,,0.9658,526,7299
1366,Compound,Shinflavanone,197678,PREDICTED_TARGETS,Gene,HMOX1,,0.9658,741,5559
1367,Compound,Shikimic acid,8742,PREDICTED_TARGETS,Gene,PTGS2,,0.9657,740,10537
1368,Compound,Levomenol,442343,PREDICTED_TARGETS,Gene,PPARG,5468,0.9657,537,10164
1369,Compound,beta-Amyrin,73145,PREDICTED_TARGETS,Gene,CCND1,595,0.9657,843,1846
1370,Compound,Shinpterocarpin,10336244,PREDICTED_TARGETS,Gene,HMOX1,,0.9657,742,5559
1371,Compound,Glycycoumarin,5317756,PREDICTED_TARGETS,Gene,HMOX1,,0.9657,437,5559
1372,Compound,Glyasperin D,480860,PREDICTED_TARGETS,Gene,IL6,,0.9657,432,5991
1373,Compound,Glabrone,5317652,PREDICTED_TARGETS,Gene,HMOX1,,0.9657,428,5559
1374,Compound,Kanzonol W,15380912,PREDICTED_TARGETS,Gene,HMOX1,,0.9657,518,5559
1375,Compound,"3,5-Dihydroxybenzoic acid",7424,PREDICTED_TARGETS,Gene,GPT,2875,0.9657,166,5081
1376,Compound,beta-Patchoulene,101731,PREDICTED_TARGETS,Gene,CASP9,,0.9657,859,1707
1377,Compound,beta-Amyrin,73145,PREDICTED_TARGETS,Gene,GPT,2875,0.9657,843,5081
1378,Compound,Nonane,8141,PREDICTED_TARGETS,Gene,CASP9,,0.9657,656,1707
1379,Compound,Levomenol,442343,PREDICTED_TARGETS,Gene,NOS2,,0.9657,537,8741
1380,Compound,Humulene,5281520,PREDICTED_TARGETS,Gene,ALB,213,0.9656,472,418
1381,Compound,3-Deacetylsalannin,14458886,PREDICTED_TARGETS,Gene,CXCL8,3576,0.9656,172,2865
1382,Compound,Undecanoic acid,8180,PREDICTED_TARGETS,Gene,RELA,,0.9656,787,10988
1383,Compound,Picroside II,11944602,PREDICTED_TARGETS,Gene,PTGS2,,0.9656,688,10537
1384,Compound,1-Heptanol,8129,PREDICTED_TARGETS,Gene,BAX,,0.9656,81,1202
1385,Compound,Ethyl salicylate,8365,PREDICTED_TARGETS,Gene,RELA,,0.9656,385,10988
1386,Compound,4-Ethyl-2-methoxyphenol,62465,PREDICTED_TARGETS,Gene,ESR1,2099,0.9656,184,4008
1387,Compound,Decane,15600,PREDICTED_TARGETS,Gene,CYP1A1,,0.9656,342,2902
1388,Compound,Nootkatone,1268142,PREDICTED_TARGETS,Gene,BAX,,0.9656,658,1202
1389,Compound,Daucosterol,5742590,PREDICTED_TARGETS,Gene,ESR1,2099,0.9656,338,4008
1390,Compound,18alpha-Glycyrrhetinic acid,73398,PREDICTED_TARGETS,Gene,CAT,847,0.9656,114,1715
1391,Compound,o-Cresol,335,PREDICTED_TARGETS,Gene,IL1B,3553,0.9655,905,5953
1392,Compound,alpha-Terpineol,17100,PREDICTED_TARGETS,Gene,CASP3,,0.9655,838,1701
1393,Compound,2-Undecanone,8163,PREDICTED_TARGETS,Gene,CCND1,595,0.9655,149,1846
1394,Compound,6-Prenylnaringenin,155094,PREDICTED_TARGETS,Gene,AKT1,,0.9655,204,410
1395,Compound,Punicic acid,5281126,PREDICTED_TARGETS,Gene,UGT1A1,54658,0.9655,705,14231
1396,Compound,beta-Pinene,14896,PREDICTED_TARGETS,Gene,NOS2,,0.9654,860,8741
1397,Compound,2-Undecanone,8163,PREDICTED_TARGETS,Gene,GPT,2875,0.9654,149,5081
1398,Compound,Soyasaponin I,122097,PREDICTED_TARGETS,Gene,CASP9,,0.9654,744,1707
1399,Compound,Nimbin,108058,PREDICTED_TARGETS,Gene,IL1B,3553,0.9654,636,5953
1400,Compound,8-Prenylnaringenin,480764,PREDICTED_TARGETS,Gene,CAT,847,0.9654,219,1715
1401,Compound,Shikimic acid,8742,PREDICTED_TARGETS,Gene,BAX,,0.9654,740,1202
1402,Compound,Phytol,5280435,PREDICTED_TARGETS,Gene,RELA,,0.9654,684,10988
1403,Compound,Furfuryl alcohol,7361,PREDICTED_TARGETS,Gene,RELA,,0.9654,403,10988
1404,Compound,Astragalin,5282102,PREDICTED_TARGETS,Gene,BCL2,,0.9654,247,1234
1405,Compound,Gibberellic acid,6466,PREDICTED_TARGETS,Gene,PPARG,5468,0.9653,418,10164
1406,Compound,Benzyl acetate,8785,PREDICTED_TARGETS,Gene,RELA,,0.9653,268,10988
1407,Compound,Azadiradione,12308714,PREDICTED_TARGETS,Gene,MAPK3,,0.9653,254,7305
1408,Compound,Prunetin,5281804,PREDICTED_TARGETS,Gene,MAPK1,,0.9653,700,7299
1409,Compound,1-Octen-3-OL,18827,PREDICTED_TARGETS,Gene,RELA,,0.9653,97,10988
1410,Compound,28-Deoxonimbolide,14467538,PREDICTED_TARGETS,Gene,ESR1,2099,0.9653,157,4008
1411,Compound,Safrole,5144,PREDICTED_TARGETS,Gene,NOS2,,0.9653,721,8741
1412,Compound,1-Heptanol,8129,PREDICTED_TARGETS,Gene,PTGS2,,0.9653,81,10537
1413,Compound,Gibberellic acid,6466,PREDICTED_TARGETS,Gene,NOS2,,0.9653,418,8741
1414,Compound,4-Ethyl-2-methoxyphenol,62465,PREDICTED_TARGETS,Gene,CYP2E1,,0.9652,184,2927
1415,Compound,beta-Eudesmol,91457,PREDICTED_TARGETS,Gene,NOS2,,0.9652,851,8741
1416,Compound,Licochalcone a,5318998,PREDICTED_TARGETS,Gene,CAT,847,0.9652,547,1715
1417,Compound,Elemicin,10248,PREDICTED_TARGETS,Gene,IL1B,3553,0.9652,367,5953
1418,Compound,Nonane,8141,PREDICTED_TARGETS,Gene,MAPK1,,0.9652,656,7299
1419,Compound,Pinocembrin,68071,PREDICTED_TARGETS,Gene,IL6,,0.9652,692,5991
1420,Compound,Isokobusone,3860435,PREDICTED_TARGETS,Gene,TP53,,0.9652,492,13725
1421,Compound,D-Xylose,135191,PREDICTED_TARGETS,Gene,RELA,,0.9652,337,10988
1422,Compound,beta-Ionone,638014,PREDICTED_TARGETS,Gene,IL1B,3553,0.9652,855,5953
1423,Compound,Undecanal,8186,PREDICTED_TARGETS,Gene,RELA,,0.9652,785,10988
1424,Compound,Dodecane,8182,PREDICTED_TARGETS,Gene,CYP1A1,,0.9652,359,2902
1425,Compound,Dipropyl disulfide,12377,PREDICTED_TARGETS,Gene,CASP8,841,0.9652,352,1705
1426,Compound,Chebulic acid,71308174,PREDICTED_TARGETS,Gene,HMOX1,,0.9651,304,5559
1427,Compound,1-Heptanol,8129,PREDICTED_TARGETS,Gene,IL1B,3553,0.9651,81,5953
1428,Compound,beta-Elemene,6918391,PREDICTED_TARGETS,Gene,AKT1,,0.9651,850,410
1429,Compound,beta-Amyrin,73145,PREDICTED_TARGETS,Gene,MAPK1,,0.9651,843,7299
1430,Compound,Licopyranocoumarin,122851,PREDICTED_TARGETS,Gene,EGFR,1956,0.9651,556,3738
1431,Compound,Verbenone,29025,PREDICTED_TARGETS,Gene,IL1B,3553,0.9651,797,5953
1432,Compound,Licoagrone,5318993,PREDICTED_TARGETS,Gene,CXCL8,3576,0.9651,541,2865
1433,Compound,Licopyranocoumarin,122851,PREDICTED_TARGETS,Gene,GSK3B,2932,0.9651,556,5148
1434,Compound,beta-Sitosterol,222284,PREDICTED_TARGETS,Gene,HMOX1,,0.9651,869,5559
1435,Compound,Myrtenol,10582,PREDICTED_TARGETS,Gene,CXCL8,3576,0.9651,622,2865
1436,Compound,Humulene,5281520,PREDICTED_TARGETS,Gene,ESR1,2099,0.9651,472,4008
1437,Compound,Glycyrin,480787,PREDICTED_TARGETS,Gene,CASP3,,0.9651,438,1701
1438,Compound,Fraxinellone,124039,PREDICTED_TARGETS,Gene,MAPK1,,0.965,399,7299
1439,Compound,Azadiradione,12308714,PREDICTED_TARGETS,Gene,HMOX1,,0.965,254,5559
1440,Compound,Isovitexin,162350,PREDICTED_TARGETS,Gene,CCND1,595,0.965,510,1846
1441,Compound,Spathulenol,92231,PREDICTED_TARGETS,Gene,AKT1,,0.965,745,410
1442,Compound,Pratol,5320693,PREDICTED_TARGETS,Gene,IL6,,0.965,695,5991
1443,Compound,p-Cymene,7463,PREDICTED_TARGETS,Gene,MAPK1,,0.965,908,7299
1444,Compound,Glabranin,124049,PREDICTED_TARGETS,Gene,AKT1,,0.965,419,410
1445,Compound,6-Prenylnaringenin,155094,PREDICTED_TARGETS,Gene,CCND1,595,0.965,204,1846
1446,Compound,"Methyl 2,5-dihydroxycinnamate",5353609,PREDICTED_TARGETS,Gene,NOS2,,0.965,604,8741
1447,Compound,Glisoflavone,5487298,PREDICTED_TARGETS,Gene,CXCL8,3576,0.965,429,2865
1448,Compound,"3,5-Dihydroxybenzoic acid",7424,PREDICTED_TARGETS,Gene,MAPK3,,0.965,166,7305
1449,Compound,Myrcene,31253,PREDICTED_TARGETS,Gene,MAPK1,,0.965,618,7299
1450,Compound,Isovitexin,162350,PREDICTED_TARGETS,Gene,GPT,2875,0.965,510,5081
1451,Compound,Licoricidin,480865,PREDICTED_TARGETS,Gene,MAPK1,,0.965,557,7299
1452,Compound,Licoagrodin,637141,PREDICTED_TARGETS,Gene,CXCL8,3576,0.965,539,2865
1453,Compound,Menthone,26447,PREDICTED_TARGETS,Gene,IL6,,0.965,600,5991
1454,Compound,Hexanoic acid,8892,PREDICTED_TARGETS,Gene,CASP3,,0.9649,468,1701
1455,Compound,"3,5-Dihydroxybenzoic acid",7424,PREDICTED_TARGETS,Gene,CYP1A1,,0.9649,166,2902
1456,Compound,6-Prenylnaringenin,155094,PREDICTED_TARGETS,Gene,GPT,2875,0.9649,204,5081
1457,Compound,Myrcene,31253,PREDICTED_TARGETS,Gene,MAPK3,,0.9649,618,7305
1458,Compound,Nootkatone,1268142,PREDICTED_TARGETS,Gene,BCL2,,0.9649,658,1234
1459,Compound,Citral,638011,PREDICTED_TARGETS,Gene,TNF,7124,0.9649,311,13629
1460,Compound,7-Methoxycoumarin,10748,PREDICTED_TARGETS,Gene,IL6,,0.9649,215,5991
1461,Compound,2-Hexenal,5281168,PREDICTED_TARGETS,Gene,CASP3,,0.9649,138,1701
1462,Compound,Kutkin,131750182,PREDICTED_TARGETS,Gene,MAPK3,,0.9649,526,7305
1463,Compound,Terpinolene,11463,PREDICTED_TARGETS,Gene,MAPK3,,0.9649,763,7305
1464,Compound,Flavanone,10251,PREDICTED_TARGETS,Gene,RELA,,0.9649,395,10988
1465,Compound,Scopoletin,5280460,PREDICTED_TARGETS,Gene,CAT,847,0.9649,733,1715
1466,Compound,Zingiberene,92776,PREDICTED_TARGETS,Gene,AKT1,,0.9648,805,410
1467,Compound,Terpinolene,11463,PREDICTED_TARGETS,Gene,HMOX1,,0.9648,763,5559
1468,Compound,Glycyrol,5320083,PREDICTED_TARGETS,Gene,HMOX1,,0.9648,439,5559
1469,Compound,Picroside II,11944602,PREDICTED_TARGETS,Gene,BAX,,0.9648,688,1202
1470,Compound,Glycopeptide,56928060,PREDICTED_TARGETS,Gene,CASP9,,0.9648,435,1707
1471,Compound,2-Methoxy-4-methylphenol,7144,PREDICTED_TARGETS,Gene,CXCL8,3576,0.9648,139,2865
1472,Compound,Kutkin,131750182,PREDICTED_TARGETS,Gene,AKT1,,0.9647,526,410
1473,Compound,2-Phenylethanol,6054,PREDICTED_TARGETS,Gene,BAX,,0.9647,146,1202
1474,Compound,Verbenone,29025,PREDICTED_TARGETS,Gene,PTGS2,,0.9647,797,10537
1475,Compound,Shikimic acid,8742,PREDICTED_TARGETS,Gene,BCL2,,0.9647,740,1234
1476,Compound,beta-Amyrin,73145,PREDICTED_TARGETS,Gene,CASP8,841,0.9647,843,1705
1477,Compound,Verbenone,29025,PREDICTED_TARGETS,Gene,BAX,,0.9647,797,1202
1478,Compound,4-Hydroxychalcone,5282361,PREDICTED_TARGETS,Gene,BAX,,0.9647,185,1202
1479,Compound,beta-Maltose,6255,PREDICTED_TARGETS,Gene,CASP3,,0.9647,857,1701
1480,Compound,beta-Patchoulene,101731,PREDICTED_TARGETS,Gene,CYP1A1,,0.9647,859,2902
1481,Compound,Isokobusone,3860435,PREDICTED_TARGETS,Gene,CYP1A2,,0.9647,492,2903
1482,Compound,"3,5-Dihydroxybenzoic acid",7424,PREDICTED_TARGETS,Gene,CASP8,841,0.9646,166,1705
1483,Compound,2-Methoxy-4-methylphenol,7144,PREDICTED_TARGETS,Gene,CASP9,,0.9646,139,1707
1484,Compound,Picroside II,11944602,PREDICTED_TARGETS,Gene,BCL2,,0.9646,688,1234
1485,Compound,4-Isopropylbenzyl alcohol,325,PREDICTED_TARGETS,Gene,NFKBIA,,0.9646,187,8597
1486,Compound,Benzyl salicylate,8363,PREDICTED_TARGETS,Gene,PPARG,5468,0.9646,269,10164
1487,Compound,Elemicin,10248,PREDICTED_TARGETS,Gene,PTGS2,,0.9646,367,10537
1488,Compound,Myrtenal,61130,PREDICTED_TARGETS,Gene,IL6,,0.9646,621,5991
1489,Compound,"3,5-Dihydroxybenzoic acid",7424,PREDICTED_TARGETS,Gene,HMOX1,,0.9646,166,5559
1490,Compound,Arjunolic acid,73641,PREDICTED_TARGETS,Gene,PTGS2,,0.9646,242,10537
1491,Compound,gamma-Terpinene,7461,PREDICTED_TARGETS,Gene,IL6,,0.9645,896,5991
1492,Compound,Chebulinic acid,72284,PREDICTED_TARGETS,Gene,TNF,7124,0.9645,305,13629
1493,Compound,Tannic acid,16129778,PREDICTED_TARGETS,Gene,RELA,,0.9645,757,10988
1494,Compound,Nerolidol,5284507,PREDICTED_TARGETS,Gene,PPARG,5468,0.9645,629,10164
1495,Compound,Myrtenol,10582,PREDICTED_TARGETS,Gene,CASP9,,0.9645,622,1707
1496,Compound,1-Dodecanol,8193,PREDICTED_TARGETS,Gene,NOS2,,0.9645,78,8741
1497,Compound,Chrysophanol,10208,PREDICTED_TARGETS,Gene,CASP3,,0.9645,308,1701
1498,Compound,Decane,15600,PREDICTED_TARGETS,Gene,HMOX1,,0.9645,342,5559
1499,Compound,Isoquercitrin,5280804,PREDICTED_TARGETS,Gene,TNF,7124,0.9645,506,13629
1500,Compound,Lupiwighteone,5317480,PREDICTED_TARGETS,Gene,CXCL8,3576,0.9645,581,2865
1501,Compound,beta-Amyrin,73145,PREDICTED_TARGETS,Gene,CASP9,,0.9644,843,1707
1502,Compound,Spathulenol,92231,PREDICTED_TARGETS,Gene,CCND1,595,0.9644,745,1846
1503,Compound,Estragole,8815,PREDICTED_TARGETS,Gene,IL1B,3553,0.9644,376,5953
1504,Compound,4-Hydroxychalcone,5282361,PREDICTED_TARGETS,Gene,PTGS2,,0.9644,185,10537
1505,Compound,Echinatin,6442675,PREDICTED_TARGETS,Gene,NFKBIA,,0.9644,360,8597
1506,Compound,28-Deoxonimbolide,14467538,PREDICTED_TARGETS,Gene,ABCB1,5243,0.9644,157,36
1507,Compound,Dipropyl disulfide,12377,PREDICTED_TARGETS,Gene,HMOX1,,0.9644,352,5559
1508,Compound,Tetracosanoic acid,11197,PREDICTED_TARGETS,Gene,CASP9,,0.9644,764,1707
1509,Compound,2-Phenylethanol,6054,PREDICTED_TARGETS,Gene,PTGS2,,0.9644,146,10537
1510,Compound,Methyl linoleate,5284421,PREDICTED_TARGETS,Gene,IL6,,0.9644,610,5991
1511,Compound,Tridecane,12388,PREDICTED_TARGETS,Gene,ALB,213,0.9644,779,418
1512,Compound,Elemicin,10248,PREDICTED_TARGETS,Gene,BAX,,0.9644,367,1202
1513,Compound,Linalyl acetate,8294,PREDICTED_TARGETS,Gene,IL6,,0.9644,569,5991
1514,Compound,6-Prenylnaringenin,155094,PREDICTED_TARGETS,Gene,MAPK3,,0.9644,204,7305
1515,Compound,Glabridin,124052,PREDICTED_TARGETS,Gene,IL6,,0.9644,422,5991
1516,Compound,Acetoin,179,PREDICTED_TARGETS,Gene,RELA,,0.9643,221,10988
1517,Compound,Phloroglucinol,359,PREDICTED_TARGETS,Gene,PPARG,5468,0.9643,682,10164
1518,Compound,1-Hexacosanol,68171,PREDICTED_TARGETS,Gene,RELA,,0.9643,82,10988
1519,Compound,Cedrol,65575,PREDICTED_TARGETS,Gene,MAPK1,,0.9643,301,7299
1520,Compound,Hexadecane,11006,PREDICTED_TARGETS,Gene,ALB,213,0.9643,466,418
1521,Compound,Camphene,6616,PREDICTED_TARGETS,Gene,MAPK1,,0.9643,290,7299
1522,Compound,4-Ethyl-2-methoxyphenol,62465,PREDICTED_TARGETS,Gene,MTOR,2475,0.9643,184,8080
1523,Compound,Prunetin,5281804,PREDICTED_TARGETS,Gene,AKT1,,0.9643,700,410
1524,Compound,beta-Sitosterol,222284,PREDICTED_TARGETS,Gene,MAPK3,,0.9643,869,7305
1525,Compound,5-Hydroxymethylfurfural,237332,PREDICTED_TARGETS,Gene,CASP3,,0.9643,193,1701
1526,Compound,Methacrylonitrile,31368,PREDICTED_TARGETS,Gene,MTOR,2475,0.9643,602,8080
1527,Compound,p-Cymene,7463,PREDICTED_TARGETS,Gene,MAPK3,,0.9643,908,7305
1528,Compound,Fraxinellone,124039,PREDICTED_TARGETS,Gene,CASP9,,0.9643,399,1707
1529,Compound,4-Isopropylbenzyl alcohol,325,PREDICTED_TARGETS,Gene,ESR1,2099,0.9643,187,4008
1530,Compound,Isovitexin,162350,PREDICTED_TARGETS,Gene,MAPK1,,0.9643,510,7299
1531,Compound,3-Deacetylsalannin,14458886,PREDICTED_TARGETS,Gene,MAPK3,,0.9642,172,7305
1532,Compound,"2,3-Butanediol",262,PREDICTED_TARGETS,Gene,PPARG,5468,0.9642,123,10164
1533,Compound,1-Heptanol,8129,PREDICTED_TARGETS,Gene,BCL2,,0.9642,81,1234
1534,Compound,Spathulenol,92231,PREDICTED_TARGETS,Gene,GPT,2875,0.9642,745,5081
1535,Compound,Undecanoic acid,8180,PREDICTED_TARGETS,Gene,BAX,,0.9642,787,1202
1536,Compound,Picroside II,11944602,PREDICTED_TARGETS,Gene,PPARG,5468,0.9642,688,10164
1537,Compound,1-Dodecanol,8193,PREDICTED_TARGETS,Gene,PPARG,5468,0.9642,78,10164
1538,Compound,2-Undecanone,8163,PREDICTED_TARGETS,Gene,MAPK1,,0.9642,149,7299
1539,Compound,Glabrol,11596309,PREDICTED_TARGETS,Gene,NFKBIA,,0.9642,426,8597
1540,Compound,alpha-Amyrin,73170,PREDICTED_TARGETS,Gene,CASP3,,0.9642,815,1701
1541,Compound,Nonane,8141,PREDICTED_TARGETS,Gene,AKT1,,0.9642,656,410
1542,Compound,4-Isopropylbenzyl alcohol,325,PREDICTED_TARGETS,Gene,ALB,213,0.9642,187,418
1543,Compound,beta-Sitosterol,222284,PREDICTED_TARGETS,Gene,CYP2E1,,0.9642,869,2927
1544,Compound,Chebulic acid,71308174,PREDICTED_TARGETS,Gene,CYP2E1,,0.9642,304,2927
1545,Compound,Daucosterol,5742590,PREDICTED_TARGETS,Gene,NFKBIA,,0.9642,338,8597
1546,Compound,Cedrol,65575,PREDICTED_TARGETS,Gene,MAPK3,,0.9641,301,7305
1547,Compound,beta-Amyrin,73145,PREDICTED_TARGETS,Gene,AKT1,,0.9641,843,410
1548,Compound,2-Undecanone,8163,PREDICTED_TARGETS,Gene,CASP8,841,0.9641,149,1705
1549,Compound,Safrole,5144,PREDICTED_TARGETS,Gene,PPARG,5468,0.9641,721,10164
1550,Compound,Licopyranocoumarin,122851,PREDICTED_TARGETS,Gene,UGT1A1,54658,0.964,556,14231
1551,Compound,Nonane,8141,PREDICTED_TARGETS,Gene,CCND1,595,0.964,656,1846
1552,Compound,Punicic acid,5281126,PREDICTED_TARGETS,Gene,CYP1A2,,0.964,705,2903
1553,Compound,Decanal,8175,PREDICTED_TARGETS,Gene,TNF,7124,0.964,341,13629
1554,Compound,Chebulic acid,71308174,PREDICTED_TARGETS,Gene,MAPK3,,0.964,304,7305
1555,Compound,Ethyl acetate,8857,PREDICTED_TARGETS,Gene,CASP9,,0.964,377,1707
1556,Compound,L-Rhamnose,25310,PREDICTED_TARGETS,Gene,BAX,,0.964,530,1202
1557,Compound,Aromadendrin,122850,PREDICTED_TARGETS,Gene,NOS2,,0.964,244,8741
1558,Compound,3-Deacetylsalannin,14458886,PREDICTED_TARGETS,Gene,MAPK1,,0.964,172,7299
1559,Compound,Fraxinellone,124039,PREDICTED_TARGETS,Gene,AKT1,,0.964,399,410
1560,Compound,Nonane,8141,PREDICTED_TARGETS,Gene,GPT,2875,0.964,656,5081
1561,Compound,"(2S,3S,4S,5R,6R)-6-[[(3S,4S,4aR,6aR,6bS,8aR,9R,12aS,14aR,14bR)-9-hydroxy-4-(hydroxymethyl)-4,6a,6b,8a,11,11,14b-heptamethyl-1,2,3,4a,5,6,7,8,9,10,12,12a,14,14a-tetradecahydropicen-3-yl]oxy]-5-[(2S,3R,4S,5S)-4,5-dihydroxy-3-[(2S,3R,4R,5R,6S)-3,4,5-trihydroxy-6-methyloxan-2-yl]oxyoxan-2-yl]oxy-3,4-dihydroxyoxane-2-carboxylic acid",443614,PREDICTED_TARGETS,Gene,MAPK3,,0.964,33,7305
1562,Compound,Aureusidin,5281220,PREDICTED_TARGETS,Gene,CASP9,,0.9639,248,1707
1563,Compound,Licoricidin,480865,PREDICTED_TARGETS,Gene,CCND1,595,0.9639,557,1846
1564,Compound,Estragole,8815,PREDICTED_TARGETS,Gene,PTGS2,,0.9639,376,10537
1565,Compound,Isovitexin,162350,PREDICTED_TARGETS,Gene,CASP8,841,0.9639,510,1705
1566,Compound,beta-Elemene,6918391,PREDICTED_TARGETS,Gene,CYP1A1,,0.9639,850,2902
1567,Compound,Dodecane,8182,PREDICTED_TARGETS,Gene,HMOX1,,0.9639,359,5559
1568,Compound,Phytol,5280435,PREDICTED_TARGETS,Gene,IL1B,3553,0.9639,684,5953
1569,Compound,Prunetin,5281804,PREDICTED_TARGETS,Gene,CASP9,,0.9639,700,1707
1570,Compound,Benzyl acetate,8785,PREDICTED_TARGETS,Gene,BAX,,0.9639,268,1202
1571,Compound,Levomenol,442343,PREDICTED_TARGETS,Gene,CASP9,,0.9639,537,1707
1572,Compound,Licoricidin,480865,PREDICTED_TARGETS,Gene,GPT,2875,0.9639,557,5081
1573,Compound,Licopyranocoumarin,122851,PREDICTED_TARGETS,Gene,NFKBIA,,0.9639,556,8597
1574,Compound,Kutkin,131750182,PREDICTED_TARGETS,Gene,CCND1,595,0.9639,526,1846
1575,Compound,Glyasperin D,480860,PREDICTED_TARGETS,Gene,RELA,,0.9639,432,10988
1576,Compound,6-Prenylnaringenin,155094,PREDICTED_TARGETS,Gene,CASP8,841,0.9638,204,1705
1577,Compound,"(2S,3S,4S,5R,6R)-6-[[(3S,4S,4aR,6aR,6bS,8aR,9R,12aS,14aR,14bR)-9-hydroxy-4-(hydroxymethyl)-4,6a,6b,8a,11,11,14b-heptamethyl-1,2,3,4a,5,6,7,8,9,10,12,12a,14,14a-tetradecahydropicen-3-yl]oxy]-5-[(2S,3R,4S,5S)-4,5-dihydroxy-3-[(2S,3R,4R,5R,6S)-3,4,5-trihydroxy-6-methyloxan-2-yl]oxyoxan-2-yl]oxy-3,4-dihydroxyoxane-2-carboxylic acid",443614,PREDICTED_TARGETS,Gene,MAPK1,,0.9638,33,7299
1578,Compound,Glabranin,124049,PREDICTED_TARGETS,Gene,CCND1,595,0.9638,419,1846
1579,Compound,Glycyrol,5320083,PREDICTED_TARGETS,Gene,CYP2E1,,0.9638,439,2927
1580,Compound,Pentagalloylglucose,65238,PREDICTED_TARGETS,Gene,PTGS2,,0.9638,678,10537
1581,Compound,2-Phenylethanol,6054,PREDICTED_TARGETS,Gene,IL1B,3553,0.9638,146,5953
1582,Compound,"2,3-Butanediol",262,PREDICTED_TARGETS,Gene,NOS2,,0.9638,123,8741
1583,Compound,Arjunolic acid,73641,PREDICTED_TARGETS,Gene,BAX,,0.9638,242,1202
1584,Compound,Licoagrone,5318993,PREDICTED_TARGETS,Gene,MAPK3,,0.9638,541,7305
1585,Compound,Pentagalloylglucose,65238,PREDICTED_TARGETS,Gene,BAX,,0.9638,678,1202
1586,Compound,Glycyrol,5320083,PREDICTED_TARGETS,Gene,MAPK3,,0.9638,439,7305
1587,Compound,Nootkatone,1268142,PREDICTED_TARGETS,Gene,PPARG,5468,0.9638,658,10164
1588,Compound,p-Cymene,7463,PREDICTED_TARGETS,Gene,AKT1,,0.9638,908,410
1589,Compound,Glabranin,124049,PREDICTED_TARGETS,Gene,GPT,2875,0.9638,419,5081
1590,Compound,Benzyl salicylate,8363,PREDICTED_TARGETS,Gene,NOS2,,0.9638,269,8741
1591,Compound,Nimbin,108058,PREDICTED_TARGETS,Gene,NOS2,,0.9637,636,8741
1592,Compound,Glisoflavone,5487298,PREDICTED_TARGETS,Gene,MAPK3,,0.9637,429,7305
1593,Compound,Myrcene,31253,PREDICTED_TARGETS,Gene,AKT1,,0.9637,618,410
1594,Compound,Isovitexin,162350,PREDICTED_TARGETS,Gene,CASP9,,0.9637,510,1707
1595,Compound,Licoisoflavone B,5481234,PREDICTED_TARGETS,Gene,MAPK1,,0.9637,555,7299
1596,Compound,Licoagrodin,637141,PREDICTED_TARGETS,Gene,MAPK3,,0.9637,539,7305
1597,Compound,Shikimic acid,8742,PREDICTED_TARGETS,Gene,PPARG,5468,0.9637,740,10164
1598,Compound,Soyasaponin I,122097,PREDICTED_TARGETS,Gene,MAPK1,,0.9637,744,7299
1599,Compound,Licoisoflavone B,5481234,PREDICTED_TARGETS,Gene,MAPK3,,0.9637,555,7305
1600,Compound,6-Prenylnaringenin,155094,PREDICTED_TARGETS,Gene,HMOX1,,0.9637,204,5559
1601,Compound,Azadiradione,12308714,PREDICTED_TARGETS,Gene,CYP2E1,,0.9637,254,2927
1602,Compound,Zingiberene,92776,PREDICTED_TARGETS,Gene,CCND1,595,0.9637,805,1846
1603,Compound,Verbenone,29025,PREDICTED_TARGETS,Gene,BCL2,,0.9637,797,1234
1604,Compound,Ethyl acetate,8857,PREDICTED_TARGETS,Gene,CXCL8,3576,0.9637,377,2865
1605,Compound,2-Undecanone,8163,PREDICTED_TARGETS,Gene,CASP9,,0.9636,149,1707
1606,Compound,Chebulic acid,71308174,PREDICTED_TARGETS,Gene,ALB,213,0.9636,304,418
1607,Compound,Vanillic acid,8468,PREDICTED_TARGETS,Gene,CAT,847,0.9636,793,1715
1608,Compound,Aromadendrin,122850,PREDICTED_TARGETS,Gene,PPARG,5468,0.9636,244,10164
1609,Compound,Sclareol,163263,PREDICTED_TARGETS,Gene,CASP3,,0.9636,731,1701
1610,Compound,p-Xylene,7809,PREDICTED_TARGETS,Gene,IL6,,0.9636,910,5991
1611,Compound,o-Cresol,335,PREDICTED_TARGETS,Gene,NOS2,,0.9636,905,8741
1612,Compound,Tridecane,12388,PREDICTED_TARGETS,Gene,ESR1,2099,0.9636,779,4008
1613,Compound,4-Hydroxychalcone,5282361,PREDICTED_TARGETS,Gene,IL1B,3553,0.9636,185,5953
1614,Compound,4-Ethyl-2-methoxyphenol,62465,PREDICTED_TARGETS,Gene,HMOX1,,0.9636,184,5559
1615,Compound,Hexadecane,11006,PREDICTED_TARGETS,Gene,ESR1,2099,0.9636,466,4008
1616,Compound,Spathulenol,92231,PREDICTED_TARGETS,Gene,CYP1A1,,0.9635,745,2902
1617,Compound,Licoagrone,5318993,PREDICTED_TARGETS,Gene,MAPK1,,0.9635,541,7299
1618,Compound,Methyl palmitate,8181,PREDICTED_TARGETS,Gene,CYP2E1,,0.9635,613,2927
1619,Compound,Estragole,8815,PREDICTED_TARGETS,Gene,BAX,,0.9635,376,1202
1620,Compound,Camphene,6616,PREDICTED_TARGETS,Gene,MAPK3,,0.9635,290,7305
1621,Compound,Terpinolene,11463,PREDICTED_TARGETS,Gene,CYP2E1,,0.9635,763,2927
1622,Compound,Methyl palmitate,8181,PREDICTED_TARGETS,Gene,HMOX1,,0.9635,613,5559
1623,Compound,Elemicin,10248,PREDICTED_TARGETS,Gene,BCL2,,0.9635,367,1234
1624,Compound,D-Xylose,135191,PREDICTED_TARGETS,Gene,BAX,,0.9635,337,1202
1625,Compound,L-Rhamnose,25310,PREDICTED_TARGETS,Gene,PTGS2,,0.9635,530,10537
1626,Compound,cis-3-Hexen-1-ol,5281167,PREDICTED_TARGETS,Gene,CASP3,,0.9635,874,1701
1627,Compound,Glisoflavone,5487298,PREDICTED_TARGETS,Gene,MAPK1,,0.9635,429,7299
1628,Compound,Humulene,5281520,PREDICTED_TARGETS,Gene,NFKBIA,,0.9634,472,8597
1629,Compound,Licoagrodin,637141,PREDICTED_TARGETS,Gene,MAPK1,,0.9634,539,7299
1630,Compound,Punicic acid,5281126,PREDICTED_TARGETS,Gene,NFKBIA,,0.9634,705,8597
1631,Compound,Punicic acid,5281126,PREDICTED_TARGETS,Gene,TP53,,0.9634,705,13725
1632,Compound,beta-Pinene,14896,PREDICTED_TARGETS,Gene,CASP9,,0.9634,860,1707
1633,Compound,Ethyl salicylate,8365,PREDICTED_TARGETS,Gene,BAX,,0.9634,385,1202
1634,Compound,Dodecane,8182,PREDICTED_TARGETS,Gene,MAPK3,,0.9634,359,7305
1635,Compound,4-Hydroxychalcone,5282361,PREDICTED_TARGETS,Gene,BCL2,,0.9634,185,1234
1636,Compound,Kutkin,131750182,PREDICTED_TARGETS,Gene,CYP1A1,,0.9634,526,2902
1637,Compound,28-Deoxonimbolide,14467538,PREDICTED_TARGETS,Gene,EGFR,1956,0.9634,157,3738
1638,Compound,Sterol,1107,PREDICTED_TARGETS,Gene,PTGS2,,0.9634,749,10537
1639,Compound,Fenchone,14525,PREDICTED_TARGETS,Gene,NFKBIA,,0.9634,393,8597
1640,Compound,Glabranin,124049,PREDICTED_TARGETS,Gene,CYP1A1,,0.9633,419,2902
1641,Compound,Zingiberene,92776,PREDICTED_TARGETS,Gene,GPT,2875,0.9633,805,5081
1642,Compound,2-Phenylethanol,6054,PREDICTED_TARGETS,Gene,BCL2,,0.9633,146,1234
1643,Compound,28-Deoxonimbolide,14467538,PREDICTED_TARGETS,Gene,GSK3B,2932,0.9633,157,5148
1644,Compound,Spathulenol,92231,PREDICTED_TARGETS,Gene,CASP8,841,0.9633,745,1705
1645,Compound,Spathulenol,92231,PREDICTED_TARGETS,Gene,NFKBIA,,0.9633,745,8597
1646,Compound,Furfuryl alcohol,7361,PREDICTED_TARGETS,Gene,BAX,,0.9633,403,1202
1647,Compound,Ethyl salicylate,8365,PREDICTED_TARGETS,Gene,PTGS2,,0.9633,385,10537
1648,Compound,Licopyranocoumarin,122851,PREDICTED_TARGETS,Gene,CYP1A2,,0.9633,556,2903
1649,Compound,Licopyranocoumarin,122851,PREDICTED_TARGETS,Gene,TP53,,0.9633,556,13725
1650,Compound,Camphene,6616,PREDICTED_TARGETS,Gene,AKT1,,0.9633,290,410
1651,Compound,Pinocembrin,68071,PREDICTED_TARGETS,Gene,RELA,,0.9632,692,10988
1652,Compound,Tetracosanoic acid,11197,PREDICTED_TARGETS,Gene,CXCL8,3576,0.9632,764,2865
1653,Compound,Spathulenol,92231,PREDICTED_TARGETS,Gene,HMOX1,,0.9632,745,5559
1654,Compound,Phloroglucinol,359,PREDICTED_TARGETS,Gene,NOS2,,0.9632,682,8741
1655,Compound,m-Cresol,342,PREDICTED_TARGETS,Gene,IL6,,0.9632,898,5991
1656,Compound,Glycyrol,5320083,PREDICTED_TARGETS,Gene,ALB,213,0.9632,439,418
1657,Compound,beta-Patchoulene,101731,PREDICTED_TARGETS,Gene,HMOX1,,0.9632,859,5559
1658,Compound,Myrtenal,61130,PREDICTED_TARGETS,Gene,RELA,,0.9632,621,10988
1659,Compound,Glabranin,124049,PREDICTED_TARGETS,Gene,HMOX1,,0.9632,419,5559
1660,Compound,Isovitexin,162350,PREDICTED_TARGETS,Gene,AKT1,,0.9632,510,410
1661,Compound,L-Rhamnose,25310,PREDICTED_TARGETS,Gene,IL1B,3553,0.9632,530,5953
1662,Compound,Glabridin,124052,PREDICTED_TARGETS,Gene,RELA,,0.9632,422,10988
1663,Compound,Zingiberene,92776,PREDICTED_TARGETS,Gene,CYP1A1,,0.9632,805,2902
1664,Compound,Decane,15600,PREDICTED_TARGETS,Gene,CYP2E1,,0.9632,342,2927
1665,Compound,Ethyl salicylate,8365,PREDICTED_TARGETS,Gene,IL1B,3553,0.9632,385,5953
1666,Compound,2-Undecanone,8163,PREDICTED_TARGETS,Gene,AKT1,,0.9631,149,410
1667,Compound,Sterol,1107,PREDICTED_TARGETS,Gene,BAX,,0.9631,749,1202
1668,Compound,Nimbin,108058,PREDICTED_TARGETS,Gene,PPARG,5468,0.9631,636,10164
1669,Compound,Menthone,26447,PREDICTED_TARGETS,Gene,RELA,,0.9631,600,10988
1670,Compound,(-)-Epicatechin,72276,PREDICTED_TARGETS,Gene,CAT,847,0.9631,9,1715
1671,Compound,Echinatin,6442675,PREDICTED_TARGETS,Gene,TP53,,0.9631,360,13725
1672,Compound,Undecanoic acid,8180,PREDICTED_TARGETS,Gene,PTGS2,,0.9631,787,10537
1673,Compound,Dipropyl disulfide,12377,PREDICTED_TARGETS,Gene,NFKBIA,,0.9631,352,8597
1674,Compound,Zingiberene,92776,PREDICTED_TARGETS,Gene,NFKBIA,,0.9631,805,8597
1675,Compound,1-Octanol,957,PREDICTED_TARGETS,Gene,CASP3,,0.9631,96,1701
1676,Compound,1-Octen-3-OL,18827,PREDICTED_TARGETS,Gene,IL1B,3553,0.9631,97,5953
1677,Compound,Pentagalloylglucose,65238,PREDICTED_TARGETS,Gene,IL1B,3553,0.9631,678,5953
1678,Compound,Phytol,5280435,PREDICTED_TARGETS,Gene,PTGS2,,0.9631,684,10537
1679,Compound,Nonane,8141,PREDICTED_TARGETS,Gene,CASP8,841,0.9631,656,1705
1680,Compound,Undecanal,8186,PREDICTED_TARGETS,Gene,BAX,,0.9631,785,1202
1681,Compound,Cedrol,65575,PREDICTED_TARGETS,Gene,AKT1,,0.963,301,410
1682,Compound,Furfuryl alcohol,7361,PREDICTED_TARGETS,Gene,IL1B,3553,0.963,403,5953
1683,Compound,Furfuryl alcohol,7361,PREDICTED_TARGETS,Gene,PTGS2,,0.963,403,10537
1684,Compound,"3,5-Dihydroxybenzoic acid",7424,PREDICTED_TARGETS,Gene,CYP2E1,,0.963,166,2927
1685,Compound,beta-Eudesmol,91457,PREDICTED_TARGETS,Gene,CASP9,,0.963,851,1707
1686,Compound,1-Octen-3-OL,18827,PREDICTED_TARGETS,Gene,BAX,,0.963,97,1202
1687,Compound,Zingiberene,92776,PREDICTED_TARGETS,Gene,HMOX1,,0.963,805,5559
1688,Compound,beta-Eudesmol,91457,PREDICTED_TARGETS,Gene,CXCL8,3576,0.963,851,2865
1689,Compound,"2',4'-Dihydroxyacetophenone",6990,PREDICTED_TARGETS,Gene,MTOR,2475,0.963,118,8080
1690,Compound,1-Octen-3-OL,18827,PREDICTED_TARGETS,Gene,PTGS2,,0.963,97,10537
1691,Compound,Fenchone,14525,PREDICTED_TARGETS,Gene,ALB,213,0.963,393,418
1692,Compound,Isokobusone,3860435,PREDICTED_TARGETS,Gene,NFE2L2,,0.963,492,8588
1693,Compound,Nimbidiol,11334829,PREDICTED_TARGETS,Gene,CAT,847,0.963,634,1715
1694,Compound,"Methyl 2,5-dihydroxycinnamate",5353609,PREDICTED_TARGETS,Gene,CASP9,,0.9629,604,1707
1695,Compound,Camphene,6616,PREDICTED_TARGETS,Gene,CCND1,595,0.9629,290,1846
1696,Compound,"2',4'-Dihydroxyacetophenone",6990,PREDICTED_TARGETS,Gene,CYP1A2,,0.9629,118,2903
1697,Compound,Decane,15600,PREDICTED_TARGETS,Gene,MAPK3,,0.9629,342,7305
1698,Compound,Glabrol,11596309,PREDICTED_TARGETS,Gene,TP53,,0.9629,426,13725
1699,Compound,4-Isopropylbenzyl alcohol,325,PREDICTED_TARGETS,Gene,TP53,,0.9629,187,13725
1700,Compound,Daucosterol,5742590,PREDICTED_TARGETS,Gene,CYP1A2,,0.9629,338,2903
1701,Compound,Acetoin,179,PREDICTED_TARGETS,Gene,BAX,,0.9629,221,1202
1702,Compound,Daucosterol,5742590,PREDICTED_TARGETS,Gene,TP53,,0.9629,338,13725
1703,Compound,Camphene,6616,PREDICTED_TARGETS,Gene,GPT,2875,0.9629,290,5081
1704,Compound,Decane,15600,PREDICTED_TARGETS,Gene,ALB,213,0.9629,342,418
1705,Compound,Licoricidin,480865,PREDICTED_TARGETS,Gene,MAPK3,,0.9629,557,7305
1706,Compound,Benzyl acetate,8785,PREDICTED_TARGETS,Gene,PTGS2,,0.9629,268,10537
1707,Compound,D-Xylose,135191,PREDICTED_TARGETS,Gene,PTGS2,,0.9629,337,10537
1708,Compound,Fenchone,14525,PREDICTED_TARGETS,Gene,ESR1,2099,0.9629,393,4008
1709,Compound,Nootkatone,1268142,PREDICTED_TARGETS,Gene,NOS2,,0.9628,658,8741
1710,Compound,Licoricidin,480865,PREDICTED_TARGETS,Gene,CASP8,841,0.9628,557,1705
1711,Compound,Undecanal,8186,PREDICTED_TARGETS,Gene,PTGS2,,0.9628,785,10537
1712,Compound,Dodecane,8182,PREDICTED_TARGETS,Gene,CYP2E1,,0.9628,359,2927
1713,Compound,beta-Amyrin,73145,PREDICTED_TARGETS,Gene,CYP1A1,,0.9628,843,2902
1714,Compound,4-Vinylphenol,62453,PREDICTED_TARGETS,Gene,CASP3,,0.9628,190,1701
1715,Compound,Kutkin,131750182,PREDICTED_TARGETS,Gene,HMOX1,,0.9628,526,5559
1716,Compound,Prunetin,5281804,PREDICTED_TARGETS,Gene,CYP1A1,,0.9628,700,2902
1717,Compound,Undecanal,8186,PREDICTED_TARGETS,Gene,IL1B,3553,0.9628,785,5953
1718,Compound,Kutkin,131750182,PREDICTED_TARGETS,Gene,CASP8,841,0.9628,526,1705
1719,Compound,Nonane,8141,PREDICTED_TARGETS,Gene,CYP1A1,,0.9628,656,2902
1720,Compound,Pratol,5320693,PREDICTED_TARGETS,Gene,RELA,,0.9628,695,10988
1721,Compound,Zingiberene,92776,PREDICTED_TARGETS,Gene,CASP8,841,0.9628,805,1705
1722,Compound,Sennoside A,73111,PREDICTED_TARGETS,Gene,IL6,,0.9628,736,5991
1723,Compound,Echinatin,6442675,PREDICTED_TARGETS,Gene,CYP1A2,,0.9628,360,2903
1724,Compound,Fraxinellone,124039,PREDICTED_TARGETS,Gene,CYP1A1,,0.9627,399,2902
1725,Compound,Pentagalloylglucose,65238,PREDICTED_TARGETS,Gene,BCL2,,0.9627,678,1234
1726,Compound,3-Deacetylsalannin,14458886,PREDICTED_TARGETS,Gene,AKT1,,0.9627,172,410
1727,Compound,Proanthocyanidin,108065,PREDICTED_TARGETS,Gene,CAT,847,0.9627,696,1715
1728,Compound,Glabrol,11596309,PREDICTED_TARGETS,Gene,CYP1A2,,0.9627,426,2903
1729,Compound,Glycopeptide,56928060,PREDICTED_TARGETS,Gene,CYP2E1,,0.9627,435,2927
1730,Compound,Isoangustone A,21591148,PREDICTED_TARGETS,Gene,IL6,,0.9627,480,5991
1731,Compound,p-Cymene,7463,PREDICTED_TARGETS,Gene,CCND1,595,0.9627,908,1846
1732,Compound,Estragole,8815,PREDICTED_TARGETS,Gene,BCL2,,0.9627,376,1234
1733,Compound,Aloe emodin,10207,PREDICTED_TARGETS,Gene,CAT,847,0.9627,230,1715
1734,Compound,Licoricidin,480865,PREDICTED_TARGETS,Gene,CYP1A1,,0.9627,557,2902
1735,Compound,Formononetin,5280378,PREDICTED_TARGETS,Gene,CAT,847,0.9627,398,1715
1736,Compound,7-Methoxycoumarin,10748,PREDICTED_TARGETS,Gene,RELA,,0.9627,215,10988
1737,Compound,Methyl palmitate,8181,PREDICTED_TARGETS,Gene,ALB,213,0.9627,613,418
1738,Compound,Licoflavone A,5319000,PREDICTED_TARGETS,Gene,MAPK3,,0.9627,550,7305
1739,Compound,Glabranin,124049,PREDICTED_TARGETS,Gene,NFKBIA,,0.9627,419,8597
1740,Compound,1-Dodecanol,8193,PREDICTED_TARGETS,Gene,CASP9,,0.9626,78,1707
1741,Compound,Shikimic acid,8742,PREDICTED_TARGETS,Gene,NOS2,,0.9626,740,8741
1742,Compound,beta-Pinene,14896,PREDICTED_TARGETS,Gene,CXCL8,3576,0.9626,860,2865
1743,Compound,p-Cymene,7463,PREDICTED_TARGETS,Gene,GPT,2875,0.9626,908,5081
1744,Compound,Kanzonol X,10046166,PREDICTED_TARGETS,Gene,MAPK3,,0.9626,519,7305
1745,Compound,Shinflavanone,197678,PREDICTED_TARGETS,Gene,MAPK3,,0.9626,741,7305
1746,Compound,Picroside II,11944602,PREDICTED_TARGETS,Gene,NOS2,,0.9626,688,8741
1747,Compound,Shinpterocarpin,10336244,PREDICTED_TARGETS,Gene,MAPK3,,0.9626,742,7305
1748,Compound,Myrcene,31253,PREDICTED_TARGETS,Gene,CCND1,595,0.9626,618,1846
1749,Compound,Glycycoumarin,5317756,PREDICTED_TARGETS,Gene,MAPK3,,0.9626,437,7305
1750,Compound,"(2S,3S,4S,5R,6R)-6-[[(3S,4S,4aR,6aR,6bS,8aR,9R,12aS,14aR,14bR)-9-hydroxy-4-(hydroxymethyl)-4,6a,6b,8a,11,11,14b-heptamethyl-1,2,3,4a,5,6,7,8,9,10,12,12a,14,14a-tetradecahydropicen-3-yl]oxy]-5-[(2S,3R,4S,5S)-4,5-dihydroxy-3-[(2S,3R,4R,5R,6S)-3,4,5-trihydroxy-6-methyloxan-2-yl]oxyoxan-2-yl]oxy-3,4-dihydroxyoxane-2-carboxylic acid",443614,PREDICTED_TARGETS,Gene,AKT1,,0.9626,33,410
1751,Compound,Aureusidin,5281220,PREDICTED_TARGETS,Gene,CYP1A1,,0.9626,248,2902
1752,Compound,Kanzonol W,15380912,PREDICTED_TARGETS,Gene,MAPK3,,0.9625,518,7305
1753,Compound,Glabrone,5317652,PREDICTED_TARGETS,Gene,MAPK3,,0.9625,428,7305
1754,Compound,Nimbin,108058,PREDICTED_TARGETS,Gene,CASP9,,0.9625,636,1707
1755,Compound,Flavanone,10251,PREDICTED_TARGETS,Gene,PTGS2,,0.9625,395,10537
1756,Compound,8-Prenylnaringenin,480764,PREDICTED_TARGETS,Gene,TNF,7124,0.9625,219,13629
1757,Compound,Arjunolic acid,73641,PREDICTED_TARGETS,Gene,PPARG,5468,0.9625,242,10164
1758,Compound,2-Methoxy-4-methylphenol,7144,PREDICTED_TARGETS,Gene,MAPK1,,0.9625,139,7299
1759,Compound,Soyasaponin I,122097,PREDICTED_TARGETS,Gene,AKT1,,0.9625,744,410
1760,Compound,Enoxolone,10114,PREDICTED_TARGETS,Gene,CASP3,,0.9625,372,1701
1761,Compound,Myrcene,31253,PREDICTED_TARGETS,Gene,GPT,2875,0.9625,618,5081
1762,Compound,Nerolidol,5284507,PREDICTED_TARGETS,Gene,CXCL8,3576,0.9625,629,2865
1763,Compound,Soyasaponin I,122097,PREDICTED_TARGETS,Gene,CCND1,595,0.9625,744,1846
1764,Compound,Methyl linoleate,5284421,PREDICTED_TARGETS,Gene,RELA,,0.9624,610,10988
1765,Compound,Anthraquinone,6780,PREDICTED_TARGETS,Gene,CAT,847,0.9624,235,1715
1766,Compound,Licoisoflavone B,5481234,PREDICTED_TARGETS,Gene,AKT1,,0.9624,555,410
1767,Compound,L-Rhamnose,25310,PREDICTED_TARGETS,Gene,BCL2,,0.9624,530,1234
1768,Compound,Soyasaponin I,122097,PREDICTED_TARGETS,Gene,GPT,2875,0.9624,744,5081
1769,Compound,28-Deoxonimbolide,14467538,PREDICTED_TARGETS,Gene,NFKBIA,,0.9624,157,8597
1770,Compound,Methyl palmitate,8181,PREDICTED_TARGETS,Gene,MAPK3,,0.9624,613,7305
1771,Compound,Levomenol,442343,PREDICTED_TARGETS,Gene,CXCL8,3576,0.9624,537,2865
1772,Compound,Aromadendrin,122850,PREDICTED_TARGETS,Gene,CASP9,,0.9624,244,1707
1773,Compound,beta-Patchoulene,101731,PREDICTED_TARGETS,Gene,CYP2E1,,0.9623,859,2927
1774,Compound,gamma-Terpinene,7461,PREDICTED_TARGETS,Gene,RELA,,0.9623,896,10988
1775,Compound,Sterol,1107,PREDICTED_TARGETS,Gene,BCL2,,0.9623,749,1234
1776,Compound,Tannic acid,16129778,PREDICTED_TARGETS,Gene,BAX,,0.9623,757,1202
1777,Compound,beta-Elemene,6918391,PREDICTED_TARGETS,Gene,HMOX1,,0.9623,850,5559
1778,Compound,Licoagrone,5318993,PREDICTED_TARGETS,Gene,AKT1,,0.9622,541,410
1779,Compound,28-Deoxonimbolide,14467538,PREDICTED_TARGETS,Gene,UGT1A1,54658,0.9622,157,14231
1780,Compound,2-Methoxy-4-methylphenol,7144,PREDICTED_TARGETS,Gene,MAPK3,,0.9622,139,7305
1781,Compound,4-Isopropylbenzyl alcohol,325,PREDICTED_TARGETS,Gene,CYP1A2,,0.9622,187,2903
1782,Compound,Nonane,8141,PREDICTED_TARGETS,Gene,HMOX1,,0.9622,656,5559
1783,Compound,Licocoumarone,503731,PREDICTED_TARGETS,Gene,IL6,,0.9622,548,5991
1784,Compound,Salicylic acid,338,PREDICTED_TARGETS,Gene,CAT,847,0.9622,726,1715
1785,Compound,1-Heptanol,8129,PREDICTED_TARGETS,Gene,PPARG,5468,0.9622,81,10164
1786,Compound,4-Ethyl-2-methoxyphenol,62465,PREDICTED_TARGETS,Gene,MAPK3,,0.9622,184,7305
1787,Compound,Ononin,442813,PREDICTED_TARGETS,Gene,IL6,,0.9622,668,5991
1788,Compound,Ethyl salicylate,8365,PREDICTED_TARGETS,Gene,BCL2,,0.9622,385,1234
1789,Compound,Nonane,8141,PREDICTED_TARGETS,Gene,MAPK3,,0.9622,656,7305
1790,Compound,Glisoflavone,5487298,PREDICTED_TARGETS,Gene,AKT1,,0.9622,429,410
1791,Compound,Rhein,10168,PREDICTED_TARGETS,Gene,CAT,847,0.9622,714,1715
1792,Compound,Gibberellic acid,6466,PREDICTED_TARGETS,Gene,CXCL8,3576,0.9622,418,2865
1793,Compound,Myrtenol,10582,PREDICTED_TARGETS,Gene,MAPK1,,0.9622,622,7299
1794,Compound,Licoagrodin,637141,PREDICTED_TARGETS,Gene,AKT1,,0.9621,539,410
1795,Compound,Glabranin,124049,PREDICTED_TARGETS,Gene,CASP8,841,0.9621,419,1705
1796,Compound,1-Hexacosanol,68171,PREDICTED_TARGETS,Gene,BAX,,0.9621,82,1202
1797,Compound,Verbenone,29025,PREDICTED_TARGETS,Gene,PPARG,5468,0.9621,797,10164
1798,Compound,Tridecane,12388,PREDICTED_TARGETS,Gene,NFKBIA,,0.9621,779,8597
1799,Compound,1-Heptanol,8129,PREDICTED_TARGETS,Gene,NOS2,,0.9621,81,8741
1800,Compound,beta-Patchoulene,101731,PREDICTED_TARGETS,Gene,MAPK3,,0.9621,859,7305
1801,Compound,Hexadecane,11006,PREDICTED_TARGETS,Gene,NFKBIA,,0.9621,466,8597
1802,Compound,Glyasperin D,480860,PREDICTED_TARGETS,Gene,BAX,,0.9621,432,1202
1803,Compound,beta-Sitosterol,222284,PREDICTED_TARGETS,Gene,ALB,213,0.9621,869,418
1804,Compound,Methacrylonitrile,31368,PREDICTED_TARGETS,Gene,MAPK3,,0.962,602,7305
1805,Compound,Kutkin,131750182,PREDICTED_TARGETS,Gene,NFKBIA,,0.962,526,8597
1806,Compound,Elemicin,10248,PREDICTED_TARGETS,Gene,PPARG,5468,0.962,367,10164
1807,Compound,Terpinolene,11463,PREDICTED_TARGETS,Gene,ALB,213,0.962,763,418
1808,Compound,Undecanoic acid,8180,PREDICTED_TARGETS,Gene,BCL2,,0.962,787,1234
1809,Compound,Soyasaponin I,122097,PREDICTED_TARGETS,Gene,MAPK3,,0.962,744,7305
1810,Compound,Myrtenol,10582,PREDICTED_TARGETS,Gene,MAPK3,,0.962,622,7305
1811,Compound,6-Prenylnaringenin,155094,PREDICTED_TARGETS,Gene,CYP2E1,,0.962,204,2927
1812,Compound,Tetracosanoic acid,11197,PREDICTED_TARGETS,Gene,MAPK3,,0.962,764,7305
1813,Compound,Licoricidin,480865,PREDICTED_TARGETS,Gene,HMOX1,,0.962,557,5559
1814,Compound,1-Hexacosanol,68171,PREDICTED_TARGETS,Gene,PTGS2,,0.9619,82,10537
1815,Compound,Humulene,5281520,PREDICTED_TARGETS,Gene,TP53,,0.9619,472,13725
1816,Compound,Furfuryl alcohol,7361,PREDICTED_TARGETS,Gene,BCL2,,0.9619,403,1234
1817,Compound,Camphene,6616,PREDICTED_TARGETS,Gene,CASP8,841,0.9619,290,1705
1818,Compound,"2,3-Butanediol",262,PREDICTED_TARGETS,Gene,CASP9,,0.9619,123,1707
1819,Compound,Myrcene,31253,PREDICTED_TARGETS,Gene,NFKBIA,,0.9619,618,8597
1820,Compound,1-Hexacosanol,68171,PREDICTED_TARGETS,Gene,IL1B,3553,0.9619,82,5953
1821,Compound,Nimbidiol,11334829,PREDICTED_TARGETS,Gene,TNF,7124,0.9619,634,13629
1822,Compound,p-Cymene,7463,PREDICTED_TARGETS,Gene,HMOX1,,0.9619,908,5559
1823,Compound,Astragalin,5282102,PREDICTED_TARGETS,Gene,PPARG,5468,0.9619,247,10164
1824,Compound,1-Octen-3-OL,18827,PREDICTED_TARGETS,Gene,BCL2,,0.9619,97,1234
1825,Compound,Anethole,637563,PREDICTED_TARGETS,Gene,PTGS2,,0.9619,234,10537
1826,Compound,Punicic acid,5281126,PREDICTED_TARGETS,Gene,MTOR,2475,0.9619,705,8080
1827,Compound,Chebulic acid,71308174,PREDICTED_TARGETS,Gene,ESR1,2099,0.9618,304,4008
1828,Compound,"Methyl 2,5-dihydroxycinnamate",5353609,PREDICTED_TARGETS,Gene,CXCL8,3576,0.9618,604,2865
1829,Compound,Maltol,8369,PREDICTED_TARGETS,Gene,IL6,,0.9618,586,5991
1830,Compound,Myrcene,31253,PREDICTED_TARGETS,Gene,HMOX1,,0.9618,618,5559
1831,Compound,beta-Ionone,638014,PREDICTED_TARGETS,Gene,PPARG,5468,0.9618,855,10164
1832,Compound,Cedrol,65575,PREDICTED_TARGETS,Gene,CCND1,595,0.9618,301,1846
1833,Compound,beta-Patchoulene,101731,PREDICTED_TARGETS,Gene,ALB,213,0.9618,859,418
1834,Compound,Methyl ethyl ketone,6569,PREDICTED_TARGETS,Gene,IL6,,0.9618,608,5991
1835,Compound,Azadirachtin,5281303,PREDICTED_TARGETS,Gene,IL6,,0.9618,250,5991
1836,Compound,Benzyl acetate,8785,PREDICTED_TARGETS,Gene,BCL2,,0.9618,268,1234
1837,Compound,D-Xylose,135191,PREDICTED_TARGETS,Gene,BCL2,,0.9617,337,1234
1838,Compound,Cedrol,65575,PREDICTED_TARGETS,Gene,GPT,2875,0.9617,301,5081
1839,Compound,Acetoin,179,PREDICTED_TARGETS,Gene,PTGS2,,0.9617,221,10537
1840,Compound,Safrole,5144,PREDICTED_TARGETS,Gene,CXCL8,3576,0.9617,721,2865
1841,Compound,Undecanal,8186,PREDICTED_TARGETS,Gene,BCL2,,0.9617,785,1234
1842,Compound,Camphene,6616,PREDICTED_TARGETS,Gene,CYP1A1,,0.9617,290,2902
1843,Compound,4-Isopropylbenzyl alcohol,325,PREDICTED_TARGETS,Gene,NFE2L2,,0.9617,187,8588
1844,Compound,Tetracosanoic acid,11197,PREDICTED_TARGETS,Gene,MAPK1,,0.9617,764,7299
1845,Compound,Daucosterol,5742590,PREDICTED_TARGETS,Gene,ABCB1,5243,0.9617,338,36
1846,Compound,Isoquercitrin,5280804,PREDICTED_TARGETS,Gene,CASP3,,0.9617,506,1701
1847,Compound,Prunetin,5281804,PREDICTED_TARGETS,Gene,HMOX1,,0.9617,700,5559
1848,Compound,Maslinic acid,73659,PREDICTED_TARGETS,Gene,IL6,,0.9617,593,5991
1849,Compound,Proanthocyanidin,108065,PREDICTED_TARGETS,Gene,TNF,7124,0.9617,696,13629
1850,Compound,o-Cresol,335,PREDICTED_TARGETS,Gene,CASP9,,0.9616,905,1707
1851,Compound,Physcion,10639,PREDICTED_TARGETS,Gene,IL6,,0.9616,683,5991
1852,Compound,"2',4'-Dihydroxyacetophenone",6990,PREDICTED_TARGETS,Gene,TP53,,0.9616,118,13725
1853,Compound,Spathulenol,92231,PREDICTED_TARGETS,Gene,CYP2E1,,0.9616,745,2927
1854,Compound,Verbenone,29025,PREDICTED_TARGETS,Gene,NOS2,,0.9615,797,8741
1855,Compound,Decanoic acid,2969,PREDICTED_TARGETS,Gene,IL6,,0.9615,343,5991
1856,Compound,beta-Elemene,6918391,PREDICTED_TARGETS,Gene,CYP2E1,,0.9615,850,2927
1857,Compound,Ethyl acetate,8857,PREDICTED_TARGETS,Gene,MAPK3,,0.9615,377,7305
1858,Compound,Astragalin,5282102,PREDICTED_TARGETS,Gene,CASP9,,0.9615,247,1707
1859,Compound,Lupiwighteone,5317480,PREDICTED_TARGETS,Gene,MAPK3,,0.9615,581,7305
1860,Compound,Ethyl acetate,8857,PREDICTED_TARGETS,Gene,MAPK1,,0.9615,377,7299
1861,Compound,Lupiwighteone,5317480,PREDICTED_TARGETS,Gene,MAPK1,,0.9615,581,7299
1862,Compound,p-Xylene,7809,PREDICTED_TARGETS,Gene,RELA,,0.9615,910,10988
1863,Compound,beta-Amyrin,73145,PREDICTED_TARGETS,Gene,HMOX1,,0.9615,843,5559
1864,Compound,Fenchone,14525,PREDICTED_TARGETS,Gene,TP53,,0.9615,393,13725
1865,Compound,Glabranin,124049,PREDICTED_TARGETS,Gene,CYP2E1,,0.9615,419,2927
1866,Compound,2-Undecanone,8163,PREDICTED_TARGETS,Gene,CYP1A1,,0.9615,149,2902
1867,Compound,"(2S,3S,4S,5R,6R)-6-[[(3S,4S,4aR,6aR,6bS,8aR,9R,12aS,14aR,14bR)-9-hydroxy-4-(hydroxymethyl)-4,6a,6b,8a,11,11,14b-heptamethyl-1,2,3,4a,5,6,7,8,9,10,12,12a,14,14a-tetradecahydropicen-3-yl]oxy]-5-[(2S,3R,4S,5S)-4,5-dihydroxy-3-[(2S,3R,4R,5R,6S)-3,4,5-trihydroxy-6-methyloxan-2-yl]oxyoxan-2-yl]oxy-3,4-dihydroxyoxane-2-carboxylic acid",443614,PREDICTED_TARGETS,Gene,CCND1,595,0.9615,33,1846
1868,Compound,Benzyl salicylate,8363,PREDICTED_TARGETS,Gene,CASP9,,0.9614,269,1707
1869,Compound,Pinocembrin,68071,PREDICTED_TARGETS,Gene,BAX,,0.9614,692,1202
1870,Compound,Glyasperin D,480860,PREDICTED_TARGETS,Gene,PTGS2,,0.9614,432,10537
1871,Compound,Ricinoleic acid,643684,PREDICTED_TARGETS,Gene,IL6,,0.9614,716,5991
1872,Compound,Nerolidol,5284507,PREDICTED_TARGETS,Gene,CASP9,,0.9614,629,1707
1873,Compound,Levomenol,442343,PREDICTED_TARGETS,Gene,MAPK3,,0.9614,537,7305
1874,Compound,Flavanone,10251,PREDICTED_TARGETS,Gene,BCL2,,0.9614,395,1234
1875,Compound,Decanal,8175,PREDICTED_TARGETS,Gene,CASP3,,0.9614,341,1701
1876,Compound,Kutkin,131750182,PREDICTED_TARGETS,Gene,CYP2E1,,0.9614,526,2927
1877,Compound,Fraxinellone,124039,PREDICTED_TARGETS,Gene,HMOX1,,0.9614,399,5559
1878,Compound,Elemicin,10248,PREDICTED_TARGETS,Gene,NOS2,,0.9614,367,8741
1879,Compound,Soyasaponin I,122097,PREDICTED_TARGETS,Gene,CASP8,841,0.9613,744,1705
1880,Compound,Menthone,26447,PREDICTED_TARGETS,Gene,BAX,,0.9613,600,1202
1881,Compound,Camphor,2537,PREDICTED_TARGETS,Gene,IL6,,0.9613,292,5991
1882,Compound,Azadiradione,12308714,PREDICTED_TARGETS,Gene,NFKBIA,,0.9613,254,8597
1883,Compound,Benzyl Alcohol,244,PREDICTED_TARGETS,Gene,CAT,847,0.9613,267,1715
1884,Compound,Zingiberene,92776,PREDICTED_TARGETS,Gene,CYP2E1,,0.9613,805,2927
1885,Compound,"2',4'-Dihydroxyacetophenone",6990,PREDICTED_TARGETS,Gene,NFKBIA,,0.9613,118,8597
1886,Compound,Cedrol,65575,PREDICTED_TARGETS,Gene,CYP1A1,,0.9613,301,2902
1887,Compound,Caryophyllene oxide,1742210,PREDICTED_TARGETS,Gene,IL6,,0.9613,296,5991
1888,Compound,Pratol,5320693,PREDICTED_TARGETS,Gene,BAX,,0.9613,695,1202
1889,Compound,Isokobusone,3860435,PREDICTED_TARGETS,Gene,ABCB1,5243,0.9613,492,36
1890,Compound,Camphene,6616,PREDICTED_TARGETS,Gene,HMOX1,,0.9612,290,5559
1891,Compound,3-Deacetylsalannin,14458886,PREDICTED_TARGETS,Gene,NFKBIA,,0.9612,172,8597
1892,Compound,4-Hydroxychalcone,5282361,PREDICTED_TARGETS,Gene,NOS2,,0.9612,185,8741
1893,Compound,Soyasaponin I,122097,PREDICTED_TARGETS,Gene,CYP1A1,,0.9612,744,2902
1894,Compound,D-Xylose,135191,PREDICTED_TARGETS,Gene,IL1B,3553,0.9612,337,5953
1895,Compound,Undecanoic acid,8180,PREDICTED_TARGETS,Gene,IL1B,3553,0.9612,787,5953
1896,Compound,"(2S,3S,4S,5R,6R)-6-[[(3S,4S,4aR,6aR,6bS,8aR,9R,12aS,14aR,14bR)-9-hydroxy-4-(hydroxymethyl)-4,6a,6b,8a,11,11,14b-heptamethyl-1,2,3,4a,5,6,7,8,9,10,12,12a,14,14a-tetradecahydropicen-3-yl]oxy]-5-[(2S,3R,4S,5S)-4,5-dihydroxy-3-[(2S,3R,4R,5R,6S)-3,4,5-trihydroxy-6-methyloxan-2-yl]oxyoxan-2-yl]oxy-3,4-dihydroxyoxane-2-carboxylic acid",443614,PREDICTED_TARGETS,Gene,GPT,2875,0.9612,33,5081
1897,Compound,2-Phenylethanol,6054,PREDICTED_TARGETS,Gene,NOS2,,0.9612,146,8741
1898,Compound,2-Methoxy-4-methylphenol,7144,PREDICTED_TARGETS,Gene,AKT1,,0.9612,139,410
1899,Compound,Cedrol,65575,PREDICTED_TARGETS,Gene,CASP8,841,0.9612,301,1705
1900,Compound,Myrcene,31253,PREDICTED_TARGETS,Gene,CASP8,841,0.9611,618,1705
1901,Compound,7-Methoxycoumarin,10748,PREDICTED_TARGETS,Gene,BAX,,0.9611,215,1202
1902,Compound,Glabridin,124052,PREDICTED_TARGETS,Gene,IL1B,3553,0.9611,422,5953
1903,Compound,3-Deacetylsalannin,14458886,PREDICTED_TARGETS,Gene,CCND1,595,0.9611,172,1846
1904,Compound,Cedrol,65575,PREDICTED_TARGETS,Gene,HMOX1,,0.9611,301,5559
1905,Compound,Cedrol,65575,PREDICTED_TARGETS,Gene,NFKBIA,,0.9611,301,8597
1906,Compound,28-Deoxonimbolide,14467538,PREDICTED_TARGETS,Gene,CYP1A2,,0.9611,157,2903
1907,Compound,beta-Elemene,6918391,PREDICTED_TARGETS,Gene,MAPK3,,0.9611,850,7305
1908,Compound,28-Deoxonimbolide,14467538,PREDICTED_TARGETS,Gene,TP53,,0.9611,157,13725
1909,Compound,Chebulinic acid,72284,PREDICTED_TARGETS,Gene,CASP3,,0.9611,305,1701
1910,Compound,Glycyrol,5320083,PREDICTED_TARGETS,Gene,ESR1,2099,0.9611,439,4008
1911,Compound,Citral,638011,PREDICTED_TARGETS,Gene,CASP3,,0.9611,311,1701
1912,Compound,p-Cymene,7463,PREDICTED_TARGETS,Gene,CASP8,841,0.9611,908,1705
1913,Compound,Magnolol,72300,PREDICTED_TARGETS,Gene,IL6,,0.9611,584,5991
1914,Compound,Glycopeptide,56928060,PREDICTED_TARGETS,Gene,HMOX1,,0.961,435,5559
1915,Compound,Benzaldehyde,240,PREDICTED_TARGETS,Gene,CAT,847,0.961,265,1715
1916,Compound,Echinatin,6442675,PREDICTED_TARGETS,Gene,NFE2L2,,0.961,360,8588
1917,Compound,Spathulenol,92231,PREDICTED_TARGETS,Gene,NFE2L2,,0.961,745,8588
1918,Compound,Estragole,8815,PREDICTED_TARGETS,Gene,PPARG,5468,0.961,376,10164
1919,Compound,Levomenol,442343,PREDICTED_TARGETS,Gene,MAPK1,,0.961,537,7299
1920,Compound,Tannic acid,16129778,PREDICTED_TARGETS,Gene,BCL2,,0.961,757,1234
1921,Compound,Licoisoflavone B,5481234,PREDICTED_TARGETS,Gene,CCND1,595,0.961,555,1846
1922,Compound,Tannic acid,16129778,PREDICTED_TARGETS,Gene,IL1B,3553,0.961,757,5953
1923,Compound,"3,5-Dihydroxybenzoic acid",7424,PREDICTED_TARGETS,Gene,NFKBIA,,0.961,166,8597
1924,Compound,3-Deacetylsalannin,14458886,PREDICTED_TARGETS,Gene,CYP1A1,,0.961,172,2902
1925,Compound,"(2S,3S,4S,5R,6R)-6-[[(3S,4S,4aR,6aR,6bS,8aR,9R,12aS,14aR,14bR)-9-hydroxy-4-(hydroxymethyl)-4,6a,6b,8a,11,11,14b-heptamethyl-1,2,3,4a,5,6,7,8,9,10,12,12a,14,14a-tetradecahydropicen-3-yl]oxy]-5-[(2S,3R,4S,5S)-4,5-dihydroxy-3-[(2S,3R,4R,5R,6S)-3,4,5-trihydroxy-6-methyloxan-2-yl]oxyoxan-2-yl]oxy-3,4-dihydroxyoxane-2-carboxylic acid",443614,PREDICTED_TARGETS,Gene,NFKBIA,,0.9609,33,8597
1926,Compound,Flavanone,10251,PREDICTED_TARGETS,Gene,IL1B,3553,0.9609,395,5953
1927,Compound,Daucosterol,5742590,PREDICTED_TARGETS,Gene,EGFR,1956,0.9609,338,3738
1928,Compound,Glyasperin D,480860,PREDICTED_TARGETS,Gene,IL1B,3553,0.9609,432,5953
1929,Compound,Licoisoflavone B,5481234,PREDICTED_TARGETS,Gene,GPT,2875,0.9609,555,5081
1930,Compound,Vanillic acid,8468,PREDICTED_TARGETS,Gene,TNF,7124,0.9609,793,13629
1931,Compound,Squalene,638072,PREDICTED_TARGETS,Gene,IL6,,0.9609,746,5991
1932,Compound,Nonane,8141,PREDICTED_TARGETS,Gene,CYP2E1,,0.9609,656,2927
1933,Compound,Myristic acid,11005,PREDICTED_TARGETS,Gene,CAT,847,0.9609,620,1715
1934,Compound,beta-Pinene,14896,PREDICTED_TARGETS,Gene,MAPK3,,0.9609,860,7305
1935,Compound,Formononetin,5280378,PREDICTED_TARGETS,Gene,TNF,7124,0.9609,398,13629
1936,Compound,Mesitylene,7947,PREDICTED_TARGETS,Gene,IL6,,0.9609,601,5991
1937,Compound,m-Cresol,342,PREDICTED_TARGETS,Gene,RELA,,0.9609,898,10988
1938,Compound,beta-Amyrin,73145,PREDICTED_TARGETS,Gene,MAPK3,,0.9609,843,7305
1939,Compound,Citronellol,8842,PREDICTED_TARGETS,Gene,IL1B,3553,0.9608,313,5953
1940,Compound,Terpinolene,11463,PREDICTED_TARGETS,Gene,NFKBIA,,0.9608,763,8597
1941,Compound,Zingiberene,92776,PREDICTED_TARGETS,Gene,NFE2L2,,0.9608,805,8588
1942,Compound,Myrtenal,61130,PREDICTED_TARGETS,Gene,BAX,,0.9608,621,1202
1943,Compound,Myrtenol,10582,PREDICTED_TARGETS,Gene,AKT1,,0.9608,622,410
1944,Compound,beta-Sitosterol,222284,PREDICTED_TARGETS,Gene,ESR1,2099,0.9608,869,4008
1945,Compound,Phloroglucinol,359,PREDICTED_TARGETS,Gene,CXCL8,3576,0.9608,682,2865
1946,Compound,1-Hexacosanol,68171,PREDICTED_TARGETS,Gene,BCL2,,0.9608,82,1234
1947,Compound,Pinocembrin,68071,PREDICTED_TARGETS,Gene,PTGS2,,0.9608,692,10537
1948,Compound,Gibberellic acid,6466,PREDICTED_TARGETS,Gene,MAPK3,,0.9608,418,7305
1949,Compound,3-Deacetylsalannin,14458886,PREDICTED_TARGETS,Gene,HMOX1,,0.9608,172,5559
1950,Compound,Myrtenal,61130,PREDICTED_TARGETS,Gene,IL1B,3553,0.9608,621,5953
1951,Compound,Hexanoic acid,8892,PREDICTED_TARGETS,Gene,IL6,,0.9608,468,5991
1952,Compound,Licoricidin,480865,PREDICTED_TARGETS,Gene,CYP2E1,,0.9608,557,2927
1953,Compound,"(2S,3S,4S,5R,6R)-6-[[(3S,4S,4aR,6aR,6bS,8aR,9R,12aS,14aR,14bR)-9-hydroxy-4-(hydroxymethyl)-4,6a,6b,8a,11,11,14b-heptamethyl-1,2,3,4a,5,6,7,8,9,10,12,12a,14,14a-tetradecahydropicen-3-yl]oxy]-5-[(2S,3R,4S,5S)-4,5-dihydroxy-3-[(2S,3R,4R,5R,6S)-3,4,5-trihydroxy-6-methyloxan-2-yl]oxyoxan-2-yl]oxy-3,4-dihydroxyoxane-2-carboxylic acid",443614,PREDICTED_TARGETS,Gene,CYP1A1,,0.9608,33,2902
1954,Compound,"1,3,6-tri-O-galloyl-beta-D-glucose",452707,PREDICTED_TARGETS,Gene,CAT,847,0.9608,71,1715
1955,Compound,beta-Pinene,14896,PREDICTED_TARGETS,Gene,MAPK1,,0.9608,860,7299
1956,Compound,Fenchone,14525,PREDICTED_TARGETS,Gene,CYP1A2,,0.9608,393,2903
1957,Compound,Licoagrone,5318993,PREDICTED_TARGETS,Gene,NFKBIA,,0.9608,541,8597
1958,Compound,2-Phenylethanol,6054,PREDICTED_TARGETS,Gene,PPARG,5468,0.9607,146,10164
1959,Compound,Glabridin,124052,PREDICTED_TARGETS,Gene,PTGS2,,0.9607,422,10537
1960,Compound,Myrtenal,61130,PREDICTED_TARGETS,Gene,PTGS2,,0.9607,621,10537
1961,Compound,gamma-Terpinene,7461,PREDICTED_TARGETS,Gene,BAX,,0.9607,896,1202
1962,Compound,Licoisoflavone B,5481234,PREDICTED_TARGETS,Gene,NFKBIA,,0.9607,555,8597
1963,Compound,Glisoflavone,5487298,PREDICTED_TARGETS,Gene,NFKBIA,,0.9607,429,8597
1964,Compound,Methyl linoleate,5284421,PREDICTED_TARGETS,Gene,BAX,,0.9607,610,1202
1965,Compound,beta-Elemene,6918391,PREDICTED_TARGETS,Gene,ALB,213,0.9607,850,418
1966,Compound,Indole,798,PREDICTED_TARGETS,Gene,TNF,7124,0.9607,478,13629
1967,Compound,Glabrol,11596309,PREDICTED_TARGETS,Gene,NFE2L2,,0.9607,426,8588
1968,Compound,4-Hydroxychalcone,5282361,PREDICTED_TARGETS,Gene,PPARG,5468,0.9607,185,10164
1969,Compound,Daucosterol,5742590,PREDICTED_TARGETS,Gene,NFE2L2,,0.9607,338,8588
1970,Compound,Menthone,26447,PREDICTED_TARGETS,Gene,PTGS2,,0.9607,600,10537
1971,Compound,Licoagrodin,637141,PREDICTED_TARGETS,Gene,NFKBIA,,0.9607,539,8597
1972,Compound,Fraxinellone,124039,PREDICTED_TARGETS,Gene,MAPK3,,0.9606,399,7305
1973,Compound,Sterol,1107,PREDICTED_TARGETS,Gene,PPARG,5468,0.9606,749,10164
1974,Compound,Licoisoflavone B,5481234,PREDICTED_TARGETS,Gene,CYP1A1,,0.9606,555,2902
1975,Compound,"(2S,3S,4S,5R,6R)-6-[[(3S,4S,4aR,6aR,6bS,8aR,9R,12aS,14aR,14bR)-9-hydroxy-4-(hydroxymethyl)-4,6a,6b,8a,11,11,14b-heptamethyl-1,2,3,4a,5,6,7,8,9,10,12,12a,14,14a-tetradecahydropicen-3-yl]oxy]-5-[(2S,3R,4S,5S)-4,5-dihydroxy-3-[(2S,3R,4R,5R,6S)-3,4,5-trihydroxy-6-methyloxan-2-yl]oxyoxan-2-yl]oxy-3,4-dihydroxyoxane-2-carboxylic acid",443614,PREDICTED_TARGETS,Gene,HMOX1,,0.9606,33,5559
1976,Compound,L-Rhamnose,25310,PREDICTED_TARGETS,Gene,PPARG,5468,0.9606,530,10164
1977,Compound,Acetoin,179,PREDICTED_TARGETS,Gene,BCL2,,0.9606,221,1234
1978,Compound,Safrole,5144,PREDICTED_TARGETS,Gene,MAPK1,,0.9606,721,7299
1979,Compound,Tridecane,12388,PREDICTED_TARGETS,Gene,TP53,,0.9606,779,13725
1980,Compound,3-Deacetylsalannin,14458886,PREDICTED_TARGETS,Gene,GPT,2875,0.9606,172,5081
1981,Compound,Gibberellic acid,6466,PREDICTED_TARGETS,Gene,MAPK1,,0.9606,418,7299
1982,Compound,Linalyl acetate,8294,PREDICTED_TARGETS,Gene,BAX,,0.9606,569,1202
1983,Compound,Anthraquinone,6780,PREDICTED_TARGETS,Gene,TNF,7124,0.9606,235,13629
1984,Compound,Pentagalloylglucose,65238,PREDICTED_TARGETS,Gene,NOS2,,0.9605,678,8741
1985,Compound,Hexadecane,11006,PREDICTED_TARGETS,Gene,TP53,,0.9605,466,13725
1986,Compound,beta-Eudesmol,91457,PREDICTED_TARGETS,Gene,MAPK1,,0.9605,851,7299
1987,Compound,Nootkatone,1268142,PREDICTED_TARGETS,Gene,CASP9,,0.9605,658,1707
1988,Compound,Glycyrin,480787,PREDICTED_TARGETS,Gene,IL6,,0.9605,438,5991
1989,Compound,Methyl salicylate,4133,PREDICTED_TARGETS,Gene,CAT,847,0.9605,615,1715
1990,Compound,Phytol,5280435,PREDICTED_TARGETS,Gene,PPARG,5468,0.9605,684,10164
1991,Compound,Licoagrone,5318993,PREDICTED_TARGETS,Gene,CCND1,595,0.9605,541,1846
1992,Compound,Estragole,8815,PREDICTED_TARGETS,Gene,NOS2,,0.9605,376,8741
1993,Compound,Licoisoflavone B,5481234,PREDICTED_TARGETS,Gene,HMOX1,,0.9605,555,5559
1994,Compound,Licoagrone,5318993,PREDICTED_TARGETS,Gene,CYP1A1,,0.9604,541,2902
1995,Compound,beta-Eudesmol,91457,PREDICTED_TARGETS,Gene,MAPK3,,0.9604,851,7305
1996,Compound,Methyl palmitate,8181,PREDICTED_TARGETS,Gene,ABCB1,5243,0.9604,613,36
1997,Compound,Soyasaponin I,122097,PREDICTED_TARGETS,Gene,HMOX1,,0.9604,744,5559
1998,Compound,Prunetin,5281804,PREDICTED_TARGETS,Gene,MAPK3,,0.9604,700,7305
1999,Compound,"Methyl 2,5-dihydroxycinnamate",5353609,PREDICTED_TARGETS,Gene,MAPK3,,0.9604,604,7305
2000,Compound,1-Heptanol,8129,PREDICTED_TARGETS,Gene,CASP9,,0.9604,81,1707
2001,Compound,Isovitexin,162350,PREDICTED_TARGETS,Gene,HMOX1,,0.9604,510,5559
2002,Compound,Carvone,7439,PREDICTED_TARGETS,Gene,CASP3,,0.9604,294,1701
2003,Compound,beta-Sitosterol,222284,PREDICTED_TARGETS,Gene,NFKBIA,,0.9604,869,8597
2004,Compound,Triterpenoid,451674,PREDICTED_TARGETS,Gene,CAT,847,0.9604,781,1715
2005,Compound,Sennoside A,73111,PREDICTED_TARGETS,Gene,RELA,,0.9604,736,10988
2006,Compound,Glisoflavone,5487298,PREDICTED_TARGETS,Gene,CYP1A1,,0.9604,429,2902
2007,Compound,Myrtenol,10582,PREDICTED_TARGETS,Gene,CCND1,595,0.9604,622,1846
2008,Compound,Glycyrrhizic acid,14982,PREDICTED_TARGETS,Gene,CAT,847,0.9604,442,1715
2009,Compound,(-)-Epicatechin,72276,PREDICTED_TARGETS,Gene,TNF,7124,0.9604,9,13629
2010,Compound,beta-Amyrin,73145,PREDICTED_TARGETS,Gene,CYP2E1,,0.9604,843,2927
2011,Compound,Tetracosanoic acid,11197,PREDICTED_TARGETS,Gene,AKT1,,0.9603,764,410
2012,Compound,Glisoflavone,5487298,PREDICTED_TARGETS,Gene,CCND1,595,0.9603,429,1846
2013,Compound,Licoagrodin,637141,PREDICTED_TARGETS,Gene,CYP1A1,,0.9603,539,2902
2014,Compound,Ethyl salicylate,8365,PREDICTED_TARGETS,Gene,PPARG,5468,0.9603,385,10164
2015,Compound,Benzyl acetate,8785,PREDICTED_TARGETS,Gene,IL1B,3553,0.9603,268,5953
2016,Compound,Glyasperin D,480860,PREDICTED_TARGETS,Gene,BCL2,,0.9603,432,1234
2017,Compound,Licoagrodin,637141,PREDICTED_TARGETS,Gene,CCND1,595,0.9603,539,1846
2018,Compound,Fenchone,14525,PREDICTED_TARGETS,Gene,NFE2L2,,0.9603,393,8588
2019,Compound,Myrtenol,10582,PREDICTED_TARGETS,Gene,GPT,2875,0.9603,622,5081
2020,Compound,Liquiritin,503737,PREDICTED_TARGETS,Gene,PTGS2,,0.9603,576,10537
2021,Compound,Licoagrone,5318993,PREDICTED_TARGETS,Gene,HMOX1,,0.9603,541,5559
2022,Compound,"Methyl 2,5-dihydroxycinnamate",5353609,PREDICTED_TARGETS,Gene,MAPK1,,0.9603,604,7299
2023,Compound,Benzaldehyde,240,PREDICTED_TARGETS,Gene,TNF,7124,0.9603,265,13629
2024,Compound,Fraxinellone,124039,PREDICTED_TARGETS,Gene,CYP2E1,,0.9603,399,2927
2025,Compound,Dipropyl disulfide,12377,PREDICTED_TARGETS,Gene,TP53,,0.9603,352,13725
2026,Compound,6-Prenylnaringenin,155094,PREDICTED_TARGETS,Gene,NFKBIA,,0.9603,204,8597
2027,Compound,Safrole,5144,PREDICTED_TARGETS,Gene,MAPK3,,0.9603,721,7305
2028,Compound,Licoisoflavone B,5481234,PREDICTED_TARGETS,Gene,CASP8,841,0.9603,555,1705
2029,Compound,"(2S,3S,4S,5R,6R)-6-[[(3S,4S,4aR,6aR,6bS,8aR,9R,12aS,14aR,14bR)-9-hydroxy-4-(hydroxymethyl)-4,6a,6b,8a,11,11,14b-heptamethyl-1,2,3,4a,5,6,7,8,9,10,12,12a,14,14a-tetradecahydropicen-3-yl]oxy]-5-[(2S,3R,4S,5S)-4,5-dihydroxy-3-[(2S,3R,4R,5R,6S)-3,4,5-trihydroxy-6-methyloxan-2-yl]oxyoxan-2-yl]oxy-3,4-dihydroxyoxane-2-carboxylic acid",443614,PREDICTED_TARGETS,Gene,CASP8,841,0.9602,33,1705
2030,Compound,Glisoflavone,5487298,PREDICTED_TARGETS,Gene,HMOX1,,0.9602,429,5559
2031,Compound,Chebulic acid,71308174,PREDICTED_TARGETS,Gene,NFKBIA,,0.9602,304,8597
2032,Compound,Nootkatone,1268142,PREDICTED_TARGETS,Gene,CXCL8,3576,0.9602,658,2865
2033,Compound,Prunetin,5281804,PREDICTED_TARGETS,Gene,CYP2E1,,0.9602,700,2927
2034,Compound,"2,3-Butanediol",262,PREDICTED_TARGETS,Gene,CXCL8,3576,0.9602,123,2865
2035,Compound,L-Rhamnose,25310,PREDICTED_TARGETS,Gene,NOS2,,0.9602,530,8741
2036,Compound,beta-Maltose,6255,PREDICTED_TARGETS,Gene,IL6,,0.9602,857,5991
2037,Compound,Shikimic acid,8742,PREDICTED_TARGETS,Gene,CASP9,,0.9602,740,1707
2038,Compound,Licoagrodin,637141,PREDICTED_TARGETS,Gene,HMOX1,,0.9602,539,5559
2039,Compound,p-Cymene,7463,PREDICTED_TARGETS,Gene,NFKBIA,,0.9602,908,8597
2040,Compound,Ethyl acetate,8857,PREDICTED_TARGETS,Gene,AKT1,,0.9601,377,410
2041,Compound,Isovitexin,162350,PREDICTED_TARGETS,Gene,MAPK3,,0.9601,510,7305
2042,Compound,2-Undecanone,8163,PREDICTED_TARGETS,Gene,MAPK3,,0.9601,149,7305
2043,Compound,Physcion,10639,PREDICTED_TARGETS,Gene,RELA,,0.9601,683,10988
2044,Compound,p-Cymene,7463,PREDICTED_TARGETS,Gene,CYP2E1,,0.9601,908,2927
2045,Compound,2-Hexenal,5281168,PREDICTED_TARGETS,Gene,IL6,,0.9601,138,5991
2046,Compound,Dipropyl disulfide,12377,PREDICTED_TARGETS,Gene,NFE2L2,,0.9601,352,8588
2047,Compound,1-Dodecanol,8193,PREDICTED_TARGETS,Gene,MAPK3,,0.9601,78,7305
2048,Compound,Ononin,442813,PREDICTED_TARGETS,Gene,RELA,,0.9601,668,10988
2049,Compound,alpha-Terpineol,17100,PREDICTED_TARGETS,Gene,IL6,,0.9601,838,5991
2050,Compound,Myrcene,31253,PREDICTED_TARGETS,Gene,CYP2E1,,0.9601,618,2927
2051,Compound,Aureusidin,5281220,PREDICTED_TARGETS,Gene,CYP2E1,,0.9601,248,2927
2052,Compound,Azadiradione,12308714,PREDICTED_TARGETS,Gene,ALB,213,0.96,254,418
2053,Compound,Liquiritin,503737,PREDICTED_TARGETS,Gene,BAX,,0.96,576,1202
2054,Compound,Nimbin,108058,PREDICTED_TARGETS,Gene,MAPK3,,0.96,636,7305
2055,Compound,3-Deacetylsalannin,14458886,PREDICTED_TARGETS,Gene,CASP8,841,0.96,172,1705
2056,Compound,Aromadendrin,122850,PREDICTED_TARGETS,Gene,CXCL8,3576,0.96,244,2865
2057,Compound,Pratol,5320693,PREDICTED_TARGETS,Gene,PTGS2,,0.96,695,10537
2058,Compound,Ethyl salicylate,8365,PREDICTED_TARGETS,Gene,NOS2,,0.96,385,8741
2059,Compound,Isokobusone,3860435,PREDICTED_TARGETS,Gene,EGFR,1956,0.96,492,3738
2060,Compound,Humulene,5281520,PREDICTED_TARGETS,Gene,NFE2L2,,0.9599,472,8588
2061,Compound,Glabrol,11596309,PREDICTED_TARGETS,Gene,ABCB1,5243,0.9599,426,36
2062,Compound,Methyl linoleate,5284421,PREDICTED_TARGETS,Gene,PTGS2,,0.9599,610,10537
2063,Compound,Licoagrone,5318993,PREDICTED_TARGETS,Gene,GPT,2875,0.9599,541,5081
2064,Compound,Citronellol,8842,PREDICTED_TARGETS,Gene,BAX,,0.9599,313,1202
2065,Compound,Licocoumarone,503731,PREDICTED_TARGETS,Gene,RELA,,0.9599,548,10988
2066,Compound,1-Octen-3-OL,18827,PREDICTED_TARGETS,Gene,PPARG,5468,0.9599,97,10164
2067,Compound,7-Methoxycoumarin,10748,PREDICTED_TARGETS,Gene,PTGS2,,0.9599,215,10537
2068,Compound,Tridecane,12388,PREDICTED_TARGETS,Gene,CYP1A2,,0.9599,779,2903
2069,Compound,Menthone,26447,PREDICTED_TARGETS,Gene,IL1B,3553,0.9598,600,5953
2070,Compound,Maltol,8369,PREDICTED_TARGETS,Gene,RELA,,0.9598,586,10988
2071,Compound,Glisoflavone,5487298,PREDICTED_TARGETS,Gene,GPT,2875,0.9598,429,5081
2072,Compound,Hexadecane,11006,PREDICTED_TARGETS,Gene,CYP1A2,,0.9598,466,2903
2073,Compound,Aromadendrin,122850,PREDICTED_TARGETS,Gene,MAPK3,,0.9598,244,7305
2074,Compound,Furfuryl alcohol,7361,PREDICTED_TARGETS,Gene,PPARG,5468,0.9598,403,10164
2075,Compound,Camphene,6616,PREDICTED_TARGETS,Gene,CYP2E1,,0.9598,290,2927
2076,Compound,Isokobusone,3860435,PREDICTED_TARGETS,Gene,GSK3B,2932,0.9598,492,5148
2077,Compound,o-Cresol,335,PREDICTED_TARGETS,Gene,CXCL8,3576,0.9598,905,2865
2078,Compound,Licoagrodin,637141,PREDICTED_TARGETS,Gene,GPT,2875,0.9598,539,5081
2079,Compound,Undecanoic acid,8180,PREDICTED_TARGETS,Gene,NOS2,,0.9598,787,8741
2080,Compound,Caryophyllene oxide,1742210,PREDICTED_TARGETS,Gene,RELA,,0.9598,296,10988
2081,Compound,Lupiwighteone,5317480,PREDICTED_TARGETS,Gene,CCND1,595,0.9598,581,1846
2082,Compound,Kutkin,131750182,PREDICTED_TARGETS,Gene,NFE2L2,,0.9598,526,8588
2083,Compound,Phytol,5280435,PREDICTED_TARGETS,Gene,NOS2,,0.9597,684,8741
2084,Compound,5-Hydroxymethylfurfural,237332,PREDICTED_TARGETS,Gene,IL6,,0.9597,193,5991
2085,Compound,Daucosterol,5742590,PREDICTED_TARGETS,Gene,UGT1A1,54658,0.9597,338,14231
2086,Compound,2-Methoxy-4-methylphenol,7144,PREDICTED_TARGETS,Gene,CCND1,595,0.9597,139,1846
2087,Compound,p-Xylene,7809,PREDICTED_TARGETS,Gene,BAX,,0.9597,910,1202
2088,Compound,1-Dodecanol,8193,PREDICTED_TARGETS,Gene,MAPK1,,0.9597,78,7299
2089,Compound,Furfuryl alcohol,7361,PREDICTED_TARGETS,Gene,NOS2,,0.9597,403,8741
2090,Compound,Lupiwighteone,5317480,PREDICTED_TARGETS,Gene,GPT,2875,0.9597,581,5081
2091,Compound,Picroside II,11944602,PREDICTED_TARGETS,Gene,CXCL8,3576,0.9597,688,2865
2092,Compound,Licopyranocoumarin,122851,PREDICTED_TARGETS,Gene,MTOR,2475,0.9597,556,8080
2093,Compound,Shikimic acid,8742,PREDICTED_TARGETS,Gene,CXCL8,3576,0.9596,740,2865
2094,Compound,Levomenol,442343,PREDICTED_TARGETS,Gene,AKT1,,0.9596,537,410
2095,Compound,Pinocembrin,68071,PREDICTED_TARGETS,Gene,BCL2,,0.9596,692,1234
2096,Compound,gamma-Terpinene,7461,PREDICTED_TARGETS,Gene,PTGS2,,0.9596,896,10537
2097,Compound,Picroside II,11944602,PREDICTED_TARGETS,Gene,CASP9,,0.9596,688,1707
2098,Compound,1-Octen-3-OL,18827,PREDICTED_TARGETS,Gene,NOS2,,0.9596,97,8741
2099,Compound,Linalyl acetate,8294,PREDICTED_TARGETS,Gene,PTGS2,,0.9596,569,10537
2100,Compound,2-Methoxy-4-methylphenol,7144,PREDICTED_TARGETS,Gene,GPT,2875,0.9596,139,5081
2101,Compound,Glabranin,124049,PREDICTED_TARGETS,Gene,NFE2L2,,0.9596,419,8588
2102,Compound,Myrtenal,61130,PREDICTED_TARGETS,Gene,BCL2,,0.9596,621,1234
2103,Compound,Nerolidol,5284507,PREDICTED_TARGETS,Gene,AKT1,,0.9596,629,410
2104,Compound,Undecanal,8186,PREDICTED_TARGETS,Gene,PPARG,5468,0.9595,785,10164
2105,Compound,Methyl palmitate,8181,PREDICTED_TARGETS,Gene,EGFR,1956,0.9595,613,3738
2106,Compound,Benzyl acetate,8785,PREDICTED_TARGETS,Gene,NOS2,,0.9595,268,8741
2107,Compound,D-Xylose,135191,PREDICTED_TARGETS,Gene,NOS2,,0.9595,337,8741
2108,Compound,Menthone,26447,PREDICTED_TARGETS,Gene,BCL2,,0.9595,600,1234
2109,Compound,Undecanal,8186,PREDICTED_TARGETS,Gene,NOS2,,0.9595,785,8741
2110,Compound,Methyl palmitate,8181,PREDICTED_TARGETS,Gene,GSK3B,2932,0.9595,613,5148
2111,Compound,8-Prenylnaringenin,480764,PREDICTED_TARGETS,Gene,CASP3,,0.9595,219,1701
2112,Compound,Astragalin,5282102,PREDICTED_TARGETS,Gene,CXCL8,3576,0.9595,247,2865
2113,Compound,Camphene,6616,PREDICTED_TARGETS,Gene,NFKBIA,,0.9594,290,8597
2114,Compound,2-Phenylethanol,6054,PREDICTED_TARGETS,Gene,CASP9,,0.9594,146,1707
2115,Compound,Verbenone,29025,PREDICTED_TARGETS,Gene,CASP9,,0.9594,797,1707
2116,Compound,beta-Patchoulene,101731,PREDICTED_TARGETS,Gene,ESR1,2099,0.9594,859,4008
2117,Compound,4-Hydroxychalcone,5282361,PREDICTED_TARGETS,Gene,CASP9,,0.9594,185,1707
2118,Compound,beta-Pinene,14896,PREDICTED_TARGETS,Gene,AKT1,,0.9594,860,410
2119,Compound,Isovitexin,162350,PREDICTED_TARGETS,Gene,CYP2E1,,0.9594,510,2927
2120,Compound,Acetoin,179,PREDICTED_TARGETS,Gene,IL1B,3553,0.9594,221,5953
2121,Compound,Liquiritigenin,114829,PREDICTED_TARGETS,Gene,BAX,,0.9594,573,1202
2122,Compound,"2,3-Butanediol",262,PREDICTED_TARGETS,Gene,MAPK3,,0.9593,123,7305
2123,Compound,Licoagrone,5318993,PREDICTED_TARGETS,Gene,CASP8,841,0.9593,541,1705
2124,Compound,Methyl ethyl ketone,6569,PREDICTED_TARGETS,Gene,RELA,,0.9593,608,10988
2125,Compound,alpha-Amyrin,73170,PREDICTED_TARGETS,Gene,IL6,,0.9593,815,5991
2126,Compound,Decanoic acid,2969,PREDICTED_TARGETS,Gene,RELA,,0.9593,343,10988
2127,Compound,Myrtenol,10582,PREDICTED_TARGETS,Gene,CASP8,841,0.9593,622,1705
2128,Compound,Cedrol,65575,PREDICTED_TARGETS,Gene,CYP2E1,,0.9593,301,2927
2129,Compound,2-Methoxy-4-methylphenol,7144,PREDICTED_TARGETS,Gene,CYP1A1,,0.9593,139,2902
2130,Compound,Myrtenol,10582,PREDICTED_TARGETS,Gene,CYP1A1,,0.9593,622,2902
2131,Compound,Betulin,72326,PREDICTED_TARGETS,Gene,IL6,,0.9593,272,5991
2132,Compound,Mesitylene,7947,PREDICTED_TARGETS,Gene,RELA,,0.9593,601,10988
2133,Compound,Dodecane,8182,PREDICTED_TARGETS,Gene,NFKBIA,,0.9593,359,8597
2134,Compound,m-Cresol,342,PREDICTED_TARGETS,Gene,BAX,,0.9593,898,1202
2135,Compound,Soyasaponin I,122097,PREDICTED_TARGETS,Gene,CYP2E1,,0.9592,744,2927
2136,Compound,Glisoflavone,5487298,PREDICTED_TARGETS,Gene,CASP8,841,0.9592,429,1705
2137,Compound,Maslinic acid,73659,PREDICTED_TARGETS,Gene,RELA,,0.9592,593,10988
2138,Compound,Hyperoside,5281643,PREDICTED_TARGETS,Gene,IL6,,0.9592,477,5991
2139,Compound,Isokobusone,3860435,PREDICTED_TARGETS,Gene,PARP1,,0.9592,492,9464
2140,Compound,Eucalyptol,2758,PREDICTED_TARGETS,Gene,CAT,847,0.9592,387,1715
2141,Compound,Methoxsalen,4114,PREDICTED_TARGETS,Gene,CAT,847,0.9592,603,1715
2142,Compound,Licoagrodin,637141,PREDICTED_TARGETS,Gene,CASP8,841,0.9592,539,1705
2143,Compound,Safrole,5144,PREDICTED_TARGETS,Gene,AKT1,,0.9592,721,410
2144,Compound,Nimbin,108058,PREDICTED_TARGETS,Gene,CXCL8,3576,0.9592,636,2865
2145,Compound,Aromadendrin,122850,PREDICTED_TARGETS,Gene,MAPK1,,0.9592,244,7299
2146,Compound,Gibberellic acid,6466,PREDICTED_TARGETS,Gene,AKT1,,0.9592,418,410
2147,Compound,Prunetin,5281804,PREDICTED_TARGETS,Gene,ALB,213,0.9592,700,418
2148,Compound,Echinatin,6442675,PREDICTED_TARGETS,Gene,ABCB1,5243,0.9591,360,36
2149,Compound,2-Methoxy-4-methylphenol,7144,PREDICTED_TARGETS,Gene,HMOX1,,0.9591,139,5559
2150,Compound,Flavanone,10251,PREDICTED_TARGETS,Gene,NOS2,,0.9591,395,8741
2151,Compound,Dodecane,8182,PREDICTED_TARGETS,Gene,ALB,213,0.9591,359,418
2152,Compound,Benzyl Alcohol,244,PREDICTED_TARGETS,Gene,TNF,7124,0.9591,267,13629
2153,Compound,beta-Eudesmol,91457,PREDICTED_TARGETS,Gene,AKT1,,0.9591,851,410
2154,Compound,Ricinoleic acid,643684,PREDICTED_TARGETS,Gene,RELA,,0.9591,716,10988
2155,Compound,2-Methoxy-4-methylphenol,7144,PREDICTED_TARGETS,Gene,NFKBIA,,0.9591,139,8597
2156,Compound,Methyl linoleate,5284421,PREDICTED_TARGETS,Gene,IL1B,3553,0.9591,610,5953
2157,Compound,Citronellol,8842,PREDICTED_TARGETS,Gene,BCL2,,0.959,313,1234
2158,Compound,Decane,15600,PREDICTED_TARGETS,Gene,ESR1,2099,0.959,342,4008
2159,Compound,o-Cresol,335,PREDICTED_TARGETS,Gene,MAPK3,,0.959,905,7305
2160,Compound,Camphor,2537,PREDICTED_TARGETS,Gene,RELA,,0.959,292,10988
2161,Compound,Elemicin,10248,PREDICTED_TARGETS,Gene,CASP9,,0.959,367,1707
2162,Compound,Spathulenol,92231,PREDICTED_TARGETS,Gene,TP53,,0.959,745,13725
2163,Compound,Liquiritin,503737,PREDICTED_TARGETS,Gene,BCL2,,0.959,576,1234
2164,Compound,Dodecane,8182,PREDICTED_TARGETS,Gene,ESR1,2099,0.959,359,4008
2165,Compound,2-Methoxy-4-methylphenol,7144,PREDICTED_TARGETS,Gene,CASP8,841,0.959,139,1705
2166,Compound,Glycopeptide,56928060,PREDICTED_TARGETS,Gene,MAPK3,,0.959,435,7305
2167,Compound,3-Deacetylsalannin,14458886,PREDICTED_TARGETS,Gene,CYP2E1,,0.959,172,2927
2168,Compound,Glabranin,124049,PREDICTED_TARGETS,Gene,TP53,,0.959,419,13725
2169,Compound,Arjunolic acid,73641,PREDICTED_TARGETS,Gene,CXCL8,3576,0.959,242,2865
2170,Compound,p-Xylene,7809,PREDICTED_TARGETS,Gene,PTGS2,,0.9589,910,10537
2171,Compound,"2,3-Butanediol",262,PREDICTED_TARGETS,Gene,MAPK1,,0.9589,123,7299
2172,Compound,Myristic acid,11005,PREDICTED_TARGETS,Gene,TNF,7124,0.9589,620,13629
2173,Compound,Anethole,637563,PREDICTED_TARGETS,Gene,PPARG,5468,0.9589,234,10164
2174,Compound,Oxalic acid,971,PREDICTED_TARGETS,Gene,TNF,7124,0.9589,669,13629
2175,Compound,Benzyl salicylate,8363,PREDICTED_TARGETS,Gene,MAPK1,,0.9589,269,7299
2176,Compound,"Methyl 2,5-dihydroxycinnamate",5353609,PREDICTED_TARGETS,Gene,AKT1,,0.9589,604,410
2177,Compound,3-Deacetylsalannin,14458886,PREDICTED_TARGETS,Gene,NFE2L2,,0.9589,172,8588
2178,Compound,Nimbin,108058,PREDICTED_TARGETS,Gene,MAPK1,,0.9589,636,7299
2179,Compound,Decane,15600,PREDICTED_TARGETS,Gene,NFKBIA,,0.9589,342,8597
2180,Compound,Benzyl salicylate,8363,PREDICTED_TARGETS,Gene,MAPK3,,0.9588,269,7305
2181,Compound,Undecanoic acid,8180,PREDICTED_TARGETS,Gene,CASP9,,0.9588,787,1707
2182,Compound,Tetracosanoic acid,11197,PREDICTED_TARGETS,Gene,NFKBIA,,0.9588,764,8597
2183,Compound,Myrcene,31253,PREDICTED_TARGETS,Gene,NFE2L2,,0.9588,618,8588
2184,Compound,"(2S,3S,4S,5R,6R)-6-[[(3S,4S,4aR,6aR,6bS,8aR,9R,12aS,14aR,14bR)-9-hydroxy-4-(hydroxymethyl)-4,6a,6b,8a,11,11,14b-heptamethyl-1,2,3,4a,5,6,7,8,9,10,12,12a,14,14a-tetradecahydropicen-3-yl]oxy]-5-[(2S,3R,4S,5S)-4,5-dihydroxy-3-[(2S,3R,4R,5R,6S)-3,4,5-trihydroxy-6-methyloxan-2-yl]oxyoxan-2-yl]oxy-3,4-dihydroxyoxane-2-carboxylic acid",443614,PREDICTED_TARGETS,Gene,CYP2E1,,0.9588,33,2927
2185,Compound,Myrtenol,10582,PREDICTED_TARGETS,Gene,HMOX1,,0.9588,622,5559
2186,Compound,Zingiberene,92776,PREDICTED_TARGETS,Gene,TP53,,0.9588,805,13725
2187,Compound,Sennoside A,73111,PREDICTED_TARGETS,Gene,BAX,,0.9588,736,1202
2188,Compound,2-Undecanone,8163,PREDICTED_TARGETS,Gene,CYP2E1,,0.9588,149,2927
2189,Compound,Pratol,5320693,PREDICTED_TARGETS,Gene,BCL2,,0.9588,695,1234
2190,Compound,Liquiritigenin,114829,PREDICTED_TARGETS,Gene,PTGS2,,0.9588,573,10537
2191,Compound,Methyl linoleate,5284421,PREDICTED_TARGETS,Gene,BCL2,,0.9587,610,1234
2192,Compound,Cedrol,65575,PREDICTED_TARGETS,Gene,NFE2L2,,0.9587,301,8588
2193,Compound,Undecanoic acid,8180,PREDICTED_TARGETS,Gene,PPARG,5468,0.9587,787,10164
2194,Compound,Ethyl acetate,8857,PREDICTED_TARGETS,Gene,CCND1,595,0.9587,377,1846
2195,Compound,Tannic acid,16129778,PREDICTED_TARGETS,Gene,NOS2,,0.9587,757,8741
2196,Compound,Licoisoflavone B,5481234,PREDICTED_TARGETS,Gene,CYP2E1,,0.9587,555,2927
2197,Compound,1-Hexanol,8103,PREDICTED_TARGETS,Gene,CAT,847,0.9587,84,1715
2198,Compound,Licoricidin,480865,PREDICTED_TARGETS,Gene,NFKBIA,,0.9587,557,8597
2199,Compound,o-Cresol,335,PREDICTED_TARGETS,Gene,MAPK1,,0.9587,905,7299
2200,Compound,Isoangustone A,21591148,PREDICTED_TARGETS,Gene,BAX,,0.9587,480,1202
2201,Compound,7-Methoxycoumarin,10748,PREDICTED_TARGETS,Gene,BCL2,,0.9587,215,1234
2202,Compound,beta-Sitosterol,222284,PREDICTED_TARGETS,Gene,TP53,,0.9587,869,13725
2203,Compound,Tetracosanoic acid,11197,PREDICTED_TARGETS,Gene,CCND1,595,0.9586,764,1846
2204,Compound,Lupiwighteone,5317480,PREDICTED_TARGETS,Gene,CYP1A1,,0.9586,581,2902
2205,Compound,Isoangustone A,21591148,PREDICTED_TARGETS,Gene,IL1B,3553,0.9586,480,5953
2206,Compound,Chrysophanol,10208,PREDICTED_TARGETS,Gene,IL6,,0.9586,308,5991
2207,Compound,L-Rhamnose,25310,PREDICTED_TARGETS,Gene,CASP9,,0.9586,530,1707
2208,Compound,1-Hexacosanol,68171,PREDICTED_TARGETS,Gene,PPARG,5468,0.9586,82,10164
2209,Compound,Ethyl acetate,8857,PREDICTED_TARGETS,Gene,GPT,2875,0.9586,377,5081
2210,Compound,Azadiradione,12308714,PREDICTED_TARGETS,Gene,TP53,,0.9586,254,13725
2211,Compound,Licopyranocoumarin,122851,PREDICTED_TARGETS,Gene,NFE2L2,,0.9586,556,8588
2212,Compound,Isoangustone A,21591148,PREDICTED_TARGETS,Gene,PTGS2,,0.9586,480,10537
2213,Compound,Glabrol,11596309,PREDICTED_TARGETS,Gene,EGFR,1956,0.9586,426,3738
2214,Compound,cis-3-Hexen-1-ol,5281167,PREDICTED_TARGETS,Gene,IL6,,0.9586,874,5991
2215,Compound,"(2S,3S,4S,5R,6R)-6-[[(3S,4S,4aR,6aR,6bS,8aR,9R,12aS,14aR,14bR)-9-hydroxy-4-(hydroxymethyl)-4,6a,6b,8a,11,11,14b-heptamethyl-1,2,3,4a,5,6,7,8,9,10,12,12a,14,14a-tetradecahydropicen-3-yl]oxy]-5-[(2S,3R,4S,5S)-4,5-dihydroxy-3-[(2S,3R,4R,5R,6S)-3,4,5-trihydroxy-6-methyloxan-2-yl]oxyoxan-2-yl]oxy-3,4-dihydroxyoxane-2-carboxylic acid",443614,PREDICTED_TARGETS,Gene,NFE2L2,,0.9586,33,8588
2216,Compound,Pinocembrin,68071,PREDICTED_TARGETS,Gene,IL1B,3553,0.9586,692,5953
2217,Compound,Astragalin,5282102,PREDICTED_TARGETS,Gene,MAPK3,,0.9585,247,7305
2218,Compound,Chebulic acid,71308174,PREDICTED_TARGETS,Gene,TP53,,0.9585,304,13725
2219,Compound,Methacrylonitrile,31368,PREDICTED_TARGETS,Gene,CYP1A2,,0.9585,602,2903
2220,Compound,D-Xylose,135191,PREDICTED_TARGETS,Gene,PPARG,5468,0.9585,337,10164
2221,Compound,Isokobusone,3860435,PREDICTED_TARGETS,Gene,NQO1,,0.9585,492,8808
2222,Compound,Terpinolene,11463,PREDICTED_TARGETS,Gene,ESR1,2099,0.9585,763,4008
2223,Compound,Benzyl acetate,8785,PREDICTED_TARGETS,Gene,CASP9,,0.9585,268,1707
2224,Compound,Tetracosanoic acid,11197,PREDICTED_TARGETS,Gene,CYP1A1,,0.9585,764,2902
2225,Compound,Licoagrone,5318993,PREDICTED_TARGETS,Gene,CYP2E1,,0.9585,541,2927
2226,Compound,Humulene,5281520,PREDICTED_TARGETS,Gene,ABCB1,5243,0.9584,472,36
2227,Compound,gamma-Terpinene,7461,PREDICTED_TARGETS,Gene,BCL2,,0.9584,896,1234
2228,Compound,Glabrol,11596309,PREDICTED_TARGETS,Gene,GSK3B,2932,0.9584,426,5148
2229,Compound,Linalyl acetate,8294,PREDICTED_TARGETS,Gene,BCL2,,0.9584,569,1234
2230,Compound,Ethyl acetate,8857,PREDICTED_TARGETS,Gene,NFKBIA,,0.9584,377,8597
2231,Compound,Myrtenol,10582,PREDICTED_TARGETS,Gene,NFKBIA,,0.9584,622,8597
2232,Compound,Isokobusone,3860435,PREDICTED_TARGETS,Gene,UGT1A1,54658,0.9584,492,14231
2233,Compound,Glisoflavone,5487298,PREDICTED_TARGETS,Gene,CYP2E1,,0.9584,429,2927
2234,Compound,Tridecane,12388,PREDICTED_TARGETS,Gene,NFE2L2,,0.9584,779,8588
2235,Compound,Astragalin,5282102,PREDICTED_TARGETS,Gene,MAPK1,,0.9584,247,7299
2236,Compound,alpha-Terpineol,17100,PREDICTED_TARGETS,Gene,RELA,,0.9584,838,10988
2237,Compound,Licoagrone,5318993,PREDICTED_TARGETS,Gene,NFE2L2,,0.9584,541,8588
2238,Compound,Pentagalloylglucose,65238,PREDICTED_TARGETS,Gene,CASP9,,0.9584,678,1707
2239,Compound,Licoisoflavone B,5481234,PREDICTED_TARGETS,Gene,NFE2L2,,0.9584,555,8588
2240,Compound,Estragole,8815,PREDICTED_TARGETS,Gene,CASP9,,0.9583,376,1707
2241,Compound,Licoagrodin,637141,PREDICTED_TARGETS,Gene,CYP2E1,,0.9583,539,2927
2242,Compound,Aureusidin,5281220,PREDICTED_TARGETS,Gene,ALB,213,0.9583,248,418
2243,Compound,"3,5-Dihydroxybenzoic acid",7424,PREDICTED_TARGETS,Gene,TP53,,0.9583,166,13725
2244,Compound,beta-Elemene,6918391,PREDICTED_TARGETS,Gene,ESR1,2099,0.9583,850,4008
2245,Compound,Hexadecane,11006,PREDICTED_TARGETS,Gene,NFE2L2,,0.9583,466,8588
2246,Compound,Glisoflavone,5487298,PREDICTED_TARGETS,Gene,NFE2L2,,0.9583,429,8588
2247,Compound,Hexanoic acid,8892,PREDICTED_TARGETS,Gene,RELA,,0.9583,468,10988
2248,Compound,Tetracosanoic acid,11197,PREDICTED_TARGETS,Gene,HMOX1,,0.9583,764,5559
2249,Compound,Acetoin,179,PREDICTED_TARGETS,Gene,NOS2,,0.9583,221,8741
2250,Compound,Dipropyl disulfide,12377,PREDICTED_TARGETS,Gene,CYP1A2,,0.9583,352,2903
2251,Compound,Methyl palmitate,8181,PREDICTED_TARGETS,Gene,UGT1A1,54658,0.9583,613,14231
2252,Compound,1-Dodecanol,8193,PREDICTED_TARGETS,Gene,AKT1,,0.9583,78,410
2253,Compound,beta-Ionone,638014,PREDICTED_TARGETS,Gene,CXCL8,3576,0.9583,855,2865
2254,Compound,Licocoumarone,503731,PREDICTED_TARGETS,Gene,BAX,,0.9583,548,1202
2255,Compound,Phloroglucinol,359,PREDICTED_TARGETS,Gene,MAPK1,,0.9583,682,7299
2256,Compound,Glycyrol,5320083,PREDICTED_TARGETS,Gene,TP53,,0.9583,439,13725
2257,Compound,Licoagrodin,637141,PREDICTED_TARGETS,Gene,NFE2L2,,0.9582,539,8588
2258,Compound,Ethyl acetate,8857,PREDICTED_TARGETS,Gene,CYP1A1,,0.9582,377,2902
2259,Compound,Kutkin,131750182,PREDICTED_TARGETS,Gene,TP53,,0.9582,526,13725
2260,Compound,Ononin,442813,PREDICTED_TARGETS,Gene,BAX,,0.9582,668,1202
2261,Compound,Anethole,637563,PREDICTED_TARGETS,Gene,NOS2,,0.9582,234,8741
2262,Compound,Punicic acid,5281126,PREDICTED_TARGETS,Gene,NFE2L2,,0.9582,705,8588
2263,Compound,Levomenol,442343,PREDICTED_TARGETS,Gene,NFKBIA,,0.9582,537,8597
2264,Compound,Glycyrin,480787,PREDICTED_TARGETS,Gene,RELA,,0.9582,438,10988
2265,Compound,Azadirachtin,5281303,PREDICTED_TARGETS,Gene,IL1B,3553,0.9581,250,5953
2266,Compound,Azadiradione,12308714,PREDICTED_TARGETS,Gene,NFE2L2,,0.9581,254,8588
2267,Compound,Nerolidol,5284507,PREDICTED_TARGETS,Gene,GPT,2875,0.9581,629,5081
2268,Compound,Thiamine,1130,PREDICTED_TARGETS,Gene,RELA,,0.9581,769,10988
2269,Compound,m-Cresol,342,PREDICTED_TARGETS,Gene,PTGS2,,0.9581,898,10537
2270,Compound,Ethyl acetate,8857,PREDICTED_TARGETS,Gene,HMOX1,,0.9581,377,5559
2271,Compound,Lupiwighteone,5317480,PREDICTED_TARGETS,Gene,HMOX1,,0.9581,581,5559
2272,Compound,Punicic acid,5281126,PREDICTED_TARGETS,Gene,CYP3A4,,0.958,705,2935
2273,Compound,Azadiradione,12308714,PREDICTED_TARGETS,Gene,ESR1,2099,0.958,254,4008
2274,Compound,D-Xylose,135191,PREDICTED_TARGETS,Gene,CASP9,,0.958,337,1707
2275,Compound,Ethyl salicylate,8365,PREDICTED_TARGETS,Gene,CASP9,,0.958,385,1707
2276,Compound,beta-Eudesmol,91457,PREDICTED_TARGETS,Gene,CCND1,595,0.958,851,1846
2277,Compound,Fraxinellone,124039,PREDICTED_TARGETS,Gene,ALB,213,0.958,399,418
2278,Compound,Phloroglucinol,359,PREDICTED_TARGETS,Gene,MAPK3,,0.958,682,7305
2279,Compound,Elemicin,10248,PREDICTED_TARGETS,Gene,CXCL8,3576,0.958,367,2865
2280,Compound,Terpinolene,11463,PREDICTED_TARGETS,Gene,TP53,,0.958,763,13725
2281,Compound,Glyasperin D,480860,PREDICTED_TARGETS,Gene,NOS2,,0.958,432,8741
2282,Compound,Licopyranocoumarin,122851,PREDICTED_TARGETS,Gene,CYP3A4,,0.958,556,2935
2283,Compound,Glyasperin D,480860,PREDICTED_TARGETS,Gene,PPARG,5468,0.9579,432,10164
2284,Compound,beta-Eudesmol,91457,PREDICTED_TARGETS,Gene,GPT,2875,0.9579,851,5081
2285,Compound,4-Vinylphenol,62453,PREDICTED_TARGETS,Gene,IL6,,0.9579,190,5991
2286,Compound,beta-Sitosterol,222284,PREDICTED_TARGETS,Gene,CYP1A2,,0.9579,869,2903
2287,Compound,Dipropyl disulfide,12377,PREDICTED_TARGETS,Gene,ALB,213,0.9579,352,418
2288,Compound,Maltol,8369,PREDICTED_TARGETS,Gene,BAX,,0.9579,586,1202
2289,Compound,Licoflavone A,5319000,PREDICTED_TARGETS,Gene,CYP1A2,,0.9579,550,2903
2290,Compound,Tetracosanoic acid,11197,PREDICTED_TARGETS,Gene,GPT,2875,0.9579,764,5081
2291,Compound,Decane,15600,PREDICTED_TARGETS,Gene,ABCB1,5243,0.9579,342,36
2292,Compound,Azadirachtin,5281303,PREDICTED_TARGETS,Gene,PTGS2,,0.9578,250,10537
2293,Compound,Chebulic acid,71308174,PREDICTED_TARGETS,Gene,CYP1A2,,0.9578,304,2903
2294,Compound,Kanzonol X,10046166,PREDICTED_TARGETS,Gene,CYP1A2,,0.9578,519,2903
2295,Compound,beta-Elemene,6918391,PREDICTED_TARGETS,Gene,ABCB1,5243,0.9578,850,36
2296,Compound,Shinflavanone,197678,PREDICTED_TARGETS,Gene,CYP1A2,,0.9578,741,2903
2297,Compound,Shinpterocarpin,10336244,PREDICTED_TARGETS,Gene,CYP1A2,,0.9578,742,2903
2298,Compound,Sclareol,163263,PREDICTED_TARGETS,Gene,IL6,,0.9578,731,5991
2299,Compound,Isoelemicin,5318557,PREDICTED_TARGETS,Gene,PPARG,5468,0.9578,485,10164
2300,Compound,Glycycoumarin,5317756,PREDICTED_TARGETS,Gene,CYP1A2,,0.9578,437,2903
2301,Compound,Furfuryl alcohol,7361,PREDICTED_TARGETS,Gene,CASP9,,0.9578,403,1707
2302,Compound,"3,5-Dihydroxybenzoic acid",7424,PREDICTED_TARGETS,Gene,NFE2L2,,0.9578,166,8588
2303,Compound,Echinatin,6442675,PREDICTED_TARGETS,Gene,EGFR,1956,0.9578,360,3738
2304,Compound,1-Octanol,957,PREDICTED_TARGETS,Gene,IL6,,0.9578,96,5991
2305,Compound,Glabrone,5317652,PREDICTED_TARGETS,Gene,CYP1A2,,0.9578,428,2903
2306,Compound,Kanzonol W,15380912,PREDICTED_TARGETS,Gene,CYP1A2,,0.9578,518,2903
2307,Compound,1-Heptanol,8129,PREDICTED_TARGETS,Gene,MAPK3,,0.9577,81,7305
2308,Compound,Benzyl acetate,8785,PREDICTED_TARGETS,Gene,PPARG,5468,0.9577,268,10164
2309,Compound,Dipropyl disulfide,12377,PREDICTED_TARGETS,Gene,ESR1,2099,0.9577,352,4008
2310,Compound,p-Xylene,7809,PREDICTED_TARGETS,Gene,BCL2,,0.9577,910,1234
2311,Compound,Aromadendrin,122850,PREDICTED_TARGETS,Gene,AKT1,,0.9577,244,410
2312,Compound,Echinatin,6442675,PREDICTED_TARGETS,Gene,CYP3A4,,0.9577,360,2935
2313,Compound,Ethyl acetate,8857,PREDICTED_TARGETS,Gene,CASP8,841,0.9577,377,1705
2314,Compound,Nimbidiol,11334829,PREDICTED_TARGETS,Gene,CASP3,,0.9577,634,1701
2315,Compound,Tannic acid,16129778,PREDICTED_TARGETS,Gene,PPARG,5468,0.9577,757,10164
2316,Compound,Sterol,1107,PREDICTED_TARGETS,Gene,CASP9,,0.9577,749,1707
2317,Compound,Methyl ethyl ketone,6569,PREDICTED_TARGETS,Gene,BAX,,0.9577,608,1202
2318,Compound,beta-Pinene,14896,PREDICTED_TARGETS,Gene,CCND1,595,0.9577,860,1846
2319,Compound,beta-Maltose,6255,PREDICTED_TARGETS,Gene,RELA,,0.9577,857,10988
2320,Compound,Estragole,8815,PREDICTED_TARGETS,Gene,CXCL8,3576,0.9577,376,2865
2321,Compound,4-Isopropylbenzyl alcohol,325,PREDICTED_TARGETS,Gene,CYP3A4,,0.9576,187,2935
2322,Compound,Terpinolene,11463,PREDICTED_TARGETS,Gene,NFE2L2,,0.9576,763,8588
2323,Compound,Nerolidol,5284507,PREDICTED_TARGETS,Gene,CYP1A1,,0.9576,629,2902
2324,Compound,beta-Pinene,14896,PREDICTED_TARGETS,Gene,NFKBIA,,0.9576,860,8597
2325,Compound,6-Prenylnaringenin,155094,PREDICTED_TARGETS,Gene,TP53,,0.9576,204,13725
2326,Compound,Shikimic acid,8742,PREDICTED_TARGETS,Gene,MAPK1,,0.9576,740,7299
2327,Compound,2-Hexenal,5281168,PREDICTED_TARGETS,Gene,RELA,,0.9576,138,10988
2328,Compound,Echinatin,6442675,PREDICTED_TARGETS,Gene,GSK3B,2932,0.9576,360,5148
2329,Compound,Maslinic acid,73659,PREDICTED_TARGETS,Gene,BAX,,0.9576,593,1202
2330,Compound,Verbenone,29025,PREDICTED_TARGETS,Gene,CXCL8,3576,0.9576,797,2865
2331,Compound,Levomenol,442343,PREDICTED_TARGETS,Gene,HMOX1,,0.9575,537,5559
2332,Compound,1-Heptanol,8129,PREDICTED_TARGETS,Gene,CXCL8,3576,0.9575,81,2865
2333,Compound,Sennoside A,73111,PREDICTED_TARGETS,Gene,PTGS2,,0.9575,736,10537
2334,Compound,Liquiritigenin,114829,PREDICTED_TARGETS,Gene,BCL2,,0.9575,573,1234
2335,Compound,Gibberellic acid,6466,PREDICTED_TARGETS,Gene,NFKBIA,,0.9575,418,8597
2336,Compound,Daucosterol,5742590,PREDICTED_TARGETS,Gene,CYP3A4,,0.9575,338,2935
2337,Compound,Undecanal,8186,PREDICTED_TARGETS,Gene,CASP9,,0.9575,785,1707
2338,Compound,Safrole,5144,PREDICTED_TARGETS,Gene,CCND1,595,0.9575,721,1846
2339,Compound,Shikimic acid,8742,PREDICTED_TARGETS,Gene,MAPK3,,0.9575,740,7305
2340,Compound,Myrcene,31253,PREDICTED_TARGETS,Gene,TP53,,0.9575,618,13725
2341,Compound,Glycyrol,5320083,PREDICTED_TARGETS,Gene,CYP1A2,,0.9575,439,2903
2342,Compound,28-Deoxonimbolide,14467538,PREDICTED_TARGETS,Gene,MTOR,2475,0.9575,157,8080
2343,Compound,"2,3-Butanediol",262,PREDICTED_TARGETS,Gene,AKT1,,0.9575,123,410
2344,Compound,Decane,15600,PREDICTED_TARGETS,Gene,TP53,,0.9575,342,13725
2345,Compound,Glabrol,11596309,PREDICTED_TARGETS,Gene,CYP3A4,,0.9575,426,2935
2346,Compound,Physcion,10639,PREDICTED_TARGETS,Gene,PTGS2,,0.9575,683,10537
2347,Compound,Proanthocyanidin,108065,PREDICTED_TARGETS,Gene,CASP3,,0.9575,696,1701
2348,Compound,1-Octen-3-OL,18827,PREDICTED_TARGETS,Gene,CASP9,,0.9575,97,1707
2349,Compound,Ononin,442813,PREDICTED_TARGETS,Gene,PTGS2,,0.9574,668,10537
2350,Compound,beta-Pinene,14896,PREDICTED_TARGETS,Gene,CYP1A1,,0.9574,860,2902
2351,Compound,Azadiradione,12308714,PREDICTED_TARGETS,Gene,CYP1A2,,0.9574,254,2903
2352,Compound,Safrole,5144,PREDICTED_TARGETS,Gene,GPT,2875,0.9574,721,5081
2353,Compound,Decanoic acid,2969,PREDICTED_TARGETS,Gene,BAX,,0.9574,343,1202
2354,Compound,Lupiwighteone,5317480,PREDICTED_TARGETS,Gene,NFKBIA,,0.9574,581,8597
2355,Compound,Tridecane,12388,PREDICTED_TARGETS,Gene,ABCB1,5243,0.9574,779,36
2356,Compound,Benzyl salicylate,8363,PREDICTED_TARGETS,Gene,AKT1,,0.9574,269,410
2357,Compound,Glabridin,124052,PREDICTED_TARGETS,Gene,PPARG,5468,0.9574,422,10164
2358,Compound,Nimbin,108058,PREDICTED_TARGETS,Gene,AKT1,,0.9574,636,410
2359,Compound,beta-Pinene,14896,PREDICTED_TARGETS,Gene,GPT,2875,0.9574,860,5081
2360,Compound,Physcion,10639,PREDICTED_TARGETS,Gene,IL1B,3553,0.9574,683,5953
2361,Compound,Myrtenal,61130,PREDICTED_TARGETS,Gene,PPARG,5468,0.9574,621,10164
2362,Compound,Isoangustone A,21591148,PREDICTED_TARGETS,Gene,BCL2,,0.9573,480,1234
2363,Compound,Hexadecane,11006,PREDICTED_TARGETS,Gene,ABCB1,5243,0.9573,466,36
2364,Compound,Ricinoleic acid,643684,PREDICTED_TARGETS,Gene,BAX,,0.9573,716,1202
2365,Compound,Acetoin,179,PREDICTED_TARGETS,Gene,CASP9,,0.9573,221,1707
2366,Compound,beta-Pinene,14896,PREDICTED_TARGETS,Gene,HMOX1,,0.9573,860,5559
2367,Compound,2-Methoxy-4-methylphenol,7144,PREDICTED_TARGETS,Gene,CYP2E1,,0.9573,139,2927
2368,Compound,Pinocembrin,68071,PREDICTED_TARGETS,Gene,NOS2,,0.9573,692,8741
2369,Compound,Terpinolene,11463,PREDICTED_TARGETS,Gene,CYP1A2,,0.9573,763,2903
2370,Compound,Caryophyllene oxide,1742210,PREDICTED_TARGETS,Gene,BAX,,0.9573,296,1202
2371,Compound,Safrole,5144,PREDICTED_TARGETS,Gene,CYP1A1,,0.9573,721,2902
2372,Compound,beta-Patchoulene,101731,PREDICTED_TARGETS,Gene,ABCB1,5243,0.9572,859,36
2373,Compound,Myrtenol,10582,PREDICTED_TARGETS,Gene,CYP2E1,,0.9572,622,2927
2374,Compound,Gibberellic acid,6466,PREDICTED_TARGETS,Gene,CCND1,595,0.9572,418,1846
2375,Compound,Gibberellic acid,6466,PREDICTED_TARGETS,Gene,CYP1A1,,0.9572,418,2902
2376,Compound,beta-Eudesmol,91457,PREDICTED_TARGETS,Gene,NFKBIA,,0.9572,851,8597
2377,Compound,Licocoumarone,503731,PREDICTED_TARGETS,Gene,PTGS2,,0.9572,548,10537
2378,Compound,4-Isopropylbenzyl alcohol,325,PREDICTED_TARGETS,Gene,PARP1,,0.9572,187,9464
2379,Compound,Tetracosanoic acid,11197,PREDICTED_TARGETS,Gene,CASP8,841,0.9572,764,1705
2380,Compound,Camphor,2537,PREDICTED_TARGETS,Gene,BAX,,0.9572,292,1202
2381,Compound,Myrtenal,61130,PREDICTED_TARGETS,Gene,NOS2,,0.9572,621,8741
2382,Compound,5-Hydroxymethylfurfural,237332,PREDICTED_TARGETS,Gene,RELA,,0.9572,193,10988
2383,Compound,beta-Eudesmol,91457,PREDICTED_TARGETS,Gene,CYP1A1,,0.9572,851,2902
2384,Compound,"Methyl 2,5-dihydroxycinnamate",5353609,PREDICTED_TARGETS,Gene,CCND1,595,0.9572,604,1846
2385,Compound,Glabridin,124052,PREDICTED_TARGETS,Gene,NOS2,,0.9572,422,8741
2386,Compound,Fraxinellone,124039,PREDICTED_TARGETS,Gene,ESR1,2099,0.9572,399,4008
2387,Compound,Isoquercitrin,5280804,PREDICTED_TARGETS,Gene,IL6,,0.9572,506,5991
2388,Compound,Gibberellic acid,6466,PREDICTED_TARGETS,Gene,GPT,2875,0.9572,418,5081
2389,Compound,Maltol,8369,PREDICTED_TARGETS,Gene,PTGS2,,0.9572,586,10537
2390,Compound,(-)-Epicatechin,72276,PREDICTED_TARGETS,Gene,CASP3,,0.9571,9,1701
2391,Compound,Dodecane,8182,PREDICTED_TARGETS,Gene,TP53,,0.9571,359,13725
2392,Compound,"Methyl 2,5-dihydroxycinnamate",5353609,PREDICTED_TARGETS,Gene,NFKBIA,,0.9571,604,8597
2393,Compound,Nerolidol,5284507,PREDICTED_TARGETS,Gene,HMOX1,,0.9571,629,5559
2394,Compound,Menthone,26447,PREDICTED_TARGETS,Gene,NOS2,,0.9571,600,8741
2395,Compound,Aureusidin,5281220,PREDICTED_TARGETS,Gene,ESR1,2099,0.9571,248,4008
2396,Compound,Chrysophanol,10208,PREDICTED_TARGETS,Gene,RELA,,0.9571,308,10988
2397,Compound,alpha-Amyrin,73170,PREDICTED_TARGETS,Gene,RELA,,0.9571,815,10988
2398,Compound,Caryophyllene oxide,1742210,PREDICTED_TARGETS,Gene,PTGS2,,0.9571,296,10537
2399,Compound,p-Cymene,7463,PREDICTED_TARGETS,Gene,TP53,,0.9571,908,13725
2400,Compound,Safrole,5144,PREDICTED_TARGETS,Gene,HMOX1,,0.9571,721,5559
2401,Compound,Gibberellic acid,6466,PREDICTED_TARGETS,Gene,HMOX1,,0.957,418,5559
2402,Compound,Humulene,5281520,PREDICTED_TARGETS,Gene,EGFR,1956,0.957,472,3738
2403,Compound,7-Methoxycoumarin,10748,PREDICTED_TARGETS,Gene,IL1B,3553,0.957,215,5953
2404,Compound,Pratol,5320693,PREDICTED_TARGETS,Gene,IL1B,3553,0.957,695,5953
2405,Compound,6-Prenylnaringenin,155094,PREDICTED_TARGETS,Gene,NFE2L2,,0.957,204,8588
2406,Compound,1-Heptanol,8129,PREDICTED_TARGETS,Gene,MAPK1,,0.957,81,7299
2407,Compound,Licoflavone A,5319000,PREDICTED_TARGETS,Gene,NFKBIA,,0.957,550,8597
2408,Compound,beta-Eudesmol,91457,PREDICTED_TARGETS,Gene,HMOX1,,0.957,851,5559
2409,Compound,Indole,798,PREDICTED_TARGETS,Gene,CASP3,,0.957,478,1701
2410,Compound,"3,5-Dihydroxybenzoic acid",7424,PREDICTED_TARGETS,Gene,CYP1A2,,0.957,166,2903
2411,Compound,28-Deoxonimbolide,14467538,PREDICTED_TARGETS,Gene,NFE2L2,,0.957,157,8588
2412,Compound,Glabrol,11596309,PREDICTED_TARGETS,Gene,UGT1A1,54658,0.957,426,14231
2413,Compound,4-Isopropylbenzyl alcohol,325,PREDICTED_TARGETS,Gene,ABCB1,5243,0.957,187,36
2414,Compound,1-Hexanol,8103,PREDICTED_TARGETS,Gene,TNF,7124,0.957,84,13629
2415,Compound,Kanzonol X,10046166,PREDICTED_TARGETS,Gene,NFKBIA,,0.957,519,8597
2416,Compound,beta-Eudesmol,91457,PREDICTED_TARGETS,Gene,CASP8,841,0.9569,851,1705
2417,Compound,Shinflavanone,197678,PREDICTED_TARGETS,Gene,NFKBIA,,0.9569,741,8597
2418,Compound,Squalene,638072,PREDICTED_TARGETS,Gene,IL1B,3553,0.9569,746,5953
2419,Compound,"Methyl 2,5-dihydroxycinnamate",5353609,PREDICTED_TARGETS,Gene,CYP1A1,,0.9569,604,2902
2420,Compound,Shinpterocarpin,10336244,PREDICTED_TARGETS,Gene,NFKBIA,,0.9569,742,8597
2421,Compound,p-Cymene,7463,PREDICTED_TARGETS,Gene,NFE2L2,,0.9569,908,8588
2422,Compound,Glycycoumarin,5317756,PREDICTED_TARGETS,Gene,NFKBIA,,0.9569,437,8597
2423,Compound,Caryophyllene oxide,1742210,PREDICTED_TARGETS,Gene,IL1B,3553,0.9569,296,5953
2424,Compound,Astragalin,5282102,PREDICTED_TARGETS,Gene,AKT1,,0.9569,247,410
2425,Compound,Liquiritin,503737,PREDICTED_TARGETS,Gene,PPARG,5468,0.9569,576,10164
2426,Compound,Glabrone,5317652,PREDICTED_TARGETS,Gene,NFKBIA,,0.9569,428,8597
2427,Compound,Kanzonol W,15380912,PREDICTED_TARGETS,Gene,NFKBIA,,0.9569,518,8597
2428,Compound,beta-Sitosterol,222284,PREDICTED_TARGETS,Gene,NFE2L2,,0.9569,869,8588
2429,Compound,Humulene,5281520,PREDICTED_TARGETS,Gene,GSK3B,2932,0.9569,472,5148
2430,Compound,Decanal,8175,PREDICTED_TARGETS,Gene,IL6,,0.9569,341,5991
2431,Compound,m-Cresol,342,PREDICTED_TARGETS,Gene,BCL2,,0.9568,898,1234
2432,Compound,Mesitylene,7947,PREDICTED_TARGETS,Gene,BAX,,0.9568,601,1202
2433,Compound,Decane,15600,PREDICTED_TARGETS,Gene,CYP1A2,,0.9568,342,2903
2434,Compound,Levomenol,442343,PREDICTED_TARGETS,Gene,CCND1,595,0.9568,537,1846
2435,Compound,beta-Amyrin,73145,PREDICTED_TARGETS,Gene,ALB,213,0.9568,843,418
2436,Compound,Lauric acid,3893,PREDICTED_TARGETS,Gene,CAT,847,0.9568,532,1715
2437,Compound,1-Dodecanol,8193,PREDICTED_TARGETS,Gene,NFKBIA,,0.9568,78,8597
2438,Compound,Squalene,638072,PREDICTED_TARGETS,Gene,PTGS2,,0.9568,746,10537
2439,Compound,Spathulenol,92231,PREDICTED_TARGETS,Gene,CYP1A2,,0.9568,745,2903
2440,Compound,Echinatin,6442675,PREDICTED_TARGETS,Gene,PARP1,,0.9568,360,9464
2441,Compound,Levomenol,442343,PREDICTED_TARGETS,Gene,GPT,2875,0.9567,537,5081
2442,Compound,"Methyl 2,5-dihydroxycinnamate",5353609,PREDICTED_TARGETS,Gene,HMOX1,,0.9567,604,5559
2443,Compound,Cedrol,65575,PREDICTED_TARGETS,Gene,TP53,,0.9567,301,13725
2444,Compound,2-Phenylethanol,6054,PREDICTED_TARGETS,Gene,MAPK3,,0.9567,146,7305
2445,Compound,Verbenone,29025,PREDICTED_TARGETS,Gene,MAPK3,,0.9567,797,7305
2446,Compound,Camphene,6616,PREDICTED_TARGETS,Gene,TP53,,0.9567,290,13725
2447,Compound,Decane,15600,PREDICTED_TARGETS,Gene,EGFR,1956,0.9567,342,3738
2448,Compound,Nimbin,108058,PREDICTED_TARGETS,Gene,NFKBIA,,0.9567,636,8597
2449,Compound,Decanoic acid,2969,PREDICTED_TARGETS,Gene,PTGS2,,0.9566,343,10537
2450,Compound,4-Hydroxychalcone,5282361,PREDICTED_TARGETS,Gene,MAPK3,,0.9566,185,7305
2451,Compound,Methacrylonitrile,31368,PREDICTED_TARGETS,Gene,TP53,,0.9566,602,13725
2452,Compound,Spathulenol,92231,PREDICTED_TARGETS,Gene,ESR1,2099,0.9566,745,4008
2453,Compound,Humulene,5281520,PREDICTED_TARGETS,Gene,CYP3A4,,0.9566,472,2935
2454,Compound,6-Prenylnaringenin,155094,PREDICTED_TARGETS,Gene,ALB,213,0.9566,204,418
2455,Compound,Decane,15600,PREDICTED_TARGETS,Gene,GSK3B,2932,0.9566,342,5148
2456,Compound,Hexanoic acid,8892,PREDICTED_TARGETS,Gene,BAX,,0.9566,468,1202
2457,Compound,Linalyl acetate,8294,PREDICTED_TARGETS,Gene,IL1B,3553,0.9566,569,5953
2458,Compound,Mesitylene,7947,PREDICTED_TARGETS,Gene,PTGS2,,0.9566,601,10537
2459,Compound,Menthone,26447,PREDICTED_TARGETS,Gene,PPARG,5468,0.9566,600,10164
2460,Compound,Acetoin,179,PREDICTED_TARGETS,Gene,PPARG,5468,0.9566,221,10164
2461,Compound,2-Methoxy-4-methylphenol,7144,PREDICTED_TARGETS,Gene,NFE2L2,,0.9566,139,8588
2462,Compound,beta-Amyrin,73145,PREDICTED_TARGETS,Gene,ESR1,2099,0.9566,843,4008
2463,Compound,p-Xylene,7809,PREDICTED_TARGETS,Gene,IL1B,3553,0.9566,910,5953
2464,Compound,Lupiwighteone,5317480,PREDICTED_TARGETS,Gene,CYP2E1,,0.9566,581,2927
2465,Compound,beta-Amyrin,73145,PREDICTED_TARGETS,Gene,NFKBIA,,0.9565,843,8597
2466,Compound,beta-Elemene,6918391,PREDICTED_TARGETS,Gene,EGFR,1956,0.9565,850,3738
2467,Compound,Glabrol,11596309,PREDICTED_TARGETS,Gene,PARP1,,0.9565,426,9464
2468,Compound,Phytol,5280435,PREDICTED_TARGETS,Gene,CXCL8,3576,0.9565,684,2865
2469,Compound,Kutkin,131750182,PREDICTED_TARGETS,Gene,CYP1A2,,0.9565,526,2903
2470,Compound,Spathulenol,92231,PREDICTED_TARGETS,Gene,ALB,213,0.9565,745,418
2471,Compound,beta-Pinene,14896,PREDICTED_TARGETS,Gene,CASP8,841,0.9565,860,1705
2472,Compound,Daucosterol,5742590,PREDICTED_TARGETS,Gene,PARP1,,0.9565,338,9464
2473,Compound,beta-Elemene,6918391,PREDICTED_TARGETS,Gene,GSK3B,2932,0.9565,850,5148
2474,Compound,4-Ethyl-2-methoxyphenol,62465,PREDICTED_TARGETS,Gene,NFKBIA,,0.9565,184,8597
2475,Compound,gamma-Terpinene,7461,PREDICTED_TARGETS,Gene,IL1B,3553,0.9565,896,5953
2476,Compound,Magnolol,72300,PREDICTED_TARGETS,Gene,PTGS2,,0.9565,584,10537
2477,Compound,Cinnamic acid,444539,PREDICTED_TARGETS,Gene,RELA,,0.9565,310,10988
2478,Compound,Aromadendrin,122850,PREDICTED_TARGETS,Gene,NFKBIA,,0.9564,244,8597
2479,Compound,Pentagalloylglucose,65238,PREDICTED_TARGETS,Gene,CXCL8,3576,0.9564,678,2865
2480,Compound,1-Hexacosanol,68171,PREDICTED_TARGETS,Gene,CASP9,,0.9564,82,1707
2481,Compound,2-Phenylethanol,6054,PREDICTED_TARGETS,Gene,CXCL8,3576,0.9564,146,2865
2482,Compound,Glycyrin,480787,PREDICTED_TARGETS,Gene,BAX,,0.9564,438,1202
2483,Compound,Methyl linoleate,5284421,PREDICTED_TARGETS,Gene,PPARG,5468,0.9564,610,10164
2484,Compound,Glabranin,124049,PREDICTED_TARGETS,Gene,CYP1A2,,0.9564,419,2903
2485,Compound,Chebulic acid,71308174,PREDICTED_TARGETS,Gene,ABCB1,5243,0.9564,304,36
2486,Compound,2-Undecanone,8163,PREDICTED_TARGETS,Gene,ALB,213,0.9564,149,418
2487,Compound,Ricinoleic acid,643684,PREDICTED_TARGETS,Gene,PTGS2,,0.9564,716,10537
2488,Compound,beta-Elemene,6918391,PREDICTED_TARGETS,Gene,NFKBIA,,0.9564,850,8597
2489,Compound,Kutkin,131750182,PREDICTED_TARGETS,Gene,ESR1,2099,0.9564,526,4008
2490,Compound,Glyasperin D,480860,PREDICTED_TARGETS,Gene,CASP9,,0.9564,432,1707
2491,Compound,Tetracosanoic acid,11197,PREDICTED_TARGETS,Gene,CYP2E1,,0.9564,764,2927
2492,Compound,Verbenone,29025,PREDICTED_TARGETS,Gene,MAPK1,,0.9564,797,7299
2493,Compound,Pratol,5320693,PREDICTED_TARGETS,Gene,NOS2,,0.9563,695,8741
2494,Compound,4-Isopropylbenzyl alcohol,325,PREDICTED_TARGETS,Gene,NQO1,,0.9563,187,8808
2495,Compound,Ononin,442813,PREDICTED_TARGETS,Gene,IL1B,3553,0.9563,668,5953
2496,Compound,Dodecane,8182,PREDICTED_TARGETS,Gene,CYP1A2,,0.9563,359,2903
2497,Compound,3-Deacetylsalannin,14458886,PREDICTED_TARGETS,Gene,TP53,,0.9563,172,13725
2498,Compound,Methyl linoleate,5284421,PREDICTED_TARGETS,Gene,NOS2,,0.9563,610,8741
2499,Compound,Chebulinic acid,72284,PREDICTED_TARGETS,Gene,IL6,,0.9563,305,5991
2500,Compound,Chebulic acid,71308174,PREDICTED_TARGETS,Gene,NFE2L2,,0.9563,304,8588
2501,Compound,Kutkin,131750182,PREDICTED_TARGETS,Gene,ALB,213,0.9563,526,418
2502,Compound,"Methyl 2,5-dihydroxycinnamate",5353609,PREDICTED_TARGETS,Gene,GPT,2875,0.9563,604,5081
2503,Compound,Liquiritigenin,114829,PREDICTED_TARGETS,Gene,IL1B,3553,0.9563,573,5953
2504,Compound,Camphor,2537,PREDICTED_TARGETS,Gene,PTGS2,,0.9563,292,10537
2505,Compound,Methacrylonitrile,31368,PREDICTED_TARGETS,Gene,NFKBIA,,0.9563,602,8597
2506,Compound,4-Hydroxychalcone,5282361,PREDICTED_TARGETS,Gene,CXCL8,3576,0.9563,185,2865
2507,Compound,1-Dodecanol,8193,PREDICTED_TARGETS,Gene,CYP1A1,,0.9563,78,2902
2508,Compound,Methyl palmitate,8181,PREDICTED_TARGETS,Gene,TP53,,0.9563,613,13725
2509,Compound,cis-3-Hexen-1-ol,5281167,PREDICTED_TARGETS,Gene,RELA,,0.9563,874,10988
2510,Compound,Tetracosanoic acid,11197,PREDICTED_TARGETS,Gene,NFE2L2,,0.9563,764,8588
2511,Compound,Sennoside A,73111,PREDICTED_TARGETS,Gene,BCL2,,0.9563,736,1234
2512,Compound,Methyl palmitate,8181,PREDICTED_TARGETS,Gene,CYP1A2,,0.9563,613,2903
2513,Compound,7-Methoxycoumarin,10748,PREDICTED_TARGETS,Gene,NOS2,,0.9563,215,8741
2514,Compound,Elemicin,10248,PREDICTED_TARGETS,Gene,MAPK3,,0.9562,367,7305
2515,Compound,Ethyl acetate,8857,PREDICTED_TARGETS,Gene,CYP2E1,,0.9562,377,2927
2516,Compound,Zingiberene,92776,PREDICTED_TARGETS,Gene,CYP1A2,,0.9562,805,2903
2517,Compound,Physcion,10639,PREDICTED_TARGETS,Gene,BCL2,,0.9562,683,1234
2518,Compound,Licopyranocoumarin,122851,PREDICTED_TARGETS,Gene,PARP1,,0.9562,556,9464
2519,Compound,Zingiberene,92776,PREDICTED_TARGETS,Gene,ALB,213,0.9562,805,418
2520,Compound,Ononin,442813,PREDICTED_TARGETS,Gene,BCL2,,0.9562,668,1234
2521,Compound,Elemicin,10248,PREDICTED_TARGETS,Gene,MAPK1,,0.9562,367,7299
2522,Compound,Camphene,6616,PREDICTED_TARGETS,Gene,NFE2L2,,0.9562,290,8588
2523,Compound,Sclareol,163263,PREDICTED_TARGETS,Gene,RELA,,0.9561,731,10988
2524,Compound,"(2S,3S,4S,5R,6R)-6-[[(3S,4S,4aR,6aR,6bS,8aR,9R,12aS,14aR,14bR)-9-hydroxy-4-(hydroxymethyl)-4,6a,6b,8a,11,11,14b-heptamethyl-1,2,3,4a,5,6,7,8,9,10,12,12a,14,14a-tetradecahydropicen-3-yl]oxy]-5-[(2S,3R,4S,5S)-4,5-dihydroxy-3-[(2S,3R,4R,5R,6S)-3,4,5-trihydroxy-6-methyloxan-2-yl]oxyoxan-2-yl]oxy-3,4-dihydroxyoxane-2-carboxylic acid",443614,PREDICTED_TARGETS,Gene,TP53,,0.9561,33,13725
2525,Compound,Shikimic acid,8742,PREDICTED_TARGETS,Gene,AKT1,,0.9561,740,410
2526,Compound,1-Dodecanol,8193,PREDICTED_TARGETS,Gene,HMOX1,,0.9561,78,5559
2527,Compound,Echinatin,6442675,PREDICTED_TARGETS,Gene,UGT1A1,54658,0.9561,360,14231
2528,Compound,Fenchone,14525,PREDICTED_TARGETS,Gene,CYP3A4,,0.9561,393,2935
2529,Compound,Picroside II,11944602,PREDICTED_TARGETS,Gene,AKT1,,0.9561,688,410
2530,Compound,6-Prenylnaringenin,155094,PREDICTED_TARGETS,Gene,CYP1A2,,0.9561,204,2903
2531,Compound,Zingiberene,92776,PREDICTED_TARGETS,Gene,ESR1,2099,0.9561,805,4008
2532,Compound,Undecanoic acid,8180,PREDICTED_TARGETS,Gene,MAPK3,,0.956,787,7305
2533,Compound,Maltol,8369,PREDICTED_TARGETS,Gene,IL1B,3553,0.956,586,5953
2534,Compound,Isorhamnetin,5281654,PREDICTED_TARGETS,Gene,BAX,,0.956,507,1202
2535,Compound,Licoricidin,480865,PREDICTED_TARGETS,Gene,TP53,,0.956,557,13725
2536,Compound,"2',4'-Dihydroxyacetophenone",6990,PREDICTED_TARGETS,Gene,CYP3A4,,0.956,118,2935
2537,Compound,4-Hydroxychalcone,5282361,PREDICTED_TARGETS,Gene,MAPK1,,0.956,185,7299
2538,Compound,gamma-Terpinene,7461,PREDICTED_TARGETS,Gene,NOS2,,0.956,896,8741
2539,Compound,Dodecane,8182,PREDICTED_TARGETS,Gene,NFE2L2,,0.956,359,8588
2540,Compound,alpha-Terpineol,17100,PREDICTED_TARGETS,Gene,BAX,,0.956,838,1202
2541,Compound,beta-Patchoulene,101731,PREDICTED_TARGETS,Gene,TP53,,0.956,859,13725
2542,Compound,Tridecane,12388,PREDICTED_TARGETS,Gene,EGFR,1956,0.956,779,3738
2543,Compound,Licoflavone A,5319000,PREDICTED_TARGETS,Gene,TP53,,0.956,550,13725
2544,Compound,Glycyrol,5320083,PREDICTED_TARGETS,Gene,ABCB1,5243,0.956,439,36
2545,Compound,"2,3-Butanediol",262,PREDICTED_TARGETS,Gene,NFKBIA,,0.956,123,8597
2546,Compound,Licoisoflavone B,5481234,PREDICTED_TARGETS,Gene,TP53,,0.956,555,13725
2547,Compound,Linalyl acetate,8294,PREDICTED_TARGETS,Gene,NOS2,,0.956,569,8741
2548,Compound,Licocoumarone,503731,PREDICTED_TARGETS,Gene,BCL2,,0.956,548,1234
2549,Compound,Methyl ethyl ketone,6569,PREDICTED_TARGETS,Gene,PTGS2,,0.956,608,10537
2550,Compound,beta-Maltose,6255,PREDICTED_TARGETS,Gene,BAX,,0.9559,857,1202
2551,Compound,"3,5-Dihydroxybenzoic acid",7424,PREDICTED_TARGETS,Gene,ESR1,2099,0.9559,166,4008
2552,Compound,2-Phenylethanol,6054,PREDICTED_TARGETS,Gene,MAPK1,,0.9559,146,7299
2553,Compound,1-Dodecanol,8193,PREDICTED_TARGETS,Gene,CCND1,595,0.9559,78,1846
2554,Compound,Licocoumarone,503731,PREDICTED_TARGETS,Gene,IL1B,3553,0.9559,548,5953
2555,Compound,Nerolidol,5284507,PREDICTED_TARGETS,Gene,CASP8,841,0.9559,629,1705
2556,Compound,Kanzonol X,10046166,PREDICTED_TARGETS,Gene,TP53,,0.9559,519,13725
2557,Compound,Hexadecane,11006,PREDICTED_TARGETS,Gene,EGFR,1956,0.9559,466,3738
2558,Compound,Ethyl acetate,8857,PREDICTED_TARGETS,Gene,NFE2L2,,0.9559,377,8588
2559,Compound,Shinflavanone,197678,PREDICTED_TARGETS,Gene,TP53,,0.9559,741,13725
2560,Compound,Maltol,8369,PREDICTED_TARGETS,Gene,BCL2,,0.9559,586,1234
2561,Compound,Prunetin,5281804,PREDICTED_TARGETS,Gene,ABCB1,5243,0.9559,700,36
2562,Compound,Shinpterocarpin,10336244,PREDICTED_TARGETS,Gene,TP53,,0.9559,742,13725
2563,Compound,Glycycoumarin,5317756,PREDICTED_TARGETS,Gene,TP53,,0.9559,437,13725
2564,Compound,2-Hexenal,5281168,PREDICTED_TARGETS,Gene,BAX,,0.9559,138,1202
2565,Compound,1-Dodecanol,8193,PREDICTED_TARGETS,Gene,GPT,2875,0.9558,78,5081
2566,Compound,Glabrone,5317652,PREDICTED_TARGETS,Gene,TP53,,0.9558,428,13725
2567,Compound,Kanzonol W,15380912,PREDICTED_TARGETS,Gene,TP53,,0.9558,518,13725
2568,Compound,Caryophyllene oxide,1742210,PREDICTED_TARGETS,Gene,BCL2,,0.9558,296,1234
2569,Compound,L-Rhamnose,25310,PREDICTED_TARGETS,Gene,MAPK3,,0.9558,530,7305
2570,Compound,Tridecane,12388,PREDICTED_TARGETS,Gene,GSK3B,2932,0.9558,779,5148
2571,Compound,beta-Patchoulene,101731,PREDICTED_TARGETS,Gene,EGFR,1956,0.9558,859,3738
2572,Compound,Glycyrol,5320083,PREDICTED_TARGETS,Gene,NFE2L2,,0.9558,439,8588
2573,Compound,Levomenol,442343,PREDICTED_TARGETS,Gene,CASP8,841,0.9558,537,1705
2574,Compound,Licoagrone,5318993,PREDICTED_TARGETS,Gene,TP53,,0.9558,541,13725
2575,Compound,Mesitylene,7947,PREDICTED_TARGETS,Gene,IL1B,3553,0.9558,601,5953
2576,Compound,Echinatin,6442675,PREDICTED_TARGETS,Gene,NQO1,,0.9557,360,8808
2577,Compound,Benzyl salicylate,8363,PREDICTED_TARGETS,Gene,CCND1,595,0.9557,269,1846
2578,Compound,Hexadecane,11006,PREDICTED_TARGETS,Gene,GSK3B,2932,0.9557,466,5148
2579,Compound,Safrole,5144,PREDICTED_TARGETS,Gene,NFKBIA,,0.9557,721,8597
2580,Compound,Aromadendrin,122850,PREDICTED_TARGETS,Gene,CYP1A1,,0.9557,244,2902
2581,Compound,Glabranin,124049,PREDICTED_TARGETS,Gene,ALB,213,0.9557,419,418
2582,Compound,Spathulenol,92231,PREDICTED_TARGETS,Gene,GSR,,0.9557,745,5152
2583,Compound,Glisoflavone,5487298,PREDICTED_TARGETS,Gene,TP53,,0.9557,429,13725
2584,Compound,Pinocembrin,68071,PREDICTED_TARGETS,Gene,CASP9,,0.9557,692,1707
2585,Compound,beta-Patchoulene,101731,PREDICTED_TARGETS,Gene,CYP1A2,,0.9557,859,2903
2586,Compound,Isovitexin,162350,PREDICTED_TARGETS,Gene,ALB,213,0.9557,510,418
2587,Compound,Levomenol,442343,PREDICTED_TARGETS,Gene,NFE2L2,,0.9557,537,8588
2588,Compound,Benzyl acetate,8785,PREDICTED_TARGETS,Gene,MAPK3,,0.9557,268,7305
2589,Compound,"2',4'-Dihydroxyacetophenone",6990,PREDICTED_TARGETS,Gene,NFE2L2,,0.9556,118,8588
2590,Compound,Licoagrodin,637141,PREDICTED_TARGETS,Gene,TP53,,0.9556,539,13725
2591,Compound,Humulene,5281520,PREDICTED_TARGETS,Gene,PARP1,,0.9556,472,9464
2592,Compound,beta-Patchoulene,101731,PREDICTED_TARGETS,Gene,GSK3B,2932,0.9556,859,5148
2593,Compound,4-Vinylphenol,62453,PREDICTED_TARGETS,Gene,RELA,,0.9556,190,10988
2594,Compound,alpha-Terpineol,17100,PREDICTED_TARGETS,Gene,PTGS2,,0.9556,838,10537
2595,Compound,Nonane,8141,PREDICTED_TARGETS,Gene,TP53,,0.9556,656,13725
2596,Compound,"Methyl 2,5-dihydroxycinnamate",5353609,PREDICTED_TARGETS,Gene,CASP8,841,0.9556,604,1705
2597,Compound,Levomenol,442343,PREDICTED_TARGETS,Gene,CYP2E1,,0.9556,537,2927
2598,Compound,Menthone,26447,PREDICTED_TARGETS,Gene,CASP9,,0.9556,600,1707
2599,Compound,Aromadendrin,122850,PREDICTED_TARGETS,Gene,HMOX1,,0.9555,244,5559
2600,Compound,Fenchone,14525,PREDICTED_TARGETS,Gene,PARP1,,0.9555,393,9464
2601,Compound,Daucosterol,5742590,PREDICTED_TARGETS,Gene,NQO1,,0.9555,338,8808
2602,Compound,Glabrol,11596309,PREDICTED_TARGETS,Gene,NQO1,,0.9555,426,8808
2603,Compound,4-Isopropylbenzyl alcohol,325,PREDICTED_TARGETS,Gene,EGFR,1956,0.9555,187,3738
2604,Compound,28-Deoxonimbolide,14467538,PREDICTED_TARGETS,Gene,CYP3A4,,0.9555,157,2935
2605,Compound,1-Heptanol,8129,PREDICTED_TARGETS,Gene,AKT1,,0.9555,81,410
2606,Compound,Pratol,5320693,PREDICTED_TARGETS,Gene,CASP9,,0.9555,695,1707
2607,Compound,"2,3-Butanediol",262,PREDICTED_TARGETS,Gene,CYP1A1,,0.9555,123,2902
2608,Compound,Zingiberene,92776,PREDICTED_TARGETS,Gene,GSR,,0.9555,805,5152
2609,Compound,Phloroglucinol,359,PREDICTED_TARGETS,Gene,CCND1,595,0.9555,682,1846
2610,Compound,"2,3-Butanediol",262,PREDICTED_TARGETS,Gene,CCND1,595,0.9555,123,1846
2611,Compound,5-Hydroxymethylfurfural,237332,PREDICTED_TARGETS,Gene,BAX,,0.9554,193,1202
2612,Compound,1-Octanol,957,PREDICTED_TARGETS,Gene,RELA,,0.9554,96,10988
2613,Compound,Benzyl salicylate,8363,PREDICTED_TARGETS,Gene,NFKBIA,,0.9554,269,8597
2614,Compound,Benzaldehyde,240,PREDICTED_TARGETS,Gene,CASP3,,0.9554,265,1701
2615,Compound,Fenchone,14525,PREDICTED_TARGETS,Gene,ABCB1,5243,0.9554,393,36
2616,Compound,Benzyl salicylate,8363,PREDICTED_TARGETS,Gene,CYP1A1,,0.9554,269,2902
2617,Compound,Nimbin,108058,PREDICTED_TARGETS,Gene,CYP1A1,,0.9554,636,2902
2618,Compound,Licoricidin,480865,PREDICTED_TARGETS,Gene,NFE2L2,,0.9554,557,8588
2619,Compound,Humulene,5281520,PREDICTED_TARGETS,Gene,UGT1A1,54658,0.9554,472,14231
2620,Compound,Decanoic acid,2969,PREDICTED_TARGETS,Gene,BCL2,,0.9553,343,1234
2621,Compound,Punicic acid,5281126,PREDICTED_TARGETS,Gene,PARP1,,0.9553,705,9464
2622,Compound,Isovitexin,162350,PREDICTED_TARGETS,Gene,ESR1,2099,0.9553,510,4008
2623,Compound,Prunetin,5281804,PREDICTED_TARGETS,Gene,ESR1,2099,0.9553,700,4008
2624,Compound,Decane,15600,PREDICTED_TARGETS,Gene,UGT1A1,54658,0.9553,342,14231
2625,Compound,Benzyl Alcohol,244,PREDICTED_TARGETS,Gene,CASP3,,0.9553,267,1701
2626,Compound,Phloroglucinol,359,PREDICTED_TARGETS,Gene,GPT,2875,0.9553,682,5081
2627,Compound,7-Methoxycoumarin,10748,PREDICTED_TARGETS,Gene,CASP9,,0.9553,215,1707
2628,Compound,4-Isopropylbenzyl alcohol,325,PREDICTED_TARGETS,Gene,GSK3B,2932,0.9553,187,5148
2629,Compound,beta-Pinene,14896,PREDICTED_TARGETS,Gene,CYP2E1,,0.9553,860,2927
2630,Compound,Mesitylene,7947,PREDICTED_TARGETS,Gene,BCL2,,0.9553,601,1234
2631,Compound,"2,3-Butanediol",262,PREDICTED_TARGETS,Gene,HMOX1,,0.9553,123,5559
2632,Compound,Corosolic acid,6918774,PREDICTED_TARGETS,Gene,CAT,847,0.9553,318,1715
2633,Compound,Decane,15600,PREDICTED_TARGETS,Gene,NFE2L2,,0.9552,342,8588
2634,Compound,p-Xylene,7809,PREDICTED_TARGETS,Gene,NOS2,,0.9552,910,8741
2635,Compound,Ethyl salicylate,8365,PREDICTED_TARGETS,Gene,MAPK3,,0.9552,385,7305
2636,Compound,Nonane,8141,PREDICTED_TARGETS,Gene,ALB,213,0.9552,656,418
2637,Compound,Nonane,8141,PREDICTED_TARGETS,Gene,ESR1,2099,0.9552,656,4008
2638,Compound,m-Cresol,342,PREDICTED_TARGETS,Gene,IL1B,3553,0.9552,898,5953
2639,Compound,Benzyl salicylate,8363,PREDICTED_TARGETS,Gene,HMOX1,,0.9552,269,5559
2640,Compound,beta-Elemene,6918391,PREDICTED_TARGETS,Gene,UGT1A1,54658,0.9552,850,14231
2641,Compound,o-Cresol,335,PREDICTED_TARGETS,Gene,CYP1A1,,0.9552,905,2902
2642,Compound,Benzyl salicylate,8363,PREDICTED_TARGETS,Gene,GPT,2875,0.9552,269,5081
2643,Compound,Nimbin,108058,PREDICTED_TARGETS,Gene,HMOX1,,0.9552,636,5559
2644,Compound,Anethole,637563,PREDICTED_TARGETS,Gene,CXCL8,3576,0.9552,234,2865
2645,Compound,D-Xylose,135191,PREDICTED_TARGETS,Gene,MAPK3,,0.9552,337,7305
2646,Compound,o-Cresol,335,PREDICTED_TARGETS,Gene,NFKBIA,,0.9552,905,8597
2647,Compound,Isokobusone,3860435,PREDICTED_TARGETS,Gene,GSR,,0.9552,492,5152
2648,Compound,4-Ethyl-2-methoxyphenol,62465,PREDICTED_TARGETS,Gene,CYP1A2,,0.9551,184,2903
2649,Compound,Maslinic acid,73659,PREDICTED_TARGETS,Gene,BCL2,,0.9551,593,1234
2650,Compound,alpha-Amyrin,73170,PREDICTED_TARGETS,Gene,BAX,,0.9551,815,1202
2651,Compound,Prunetin,5281804,PREDICTED_TARGETS,Gene,EGFR,1956,0.9551,700,3738
2652,Compound,beta-Eudesmol,91457,PREDICTED_TARGETS,Gene,CYP2E1,,0.9551,851,2927
2653,Compound,Nerolidol,5284507,PREDICTED_TARGETS,Gene,CYP2E1,,0.9551,629,2927
2654,Compound,Ricinoleic acid,643684,PREDICTED_TARGETS,Gene,BCL2,,0.9551,716,1234
2655,Compound,Licopyranocoumarin,122851,PREDICTED_TARGETS,Gene,NQO1,,0.9551,556,8808
2656,Compound,Gibberellic acid,6466,PREDICTED_TARGETS,Gene,CYP2E1,,0.9551,418,2927
2657,Compound,Licoricidin,480865,PREDICTED_TARGETS,Gene,CYP1A2,,0.9551,557,2903
2658,Compound,Glycyrin,480787,PREDICTED_TARGETS,Gene,PTGS2,,0.9551,438,10537
2659,Compound,Prunetin,5281804,PREDICTED_TARGETS,Gene,GSK3B,2932,0.9551,700,5148
2660,Compound,beta-Pinene,14896,PREDICTED_TARGETS,Gene,NFE2L2,,0.955,860,8588
2661,Compound,Furfuryl alcohol,7361,PREDICTED_TARGETS,Gene,CXCL8,3576,0.955,403,2865
2662,Compound,Sennoside A,73111,PREDICTED_TARGETS,Gene,IL1B,3553,0.955,736,5953
2663,Compound,o-Cresol,335,PREDICTED_TARGETS,Gene,HMOX1,,0.955,905,5559
2664,Compound,Myrtenol,10582,PREDICTED_TARGETS,Gene,NFE2L2,,0.955,622,8588
2665,Compound,1-Octen-3-OL,18827,PREDICTED_TARGETS,Gene,CXCL8,3576,0.955,97,2865
2666,Compound,Camphor,2537,PREDICTED_TARGETS,Gene,BCL2,,0.955,292,1234
2667,Compound,Pinocembrin,68071,PREDICTED_TARGETS,Gene,PPARG,5468,0.955,692,10164
2668,Compound,alpha-Terpineol,17100,PREDICTED_TARGETS,Gene,IL1B,3553,0.955,838,5953
2669,Compound,Myrcene,31253,PREDICTED_TARGETS,Gene,ALB,213,0.955,618,418
2670,Compound,o-Cresol,335,PREDICTED_TARGETS,Gene,CCND1,595,0.955,905,1846
2671,Compound,Myrtenal,61130,PREDICTED_TARGETS,Gene,CASP9,,0.955,621,1707
2672,Compound,Chebulic acid,71308174,PREDICTED_TARGETS,Gene,EGFR,1956,0.9549,304,3738
2673,Compound,Tridecane,12388,PREDICTED_TARGETS,Gene,CYP3A4,,0.9549,779,2935
2674,Compound,Gibberellic acid,6466,PREDICTED_TARGETS,Gene,NFE2L2,,0.9549,418,8588
2675,Compound,Lauric acid,3893,PREDICTED_TARGETS,Gene,TNF,7124,0.9549,532,13629
2676,Compound,Furfuryl alcohol,7361,PREDICTED_TARGETS,Gene,MAPK3,,0.9549,403,7305
2677,Compound,o-Cresol,335,PREDICTED_TARGETS,Gene,GPT,2875,0.9549,905,5081
2678,Compound,p-Cymene,7463,PREDICTED_TARGETS,Gene,CYP1A2,,0.9549,908,2903
2679,Compound,Hexadecane,11006,PREDICTED_TARGETS,Gene,CYP3A4,,0.9549,466,2935
2680,Compound,Methyl linoleate,5284421,PREDICTED_TARGETS,Gene,CASP9,,0.9549,610,1707
2681,Compound,L-Rhamnose,25310,PREDICTED_TARGETS,Gene,MAPK1,,0.9549,530,7299
2682,Compound,Isoangustone A,21591148,PREDICTED_TARGETS,Gene,NOS2,,0.9549,480,8741
2683,Compound,gamma-Terpinene,7461,PREDICTED_TARGETS,Gene,CASP9,,0.9548,896,1707
2684,Compound,Astragalin,5282102,PREDICTED_TARGETS,Gene,CYP1A1,,0.9548,247,2902
2685,Compound,beta-Elemene,6918391,PREDICTED_TARGETS,Gene,TP53,,0.9548,850,13725
2686,Compound,Soyasaponin I,122097,PREDICTED_TARGETS,Gene,TP53,,0.9548,744,13725
2687,Compound,Myrcene,31253,PREDICTED_TARGETS,Gene,CYP1A2,,0.9548,618,2903
2688,Compound,Dipropyl disulfide,12377,PREDICTED_TARGETS,Gene,CYP3A4,,0.9548,352,2935
2689,Compound,Ethyl hexanoate,31265,PREDICTED_TARGETS,Gene,CAT,847,0.9548,380,1715
2690,Compound,Hexanoic acid,8892,PREDICTED_TARGETS,Gene,PTGS2,,0.9548,468,10537
2691,Compound,Verbenone,29025,PREDICTED_TARGETS,Gene,AKT1,,0.9548,797,410
2692,Compound,Dipropyl disulfide,12377,PREDICTED_TARGETS,Gene,PARP1,,0.9548,352,9464
2693,Compound,2-Hexenal,5281168,PREDICTED_TARGETS,Gene,PTGS2,,0.9548,138,10537
2694,Compound,Nootkatone,1268142,PREDICTED_TARGETS,Gene,CCND1,595,0.9548,658,1846
2695,Compound,Licoricidin,480865,PREDICTED_TARGETS,Gene,ALB,213,0.9548,557,418
2696,Compound,Syringic acid,10742,PREDICTED_TARGETS,Gene,IL1B,3553,0.9548,755,5953
2697,Compound,Astragalin,5282102,PREDICTED_TARGETS,Gene,CCND1,595,0.9548,247,1846
2698,Compound,Nonane,8141,PREDICTED_TARGETS,Gene,CYP1A2,,0.9548,656,2903
2699,Compound,Daucosterol,5742590,PREDICTED_TARGETS,Gene,MTOR,2475,0.9548,338,8080
2700,Compound,Isoangustone A,21591148,PREDICTED_TARGETS,Gene,PPARG,5468,0.9548,480,10164
2701,Compound,Chebulic acid,71308174,PREDICTED_TARGETS,Gene,GSK3B,2932,0.9548,304,5148
2702,Compound,Sterol,1107,PREDICTED_TARGETS,Gene,MAPK3,,0.9548,749,7305
2703,Compound,Ethyl salicylate,8365,PREDICTED_TARGETS,Gene,CXCL8,3576,0.9547,385,2865
2704,Compound,"Methyl 2,5-dihydroxycinnamate",5353609,PREDICTED_TARGETS,Gene,CYP2E1,,0.9547,604,2927
2705,Compound,Humulene,5281520,PREDICTED_TARGETS,Gene,NQO1,,0.9547,472,8808
2706,Compound,Phloroglucinol,359,PREDICTED_TARGETS,Gene,CYP1A1,,0.9547,682,2902
2707,Compound,Methyl ethyl ketone,6569,PREDICTED_TARGETS,Gene,BCL2,,0.9547,608,1234
2708,Compound,Astragalin,5282102,PREDICTED_TARGETS,Gene,GPT,2875,0.9547,247,5081
2709,Compound,Sterol,1107,PREDICTED_TARGETS,Gene,MAPK1,,0.9547,749,7299
2710,Compound,Astragalin,5282102,PREDICTED_TARGETS,Gene,HMOX1,,0.9547,247,5559
2711,Compound,beta-Eudesmol,91457,PREDICTED_TARGETS,Gene,NFE2L2,,0.9547,851,8588
2712,Compound,Linalyl acetate,8294,PREDICTED_TARGETS,Gene,CASP9,,0.9547,569,1707
2713,Compound,Licoricidin,480865,PREDICTED_TARGETS,Gene,ESR1,2099,0.9546,557,4008
2714,Compound,Undecanal,8186,PREDICTED_TARGETS,Gene,MAPK3,,0.9546,785,7305
2715,Compound,Elemicin,10248,PREDICTED_TARGETS,Gene,AKT1,,0.9546,367,410
2716,Compound,Aromadendrin,122850,PREDICTED_TARGETS,Gene,CCND1,595,0.9546,244,1846
2717,Compound,Camphene,6616,PREDICTED_TARGETS,Gene,CYP1A2,,0.9546,290,2903
2718,Compound,Phloroglucinol,359,PREDICTED_TARGETS,Gene,NFKBIA,,0.9546,682,8597
2719,Compound,beta-Elemene,6918391,PREDICTED_TARGETS,Gene,CYP1A2,,0.9546,850,2903
2720,Compound,L-Rhamnose,25310,PREDICTED_TARGETS,Gene,CXCL8,3576,0.9546,530,2865
2721,Compound,Picroside II,11944602,PREDICTED_TARGETS,Gene,CCND1,595,0.9546,688,1846
2722,Compound,Ethyl salicylate,8365,PREDICTED_TARGETS,Gene,MAPK1,,0.9546,385,7299
2723,Compound,Phloroglucinol,359,PREDICTED_TARGETS,Gene,HMOX1,,0.9545,682,5559
2724,Compound,Nootkatone,1268142,PREDICTED_TARGETS,Gene,GPT,2875,0.9545,658,5081
2725,Compound,Flavanone,10251,PREDICTED_TARGETS,Gene,CXCL8,3576,0.9545,395,2865
2726,Compound,Aromadendrin,122850,PREDICTED_TARGETS,Gene,GPT,2875,0.9545,244,5081
2727,Compound,beta-Sitosterol,222284,PREDICTED_TARGETS,Gene,ABCB1,5243,0.9545,869,36
2728,Compound,Nonane,8141,PREDICTED_TARGETS,Gene,NFE2L2,,0.9545,656,8588
2729,Compound,Fenchone,14525,PREDICTED_TARGETS,Gene,NQO1,,0.9545,393,8808
2730,Compound,"Methyl 2,5-dihydroxycinnamate",5353609,PREDICTED_TARGETS,Gene,NFE2L2,,0.9545,604,8588
2731,Compound,beta-Maltose,6255,PREDICTED_TARGETS,Gene,PTGS2,,0.9545,857,10537
2732,Compound,2-Methoxy-4-methylphenol,7144,PREDICTED_TARGETS,Gene,TP53,,0.9545,139,13725
2733,Compound,Betulin,72326,PREDICTED_TARGETS,Gene,PTGS2,,0.9545,272,10537
2734,Compound,Arjunolic acid,73641,PREDICTED_TARGETS,Gene,AKT1,,0.9545,242,410
2735,Compound,"2,3-Butanediol",262,PREDICTED_TARGETS,Gene,GPT,2875,0.9545,123,5081
2736,Compound,Benzyl salicylate,8363,PREDICTED_TARGETS,Gene,CASP8,841,0.9545,269,1705
2737,Compound,Glycyrol,5320083,PREDICTED_TARGETS,Gene,EGFR,1956,0.9545,439,3738
2738,Compound,1-Dodecanol,8193,PREDICTED_TARGETS,Gene,CASP8,841,0.9545,78,1705
2739,Compound,4-Hydroxychalcone,5282361,PREDICTED_TARGETS,Gene,AKT1,,0.9545,185,410
2740,Compound,Isoquercitrin,5280804,PREDICTED_TARGETS,Gene,RELA,,0.9544,506,10988
2741,Compound,Acetoin,179,PREDICTED_TARGETS,Gene,MAPK3,,0.9544,221,7305
2742,Compound,(E)-2-methyl-5-(2-methyl-3-methylidene-2-bicyclo[2.2.1]heptanyl)pent-2-en-1-ol,5368798,PREDICTED_TARGETS,Gene,TNF,7124,0.9544,49,13629
2743,Compound,Phloroglucinol,359,PREDICTED_TARGETS,Gene,CASP8,841,0.9544,682,1705
2744,Compound,Deacetylazadirachtinol,21725521,PREDICTED_TARGETS,Gene,TNF,7124,0.9544,339,13629
2745,Compound,2-Phenylethanol,6054,PREDICTED_TARGETS,Gene,AKT1,,0.9544,146,410
2746,Compound,2-Undecanone,8163,PREDICTED_TARGETS,Gene,ESR1,2099,0.9544,149,4008
2747,Compound,Isonimolicinolide,,PREDICTED_TARGETS,Gene,TNF,7124,0.9544,503,13629
2748,Compound,Undecanoic acid,8180,PREDICTED_TARGETS,Gene,MAPK1,,0.9544,787,7299
2749,Compound,Azedarachin C,10348330,PREDICTED_TARGETS,Gene,TNF,7124,0.9544,262,13629
2750,Compound,28-Deoxonimbolide,14467538,PREDICTED_TARGETS,Gene,PARP1,,0.9544,157,9464
2751,Compound,Ethyl hexanoate,31265,PREDICTED_TARGETS,Gene,TNF,7124,0.9544,380,13629
2752,Compound,Picroside I,6440892,PREDICTED_TARGETS,Gene,TNF,7124,0.9544,687,13629
2753,Compound,Azadirolic acid,102316534,PREDICTED_TARGETS,Gene,TNF,7124,0.9544,258,13629
2754,Compound,Liquiritin,503737,PREDICTED_TARGETS,Gene,CASP9,,0.9543,576,1707
2755,Compound,Flavanone,10251,PREDICTED_TARGETS,Gene,MAPK3,,0.9543,395,7305
2756,Compound,Santenone,,PREDICTED_TARGETS,Gene,TNF,7124,0.9543,729,13629
2757,Compound,beta-Oplopenone,14038847,PREDICTED_TARGETS,Gene,TNF,7124,0.9543,858,13629
2758,Compound,Soyasaponin I,122097,PREDICTED_TARGETS,Gene,NFE2L2,,0.9543,744,8588
2759,Compound,Nootkatone,1268142,PREDICTED_TARGETS,Gene,NFKBIA,,0.9543,658,8597
2760,Compound,2-Methyl-2-pentenal,5319754,PREDICTED_TARGETS,Gene,TNF,7124,0.9543,141,13629
2761,Compound,Cuparene,86895,PREDICTED_TARGETS,Gene,TNF,7124,0.9543,321,13629
2762,Compound,Bicyclogermacrene,13894537,PREDICTED_TARGETS,Gene,TNF,7124,0.9543,275,13629
2763,Compound,(Z)-gamma-Curcumen-12-ol,91747459,PREDICTED_TARGETS,Gene,TNF,7124,0.9543,65,13629
2764,Compound,11beta-Azadirachtin H,76327056,PREDICTED_TARGETS,Gene,TNF,7124,0.9543,106,13629
2765,Compound,Picroside III,24121289,PREDICTED_TARGETS,Gene,TNF,7124,0.9543,689,13629
2766,Compound,"(2E)-2-methyl-6-[(1S)-4-methylcyclohex-3-en-1-yl]hepta-2,6-dien-1-ol",15560069,PREDICTED_TARGETS,Gene,TNF,7124,0.9543,26,13629
2767,Compound,Kulinone,44567124,PREDICTED_TARGETS,Gene,TNF,7124,0.9543,523,13629
2768,Compound,17-epi-17-Hydroxyazadiradione,52951894,PREDICTED_TARGETS,Gene,TNF,7124,0.9543,113,13629
2769,Compound,Nimbionone,189706,PREDICTED_TARGETS,Gene,TNF,7124,0.9543,641,13629
2770,Compound,beta-Patchoulene,101731,PREDICTED_TARGETS,Gene,UGT1A1,54658,0.9543,859,14231
2771,Compound,m-Cresol,342,PREDICTED_TARGETS,Gene,NOS2,,0.9543,898,8741
2772,Compound,"Campherene-2,13-diol",42608198,PREDICTED_TARGETS,Gene,TNF,7124,0.9543,291,13629
2773,Compound,Chrysophanol,10208,PREDICTED_TARGETS,Gene,IL1B,3553,0.9543,308,5953
2774,Compound,Germacrene B,5281519,PREDICTED_TARGETS,Gene,TNF,7124,0.9543,417,13629
2775,Compound,Nimbanal,14194023,PREDICTED_TARGETS,Gene,TNF,7124,0.9543,633,13629
2776,Compound,Isonimbinolide,14136864,PREDICTED_TARGETS,Gene,TNF,7124,0.9543,502,13629
2777,Compound,Kutkosid,129011779,PREDICTED_TARGETS,Gene,TNF,7124,0.9543,527,13629
2778,Compound,Myristic acid,11005,PREDICTED_TARGETS,Gene,CASP3,,0.9543,620,1701
2779,Compound,Norecasantalic acid,100966488,PREDICTED_TARGETS,Gene,TNF,7124,0.9543,659,13629
2780,Compound,beta-Santalal,101449606,PREDICTED_TARGETS,Gene,TNF,7124,0.9543,863,13629
2781,Compound,cis-3-Hexen-1-ol,5281167,PREDICTED_TARGETS,Gene,BAX,,0.9543,874,1202
2782,Compound,"2',3'-Dehydrosalannol",91886694,PREDICTED_TARGETS,Gene,TNF,7124,0.9543,117,13629
2783,Compound,Punicic acid,5281126,PREDICTED_TARGETS,Gene,NQO1,,0.9543,705,8808
2784,Compound,Nootkatone,1268142,PREDICTED_TARGETS,Gene,CYP1A1,,0.9543,658,2902
2785,Compound,Glycyrol,5320083,PREDICTED_TARGETS,Gene,GSK3B,2932,0.9543,439,5148
2786,Compound,Furfuryl alcohol,7361,PREDICTED_TARGETS,Gene,MAPK1,,0.9543,403,7299
2787,Compound,(2E)-2-Methyl-6-(4-methylphenyl)-2-hepten-1-ol,6430906,PREDICTED_TARGETS,Gene,TNF,7124,0.9543,25,13629
2788,Compound,alpha-Terpineol,17100,PREDICTED_TARGETS,Gene,BCL2,,0.9543,838,1234
2789,Compound,Vepaol,21725519,PREDICTED_TARGETS,Gene,TNF,7124,0.9543,795,13629
2790,Compound,beta-Amyrin,73145,PREDICTED_TARGETS,Gene,TP53,,0.9543,843,13725
2791,Compound,cis-4-Hydroxy-L-proline,440015,PREDICTED_TARGETS,Gene,TNF,7124,0.9543,875,13629
2792,Compound,17-Epiazadiradione,12308716,PREDICTED_TARGETS,Gene,TNF,7124,0.9543,110,13629
2793,Compound,6-Acetylnimbandiol,52952216,PREDICTED_TARGETS,Gene,TNF,7124,0.9543,198,13629
2794,Compound,Carvone,7439,PREDICTED_TARGETS,Gene,IL6,,0.9543,294,5991
2795,Compound,Scoparone,8417,PREDICTED_TARGETS,Gene,PPARG,5468,0.9543,732,10164
2796,Compound,Ximenynic acid,5312688,PREDICTED_TARGETS,Gene,TNF,7124,0.9543,804,13629
2797,Compound,"[(4R,5R,6S,7S,8R,11R,12R,14S,15S)-12-acetyloxy-4,7-dihydroxy-6-[(1R,2S,6S,9R,11S)-2-hydroxy-11-methyl-5,7,10-trioxatetracyclo[6.3.1.02,6.09,11]dodec-3-en-9-yl]-6,11-dimethyl-3,9-dioxatetracyclo[6.6.1.01,5.011,15]pentadecan-14-yl] (E)-2-methylbut-2-enoate",6442369,PREDICTED_TARGETS,Gene,TNF,7124,0.9543,809,13629
2798,Compound,Nimbiol,11119228,PREDICTED_TARGETS,Gene,TNF,7124,0.9543,639,13629
2799,Compound,4alpha-Methylfecosterol,193524,PREDICTED_TARGETS,Gene,TNF,7124,0.9543,191,13629
2800,Compound,Dipropyl trisulfide,22383,PREDICTED_TARGETS,Gene,TNF,7124,0.9543,354,13629
2801,Compound,Nimbinene,44715635,PREDICTED_TARGETS,Gene,TNF,7124,0.9543,637,13629
2802,Compound,"[(4S,5R,6R,11R,12R,15S,16R,17Z)-17-(2,2-dihydroxyethylidene)-5-hydroxy-3,7,7,11,15-pentamethyl-8,18-dioxo-19-oxapentacyclo[14.3.1.02,15.03,12.06,11]icosa-1,9-dien-4-yl] acetate",6442906,PREDICTED_TARGETS,Gene,TNF,7124,0.9543,810,13629
2803,Compound,(Z)-gamma-bisabolene,3033866,PREDICTED_TARGETS,Gene,TNF,7124,0.9543,66,13629
2804,Compound,16-Hentriacontanone,94741,PREDICTED_TARGETS,Gene,TNF,7124,0.9543,109,13629
2805,Compound,1-Octacosanol,68406,PREDICTED_TARGETS,Gene,TNF,7124,0.9543,94,13629
2806,Compound,Teresantalol,578221,PREDICTED_TARGETS,Gene,TNF,7124,0.9543,759,13629
2807,Compound,Chrysophanol,10208,PREDICTED_TARGETS,Gene,PTGS2,,0.9543,308,10537
2808,Compound,Isoazadirolide,101425842,PREDICTED_TARGETS,Gene,TNF,7124,0.9543,481,13629
2809,Compound,Acoradiene,90351,PREDICTED_TARGETS,Gene,TNF,7124,0.9543,224,13629
2810,Compound,L-Arabinose,439195,PREDICTED_TARGETS,Gene,TNF,7124,0.9543,529,13629
2811,Compound,7-Deacetyl-7-benzoylgedunin,52952112,PREDICTED_TARGETS,Gene,TNF,7124,0.9543,212,13629
2812,Compound,Nimbochalcin,,PREDICTED_TARGETS,Gene,TNF,7124,0.9543,642,13629
2813,Compound,"(2R,6S,7S,10Z)-beta-Santala-3(15),10-dien-12-ol",5281532,PREDICTED_TARGETS,Gene,TNF,7124,0.9543,30,13629
2814,Compound,"3,4-Dimethylthiophene",79089,PREDICTED_TARGETS,Gene,TNF,7124,0.9543,165,13629
2815,Compound,"(1S)-1-[(2R,4S,5R)-5-hydroxy-4-[(3S,5R,9R,10R,13S,14S,17S)-3-hydroxy-4,4,10,13,14-pentamethyl-2,3,5,6,9,11,12,15,16,17-decahydro-1H-cyclopenta[a]phenanthren-17-yl]oxolan-2-yl]-2-methylpropane-1,2-diol",101650343,PREDICTED_TARGETS,Gene,TNF,7124,0.9543,21,13629
2816,Compound,beta-Santaldiol,15276127,PREDICTED_TARGETS,Gene,TNF,7124,0.9543,864,13629
2817,Compound,Salannol,12874816,PREDICTED_TARGETS,Gene,TNF,7124,0.9543,724,13629
2818,Compound,Kutkin,131750182,PREDICTED_TARGETS,Gene,GSR,,0.9543,526,5152
2819,Compound,(Z)-Santalol,91753183,PREDICTED_TARGETS,Gene,TNF,7124,0.9543,62,13629
2820,Compound,Exo-norbicycloekasantalal,,PREDICTED_TARGETS,Gene,TNF,7124,0.9543,390,13629
2821,Compound,Tridecane,12388,PREDICTED_TARGETS,Gene,UGT1A1,54658,0.9543,779,14231
2822,Compound,"(1R,2R,5R,6S,10R,11S,12R,15R,16R,18S,19R)-6-(furan-3-yl)-11,16,18-trihydroxy-1,5,10,15-tetramethyl-13-oxapentacyclo[10.6.1.02,10.05,9.015,19]nonadec-8-en-4-one",101306757,PREDICTED_TARGETS,Gene,TNF,7124,0.9542,19,13629
2823,Compound,"[(5R,6R,7S,9R,10R,13S,17R)-6-hydroxy-17-(2-hydroxy-5-oxo-2H-furan-3-yl)-4,4,8,10,13-pentamethyl-3-oxo-5,6,7,9,11,12,16,17-octahydrocyclopenta[a]phenanthren-7-yl] acetate",184310,PREDICTED_TARGETS,Gene,TNF,7124,0.9542,811,13629
2824,Compound,Sesquisabinene,25202482,PREDICTED_TARGETS,Gene,TNF,7124,0.9542,739,13629
2825,Compound,Spathulenol,92231,PREDICTED_TARGETS,Gene,PARP1,,0.9542,745,9464
2826,Compound,Margosinolide,,PREDICTED_TARGETS,Gene,TNF,7124,0.9542,592,13629
2827,Compound,(Z)-beta-Ocimene,5320250,PREDICTED_TARGETS,Gene,TNF,7124,0.9542,64,13629
2828,Compound,Fokienol,5352449,PREDICTED_TARGETS,Gene,TNF,7124,0.9542,397,13629
2829,Compound,Nimbilin,6442484,PREDICTED_TARGETS,Gene,TNF,7124,0.9542,635,13629
2830,Compound,trans-Calamenene,6429022,PREDICTED_TARGETS,Gene,TNF,7124,0.9542,915,13629
2831,Compound,"5,7-Dihydroxy-4'-methoxy-8,3'-di-C-prenylflavanone",14492795,PREDICTED_TARGETS,Gene,TNF,7124,0.9542,192,13629
2832,Compound,Pratol,5320693,PREDICTED_TARGETS,Gene,PPARG,5468,0.9542,695,10164
2833,Compound,Isomeldenin,76316558,PREDICTED_TARGETS,Gene,TNF,7124,0.9542,498,13629
2834,Compound,Nimbolicin,14563366,PREDICTED_TARGETS,Gene,TNF,7124,0.9542,645,13629
2835,Compound,Limbonin,102276189,PREDICTED_TARGETS,Gene,TNF,7124,0.9542,562,13629
2836,Compound,beta-SANTALOL,6857681,PREDICTED_TARGETS,Gene,TNF,7124,0.9542,862,13629
2837,Compound,1-Heptanol,8129,PREDICTED_TARGETS,Gene,NFKBIA,,0.9542,81,8597
2838,Compound,Nimocinol,178770,PREDICTED_TARGETS,Gene,TNF,7124,0.9542,649,13629
2839,Compound,Azadirachtanin,102146586,PREDICTED_TARGETS,Gene,TNF,7124,0.9542,249,13629
2840,Compound,10-Hydroxy-16-hentriacontanone,22561416,PREDICTED_TARGETS,Gene,TNF,7124,0.9542,103,13629
2841,Compound,Trichilin D,101665324,PREDICTED_TARGETS,Gene,TNF,7124,0.9542,776,13629
2842,Compound,3-Methylbutanal,11552,PREDICTED_TARGETS,Gene,TNF,7124,0.9542,175,13629
2843,Compound,"dimethyl (1S,4S,5R,6S,7S,8R,11S,12R,14S,15R)-12-acetyloxy-4,7-dihydroxy-6-[(1R,2S,6S,8R,9R,11S)-2-hydroxy-11-methyl-5,7,10-trioxatetracyclo[6.3.1.02,6.09,11]dodec-3-en-9-yl]-6-methyl-14-[(E)-2-methylbut-2-enoyl]oxy-3,9-dioxatetracyclo[6.6.1.01,5.011,15]pentadecane-4,11-dicarboxylate",44584063,PREDICTED_TARGETS,Gene,TNF,7124,0.9542,885,13629
2844,Compound,2-Methoxy-4-vinylphenol,332,PREDICTED_TARGETS,Gene,TNF,7124,0.9542,140,13629
2845,Compound,Methyl 4-methoxybenzoate,8499,PREDICTED_TARGETS,Gene,TNF,7124,0.9542,606,13629
2846,Compound,alpha-trans-Bergamotenol,101352468,PREDICTED_TARGETS,Gene,TNF,7124,0.9542,839,13629
2847,Compound,"(4aS,10aR)-6,7-dimethoxy-1,1,4a-trimethyl-3,4,10,10a-tetrahydrophenanthrene-2,9-dione",189660,PREDICTED_TARGETS,Gene,TNF,7124,0.9542,39,13629
2848,Compound,Acetyldihydroalbene,21675862,PREDICTED_TARGETS,Gene,TNF,7124,0.9542,223,13629
2849,Compound,Isomargosinolide,,PREDICTED_TARGETS,Gene,TNF,7124,0.9542,497,13629
2850,Compound,1-Hexanol,8103,PREDICTED_TARGETS,Gene,CASP3,,0.9542,84,1701
2851,Compound,epi-Globulol,7308311,PREDICTED_TARGETS,Gene,TNF,7124,0.9542,888,13629
2852,Compound,alpha-Terpinene,7462,PREDICTED_TARGETS,Gene,TNF,7124,0.9542,837,13629
2853,Compound,Meldenin,101289833,PREDICTED_TARGETS,Gene,TNF,7124,0.9542,596,13629
2854,Compound,17-Hydroxyazadiradione,52951892,PREDICTED_TARGETS,Gene,TNF,7124,0.9542,111,13629
2855,Compound,"methyl (1R,9R,10S,13Z,14R)-13-ethylidene-17-methoxy-11-oxido-18-oxa-8-aza-11-azoniapentacyclo[7.6.3.110,14.01,9.02,7]nonadeca-2,4,6,11-tetraene-15-carboxylate",101636546,PREDICTED_TARGETS,Gene,TNF,7124,0.9542,903,13629
2856,Compound,(-)-beta-Curcumene,14014430,PREDICTED_TARGETS,Gene,TNF,7124,0.9542,14,13629
2857,Compound,trans-beta-Santalol,6450269,PREDICTED_TARGETS,Gene,TNF,7124,0.9542,920,13629
2858,Compound,alpha-Santalol,11085337,PREDICTED_TARGETS,Gene,TNF,7124,0.9542,834,13629
2859,Compound,(S)-4-(p-Tolyl)valeraldehyde,11816173,PREDICTED_TARGETS,Gene,TNF,7124,0.9542,56,13629
2860,Compound,Salannolactam 21,6442937,PREDICTED_TARGETS,Gene,TNF,7124,0.9542,725,13629
2861,Compound,"3,7-Dimethylocta-1,3,7-triene",5320249,PREDICTED_TARGETS,Gene,TNF,7124,0.9542,168,13629
2862,Compound,23-Epivepaol,24796982,PREDICTED_TARGETS,Gene,TNF,7124,0.9542,152,13629
2863,Compound,Galactoarabinan,24847856,PREDICTED_TARGETS,Gene,TNF,7124,0.9542,407,13629
2864,Compound,gamma-Curcumene,12304273,PREDICTED_TARGETS,Gene,TNF,7124,0.9542,891,13629
2865,Compound,Azadirol,44567142,PREDICTED_TARGETS,Gene,TNF,7124,0.9542,257,13629
2866,Compound,Methyl butyl disulfide,521941,PREDICTED_TARGETS,Gene,TNF,7124,0.9542,607,13629
2867,Compound,Azadirachtin D,6443232,PREDICTED_TARGETS,Gene,TNF,7124,0.9542,251,13629
2868,Compound,"methyl (1R,9R,11S,14Z,15R,17S,19S)-14-ethylidene-18-oxa-2,12-diazahexacyclo[9.6.1.19,15.01,9.03,8.012,17]nonadeca-3,5,7-triene-19-carboxylate",101297632,PREDICTED_TARGETS,Gene,TNF,7124,0.9542,904,13629
2869,Compound,alpha-Bergamotenol,5368743,PREDICTED_TARGETS,Gene,TNF,7124,0.9542,817,13629
2870,Compound,Melianin A,101277363,PREDICTED_TARGETS,Gene,TNF,7124,0.9542,597,13629
2871,Compound,germacrene C,25244915,PREDICTED_TARGETS,Gene,TNF,7124,0.9542,897,13629
2872,Compound,Cyclosantalal,101925674,PREDICTED_TARGETS,Gene,TNF,7124,0.9542,326,13629
2873,Compound,Margocinin,101529197,PREDICTED_TARGETS,Gene,TNF,7124,0.9542,590,13629
2874,Compound,7-Deacetoxy-7-hydroxygedunin,1885,PREDICTED_TARGETS,Gene,TNF,7124,0.9542,210,13629
2875,Compound,Cedr-8-ene,6431015,PREDICTED_TARGETS,Gene,TNF,7124,0.9542,299,13629
2876,Compound,3-(4-Methylcyclohex-3-en-1-yl)butanal,110923,PREDICTED_TARGETS,Gene,TNF,7124,0.9542,170,13629
2877,Compound,"trans-3,5-Diethyl-1,2,4-trithiolane",6432398,PREDICTED_TARGETS,Gene,TNF,7124,0.9542,914,13629
2878,Compound,Nimbionol,189704,PREDICTED_TARGETS,Gene,TNF,7124,0.9542,640,13629
2879,Compound,beta-Santalic acid,131752692,PREDICTED_TARGETS,Gene,TNF,7124,0.9542,866,13629
2880,Compound,Ricinoleic acid,643684,PREDICTED_TARGETS,Gene,IL1B,3553,0.9542,716,5953
2881,Compound,Bergamotene,521569,PREDICTED_TARGETS,Gene,TNF,7124,0.9542,270,13629
2882,Compound,Methyl kulonate,44567123,PREDICTED_TARGETS,Gene,TNF,7124,0.9542,609,13629
2883,Compound,Nuciferol,10932923,PREDICTED_TARGETS,Gene,TNF,7124,0.9542,661,13629
2884,Compound,Fraxinellone,124039,PREDICTED_TARGETS,Gene,TP53,,0.9542,399,13725
2885,Compound,Nimolinone,56841069,PREDICTED_TARGETS,Gene,TNF,7124,0.9542,652,13629
2886,Compound,1-Nonacosanol,243696,PREDICTED_TARGETS,Gene,TNF,7124,0.9542,93,13629
2887,Compound,"(4aS,10aR)-7-hydroxy-1,1,4a,6-tetramethyl-3,4,10,10a-tetrahydrophenanthrene-2,9-dione",189404,PREDICTED_TARGETS,Gene,TNF,7124,0.9542,41,13629
2888,Compound,Kulactone,15560423,PREDICTED_TARGETS,Gene,TNF,7124,0.9542,522,13629
2889,Compound,(E)-alpha-bisabolene,5315468,PREDICTED_TARGETS,Gene,TNF,7124,0.9542,52,13629
2890,Compound,Limocinol,14845542,PREDICTED_TARGETS,Gene,TNF,7124,0.9542,564,13629
2891,Compound,"13,14-Desepoxyazadirachtin A",101701146,PREDICTED_TARGETS,Gene,TNF,7124,0.9542,107,13629
2892,Compound,"Methyl 2-[6-(furan-3-yl)-7,9,11,15-tetramethyl-12,16-dioxo-3,17-dioxapentacyclo[9.6.1.02,9.04,8.015,18]octadeca-7,13-dien-10-yl]acetate",100017,PREDICTED_TARGETS,Gene,TNF,7124,0.9542,605,13629
2893,Compound,Vilasinin,102090424,PREDICTED_TARGETS,Gene,TNF,7124,0.9542,798,13629
2894,Compound,Azadirachtin F,6443385,PREDICTED_TARGETS,Gene,TNF,7124,0.9542,252,13629
2895,Compound,Nimbocinolide,13875774,PREDICTED_TARGETS,Gene,TNF,7124,0.9542,644,13629
2896,Compound,Isodihydroagarofuran,10775429,PREDICTED_TARGETS,Gene,TNF,7124,0.9542,484,13629
2897,Compound,"(S,Z)-2-Methyl-6-(p-tolyl)hept-2-en-1-ol",67178146,PREDICTED_TARGETS,Gene,TNF,7124,0.9542,60,13629
2898,Compound,Prunetin,5281804,PREDICTED_TARGETS,Gene,TP53,,0.9542,700,13725
2899,Compound,"(E)-5-((1R,3R,6S)-2,3-Dimethyltricyclo[2.2.1.02,6]heptan-3-yl)-2-methylpent-2-enal",14059042,PREDICTED_TARGETS,Gene,TNF,7124,0.9542,50,13629
2900,Compound,Mahmoodin,126566,PREDICTED_TARGETS,Gene,TNF,7124,0.9542,585,13629
2901,Compound,Azedarachin B,102586008,PREDICTED_TARGETS,Gene,TNF,7124,0.9542,261,13629
2902,Compound,alpha-Santaldiol,44583958,PREDICTED_TARGETS,Gene,TNF,7124,0.9542,832,13629
2903,Compound,2-Nonanone,13187,PREDICTED_TARGETS,Gene,TNF,7124,0.9542,143,13629
2904,Compound,alpha-Amyrin,73170,PREDICTED_TARGETS,Gene,PTGS2,,0.9542,815,10537
2905,Compound,Hexadecane,11006,PREDICTED_TARGETS,Gene,UGT1A1,54658,0.9542,466,14231
2906,Compound,Decanoic acid,2969,PREDICTED_TARGETS,Gene,IL1B,3553,0.9542,343,5953
2907,Compound,1-Cinnamoylmelianolone,13819214,PREDICTED_TARGETS,Gene,TNF,7124,0.9542,76,13629
2908,Compound,Deacetylgedunin,3034112,PREDICTED_TARGETS,Gene,TNF,7124,0.9542,340,13629
2909,Compound,"(4bS,8aS)-3,4b,8,8-tetramethyl-10-oxo-6,7,8a,9-tetrahydro-5H-phenanthrene-2-carboxylic Acid",189728,PREDICTED_TARGETS,Gene,TNF,7124,0.9542,44,13629
2910,Compound,"1,3-Diacetylvilasinin",52952013,PREDICTED_TARGETS,Gene,TNF,7124,0.9542,72,13629
2911,Compound,beta-Santalene,10889018,PREDICTED_TARGETS,Gene,TNF,7124,0.9542,865,13629
2912,Compound,Bisabolenol D,101614240,PREDICTED_TARGETS,Gene,TNF,7124,0.9542,277,13629
2913,Compound,"dimethyl (2aR,3S,4S,4aR,5S,7aS,8R,10R,10aS,10bR)-10-acetoxy-3,5-dihydroxy-4-[(1aR,2S,3aS,6aS,7S,7aS)-6a-hydroxy-7a-methyl-3a,6a,7,7a-tetrahydro-2,7-methanofuro[2,3-b]oxireno[e]oxepin-1a(2H)-yl]-4-methyl-8-{[(2E)-2-methylbut-2-enoyl]oxy}octahydro-1H-naphtho[1,8a-c:4,5-b'c']difuran-5,10a(8H)-dicarboxylate",16126804,PREDICTED_TARGETS,Gene,TNF,7124,0.9542,886,13629
2914,Compound,"4-(2-Hydroxypropan-2-yl)-1-methylcyclohexane-1,2-diol",186702,PREDICTED_TARGETS,Gene,TNF,7124,0.9542,181,13629
2915,Compound,Santene,10720,PREDICTED_TARGETS,Gene,TNF,7124,0.9542,728,13629
2916,Compound,3-Desacetylazadirachtin,6442561,PREDICTED_TARGETS,Gene,TNF,7124,0.9542,173,13629
2917,Compound,"2,4-Dimethylthiophene",34296,PREDICTED_TARGETS,Gene,TNF,7124,0.9542,125,13629
2918,Compound,Campestan-3-one,53754390,PREDICTED_TARGETS,Gene,TNF,7124,0.9542,288,13629
2919,Compound,"[(1R,2R,5R,6R,10R,11S,15R,16R,18S)-16,18-diacetyloxy-6-(furan-3-yl)-1,5,10,15-tetramethyl-13-oxapentacyclo[10.6.1.02,10.05,9.015,19]nonadec-8-en-11-yl] (E)-3-phenylprop-2-enoate",101650373,PREDICTED_TARGETS,Gene,TNF,7124,0.9542,807,13629
2920,Compound,1-Furfurylpyrrole,15037,PREDICTED_TARGETS,Gene,TNF,7124,0.9542,80,13629
2921,Compound,"Akuammine, 10-deoxy-",90479136,PREDICTED_TARGETS,Gene,TNF,7124,0.9542,228,13629
2922,Compound,Kulolactone,101289844,PREDICTED_TARGETS,Gene,TNF,7124,0.9542,524,13629
2923,Compound,Naheedin,129754,PREDICTED_TARGETS,Gene,TNF,7124,0.9542,625,13629
2924,Compound,"cis-3,5-Diethyl-1,2,4-trithiolane",6431294,PREDICTED_TARGETS,Gene,TNF,7124,0.9542,873,13629
2925,Compound,Himachalol,121536,PREDICTED_TARGETS,Gene,TNF,7124,0.9542,469,13629
2926,Compound,Phenethyl acetate,7654,PREDICTED_TARGETS,Gene,TNF,7124,0.9542,680,13629
2927,Compound,6-Deacetylnimbin,10505484,PREDICTED_TARGETS,Gene,TNF,7124,0.9542,199,13629
2928,Compound,Desacetylnimbinolide,102285346,PREDICTED_TARGETS,Gene,TNF,7124,0.9541,347,13629
2929,Compound,cis-Lanceol,6536796,PREDICTED_TARGETS,Gene,TNF,7124,0.9541,877,13629
2930,Compound,Azadirachtin,5281303,PREDICTED_TARGETS,Gene,PPARG,5468,0.9541,250,10164
2931,Compound,Scholaricine,50900051,PREDICTED_TARGETS,Gene,TNF,7124,0.9541,730,13629
2932,Compound,(-)-Cyperene,12308843,PREDICTED_TARGETS,Gene,TNF,7124,0.9541,7,13629
2933,Compound,"(4aS,10aR)-6-hydroxy-1,1,4a,7-tetramethyl-3,4,10,10a-tetrahydrophenanthrene-2,9-dione",189403,PREDICTED_TARGETS,Gene,TNF,7124,0.9541,40,13629
2934,Compound,"7-(Acetyloxy)-21-hydroxy-6-methoxy-4,4,8-trimethyl-3-oxocarda-1,14,20(22)-trienolide",188754,PREDICTED_TARGETS,Gene,TNF,7124,0.9541,208,13629
2935,Compound,beta-Sitostenone,60123241,PREDICTED_TARGETS,Gene,TNF,7124,0.9541,868,13629
2936,Compound,7-Deacetoxy-7-oxogedunin,71300386,PREDICTED_TARGETS,Gene,TNF,7124,0.9541,211,13629
2937,Compound,Echitamine chloride,10045636,PREDICTED_TARGETS,Gene,TNF,7124,0.9541,363,13629
2938,Compound,beta-Ionone,638014,PREDICTED_TARGETS,Gene,AKT1,,0.9541,855,410
2939,Compound,Bornylene,10047,PREDICTED_TARGETS,Gene,TNF,7124,0.9541,279,13629
2940,Compound,1-Dodecanol,8193,PREDICTED_TARGETS,Gene,NFE2L2,,0.9541,78,8588
2941,Compound,(Z)-alpha-Bisabolene,5352653,PREDICTED_TARGETS,Gene,TNF,7124,0.9541,63,13629
2942,Compound,alpha-Amyrenyl acetate,92842,PREDICTED_TARGETS,Gene,TNF,7124,0.9541,814,13629
2943,Compound,2-Carene,79044,PREDICTED_TARGETS,Gene,TNF,7124,0.9541,132,13629
2944,Compound,"1,2-Dioleoyl-3-palmitoylglycerol",25240174,PREDICTED_TARGETS,Gene,TNF,7124,0.9541,69,13629
2945,Compound,Nicotiflorin,5318767,PREDICTED_TARGETS,Gene,TNF,7124,0.9541,630,13629
2946,Compound,(E)-beta-ocimene,5281553,PREDICTED_TARGETS,Gene,TNF,7124,0.9541,53,13629
2947,Compound,trans-alpha-Bergamotene,6429302,PREDICTED_TARGETS,Gene,TNF,7124,0.9541,919,13629
2948,Compound,Ohchinolide B,21581584,PREDICTED_TARGETS,Gene,TNF,7124,0.9541,665,13629
2949,Compound,trans-Isolongifolanone,6427070,PREDICTED_TARGETS,Gene,TNF,7124,0.9541,916,13629
2950,Compound,Nimbosterin,6602509,PREDICTED_TARGETS,Gene,TNF,7124,0.9541,648,13629
2951,Compound,Cycloeucalenol,101690,PREDICTED_TARGETS,Gene,TNF,7124,0.9541,322,13629
2952,Compound,Lupeol acetate,92157,PREDICTED_TARGETS,Gene,TNF,7124,0.9541,580,13629
2953,Compound,Dendrolasin,5316534,PREDICTED_TARGETS,Gene,TNF,7124,0.9541,345,13629
2954,Compound,11-Hydroxyazadirachtin B,101999884,PREDICTED_TARGETS,Gene,TNF,7124,0.9541,105,13629
2955,Compound,Linalool oxide acetate (pyranoid),6427501,PREDICTED_TARGETS,Gene,TNF,7124,0.9541,568,13629
2956,Compound,Methyl propyl tetrasulphide,528709,PREDICTED_TARGETS,Gene,TNF,7124,0.9541,614,13629
2957,Compound,6beta-Hydroxystigmast-4-en-3-one,9823926,PREDICTED_TARGETS,Gene,TNF,7124,0.9541,206,13629
2958,Compound,beta-Longipinene,25203064,PREDICTED_TARGETS,Gene,TNF,7124,0.9541,856,13629
2959,Compound,Nimolinin,180429,PREDICTED_TARGETS,Gene,TNF,7124,0.9541,651,13629
2960,Compound,Sugiol,94162,PREDICTED_TARGETS,Gene,TNF,7124,0.9541,754,13629
2961,Compound,Azadirone,10906239,PREDICTED_TARGETS,Gene,TNF,7124,0.9541,259,13629
2962,Compound,2-Phenylethyl propionate,31225,PREDICTED_TARGETS,Gene,TNF,7124,0.9541,147,13629
2963,Compound,Decanal,8175,PREDICTED_TARGETS,Gene,RELA,,0.9541,341,10988
2964,Compound,Melicitrin,,PREDICTED_TARGETS,Gene,TNF,7124,0.9541,599,13629
2965,Compound,p-Cymene,7463,PREDICTED_TARGETS,Gene,ALB,213,0.9541,908,418
2966,Compound,Picraline,131636670,PREDICTED_TARGETS,Gene,TNF,7124,0.9541,686,13629
2967,Compound,Nimbinol,,PREDICTED_TARGETS,Gene,TNF,7124,0.9541,638,13629
2968,Compound,17-O-Acetylechitamine,101589338,PREDICTED_TARGETS,Gene,TNF,7124,0.9541,112,13629
2969,Compound,Azadirinin,102275331,PREDICTED_TARGETS,Gene,TNF,7124,0.9541,256,13629
2970,Compound,delta-Elemene,12309449,PREDICTED_TARGETS,Gene,TNF,7124,0.9541,883,13629
2971,Compound,Limocinin,14845550,PREDICTED_TARGETS,Gene,TNF,7124,0.9541,563,13629
2972,Compound,"6-Hydroxycyclohexa-2,4-dien-1-one",440554,PREDICTED_TARGETS,Gene,TNF,7124,0.9541,202,13629
2973,Compound,Nimbocinol,13875741,PREDICTED_TARGETS,Gene,TNF,7124,0.9541,643,13629
2974,Compound,Dipropyl disulfide,12377,PREDICTED_TARGETS,Gene,NQO1,,0.9541,352,8808
2975,Compound,Isofraxidin,5318565,PREDICTED_TARGETS,Gene,TNF,7124,0.9541,488,13629
2976,Compound,Nimolicinol,184937,PREDICTED_TARGETS,Gene,TNF,7124,0.9541,650,13629
2977,Compound,Margolonone,189726,PREDICTED_TARGETS,Gene,TNF,7124,0.9541,591,13629
2978,Compound,24-Methylenelophenol,5283640,PREDICTED_TARGETS,Gene,TNF,7124,0.9541,155,13629
2979,Compound,1-Pentanethiol,8067,PREDICTED_TARGETS,Gene,TNF,7124,0.9541,99,13629
2980,Compound,Limbocidin,102588495,PREDICTED_TARGETS,Gene,TNF,7124,0.9541,561,13629
2981,Compound,alpha-Santalene,94164,PREDICTED_TARGETS,Gene,TNF,7124,0.9541,833,13629
2982,Compound,Margocilin,101529198,PREDICTED_TARGETS,Gene,TNF,7124,0.9541,588,13629
2983,Compound,Obtusifoliol,65252,PREDICTED_TARGETS,Gene,TNF,7124,0.9541,662,13629
2984,Compound,alpha-Patchoulene,521710,PREDICTED_TARGETS,Gene,TNF,7124,0.9541,829,13629
2985,Compound,Myrtenol,10582,PREDICTED_TARGETS,Gene,TP53,,0.9541,622,13725
2986,Compound,Methyl octanoate,8091,PREDICTED_TARGETS,Gene,TNF,7124,0.9541,612,13629
2987,Compound,"19,20-(E)-Vallesamine",13783712,PREDICTED_TARGETS,Gene,TNF,7124,0.9541,115,13629
2988,Compound,melianin B,15427646,PREDICTED_TARGETS,Gene,TNF,7124,0.9541,899,13629
2989,Compound,Aromadendrene,91354,PREDICTED_TARGETS,Gene,TNF,7124,0.9541,243,13629
2990,Compound,Nootkatone,1268142,PREDICTED_TARGETS,Gene,HMOX1,,0.9541,658,5559
2991,Compound,tau-Cadinol,12302222,PREDICTED_TARGETS,Gene,TNF,7124,0.9541,912,13629
2992,Compound,Echitamidin,190982,PREDICTED_TARGETS,Gene,TNF,7124,0.9541,361,13629
2993,Compound,Nimbolin B,6443005,PREDICTED_TARGETS,Gene,TNF,7124,0.9541,646,13629
2994,Compound,Margocin,21632833,PREDICTED_TARGETS,Gene,TNF,7124,0.9541,589,13629
2995,Compound,Campest-4-en-3-one,11988279,PREDICTED_TARGETS,Gene,TNF,7124,0.9541,287,13629
2996,Compound,Bisabolenol,91747530,PREDICTED_TARGETS,Gene,TNF,7124,0.9541,276,13629
2997,Compound,1-Dodecanol,8193,PREDICTED_TARGETS,Gene,CYP2E1,,0.9541,78,2927
2998,Compound,Shikimic acid,8742,PREDICTED_TARGETS,Gene,GPT,2875,0.9541,740,5081
2999,Compound,6-Deacetylnimbinene,102285347,PREDICTED_TARGETS,Gene,TNF,7124,0.9541,200,13629
3000,Compound,Akuammidine,15558574,PREDICTED_TARGETS,Gene,TNF,7124,0.9541,226,13629
3001,Compound,Cycloeucalenone,21594790,PREDICTED_TARGETS,Gene,TNF,7124,0.9541,323,13629
3002,Compound,2-Methyltricosane,283510,PREDICTED_TARGETS,Gene,TNF,7124,0.9541,142,13629
3003,Compound,"(5R,9R,10R,13S,14S,17S)-17-[(2R,3S,5R)-5-[(2S)-3,3-dimethyloxiran-2-yl]-2-hydroxyoxolan-3-yl]-4,4,10,13,14-pentamethyl-1,2,5,6,9,11,12,15,16,17-decahydrocyclopenta[a]phenanthren-3-one",44575793,PREDICTED_TARGETS,Gene,TNF,7124,0.9541,45,13629
3004,Compound,Salimuzzalin,15840157,PREDICTED_TARGETS,Gene,TNF,7124,0.9541,727,13629
3005,Compound,Vepinin,185552,PREDICTED_TARGETS,Gene,TNF,7124,0.9541,796,13629
3006,Compound,Azadiradionol,102316535,PREDICTED_TARGETS,Gene,TNF,7124,0.9541,255,13629
3007,Compound,Losbanine,101589339,PREDICTED_TARGETS,Gene,TNF,7124,0.9541,578,13629
3008,Compound,"Echitamine, hydrochloride",3000633,PREDICTED_TARGETS,Gene,TNF,7124,0.9541,364,13629
3009,Compound,Benzyl acetate,8785,PREDICTED_TARGETS,Gene,MAPK1,,0.9541,268,7299
3010,Compound,Azedarachin A,101930511,PREDICTED_TARGETS,Gene,TNF,7124,0.9541,260,13629
3011,Compound,"5H-2-Pyrindin-6-ol, 6,7-dihydro-7-methyl-, (6R-cis)-",56842090,PREDICTED_TARGETS,Gene,TNF,7124,0.9541,196,13629
3012,Compound,"(E)-5-((1R,3R,6S)-2,3-Dimethyltricyclo[2.2.1.02,6]heptan-3-yl)-2-methylpent-2-enoic acid",14059029,PREDICTED_TARGETS,Gene,TNF,7124,0.9541,51,13629
3013,Compound,"N-[[5,8-dimethoxy-6-nitro-2-(trifluoromethyl)quinolin-4-yl]methylidene]hydroxylamine",298061,PREDICTED_TARGETS,Gene,TNF,7124,0.9541,624,13629
3014,Compound,D-Xylose,135191,PREDICTED_TARGETS,Gene,MAPK1,,0.9541,337,7299
3015,Compound,24-Methylenecycloartanone,14635659,PREDICTED_TARGETS,Gene,TNF,7124,0.9541,154,13629
3016,Compound,Umbelliferone,5281426,PREDICTED_TARGETS,Gene,PTGS2,,0.9541,784,10537
3017,Compound,3-Tigloylazadirachtin,122232601,PREDICTED_TARGETS,Gene,TNF,7124,0.9541,177,13629
3018,Compound,"(2R,3S,5R)-5-[(2S)-3,3-dimethyloxiran-2-yl]-3-[(3S,5R,9R,10R,13S,14S,17S)-3-hydroxy-4,4,10,13,14-pentamethyl-2,3,5,6,9,11,12,15,16,17-decahydro-1H-cyclopenta[a]phenanthren-17-yl]oxolan-2-ol",101289709,PREDICTED_TARGETS,Gene,TNF,7124,0.9541,28,13629
3019,Compound,alpha-Teresantalic acid,5321816,PREDICTED_TARGETS,Gene,TNF,7124,0.9541,836,13629
3020,Compound,Cyperol,14076601,PREDICTED_TARGETS,Gene,TNF,7124,0.9541,328,13629
3021,Compound,"Caryophyllan-2,6-beta-oxide",6428086,PREDICTED_TARGETS,Gene,TNF,7124,0.9541,295,13629
3022,Compound,D-Xylose,135191,PREDICTED_TARGETS,Gene,CXCL8,3576,0.9541,337,2865
3023,Compound,"(R,Z)-2-Methyl-6-(4-methylcyclohexa-1,4-dien-1-yl)hept-2-en-1-ol",91710638,PREDICTED_TARGETS,Gene,TNF,7124,0.9541,55,13629
3024,Compound,Picralinal,46229103,PREDICTED_TARGETS,Gene,TNF,7124,0.9541,685,13629
3025,Compound,"2H-Cyclopenta(b)naphtho(2,3-d)furan-10-carboxylic acid,2-(3-furanyl)-3,3a,4a,5,5a,6,9,9a,10,10a-decahydro-5,6-dihydroxy-1,6,9a,10a-tetramethyl-9-oxo-, methyl ester, (2R,3aS,4aS,5R,5aS,6R,9aR,10S,10aR)-",157277,PREDICTED_TARGETS,Gene,TNF,7124,0.9541,159,13629
3026,Compound,"methyl (10S,12R,13E,18S)-13-ethylidene-8,15-diazapentacyclo[10.5.1.01,9.02,7.010,15]octadeca-2,4,6,8-tetraene-18-carboxylate",6444325,PREDICTED_TARGETS,Gene,TNF,7124,0.9541,900,13629
3027,Compound,beta-Cyperone,10889388,PREDICTED_TARGETS,Gene,TNF,7124,0.9541,848,13629
3028,Compound,"(4bS,8aR)-2,4b,8,8-tetramethyl-7,10-dioxo-5,6,8a,9-tetrahydrophenanthrene-3-carboxylic Acid",189727,PREDICTED_TARGETS,Gene,TNF,7124,0.9541,43,13629
3029,Compound,Azadirachtin,5281303,PREDICTED_TARGETS,Gene,NOS2,,0.9541,250,8741
3030,Compound,Bulnesene,16679399,PREDICTED_TARGETS,Gene,TNF,7124,0.9541,280,13629
3031,Compound,L-(+)-Arabinose,5460291,PREDICTED_TARGETS,Gene,TNF,7124,0.9541,528,13629
3032,Compound,"methyl (12S,13R,14Z)-14-ethylidene-12-(hydroxymethyl)-1,10-diazatetracyclo[11.2.2.03,11.04,9]heptadeca-3(11),4,6,8-tetraene-12-carboxylate",129317087,PREDICTED_TARGETS,Gene,TNF,7124,0.954,901,13629
3033,Compound,Undecanal,8186,PREDICTED_TARGETS,Gene,MAPK1,,0.954,785,7299
3034,Compound,Tetrahydroalstonine,72340,PREDICTED_TARGETS,Gene,TNF,7124,0.954,767,13629
3035,Compound,Lagunamine,14706138,PREDICTED_TARGETS,Gene,TNF,7124,0.954,531,13629
3036,Compound,Colocynthin,54584209,PREDICTED_TARGETS,Gene,TNF,7124,0.954,315,13629
3037,Compound,Glycoprotein,439212,PREDICTED_TARGETS,Gene,TNF,7124,0.954,436,13629
3038,Compound,"methyl (1R,10S,12R,13E,17S,18R,19R)-13-ethylidene-17-hydroxy-16-oxa-8,15-diazahexacyclo[10.6.1.01,9.02,7.010,15.014,18]nonadeca-2,4,6,8-tetraene-19-carboxylate",101324838,PREDICTED_TARGETS,Gene,TNF,7124,0.954,902,13629
3039,Compound,Compositolide,76309326,PREDICTED_TARGETS,Gene,TNF,7124,0.954,316,13629
3040,Compound,"(1S,2S,6S,7R,8R)-1,3-dimethyl-8-propan-2-yltricyclo[4.4.0.02,7]dec-3-ene",101607926,PREDICTED_TARGETS,Gene,TNF,7124,0.954,22,13629
3041,Compound,Isocyperol,14076604,PREDICTED_TARGETS,Gene,TNF,7124,0.954,483,13629
3042,Compound,Shikimic acid,8742,PREDICTED_TARGETS,Gene,CYP1A1,,0.954,740,2902
3043,Compound,Dipropyl tetrasulfide,104285,PREDICTED_TARGETS,Gene,TNF,7124,0.954,353,13629
3044,Compound,Epi-beta-Santalene,11106484,PREDICTED_TARGETS,Gene,TNF,7124,0.954,373,13629
3045,Compound,Ethyl octanoate,7799,PREDICTED_TARGETS,Gene,TNF,7124,0.954,383,13629
3046,Compound,6-Methoxymellein,83412,PREDICTED_TARGETS,Gene,TNF,7124,0.954,203,13629
3047,Compound,Azadirachtol,23256847,PREDICTED_TARGETS,Gene,TNF,7124,0.954,253,13629
3048,Compound,Melianoninol,6438693,PREDICTED_TARGETS,Gene,TNF,7124,0.954,598,13629
3049,Compound,Tridecane,12388,PREDICTED_TARGETS,Gene,PARP1,,0.954,779,9464
3050,Compound,Isomultiflorenol,11876210,PREDICTED_TARGETS,Gene,TNF,7124,0.954,500,13629
3051,Compound,Camphene,6616,PREDICTED_TARGETS,Gene,ESR1,2099,0.954,290,4008
3052,Compound,Salannic acid,185704,PREDICTED_TARGETS,Gene,TNF,7124,0.954,722,13629
3053,Compound,Akuammicine,441976,PREDICTED_TARGETS,Gene,TNF,7124,0.954,225,13629
3054,Compound,Nimbin,108058,PREDICTED_TARGETS,Gene,NFE2L2,,0.954,636,8588
3055,Compound,Trichilin H,15966088,PREDICTED_TARGETS,Gene,TNF,7124,0.954,777,13629
3056,Compound,Camphene,6616,PREDICTED_TARGETS,Gene,ALB,213,0.954,290,418
3057,Compound,19-Epischolaricine,101587171,PREDICTED_TARGETS,Gene,TNF,7124,0.954,116,13629
3058,Compound,Cedrol,65575,PREDICTED_TARGETS,Gene,CYP1A2,,0.954,301,2903
3059,Compound,Picroside II,11944602,PREDICTED_TARGETS,Gene,CYP1A1,,0.954,688,2902
3060,Compound,Rotundene,25203405,PREDICTED_TARGETS,Gene,TNF,7124,0.954,717,13629
3061,Compound,psi-Akuammigine,119079925,PREDICTED_TARGETS,Gene,TNF,7124,0.954,911,13629
3062,Compound,cis-alpha-Bergamotene,91753502,PREDICTED_TARGETS,Gene,TNF,7124,0.954,879,13629
3063,Compound,Hentriacontane,12410,PREDICTED_TARGETS,Gene,TNF,7124,0.954,456,13629
3064,Compound,2-Hexen-1-OL,5318042,PREDICTED_TARGETS,Gene,TNF,7124,0.954,137,13629
3065,Compound,Tannic acid,16129778,PREDICTED_TARGETS,Gene,CXCL8,3576,0.954,757,2865
3066,Compound,5-Hydroxymethylfurfural,237332,PREDICTED_TARGETS,Gene,PTGS2,,0.954,193,10537
3067,Compound,Zingiberene,92776,PREDICTED_TARGETS,Gene,PARP1,,0.954,805,9464
3068,Compound,Echitamine,11953926,PREDICTED_TARGETS,Gene,TNF,7124,0.954,362,13629
3069,Compound,Lupiwighteone,5317480,PREDICTED_TARGETS,Gene,NFE2L2,,0.954,581,8588
3070,Compound,Isorotundene,91753591,PREDICTED_TARGETS,Gene,TNF,7124,0.954,508,13629
3071,Compound,Widdrol,94334,PREDICTED_TARGETS,Gene,TNF,7124,0.954,801,13629
3072,Compound,T-Muurolol,3084331,PREDICTED_TARGETS,Gene,TNF,7124,0.954,756,13629
3073,Compound,(S)-cis-Verbenol,87839,PREDICTED_TARGETS,Gene,TNF,7124,0.954,58,13629
3074,Compound,alpha1-Sitosterol,9548595,PREDICTED_TARGETS,Gene,TNF,7124,0.954,840,13629
3075,Compound,beta-Thujene,520384,PREDICTED_TARGETS,Gene,TNF,7124,0.954,872,13629
3076,Compound,trans-Verbenol,89664,PREDICTED_TARGETS,Gene,TNF,7124,0.954,918,13629
3077,Compound,Hexadecane,11006,PREDICTED_TARGETS,Gene,PARP1,,0.954,466,9464
3078,Compound,Isolongifolen-5-one,600416,PREDICTED_TARGETS,Gene,TNF,7124,0.954,496,13629
3079,Compound,(+)-gamma-Gurjunene,15560285,PREDICTED_TARGETS,Gene,TNF,7124,0.954,5,13629
3080,Compound,Aureusidin,5281220,PREDICTED_TARGETS,Gene,TP53,,0.954,248,13725
3081,Compound,"(9R,10R,13S,14S,17R)-17-[(2R)-2-[(1R,2S)-1,3-dihydroxy-2-methylpropyl]-2,3-dihydrofuran-4-yl]-4,4,10,13,14-pentamethyl-1,2,5,6,9,11,12,15,16,17-decahydrocyclopenta[a]phenanthren-3-one",184503,PREDICTED_TARGETS,Gene,TNF,7124,0.954,47,13629
3082,Compound,"(1S,6S,8S)-1,5-dimethyl-8-propan-2-yltricyclo[4.4.0.02,7]dec-4-en-3-one",102316377,PREDICTED_TARGETS,Gene,TNF,7124,0.954,23,13629
3083,Compound,Cucurbitadienol,14543446,PREDICTED_TARGETS,Gene,TNF,7124,0.954,320,13629
3084,Compound,Pinene,,PREDICTED_TARGETS,Gene,TNF,7124,0.9539,690,13629
3085,Compound,Bornyl acetate,6448,PREDICTED_TARGETS,Gene,TNF,7124,0.9539,278,13629
3086,Compound,Nimbosone,177090,PREDICTED_TARGETS,Gene,TNF,7124,0.9539,647,13629
3087,Compound,Cyclosativene,519960,PREDICTED_TARGETS,Gene,TNF,7124,0.9539,327,13629
3088,Compound,Valeranone,171455,PREDICTED_TARGETS,Gene,TNF,7124,0.9539,791,13629
3089,Compound,"2-[(2R,8R,8aS)-8,8a-dimethyl-1,2,3,4,6,7,8,8a-octahydronaphthalen-2-yl]propan-2-ol",9859337,PREDICTED_TARGETS,Gene,TNF,7124,0.9539,150,13629
3090,Compound,Humulene epoxide II,10704181,PREDICTED_TARGETS,Gene,TNF,7124,0.9539,473,13629
3091,Compound,"1-Isopropyl-4,7-dimethyl-1,3,4,5,6,8a-hexahydro-4a(2H)-naphthalenol",519857,PREDICTED_TARGETS,Gene,TNF,7124,0.9539,85,13629
3092,Compound,Cedrelanol,160799,PREDICTED_TARGETS,Gene,TNF,7124,0.9539,300,13629
3093,Compound,Hexacosane,12407,PREDICTED_TARGETS,Gene,TNF,7124,0.9539,463,13629
3094,Compound,beta-Rotunol,5321005,PREDICTED_TARGETS,Gene,TNF,7124,0.9539,861,13629
3095,Compound,Tubotaiwine,13783720,PREDICTED_TARGETS,Gene,TNF,7124,0.9539,783,13629
3096,Compound,Isomustakone,91748747,PREDICTED_TARGETS,Gene,TNF,7124,0.9539,501,13629
3097,Compound,Substance B,433154,PREDICTED_TARGETS,Gene,TNF,7124,0.9539,751,13629
3098,Compound,"8-Isopropyl-2,5-dimethyl-1,2,3,4-tetrahydronaphthalene",518975,PREDICTED_TARGETS,Gene,TNF,7124,0.9539,218,13629
3099,Compound,"(4E,7E)-1,5,9,9-Tetramethyl-12-oxabicyclo[9.1.0]dodeca-4,7-diene",22559443,PREDICTED_TARGETS,Gene,TNF,7124,0.9539,38,13629
3100,Compound,"angustilobine B, (rac)-",13891905,PREDICTED_TARGETS,Gene,TNF,7124,0.9539,841,13629
3101,Compound,Citronellol,8842,PREDICTED_TARGETS,Gene,CASP9,,0.9539,313,1707
3102,Compound,(1R)-2-methyl-5-propan-2-ylbicyclo[3.1.0]hex-2-ene,6451618,PREDICTED_TARGETS,Gene,TNF,7124,0.9539,18,13629
3103,Compound,Viridiflorol,11996452,PREDICTED_TARGETS,Gene,TNF,7124,0.9539,799,13629
3104,Compound,Calamenene,6429077,PREDICTED_TARGETS,Gene,TNF,7124,0.9539,285,13629
3105,Compound,Methyl salicylate,4133,PREDICTED_TARGETS,Gene,CASP3,,0.9539,615,1701
3106,Compound,(-)-alpha-Himachalene,11830551,PREDICTED_TARGETS,Gene,TNF,7124,0.9539,12,13629
3107,Compound,beta-Cubebene,93081,PREDICTED_TARGETS,Gene,TNF,7124,0.9539,847,13629
3108,Compound,"(6R)-1a-methyl-4-methylidene-6-propan-2-yl-1b,2,3,5,5a,6a-hexahydro-1H-cyclopropa[a]inden-6-ol",6431225,PREDICTED_TARGETS,Gene,TNF,7124,0.9539,46,13629
3109,Compound,(+)-alpha-Cadinene,12306048,PREDICTED_TARGETS,Gene,TNF,7124,0.9539,2,13629
3110,Compound,Dillapiol,10231,PREDICTED_TARGETS,Gene,TNF,7124,0.9539,351,13629
3111,Compound,(-)-alpha-Cadinol,6431302,PREDICTED_TARGETS,Gene,TNF,7124,0.9539,11,13629
3112,Compound,Valerenal,6440942,PREDICTED_TARGETS,Gene,TNF,7124,0.9539,792,13629
3113,Compound,Copaene,19725,PREDICTED_TARGETS,Gene,TNF,7124,0.9539,317,13629
3114,Compound,Guaiol,227829,PREDICTED_TARGETS,Gene,TNF,7124,0.9539,450,13629
3115,Compound,"Selina-3,11-dien-6alpha-ol",91746575,PREDICTED_TARGETS,Gene,TNF,7124,0.9539,734,13629
3116,Compound,"(4aS,6R,8aS)-4a-hydroxy-4,8a-dimethyl-6-prop-1-en-2-yl-5,6,7,8-tetrahydro-1H-naphthalen-2-one",11651583,PREDICTED_TARGETS,Gene,TNF,7124,0.9539,42,13629
3117,Compound,Elemol,92138,PREDICTED_TARGETS,Gene,TNF,7124,0.9539,368,13629
3118,Compound,Rotundone,5321003,PREDICTED_TARGETS,Gene,TNF,7124,0.9539,718,13629
3119,Compound,(-)-Carvomenthone,6432474,PREDICTED_TARGETS,Gene,TNF,7124,0.9539,6,13629
3120,Compound,delta-Guaiene,94275,PREDICTED_TARGETS,Gene,TNF,7124,0.9539,884,13629
3121,Compound,Fenchone,14525,PREDICTED_TARGETS,Gene,EGFR,1956,0.9539,393,3738
3122,Compound,Ledol,92812,PREDICTED_TARGETS,Gene,TNF,7124,0.9539,533,13629
3123,Compound,"1-Methyl-5-methylidene-9-propan-2-yltricyclo[4.4.0.02,8]dec-3-ene",91748745,PREDICTED_TARGETS,Gene,TNF,7124,0.9539,91,13629
3124,Compound,(Z)-Hex-2-enyl acetate,5363374,PREDICTED_TARGETS,Gene,TNF,7124,0.9539,61,13629
3125,Compound,Thujopsadiene,6428961,PREDICTED_TARGETS,Gene,TNF,7124,0.9539,771,13629
3126,Compound,"(3aS,4R,7R)-1,4,9,9-Tetramethyl-5,6,7,8-tetrahydro-4H-3a,7-methanoazulene",74819450,PREDICTED_TARGETS,Gene,TNF,7124,0.9539,37,13629
3127,Compound,Cedrol,65575,PREDICTED_TARGETS,Gene,ALB,213,0.9539,301,418
3128,Compound,"Limonene oxide, cis-(-)-",6452061,PREDICTED_TARGETS,Gene,TNF,7124,0.9539,566,13629
3129,Compound,beta-Selinene,442393,PREDICTED_TARGETS,Gene,TNF,7124,0.9539,867,13629
3130,Compound,(+)-gamma-Cadinene,6432404,PREDICTED_TARGETS,Gene,TNF,7124,0.9539,4,13629
3131,Compound,Cyprotene,91715050,PREDICTED_TARGETS,Gene,TNF,7124,0.9539,331,13629
3132,Compound,epi-Cubebol,91753433,PREDICTED_TARGETS,Gene,TNF,7124,0.9539,887,13629
3133,Compound,Cyperotundone,12308615,PREDICTED_TARGETS,Gene,TNF,7124,0.9539,330,13629
3134,Compound,14-Hydroxy-9-epi-beta-Caryophyllene,91747230,PREDICTED_TARGETS,Gene,TNF,7124,0.9539,108,13629
3135,Compound,"(2E,4E)-3,7-dimethylocta-2,4,6-trienal",11126441,PREDICTED_TARGETS,Gene,TNF,7124,0.9539,27,13629
3136,Compound,1-Methyl-4-(prop-1-en-2-yl)benzene,62385,PREDICTED_TARGETS,Gene,TNF,7124,0.9539,90,13629
3137,Compound,(-)-beta-Bourbonene,62566,PREDICTED_TARGETS,Gene,TNF,7124,0.9539,13,13629
3138,Compound,beta-Gurjunene,6450812,PREDICTED_TARGETS,Gene,TNF,7124,0.9539,854,13629
3139,Compound,Linalyl acetate,8294,PREDICTED_TARGETS,Gene,PPARG,5468,0.9539,569,10164
3140,Compound,Isopatchoulenone,12308616,PREDICTED_TARGETS,Gene,TNF,7124,0.9538,504,13629
3141,Compound,Calamenone,91747434,PREDICTED_TARGETS,Gene,TNF,7124,0.9538,286,13629
3142,Compound,Shikimic acid,8742,PREDICTED_TARGETS,Gene,HMOX1,,0.9538,740,5559
3143,Compound,7-Methoxycoumarin,10748,PREDICTED_TARGETS,Gene,PPARG,5468,0.9538,215,10164
3144,Compound,delta-Cadinol,3084311,PREDICTED_TARGETS,Gene,TNF,7124,0.9538,882,13629
3145,Compound,Linolenic acid,5280934,PREDICTED_TARGETS,Gene,CASP3,,0.9538,571,1701
3146,Compound,"Cyclohexene, 4-methyl-1-(1-methylethyl)-",10369,PREDICTED_TARGETS,Gene,TNF,7124,0.9538,325,13629
3147,Compound,"p-Mentha-1,5-dien-8-ol",519323,PREDICTED_TARGETS,Gene,TNF,7124,0.9538,909,13629
3148,Compound,alpha-Cyperone,6452086,PREDICTED_TARGETS,Gene,TNF,7124,0.9538,823,13629
3149,Compound,Sugetriol triacetate,101625871,PREDICTED_TARGETS,Gene,TNF,7124,0.9538,753,13629
3150,Compound,"(1r,3s,5r)-6,6-Dimethyl-2-methylidenebicyclo[3.1.1]heptan-3-ol",88302,PREDICTED_TARGETS,Gene,TNF,7124,0.9538,24,13629
3151,Compound,Patchoulenone,5320424,PREDICTED_TARGETS,Gene,TNF,7124,0.9538,674,13629
3152,Compound,"(2R,4aS)-4a,8-Dimethyl-2-(prop-1-en-2-yl)-1,2,3,4,4a,5-hexahydronaphthalene",73015594,PREDICTED_TARGETS,Gene,TNF,7124,0.9538,29,13629
3153,Compound,(-)-cis-Carveol,330573,PREDICTED_TARGETS,Gene,TNF,7124,0.9538,15,13629
3154,Compound,Picroside II,11944602,PREDICTED_TARGETS,Gene,HMOX1,,0.9538,688,5559
3155,Compound,Valencene,9855795,PREDICTED_TARGETS,Gene,TNF,7124,0.9538,790,13629
3156,Compound,Licuroside,6475724,PREDICTED_TARGETS,Gene,TNF,7124,0.9538,560,13629
3157,Compound,alpha-Muurolol,91753440,PREDICTED_TARGETS,Gene,TNF,7124,0.9538,828,13629
3158,Compound,Aristolone,165536,PREDICTED_TARGETS,Gene,TNF,7124,0.9538,240,13629
3159,Compound,Cyperolone,5316283,PREDICTED_TARGETS,Gene,TNF,7124,0.9538,329,13629
3160,Compound,Benzyl acetate,8785,PREDICTED_TARGETS,Gene,CXCL8,3576,0.9538,268,2865
3161,Compound,3-Pinanone,11038,PREDICTED_TARGETS,Gene,TNF,7124,0.9538,176,13629
3162,Compound,1-Isopropyl-4-methylenebicyclo[3.1.0]hex-2-ene,524198,PREDICTED_TARGETS,Gene,TNF,7124,0.9538,86,13629
3163,Compound,Terflavin D,101587737,PREDICTED_TARGETS,Gene,TNF,7124,0.9538,762,13629
3164,Compound,arjunglucoside I,14658050,PREDICTED_TARGETS,Gene,TNF,7124,0.9538,842,13629
3165,Compound,Zizanene,12306046,PREDICTED_TARGETS,Gene,TNF,7124,0.9538,806,13629
3166,Compound,Terchebin,3084341,PREDICTED_TARGETS,Gene,TNF,7124,0.9538,758,13629
3167,Compound,Aromadendrin,122850,PREDICTED_TARGETS,Gene,NFE2L2,,0.9538,244,8588
3168,Compound,Leucopelargonidin tetramer,102115508,PREDICTED_TARGETS,Gene,TNF,7124,0.9538,536,13629
3169,Compound,Pinocarvone,121719,PREDICTED_TARGETS,Gene,TNF,7124,0.9538,691,13629
3170,Compound,Isopinocamphone,84532,PREDICTED_TARGETS,Gene,TNF,7124,0.9538,505,13629
3171,Compound,Caswell No. 264AB,442359,PREDICTED_TARGETS,Gene,TNF,7124,0.9538,297,13629
3172,Compound,Eudesm-7(11)-en-4-ol,6432454,PREDICTED_TARGETS,Gene,TNF,7124,0.9538,388,13629
3173,Compound,"3,3',4,5'-Tetrahydroxy-4',5-diprenylbibenzyl",10362492,PREDICTED_TARGETS,Gene,TNF,7124,0.9538,161,13629
3174,Compound,alpha-Muurolene,12306047,PREDICTED_TARGETS,Gene,TNF,7124,0.9538,827,13629
3175,Compound,alpha-Cedrene epoxide,122510,PREDICTED_TARGETS,Gene,TNF,7124,0.9538,820,13629
3176,Compound,alpha-Gurjunene,15560276,PREDICTED_TARGETS,Gene,TNF,7124,0.9538,826,13629
3177,Compound,alpha-Bergamotene,86608,PREDICTED_TARGETS,Gene,TNF,7124,0.9538,816,13629
3178,Compound,gamma-Terpinene,7461,PREDICTED_TARGETS,Gene,PPARG,5468,0.9538,896,10164
3179,Compound,alpha-Calacorene,12302243,PREDICTED_TARGETS,Gene,TNF,7124,0.9538,818,13629
3180,Compound,Heptacosane,11636,PREDICTED_TARGETS,Gene,TNF,7124,0.9538,458,13629
3181,Compound,alpha-Guaiene,5317844,PREDICTED_TARGETS,Gene,TNF,7124,0.9538,825,13629
3182,Compound,4-Isopropylbenzyl alcohol,325,PREDICTED_TARGETS,Gene,UGT1A1,54658,0.9538,187,14231
3183,Compound,alpha-Campholenal,1252759,PREDICTED_TARGETS,Gene,TNF,7124,0.9538,819,13629
3184,Compound,Leucodelphidin,440835,PREDICTED_TARGETS,Gene,TNF,7124,0.9538,534,13629
3185,Compound,1-Octadecene,8217,PREDICTED_TARGETS,Gene,TNF,7124,0.9538,95,13629
3186,Compound,"(12R,15R,32S,33R)-4,5,6,14,20,21,22,25,26,27,38,39,40,43,44,55-hexadecahydroxy-2,10,13,16,31,34,46,53-octaoxaundecacyclo[46.7.1.03,8.012,33.015,32.018,23.024,29.036,41.042,51.045,50.049,54]hexapentaconta-1(55),3,5,7,18,20,22,24,26,28,36,38,40,42,44,48(56),49(54),50-octadecaene-9,17,30,35,47,52-hexone",16175790,PREDICTED_TARGETS,Gene,TNF,7124,0.9538,17,13629
3187,Compound,Bellericoside,101425822,PREDICTED_TARGETS,Gene,TNF,7124,0.9538,264,13629
3188,Compound,2-Acetyl-5-methylfuran,14514,PREDICTED_TARGETS,Gene,TNF,7124,0.9537,129,13629
3189,Compound,"6,10,14-Trimethylpentadecan-2-one",10408,PREDICTED_TARGETS,Gene,TNF,7124,0.9537,197,13629
3190,Compound,Prunetin,5281804,PREDICTED_TARGETS,Gene,UGT1A1,54658,0.9537,700,14231
3191,Compound,Hyperoside,5281643,PREDICTED_TARGETS,Gene,PTGS2,,0.9537,477,10537
3192,Compound,alpha-Selinene,10856614,PREDICTED_TARGETS,Gene,TNF,7124,0.9537,835,13629
3193,Compound,Methyl linolenate,5319706,PREDICTED_TARGETS,Gene,TNF,7124,0.9537,611,13629
3194,Compound,26-Methylheptacosanoic acid,5282610,PREDICTED_TARGETS,Gene,TNF,7124,0.9537,156,13629
3195,Compound,"1,2,3,4,5,6,7,8-Octahydro-1,4-dimethyl-7-(1-methylethylidene)azulene monoepoxide",92288133,PREDICTED_TARGETS,Gene,TNF,7124,0.9537,67,13629
3196,Compound,Glycyrin,480787,PREDICTED_TARGETS,Gene,BCL2,,0.9537,438,1234
3197,Compound,Cabreuva oxide B,15677814,PREDICTED_TARGETS,Gene,TNF,7124,0.9537,283,13629
3198,Compound,Kobusone,6710676,PREDICTED_TARGETS,Gene,TNF,7124,0.9537,521,13629
3199,Compound,Methylenedioxybenzoyl ethyl PABA,785868,PREDICTED_TARGETS,Gene,TNF,7124,0.9537,616,13629
3200,Compound,Punicalin,44567214,PREDICTED_TARGETS,Gene,TNF,7124,0.9537,704,13629
3201,Compound,Hentriacontan-2-one,182185,PREDICTED_TARGETS,Gene,TNF,7124,0.9537,455,13629
3202,Compound,Hentriacontan-16-ol,9548843,PREDICTED_TARGETS,Gene,TNF,7124,0.9537,454,13629
3203,Compound,Fucosterol,5281326,PREDICTED_TARGETS,Gene,TNF,7124,0.9537,400,13629
3204,Compound,Isoglycyrol,124050,PREDICTED_TARGETS,Gene,TNF,7124,0.9537,491,13629
3205,Compound,Barbaloin,12305761,PREDICTED_TARGETS,Gene,TNF,7124,0.9537,263,13629
3206,Compound,"3,4-Dihydro-2-(4-hydroxyphenyl)-2h-1-benzopyran-3,4,7,8-tetrol",5317352,PREDICTED_TARGETS,Gene,TNF,7124,0.9537,163,13629
3207,Compound,2'-Methoxyacetophenone,68481,PREDICTED_TARGETS,Gene,TNF,7124,0.9537,120,13629
3208,Compound,terflavin A,16175788,PREDICTED_TARGETS,Gene,TNF,7124,0.9537,913,13629
3209,Compound,Tricosane,12534,PREDICTED_TARGETS,Gene,TNF,7124,0.9537,778,13629
3210,Compound,Sennoside A,73111,PREDICTED_TARGETS,Gene,NOS2,,0.9537,736,8741
3211,Compound,Humulene epoxyde,5463721,PREDICTED_TARGETS,Gene,TNF,7124,0.9537,474,13629
3212,Compound,Fenchone,14525,PREDICTED_TARGETS,Gene,GSK3B,2932,0.9537,393,5148
3213,Compound,Ellagitannin,101601927,PREDICTED_TARGETS,Gene,TNF,7124,0.9537,370,13629
3214,Compound,Nootkatone,1268142,PREDICTED_TARGETS,Gene,CASP8,841,0.9537,658,1705
3215,Compound,Ethyl butyrate,7762,PREDICTED_TARGETS,Gene,TNF,7124,0.9537,378,13629
3216,Compound,Asperglaucide,10026486,PREDICTED_TARGETS,Gene,TNF,7124,0.9537,246,13629
3217,Compound,"1,4-Dihydroxy-6,7-dimethoxy-3-methyl-9,10-dioxoanthracene-2-carboxylic acid",53438729,PREDICTED_TARGETS,Gene,TNF,7124,0.9537,73,13629
3218,Compound,(-)-trans-Carveol,94221,PREDICTED_TARGETS,Gene,TNF,7124,0.9537,16,13629
3219,Compound,Furfuryl propionate,61166,PREDICTED_TARGETS,Gene,TNF,7124,0.9537,406,13629
3220,Compound,"2,3-Butanediol",262,PREDICTED_TARGETS,Gene,CASP8,841,0.9537,123,1705
3221,Compound,p-Xylene,7809,PREDICTED_TARGETS,Gene,CASP9,,0.9537,910,1707
3222,Compound,Licoagrodione,10360893,PREDICTED_TARGETS,Gene,TNF,7124,0.9537,540,13629
3223,Compound,Nerol,643820,PREDICTED_TARGETS,Gene,TNF,7124,0.9537,628,13629
3224,Compound,2-Ethyl-6-methylpyrazine,26332,PREDICTED_TARGETS,Gene,TNF,7124,0.9537,133,13629
3225,Compound,Gancaonin I,480777,PREDICTED_TARGETS,Gene,TNF,7124,0.9537,412,13629
3226,Compound,"2,4-Difurfurylfuran",53423642,PREDICTED_TARGETS,Gene,TNF,7124,0.9537,124,13629
3227,Compound,Terflavin B,14886031,PREDICTED_TARGETS,Gene,TNF,7124,0.9537,760,13629
3228,Compound,Terflavin C,101589227,PREDICTED_TARGETS,Gene,TNF,7124,0.9537,761,13629
3229,Compound,Isoliquiritin,5318591,PREDICTED_TARGETS,Gene,TNF,7124,0.9537,495,13629
3230,Compound,beta-Glucogallin,124021,PREDICTED_TARGETS,Gene,TNF,7124,0.9537,853,13629
3231,Compound,"1-(5-Methyl-2-furanyl)-1,2-propanedione",70968,PREDICTED_TARGETS,Gene,TNF,7124,0.9537,74,13629
3232,Compound,Tannic acid,16129778,PREDICTED_TARGETS,Gene,MAPK3,,0.9537,757,7305
3233,Compound,4-(2-Aminopropyl)phenol,3651,PREDICTED_TARGETS,Gene,TNF,7124,0.9537,180,13629
3234,Compound,Licoarylcoumarin,10090416,PREDICTED_TARGETS,Gene,TNF,7124,0.9537,544,13629
3235,Compound,Flavanone,10251,PREDICTED_TARGETS,Gene,MAPK1,,0.9537,395,7299
3236,Compound,"(2S,4aS,6aR,6aS,6bR,8aR,9S,10S,12aS,14bR)-10-hydroxy-9-(hydroxymethyl)-2,4a,6a,6b,9,12a-hexamethyl-13-oxo-3,4,5,6,6a,7,8,8a,10,11,12,14b-dodecahydro-1H-picene-2-carboxylic acid",101280182,PREDICTED_TARGETS,Gene,TNF,7124,0.9537,36,13629
3237,Compound,Galactomannan,439336,PREDICTED_TARGETS,Gene,TNF,7124,0.9537,408,13629
3238,Compound,2-Pentylfuran,19602,PREDICTED_TARGETS,Gene,TNF,7124,0.9537,144,13629
3239,Compound,"[(2S,3R,4S,5S,6R)-3,4,5-trihydroxy-6-(hydroxymethyl)oxan-2-yl] (4aS,6aR,6aS,6bR,8R,8aR,9S,10R,11R,12aR,14bS)-8,10,11-trihydroxy-9-(hydroxymethyl)-2,2,6a,6b,9,12a-hexamethyl-1,3,4,5,6,6a,7,8,8a,10,11,12,13,14b-tetradecahydropicene-4a-carboxylate",102005082,PREDICTED_TARGETS,Gene,TNF,7124,0.9537,808,13629
3240,Compound,Pentagalloylglucose,65238,PREDICTED_TARGETS,Gene,AKT1,,0.9537,678,410
3241,Compound,2-Tridecanone,11622,PREDICTED_TARGETS,Gene,TNF,7124,0.9537,148,13629
3242,Compound,Arjungenin,12444386,PREDICTED_TARGETS,Gene,TNF,7124,0.9537,241,13629
3243,Compound,2-Heptadecanone,18027,PREDICTED_TARGETS,Gene,TNF,7124,0.9537,136,13629
3244,Compound,Docosyl caffeate,5316952,PREDICTED_TARGETS,Gene,TNF,7124,0.9537,357,13629
3245,Compound,Licoflavone B,11349817,PREDICTED_TARGETS,Gene,TNF,7124,0.9537,551,13629
3246,Compound,Glyinflanin B,480799,PREDICTED_TARGETS,Gene,TNF,7124,0.9537,443,13629
3247,Compound,Glyzaglabrin,5317777,PREDICTED_TARGETS,Gene,TNF,7124,0.9537,447,13629
3248,Compound,Kaempferol-3-O-glucorhamnoside,13915496,PREDICTED_TARGETS,Gene,TNF,7124,0.9537,512,13629
3249,Compound,(-)-Epiafzelechin,443639,PREDICTED_TARGETS,Gene,TNF,7124,0.9537,8,13629
3250,Compound,"(2S,4aS,6aR,6aS,6bR,8aR,10S,12aS,14bR)-10,14b-dihydroxy-2,4a,6a,6b,9,9,12a-heptamethyl-13-oxo-1,3,4,5,6,6a,7,8,8a,10,11,12-dodecahydropicene-2-carboxylic acid",101280181,PREDICTED_TARGETS,Gene,TNF,7124,0.9536,35,13629
3251,Compound,Physcion,10639,PREDICTED_TARGETS,Gene,NOS2,,0.9536,683,8741
3252,Compound,Pentadecanoic acid,13849,PREDICTED_TARGETS,Gene,TNF,7124,0.9536,677,13629
3253,Compound,p-Xylene,7809,PREDICTED_TARGETS,Gene,PPARG,5468,0.9536,910,10164
3254,Compound,2-Acetylpyrrole,14079,PREDICTED_TARGETS,Gene,TNF,7124,0.9536,131,13629
3255,Compound,Ethyl linolenate,5367460,PREDICTED_TARGETS,Gene,TNF,7124,0.9536,382,13629
3256,Compound,28-Hydroxyglycyrrhetic acid,76064992,PREDICTED_TARGETS,Gene,TNF,7124,0.9536,158,13629
3257,Compound,Glabrene,480774,PREDICTED_TARGETS,Gene,TNF,7124,0.9536,420,13629
3258,Compound,Glyyunnansapogenin B,131752021,PREDICTED_TARGETS,Gene,TNF,7124,0.9536,446,13629
3259,Compound,"Bicyclo[7.2.0]undecan-5-ol, 10,10-dimethyl-2,6-bis(methylene)-",527418,PREDICTED_TARGETS,Gene,TNF,7124,0.9536,274,13629
3260,Compound,Leucopelargonidin,3286789,PREDICTED_TARGETS,Gene,TNF,7124,0.9536,535,13629
3261,Compound,Spathulenol,92231,PREDICTED_TARGETS,Gene,CYP3A4,,0.9536,745,2935
3262,Compound,"(9Z)-(12S,13R)-12,13-Epoxyoctadecenoic acid",6449780,PREDICTED_TARGETS,Gene,TNF,7124,0.9536,48,13629
3263,Compound,Soyasaponin I,122097,PREDICTED_TARGETS,Gene,CYP1A2,,0.9536,744,2903
3264,Compound,Glucoliquiritin,46869260,PREDICTED_TARGETS,Gene,TNF,7124,0.9536,430,13629
3265,Compound,Ononin,442813,PREDICTED_TARGETS,Gene,NOS2,,0.9536,668,8741
3266,Compound,Triacontane,12535,PREDICTED_TARGETS,Gene,TNF,7124,0.9536,774,13629
3267,Compound,Glabric acid,46173993,PREDICTED_TARGETS,Gene,TNF,7124,0.9536,421,13629
3268,Compound,Hydroxywighteone,5378945,PREDICTED_TARGETS,Gene,TNF,7124,0.9536,476,13629
3269,Compound,Heptacosanoic acid,23524,PREDICTED_TARGETS,Gene,TNF,7124,0.9536,459,13629
3270,Compound,"(2S,4S,5R,6R)-5-[(2S,3R,4S,5R,6R)-3-[(2S,3R,5R,6S)-3,5-dihydroxy-6-methyloxan-2-yl]oxy-4,5-dihydroxy-6-(hydroxymethyl)oxan-2-yl]oxy-3,4-dihydroxy-6-[[9-hydroxy-4-(hydroxymethyl)-4,6a,6b,8a,11,11,14b-heptamethyl-1,2,3,4a,5,6,7,8,9,10,12,12a,14,14a-tetradecahydropicen-2-yl]oxy]oxane-2-carboxylic acid",5321411,PREDICTED_TARGETS,Gene,TNF,7124,0.9536,34,13629
3271,Compound,1-Hexacosanol,68171,PREDICTED_TARGETS,Gene,CXCL8,3576,0.9536,82,2865
3272,Compound,"6-[(11-carboxy-4,4,6a,6b,8a,11,14b-heptamethyl-14-oxo-2,3,4a,5,6,7,8,9,10,12,12a,14a-dodecahydro-1H-picen-3-yl)oxy]-3,4-dihydroxy-5-(3,4,5-trihydroxyoxan-2-yl)oxyoxane-2-carboxylic acid",195342,PREDICTED_TARGETS,Gene,TNF,7124,0.9536,205,13629
3273,Compound,3-Deacetylsalannin,14458886,PREDICTED_TARGETS,Gene,CYP1A2,,0.9536,172,2903
3274,Compound,Kutkin,131750182,PREDICTED_TARGETS,Gene,PARP1,,0.9536,526,9464
3275,Compound,Kanzonol U,10542808,PREDICTED_TARGETS,Gene,TNF,7124,0.9536,516,13629
3276,Compound,Hentriacontanoic acid,37982,PREDICTED_TARGETS,Gene,TNF,7124,0.9536,457,13629
3277,Compound,30-Hydroxy-11-oxo-beta-amyrin,12310283,PREDICTED_TARGETS,Gene,TNF,7124,0.9536,178,13629
3278,Compound,Ambrettolide,5365703,PREDICTED_TARGETS,Gene,TNF,7124,0.9536,231,13629
3279,Compound,1-Methylpyrrole-2-carboxaldehyde,14504,PREDICTED_TARGETS,Gene,TNF,7124,0.9536,92,13629
3280,Compound,4'-O-Methylglabridin,5319664,PREDICTED_TARGETS,Gene,TNF,7124,0.9536,179,13629
3281,Compound,1-Eicosene,18936,PREDICTED_TARGETS,Gene,TNF,7124,0.9536,79,13629
3282,Compound,"7,4'-Dihydroxyflavan",158280,PREDICTED_TARGETS,Gene,TNF,7124,0.9536,207,13629
3283,Compound,"[(7S,8S)-7-hydroxy-5,6,7,8-tetrahydro-3H-pyrrolizin-1-yl]methyl 2-hydroxy-2-[(1S)-1-hydroxyethyl]-3-methylbutanoate",10197,PREDICTED_TARGETS,Gene,TNF,7124,0.9536,812,13629
3284,Compound,21alpha-Hydroxyisoglabrolide,101280184,PREDICTED_TARGETS,Gene,TNF,7124,0.9536,151,13629
3285,Compound,Gancaonin R,480815,PREDICTED_TARGETS,Gene,TNF,7124,0.9536,413,13629
3286,Compound,4-Vinylphenol,62453,PREDICTED_TARGETS,Gene,BAX,,0.9536,190,1202
3287,Compound,Liquiritigenin 7-beta-D-glucopyranoside,51666248,PREDICTED_TARGETS,Gene,TNF,7124,0.9536,574,13629
3288,Compound,"Liquiritigenin-7,4'-diglucoside",,PREDICTED_TARGETS,Gene,TNF,7124,0.9536,575,13629
3289,Compound,"alpha,beta-Dihydro-3,5,4'-trihydroxy-5'-isopentenylstilbene",10990178,PREDICTED_TARGETS,Gene,TNF,7124,0.9536,813,13629
3290,Compound,Isoflavan,500472,PREDICTED_TARGETS,Gene,TNF,7124,0.9536,486,13629
3291,Compound,Estragole,8815,PREDICTED_TARGETS,Gene,AKT1,,0.9536,376,410
3292,Compound,Furfuryl butyrate,61167,PREDICTED_TARGETS,Gene,TNF,7124,0.9536,404,13629
3293,Compound,Kanzonol T,101999902,PREDICTED_TARGETS,Gene,TNF,7124,0.9536,515,13629
3294,Compound,Kanzonol V,102444980,PREDICTED_TARGETS,Gene,TNF,7124,0.9536,517,13629
3295,Compound,Cinnamic acid,444539,PREDICTED_TARGETS,Gene,PTGS2,,0.9536,310,10537
3296,Compound,3'-Methoxyglabradin,15228663,PREDICTED_TARGETS,Gene,TNF,7124,0.9536,160,13629
3297,Compound,Butyric anhydride,7798,PREDICTED_TARGETS,Gene,TNF,7124,0.9536,282,13629
3298,Compound,2'-Hydroxyacetophenone,8375,PREDICTED_TARGETS,Gene,TNF,7124,0.9536,119,13629
3299,Compound,Physcion,10639,PREDICTED_TARGETS,Gene,PPARG,5468,0.9536,683,10164
3300,Compound,"Pyrazine, 1,4-dioxide",520103,PREDICTED_TARGETS,Gene,TNF,7124,0.9536,706,13629
3301,Compound,Phlobaphene,,PREDICTED_TARGETS,Gene,TNF,7124,0.9536,681,13629
3302,Compound,Ammonium glycyrrhizate,62074,PREDICTED_TARGETS,Gene,TNF,7124,0.9536,232,13629
3303,Compound,"(2S)-2-[4-[(2S,3R,4S,5S,6R)-3-[(2R,3S,4S)-3,4-dihydroxy-4-(hydroxymethyl)oxolan-2-yl]oxy-4,5-dihydroxy-6-(hydroxymethyl)oxan-2-yl]oxyphenyl]-7-hydroxy-2,3-dihydrochromen-4-one",46232263,PREDICTED_TARGETS,Gene,TNF,7124,0.9536,31,13629
3304,Compound,Isoglycycoumarin,14187587,PREDICTED_TARGETS,Gene,TNF,7124,0.9536,490,13629
3305,Compound,2-Acetylfuran,14505,PREDICTED_TARGETS,Gene,TNF,7124,0.9536,130,13629
3306,Compound,Camphor,2537,PREDICTED_TARGETS,Gene,IL1B,3553,0.9536,292,5953
3307,Compound,Pentacosane,12406,PREDICTED_TARGETS,Gene,TNF,7124,0.9536,675,13629
3308,Compound,"1,2-Heptanediol",77302,PREDICTED_TARGETS,Gene,TNF,7124,0.9536,70,13629
3309,Compound,Chebulinic acid,72284,PREDICTED_TARGETS,Gene,RELA,,0.9536,305,10988
3310,Compound,"3,5-Dimethylstyrene",21476,PREDICTED_TARGETS,Gene,TNF,7124,0.9536,167,13629
3311,Compound,Glabrolide,90479675,PREDICTED_TARGETS,Gene,TNF,7124,0.9536,427,13629
3312,Compound,Hexanoic acid,8892,PREDICTED_TARGETS,Gene,BCL2,,0.9536,468,1234
3313,Compound,Xambioona,14769500,PREDICTED_TARGETS,Gene,TNF,7124,0.9536,803,13629
3314,Compound,1-Tetradecene,14260,PREDICTED_TARGETS,Gene,TNF,7124,0.9536,100,13629
3315,Compound,Tetracosanoic acid,11197,PREDICTED_TARGETS,Gene,TP53,,0.9536,764,13725
3316,Compound,Glabroisoflavanone A,11221431,PREDICTED_TARGETS,Gene,TNF,7124,0.9536,424,13629
3317,Compound,Punicalagin,44567213,PREDICTED_TARGETS,Gene,TNF,7124,0.9535,703,13629
3318,Compound,Kumatakenin,5318869,PREDICTED_TARGETS,Gene,TNF,7124,0.9535,525,13629
3319,Compound,Picroside II,11944602,PREDICTED_TARGETS,Gene,NFKBIA,,0.9535,688,8597
3320,Compound,gamma-Caprolactone,12756,PREDICTED_TARGETS,Gene,TNF,7124,0.9535,890,13629
3321,Compound,Isomucronulatol,602152,PREDICTED_TARGETS,Gene,TNF,7124,0.9535,499,13629
3322,Compound,"3-(3,4-Dihydroxyphenyl)-5,7-dihydroxy-6,8-bis(3-methylbut-2-enyl)chroman-4-one",487089,PREDICTED_TARGETS,Gene,TNF,7124,0.9535,169,13629
3323,Compound,"(1R,3S,4R,7R,9S,12S,13R,17S,19R,20R,22S)-9-hydroxy-3,4,8,8,12,19,22-heptamethyl-14-oxo-23-oxahexacyclo[18.2.1.03,16.04,13.07,12.017,22]tricos-15-ene-19-carboxylic acid",101280179,PREDICTED_TARGETS,Gene,TNF,7124,0.9535,20,13629
3324,Compound,Hispaglabridin B,15228661,PREDICTED_TARGETS,Gene,TNF,7124,0.9535,471,13629
3325,Compound,Hexadecan-2-one,29251,PREDICTED_TARGETS,Gene,TNF,7124,0.9535,464,13629
3326,Compound,Uralsaponin B,163744,PREDICTED_TARGETS,Gene,TNF,7124,0.9535,788,13629
3327,Compound,1-Pentadecanol,12397,PREDICTED_TARGETS,Gene,TNF,7124,0.9535,98,13629
3328,Compound,Pulegone,442495,PREDICTED_TARGETS,Gene,TNF,7124,0.9535,702,13629
3329,Compound,Wighteone,5281814,PREDICTED_TARGETS,Gene,TNF,7124,0.9535,802,13629
3330,Compound,Farnesylacetone,1711945,PREDICTED_TARGETS,Gene,TNF,7124,0.9535,392,13629
3331,Compound,Abssinone II,7330517,PREDICTED_TARGETS,Gene,TNF,7124,0.9535,220,13629
3332,Compound,Piperitenone,381152,PREDICTED_TARGETS,Gene,TNF,7124,0.9535,693,13629
3333,Compound,7-Acetoxy-2-methylisoflavone,268208,PREDICTED_TARGETS,Gene,TNF,7124,0.9535,209,13629
3334,Compound,Heneicosane,12403,PREDICTED_TARGETS,Gene,TNF,7124,0.9535,453,13629
3335,Compound,2-Furylacetone,228583,PREDICTED_TARGETS,Gene,TNF,7124,0.9535,135,13629
3336,Compound,3-Hydroxyglabrol,480854,PREDICTED_TARGETS,Gene,TNF,7124,0.9535,174,13629
3337,Compound,Neoisoliquiritin,22524410,PREDICTED_TARGETS,Gene,TNF,7124,0.9535,627,13629
3338,Compound,Licoisoflavanone,392443,PREDICTED_TARGETS,Gene,TNF,7124,0.9535,553,13629
3339,Compound,Sterculic acid,12921,PREDICTED_TARGETS,Gene,TNF,7124,0.9535,748,13629
3340,Compound,Sennoside B,91440,PREDICTED_TARGETS,Gene,TNF,7124,0.9535,737,13629
3341,Compound,(+)-Vestitol,177149,PREDICTED_TARGETS,Gene,TNF,7124,0.9535,1,13629
3342,Compound,11-Deoxoglycyrrhetinic acid,12305517,PREDICTED_TARGETS,Gene,TNF,7124,0.9535,104,13629
3343,Compound,Malvalic acid,10416,PREDICTED_TARGETS,Gene,TNF,7124,0.9535,587,13629
3344,Compound,"5-[2-[4-Hydroxy-3-(3-methylbut-2-enyl)phenyl]ethyl]-2-(3-methylbut-2-enyl)benzene-1,3-diol",637247,PREDICTED_TARGETS,Gene,TNF,7124,0.9535,195,13629
3345,Compound,Licoagroside B,22297602,PREDICTED_TARGETS,Gene,TNF,7124,0.9535,543,13629
3346,Compound,Isokobusone,3860435,PREDICTED_TARGETS,Gene,MTOR,2475,0.9535,492,8080
3347,Compound,Hispaglabridin A,442774,PREDICTED_TARGETS,Gene,TNF,7124,0.9535,470,13629
3348,Compound,Triterpenoid,451674,PREDICTED_TARGETS,Gene,CASP3,,0.9535,781,1701
3349,Compound,Glabroisoflavanone B,11405466,PREDICTED_TARGETS,Gene,TNF,7124,0.9535,425,13629
3350,Compound,Undecanoic acid,8180,PREDICTED_TARGETS,Gene,CXCL8,3576,0.9535,787,2865
3351,Compound,1-Hexacosanol,68171,PREDICTED_TARGETS,Gene,MAPK3,,0.9535,82,7305
3352,Compound,1-Methoxyficifolinol,480872,PREDICTED_TARGETS,Gene,TNF,7124,0.9535,87,13629
3353,Compound,Isoglabrolide,15559941,PREDICTED_TARGETS,Gene,TNF,7124,0.9535,489,13629
3354,Compound,7-Hydroxy-2-methyl-3-phenyl-4H-chromen-4-one,5380976,PREDICTED_TARGETS,Gene,TNF,7124,0.9535,213,13629
3355,Compound,"8(26),14(27)-Onoceradiene-3beta,21alpha-diol",42608308,PREDICTED_TARGETS,Gene,TNF,7124,0.9535,217,13629
3356,Compound,Glyinflanin G,15233561,PREDICTED_TARGETS,Gene,TNF,7124,0.9535,444,13629
3357,Compound,Phaseollinisoflavan,162412,PREDICTED_TARGETS,Gene,TNF,7124,0.9535,679,13629
3358,Compound,cis-beta-Farnesene,5317319,PREDICTED_TARGETS,Gene,TNF,7124,0.9535,880,13629
3359,Compound,Paratocarpin B,42607541,PREDICTED_TARGETS,Gene,TNF,7124,0.9535,673,13629
3360,Compound,Licoisoflavone A,5281789,PREDICTED_TARGETS,Gene,TNF,7124,0.9535,554,13629
3361,Compound,Glyinflanin H,15233562,PREDICTED_TARGETS,Gene,TNF,7124,0.9535,445,13629
3362,Compound,Clitorin,11592917,PREDICTED_TARGETS,Gene,TNF,7124,0.9535,314,13629
3363,Compound,"3,3',5'-Trihydroxy-4-methoxy-5-prenylbibenzyl",11023938,PREDICTED_TARGETS,Gene,TNF,7124,0.9535,162,13629
3364,Compound,1-Methoxyphaseollidin,480873,PREDICTED_TARGETS,Gene,TNF,7124,0.9535,88,13629
3365,Compound,Kanzonol B,10881804,PREDICTED_TARGETS,Gene,TNF,7124,0.9535,513,13629
3366,Compound,Hydroxyacetone,8299,PREDICTED_TARGETS,Gene,TNF,7124,0.9535,475,13629
3367,Compound,Glycyrrhisoflavanone,5317762,PREDICTED_TARGETS,Gene,TNF,7124,0.9535,440,13629
3368,Compound,alpha-Glycyrrhizin,158471,PREDICTED_TARGETS,Gene,TNF,7124,0.9535,824,13629
3369,Compound,Ethyl linoleate,5282184,PREDICTED_TARGETS,Gene,TNF,7124,0.9535,381,13629
3370,Compound,Aromadendrin,122850,PREDICTED_TARGETS,Gene,CYP2E1,,0.9535,244,2927
3371,Compound,5-Methylfurfural,12097,PREDICTED_TARGETS,Gene,TNF,7124,0.9535,194,13629
3372,Compound,4-Isopropylbenzyl alcohol,325,PREDICTED_TARGETS,Gene,GSR,,0.9535,187,5152
3373,Compound,"7-methoxy-3-[4-[(2S,3R,4S,5S,6R)-3,4,5-trihydroxy-6-(hydroxymethyl)oxan-2-yl]oxyphenyl]chromen-4-one",5318619,PREDICTED_TARGETS,Gene,TNF,7124,0.9535,216,13629
3374,Compound,Glycyrrhisoflavone,5317764,PREDICTED_TARGETS,Gene,TNF,7124,0.9535,441,13629
3375,Compound,Licochalcone C,9840805,PREDICTED_TARGETS,Gene,TNF,7124,0.9535,546,13629
3376,Compound,Kanzonol R,131753027,PREDICTED_TARGETS,Gene,TNF,7124,0.9535,514,13629
3377,Compound,Licoagroside A,73357140,PREDICTED_TARGETS,Gene,TNF,7124,0.9535,542,13629
3378,Compound,Glychionide A,11597485,PREDICTED_TARGETS,Gene,TNF,7124,0.9535,434,13629
3379,Compound,Licoflavonol,5481964,PREDICTED_TARGETS,Gene,TNF,7124,0.9535,552,13629
3380,Compound,gamma-Heptalactone,7742,PREDICTED_TARGETS,Gene,TNF,7124,0.9535,893,13629
3381,Compound,2-Hexenal,5281168,PREDICTED_TARGETS,Gene,BCL2,,0.9535,138,1234
3382,Compound,Semilicoisoflavone B,5481948,PREDICTED_TARGETS,Gene,TNF,7124,0.9535,735,13629
3383,Compound,1-Hexadecene,12395,PREDICTED_TARGETS,Gene,TNF,7124,0.9535,83,13629
3384,Compound,Glyzarin,44257206,PREDICTED_TARGETS,Gene,TNF,7124,0.9535,448,13629
3385,Compound,Licoricone,5319013,PREDICTED_TARGETS,Gene,TNF,7124,0.9535,558,13629
3386,Compound,Lupiwighteone,5317480,PREDICTED_TARGETS,Gene,TP53,,0.9535,581,13725
3387,Compound,Furfuryl formate,556916,PREDICTED_TARGETS,Gene,TNF,7124,0.9535,405,13629
3388,Compound,2-Acetyl-1-furfurylpyrrole,20560368,PREDICTED_TARGETS,Gene,TNF,7124,0.9535,128,13629
3389,Compound,Podophyllin,11979494,PREDICTED_TARGETS,Gene,TNF,7124,0.9535,694,13629
3390,Compound,Licoriphenone,21591149,PREDICTED_TARGETS,Gene,TNF,7124,0.9535,559,13629
3391,Compound,Dodecanal,8194,PREDICTED_TARGETS,Gene,TNF,7124,0.9535,358,13629
3392,Compound,(S)-8-Prenylphaseollinisoflavan,15228660,PREDICTED_TARGETS,Gene,TNF,7124,0.9534,57,13629
3393,Compound,beta-Amyrin,73145,PREDICTED_TARGETS,Gene,CYP1A2,,0.9534,843,2903
3394,Compound,Licochalcone a,5318998,PREDICTED_TARGETS,Gene,IL6,,0.9534,547,5991
3395,Compound,Glucoliquiritin apioside,74819335,PREDICTED_TARGETS,Gene,TNF,7124,0.9534,431,13629
3396,Compound,Nonacosanoic acid,20245,PREDICTED_TARGETS,Gene,TNF,7124,0.9534,654,13629
3397,Compound,Spathulenol,92231,PREDICTED_TARGETS,Gene,CCL2,,0.9534,745,1821
3398,Compound,Sclareol,163263,PREDICTED_TARGETS,Gene,BAX,,0.9534,731,1202
3399,Compound,Kanzonol Y,10001604,PREDICTED_TARGETS,Gene,TNF,7124,0.9534,520,13629
3400,Compound,Eicosanyl caffeate,5320238,PREDICTED_TARGETS,Gene,TNF,7124,0.9534,366,13629
3401,Compound,Deacetylazadirachtinol,21725521,PREDICTED_TARGETS,Gene,CAT,847,0.9534,339,1715
3402,Compound,Furfural,7362,PREDICTED_TARGETS,Gene,TNF,7124,0.9534,401,13629
3403,Compound,Diacetone alcohol,31256,PREDICTED_TARGETS,Gene,TNF,7124,0.9534,348,13629
3404,Compound,Hederasaponine C [French],3037108,PREDICTED_TARGETS,Gene,TNF,7124,0.9534,451,13629
3405,Compound,Licoagrocarpin,15840593,PREDICTED_TARGETS,Gene,TNF,7124,0.9534,538,13629
3406,Compound,Glyasperin D,480860,PREDICTED_TARGETS,Gene,MAPK3,,0.9534,432,7305
3407,Compound,Medicarpin,336327,PREDICTED_TARGETS,Gene,TNF,7124,0.9534,594,13629
3408,Compound,2-Phenylbutanoate,3881907,PREDICTED_TARGETS,Gene,TNF,7124,0.9534,145,13629
3409,Compound,Maslinic acid,73659,PREDICTED_TARGETS,Gene,IL1B,3553,0.9534,593,5953
3410,Compound,7-Methoxy-2-methyl-3-phenyl-4H-chromen-4-one,354368,PREDICTED_TARGETS,Gene,TNF,7124,0.9534,214,13629
3411,Compound,Apioglycyrrhizin,195343,PREDICTED_TARGETS,Gene,TNF,7124,0.9534,238,13629
3412,Compound,Furfuryl acetate,12170,PREDICTED_TARGETS,Gene,TNF,7124,0.9534,402,13629
3413,Compound,Hemileiocarpin,629440,PREDICTED_TARGETS,Gene,TNF,7124,0.9534,452,13629
3414,Compound,Deoxoglabrolide,101280183,PREDICTED_TARGETS,Gene,TNF,7124,0.9534,346,13629
3415,Compound,"2,3,5-Trimethylpyrazine",26808,PREDICTED_TARGETS,Gene,TNF,7124,0.9534,122,13629
3416,Compound,Syringic acid,10742,PREDICTED_TARGETS,Gene,NOS2,,0.9534,755,8741
3417,Compound,gamma-Octalactone,7704,PREDICTED_TARGETS,Gene,TNF,7124,0.9534,895,13629
3418,Compound,"(2S,3S,4S,5R,6R)-6-[[(3S,4S,4aR,6aR,6bS,8aR,9R,12aS,14aR,14bR)-9-hydroxy-4-(hydroxymethyl)-4,6a,6b,8a,11,11,14b-heptamethyl-1,2,3,4a,5,6,7,8,9,10,12,12a,14,14a-tetradecahydropicen-3-yl]oxy]-5-[(2S,3R,4S,5S)-4,5-dihydroxy-3-[(2S,3R,4R,5R,6S)-3,4,5-trihydroxy-6-methyloxan-2-yl]oxyoxan-2-yl]oxy-3,4-dihydroxyoxane-2-carboxylic acid",443614,PREDICTED_TARGETS,Gene,CYP1A2,,0.9534,33,2903
3419,Compound,N-Acetylpyrrole,521947,PREDICTED_TARGETS,Gene,TNF,7124,0.9534,623,13629
3420,Compound,"2,6-Dimethylpyrazine",7938,PREDICTED_TARGETS,Gene,TNF,7124,0.9534,126,13629
3421,Compound,Prunetin,5281804,PREDICTED_TARGETS,Gene,CYP1A2,,0.9534,700,2903
3422,Compound,Isonimolicinolide,,PREDICTED_TARGETS,Gene,CAT,847,0.9534,503,1715
3423,Compound,1-Heptanol,8129,PREDICTED_TARGETS,Gene,CYP1A1,,0.9534,81,2902
3424,Compound,"Cyclohexane, 1-methoxy-4-(1-methylethyl)-",23594959,PREDICTED_TARGETS,Gene,TNF,7124,0.9534,324,13629
3425,Compound,Glabranin,124049,PREDICTED_TARGETS,Gene,PARP1,,0.9534,419,9464
3426,Compound,Licocoumarone,503731,PREDICTED_TARGETS,Gene,NOS2,,0.9534,548,8741
3427,Compound,1-Undecanol,8184,PREDICTED_TARGETS,Gene,TNF,7124,0.9534,102,13629
3428,Compound,Azedarachin C,10348330,PREDICTED_TARGETS,Gene,CAT,847,0.9534,262,1715
3429,Compound,(R)-Lavandulol,5464156,PREDICTED_TARGETS,Gene,TNF,7124,0.9534,54,13629
3430,Compound,Esculetin,5281416,PREDICTED_TARGETS,Gene,PTGS2,,0.9534,375,10537
3431,Compound,Pterocarpan,6451349,PREDICTED_TARGETS,Gene,TNF,7124,0.9534,701,13629
3432,Compound,Azadirolic acid,102316534,PREDICTED_TARGETS,Gene,CAT,847,0.9534,258,1715
3433,Compound,Glabrocoumarin,11427657,PREDICTED_TARGETS,Gene,TNF,7124,0.9534,423,13629
3434,Compound,Fraxinellone,124039,PREDICTED_TARGETS,Gene,CYP1A2,,0.9534,399,2903
3435,Compound,Difurfuryl ether,263034,PREDICTED_TARGETS,Gene,TNF,7124,0.9533,350,13629
3436,Compound,11beta-Azadirachtin H,76327056,PREDICTED_TARGETS,Gene,CAT,847,0.9533,106,1715
3437,Compound,2-Methyl-2-pentenal,5319754,PREDICTED_TARGETS,Gene,CAT,847,0.9533,141,1715
3438,Compound,Isonimbinolide,14136864,PREDICTED_TARGETS,Gene,CAT,847,0.9533,502,1715
3439,Compound,17-epi-17-Hydroxyazadiradione,52951894,PREDICTED_TARGETS,Gene,CAT,847,0.9533,113,1715
3440,Compound,Liqcoumarin,11378967,PREDICTED_TARGETS,Gene,TNF,7124,0.9533,572,13629
3441,Compound,Ethyl acetate,8857,PREDICTED_TARGETS,Gene,TP53,,0.9533,377,13725
3442,Compound,Germacrene B,5281519,PREDICTED_TARGETS,Gene,CAT,847,0.9533,417,1715
3443,Compound,Arjunolic acid,73641,PREDICTED_TARGETS,Gene,CCND1,595,0.9533,242,1846
3444,Compound,"2',3'-Dehydrosalannol",91886694,PREDICTED_TARGETS,Gene,CAT,847,0.9533,117,1715
3445,Compound,Maltol,8369,PREDICTED_TARGETS,Gene,NOS2,,0.9533,586,8741
3446,Compound,Vepaol,21725519,PREDICTED_TARGETS,Gene,CAT,847,0.9533,795,1715
3447,Compound,Liquiritigenin,114829,PREDICTED_TARGETS,Gene,CASP9,,0.9533,573,1707
3448,Compound,Nimbionone,189706,PREDICTED_TARGETS,Gene,CAT,847,0.9533,641,1715
3449,Compound,Nimbiol,11119228,PREDICTED_TARGETS,Gene,CAT,847,0.9533,639,1715
3450,Compound,beta-Patchoulene,101731,PREDICTED_TARGETS,Gene,NFE2L2,,0.9533,859,8588
3451,Compound,Nimbanal,14194023,PREDICTED_TARGETS,Gene,CAT,847,0.9533,633,1715
3452,Compound,Isoelemicin,5318557,PREDICTED_TARGETS,Gene,CXCL8,3576,0.9533,485,2865
3453,Compound,Dipropyl trisulfide,22383,PREDICTED_TARGETS,Gene,CAT,847,0.9533,354,1715
3454,Compound,Picroside I,6440892,PREDICTED_TARGETS,Gene,CAT,847,0.9533,687,1715
3455,Compound,Kulinone,44567124,PREDICTED_TARGETS,Gene,CAT,847,0.9533,523,1715
3456,Compound,"2,3-Butanediol",262,PREDICTED_TARGETS,Gene,NFE2L2,,0.9533,123,8588
3457,Compound,(E)-2-methyl-5-(2-methyl-3-methylidene-2-bicyclo[2.2.1]heptanyl)pent-2-en-1-ol,5368798,PREDICTED_TARGETS,Gene,CAT,847,0.9533,49,1715
3458,Compound,Nimbinene,44715635,PREDICTED_TARGETS,Gene,CAT,847,0.9533,637,1715
3459,Compound,Glabridin,124052,PREDICTED_TARGETS,Gene,CXCL8,3576,0.9533,422,2865
3460,Compound,17-Epiazadiradione,12308716,PREDICTED_TARGETS,Gene,CAT,847,0.9533,110,1715
3461,Compound,7-Deacetyl-7-benzoylgedunin,52952112,PREDICTED_TARGETS,Gene,CAT,847,0.9533,212,1715
3462,Compound,1-Octanol,957,PREDICTED_TARGETS,Gene,BAX,,0.9533,96,1202
3463,Compound,"[(5R,6R,7S,9R,10R,13S,17R)-6-hydroxy-17-(2-hydroxy-5-oxo-2H-furan-3-yl)-4,4,8,10,13-pentamethyl-3-oxo-5,6,7,9,11,12,16,17-octahydrocyclopenta[a]phenanthren-7-yl] acetate",184310,PREDICTED_TARGETS,Gene,CAT,847,0.9533,811,1715
3464,Compound,Isoazadirolide,101425842,PREDICTED_TARGETS,Gene,CAT,847,0.9533,481,1715
3465,Compound,4alpha-Methylfecosterol,193524,PREDICTED_TARGETS,Gene,CAT,847,0.9533,191,1715
3466,Compound,Kutkin,131750182,PREDICTED_TARGETS,Gene,CYP3A4,,0.9533,526,2935
3467,Compound,L-Rhamnose,25310,PREDICTED_TARGETS,Gene,AKT1,,0.9533,530,410
3468,Compound,Nimbochalcin,,PREDICTED_TARGETS,Gene,CAT,847,0.9533,642,1715
3469,Compound,"[(4R,5R,6S,7S,8R,11R,12R,14S,15S)-12-acetyloxy-4,7-dihydroxy-6-[(1R,2S,6S,9R,11S)-2-hydroxy-11-methyl-5,7,10-trioxatetracyclo[6.3.1.02,6.09,11]dodec-3-en-9-yl]-6,11-dimethyl-3,9-dioxatetracyclo[6.6.1.01,5.011,15]pentadecan-14-yl] (E)-2-methylbut-2-enoate",6442369,PREDICTED_TARGETS,Gene,CAT,847,0.9533,809,1715
3470,Compound,"3,4-Dimethylthiophene",79089,PREDICTED_TARGETS,Gene,CAT,847,0.9533,165,1715
3471,Compound,6-Acetylnimbandiol,52952216,PREDICTED_TARGETS,Gene,CAT,847,0.9533,198,1715
3472,Compound,Picroside III,24121289,PREDICTED_TARGETS,Gene,CAT,847,0.9533,689,1715
3473,Compound,"(1S)-1-[(2R,4S,5R)-5-hydroxy-4-[(3S,5R,9R,10R,13S,14S,17S)-3-hydroxy-4,4,10,13,14-pentamethyl-2,3,5,6,9,11,12,15,16,17-decahydro-1H-cyclopenta[a]phenanthren-17-yl]oxolan-2-yl]-2-methylpropane-1,2-diol",101650343,PREDICTED_TARGETS,Gene,CAT,847,0.9533,21,1715
3474,Compound,Salannol,12874816,PREDICTED_TARGETS,Gene,CAT,847,0.9532,724,1715
3475,Compound,Limbonin,102276189,PREDICTED_TARGETS,Gene,CAT,847,0.9532,562,1715
3476,Compound,"5,7-Dihydroxy-4'-methoxy-8,3'-di-C-prenylflavanone",14492795,PREDICTED_TARGETS,Gene,CAT,847,0.9532,192,1715
3477,Compound,Caryophyllene oxide,1742210,PREDICTED_TARGETS,Gene,NOS2,,0.9532,296,8741
3478,Compound,Methyl palmitate,8181,PREDICTED_TARGETS,Gene,NFE2L2,,0.9532,613,8588
3479,Compound,"[(4S,5R,6R,11R,12R,15S,16R,17Z)-17-(2,2-dihydroxyethylidene)-5-hydroxy-3,7,7,11,15-pentamethyl-8,18-dioxo-19-oxapentacyclo[14.3.1.02,15.03,12.06,11]icosa-1,9-dien-4-yl] acetate",6442906,PREDICTED_TARGETS,Gene,CAT,847,0.9532,810,1715
3480,Compound,L-Arabinose,439195,PREDICTED_TARGETS,Gene,CAT,847,0.9532,529,1715
3481,Compound,"(1R,2R,5R,6S,10R,11S,12R,15R,16R,18S,19R)-6-(furan-3-yl)-11,16,18-trihydroxy-1,5,10,15-tetramethyl-13-oxapentacyclo[10.6.1.02,10.05,9.015,19]nonadec-8-en-4-one",101306757,PREDICTED_TARGETS,Gene,CAT,847,0.9532,19,1715
3482,Compound,Margosinolide,,PREDICTED_TARGETS,Gene,CAT,847,0.9532,592,1715
3483,Compound,3-Deacetylsalannin,14458886,PREDICTED_TARGETS,Gene,GSR,,0.9532,172,5152
3484,Compound,Kutkosid,129011779,PREDICTED_TARGETS,Gene,CAT,847,0.9532,527,1715
3485,Compound,"2,3-Butanediol",262,PREDICTED_TARGETS,Gene,CYP2E1,,0.9532,123,2927
3486,Compound,17-Hydroxyazadiradione,52951892,PREDICTED_TARGETS,Gene,CAT,847,0.9532,111,1715
3487,Compound,beta-Sitosterol,222284,PREDICTED_TARGETS,Gene,EGFR,1956,0.9532,869,3738
3488,Compound,Nimbilin,6442484,PREDICTED_TARGETS,Gene,CAT,847,0.9532,635,1715
3489,Compound,Sclareol,163263,PREDICTED_TARGETS,Gene,PTGS2,,0.9532,731,10537
3490,Compound,"dimethyl (1S,4S,5R,6S,7S,8R,11S,12R,14S,15R)-12-acetyloxy-4,7-dihydroxy-6-[(1R,2S,6S,8R,9R,11S)-2-hydroxy-11-methyl-5,7,10-trioxatetracyclo[6.3.1.02,6.09,11]dodec-3-en-9-yl]-6-methyl-14-[(E)-2-methylbut-2-enoyl]oxy-3,9-dioxatetracyclo[6.6.1.01,5.011,15]pentadecane-4,11-dicarboxylate",44584063,PREDICTED_TARGETS,Gene,CAT,847,0.9532,885,1715
3491,Compound,Isomeldenin,76316558,PREDICTED_TARGETS,Gene,CAT,847,0.9532,498,1715
3492,Compound,23-Epivepaol,24796982,PREDICTED_TARGETS,Gene,CAT,847,0.9532,152,1715
3493,Compound,Meldenin,101289833,PREDICTED_TARGETS,Gene,CAT,847,0.9532,596,1715
3494,Compound,Trichilin D,101665324,PREDICTED_TARGETS,Gene,CAT,847,0.9532,776,1715
3495,Compound,Licoisoflavone B,5481234,PREDICTED_TARGETS,Gene,CYP1A2,,0.9532,555,2903
3496,Compound,Nimbionol,189704,PREDICTED_TARGETS,Gene,CAT,847,0.9532,640,1715
3497,Compound,Spathulenol,92231,PREDICTED_TARGETS,Gene,TGFB1,,0.9532,745,13305
3498,Compound,cis-3-Hexen-1-ol,5281167,PREDICTED_TARGETS,Gene,PTGS2,,0.9532,874,10537
3499,Compound,Nimbolicin,14563366,PREDICTED_TARGETS,Gene,CAT,847,0.9532,645,1715
3500,Compound,beta-Oplopenone,14038847,PREDICTED_TARGETS,Gene,CAT,847,0.9532,858,1715
3501,Compound,Arjunolic acid,73641,PREDICTED_TARGETS,Gene,GPT,2875,0.9532,242,5081
3502,Compound,Santenone,,PREDICTED_TARGETS,Gene,CAT,847,0.9532,729,1715
3503,Compound,Limocinol,14845542,PREDICTED_TARGETS,Gene,CAT,847,0.9532,564,1715
3504,Compound,Nimocinol,178770,PREDICTED_TARGETS,Gene,CAT,847,0.9532,649,1715
3505,Compound,Cuparene,86895,PREDICTED_TARGETS,Gene,CAT,847,0.9532,321,1715
3506,Compound,Myrcene,31253,PREDICTED_TARGETS,Gene,ESR1,2099,0.9532,618,4008
3507,Compound,Isomargosinolide,,PREDICTED_TARGETS,Gene,CAT,847,0.9532,497,1715
3508,Compound,(Z)-gamma-Curcumen-12-ol,91747459,PREDICTED_TARGETS,Gene,CAT,847,0.9532,65,1715
3509,Compound,"2',4'-Dihydroxyacetophenone",6990,PREDICTED_TARGETS,Gene,PARP1,,0.9532,118,9464
3510,Compound,"(2E)-2-methyl-6-[(1S)-4-methylcyclohex-3-en-1-yl]hepta-2,6-dien-1-ol",15560069,PREDICTED_TARGETS,Gene,CAT,847,0.9532,26,1715
3511,Compound,Bicyclogermacrene,13894537,PREDICTED_TARGETS,Gene,CAT,847,0.9532,275,1715
3512,Compound,Zingiberene,92776,PREDICTED_TARGETS,Gene,CCL2,,0.9532,805,1821
3513,Compound,1-Heptanol,8129,PREDICTED_TARGETS,Gene,HMOX1,,0.9532,81,5559
3514,Compound,Azadirachtin F,6443385,PREDICTED_TARGETS,Gene,CAT,847,0.9532,252,1715
3515,Compound,Azadirachtanin,102146586,PREDICTED_TARGETS,Gene,CAT,847,0.9532,249,1715
3516,Compound,Melianin A,101277363,PREDICTED_TARGETS,Gene,CAT,847,0.9532,597,1715
3517,Compound,Margocinin,101529197,PREDICTED_TARGETS,Gene,CAT,847,0.9532,590,1715
3518,Compound,"(4aS,10aR)-6,7-dimethoxy-1,1,4a-trimethyl-3,4,10,10a-tetrahydrophenanthrene-2,9-dione",189660,PREDICTED_TARGETS,Gene,CAT,847,0.9532,39,1715
3519,Compound,Benzyl salicylate,8363,PREDICTED_TARGETS,Gene,CYP2E1,,0.9532,269,2927
3520,Compound,"Campherene-2,13-diol",42608198,PREDICTED_TARGETS,Gene,CAT,847,0.9532,291,1715
3521,Compound,7-Deacetoxy-7-hydroxygedunin,1885,PREDICTED_TARGETS,Gene,CAT,847,0.9532,210,1715
3522,Compound,Methyl kulonate,44567123,PREDICTED_TARGETS,Gene,CAT,847,0.9532,609,1715
3523,Compound,Tannic acid,16129778,PREDICTED_TARGETS,Gene,MAPK1,,0.9532,757,7299
3524,Compound,"trans-3,5-Diethyl-1,2,4-trithiolane",6432398,PREDICTED_TARGETS,Gene,CAT,847,0.9532,914,1715
3525,Compound,1-Nonacosanol,243696,PREDICTED_TARGETS,Gene,CAT,847,0.9532,93,1715
3526,Compound,Cedrol,65575,PREDICTED_TARGETS,Gene,GSR,,0.9532,301,5152
3527,Compound,Salannolactam 21,6442937,PREDICTED_TARGETS,Gene,CAT,847,0.9532,725,1715
3528,Compound,Azadirachtin D,6443232,PREDICTED_TARGETS,Gene,CAT,847,0.9532,251,1715
3529,Compound,Chebulic acid,71308174,PREDICTED_TARGETS,Gene,UGT1A1,54658,0.9532,304,14231
3530,Compound,28-Deoxonimbolide,14467538,PREDICTED_TARGETS,Gene,NQO1,,0.9532,157,8808
3531,Compound,"(4aS,10aR)-7-hydroxy-1,1,4a,6-tetramethyl-3,4,10,10a-tetrahydrophenanthrene-2,9-dione",189404,PREDICTED_TARGETS,Gene,CAT,847,0.9532,41,1715
3532,Compound,Methyl butyl disulfide,521941,PREDICTED_TARGETS,Gene,CAT,847,0.9532,607,1715
3533,Compound,Norecasantalic acid,100966488,PREDICTED_TARGETS,Gene,CAT,847,0.9532,659,1715
3534,Compound,m-Cresol,342,PREDICTED_TARGETS,Gene,CASP9,,0.9532,898,1707
3535,Compound,Azadirol,44567142,PREDICTED_TARGETS,Gene,CAT,847,0.9532,257,1715
3536,Compound,beta-Santalal,101449606,PREDICTED_TARGETS,Gene,CAT,847,0.9532,863,1715
3537,Compound,"13,14-Desepoxyazadirachtin A",101701146,PREDICTED_TARGETS,Gene,CAT,847,0.9532,107,1715
3538,Compound,Azedarachin B,102586008,PREDICTED_TARGETS,Gene,CAT,847,0.9532,261,1715
3539,Compound,Vilasinin,102090424,PREDICTED_TARGETS,Gene,CAT,847,0.9532,798,1715
3540,Compound,Kulactone,15560423,PREDICTED_TARGETS,Gene,CAT,847,0.9532,522,1715
3541,Compound,"(4bS,8aS)-3,4b,8,8-tetramethyl-10-oxo-6,7,8a,9-tetrahydro-5H-phenanthrene-2-carboxylic Acid",189728,PREDICTED_TARGETS,Gene,CAT,847,0.9532,44,1715
3542,Compound,Mahmoodin,126566,PREDICTED_TARGETS,Gene,CAT,847,0.9532,585,1715
3543,Compound,1-Cinnamoylmelianolone,13819214,PREDICTED_TARGETS,Gene,CAT,847,0.9532,76,1715
3544,Compound,2-Nonanone,13187,PREDICTED_TARGETS,Gene,CAT,847,0.9532,143,1715
3545,Compound,beta-Maltose,6255,PREDICTED_TARGETS,Gene,BCL2,,0.9532,857,1234
3546,Compound,Nimolinone,56841069,PREDICTED_TARGETS,Gene,CAT,847,0.9532,652,1715
3547,Compound,Nimbocinolide,13875774,PREDICTED_TARGETS,Gene,CAT,847,0.9532,644,1715
3548,Compound,"2,4-Dimethylthiophene",34296,PREDICTED_TARGETS,Gene,CAT,847,0.9532,125,1715
3549,Compound,3-Desacetylazadirachtin,6442561,PREDICTED_TARGETS,Gene,CAT,847,0.9532,173,1715
3550,Compound,(2E)-2-Methyl-6-(4-methylphenyl)-2-hepten-1-ol,6430906,PREDICTED_TARGETS,Gene,CAT,847,0.9532,25,1715
3551,Compound,Galactoarabinan,24847856,PREDICTED_TARGETS,Gene,CAT,847,0.9532,407,1715
3552,Compound,"Methyl 2-[6-(furan-3-yl)-7,9,11,15-tetramethyl-12,16-dioxo-3,17-dioxapentacyclo[9.6.1.02,9.04,8.015,18]octadeca-7,13-dien-10-yl]acetate",100017,PREDICTED_TARGETS,Gene,CAT,847,0.9532,605,1715
3553,Compound,"cis-3,5-Diethyl-1,2,4-trithiolane",6431294,PREDICTED_TARGETS,Gene,CAT,847,0.9532,873,1715
3554,Compound,cis-4-Hydroxy-L-proline,440015,PREDICTED_TARGETS,Gene,CAT,847,0.9532,875,1715
3555,Compound,"dimethyl (2aR,3S,4S,4aR,5S,7aS,8R,10R,10aS,10bR)-10-acetoxy-3,5-dihydroxy-4-[(1aR,2S,3aS,6aS,7S,7aS)-6a-hydroxy-7a-methyl-3a,6a,7,7a-tetrahydro-2,7-methanofuro[2,3-b]oxireno[e]oxepin-1a(2H)-yl]-4-methyl-8-{[(2E)-2-methylbut-2-enoyl]oxy}octahydro-1H-naphtho[1,8a-c:4,5-b'c']difuran-5,10a(8H)-dicarboxylate",16126804,PREDICTED_TARGETS,Gene,CAT,847,0.9531,886,1715
3556,Compound,"1,3-Diacetylvilasinin",52952013,PREDICTED_TARGETS,Gene,CAT,847,0.9531,72,1715
3557,Compound,Deacetylgedunin,3034112,PREDICTED_TARGETS,Gene,CAT,847,0.9531,340,1715
3558,Compound,Nimbin,108058,PREDICTED_TARGETS,Gene,CYP2E1,,0.9531,636,2927
3559,Compound,Nimbin,108058,PREDICTED_TARGETS,Gene,CCND1,595,0.9531,636,1846
3560,Compound,Teresantalol,578221,PREDICTED_TARGETS,Gene,CAT,847,0.9531,759,1715
3561,Compound,Ximenynic acid,5312688,PREDICTED_TARGETS,Gene,CAT,847,0.9531,804,1715
3562,Compound,Isokobusone,3860435,PREDICTED_TARGETS,Gene,AHR,,0.9531,492,355
3563,Compound,(Z)-gamma-bisabolene,3033866,PREDICTED_TARGETS,Gene,CAT,847,0.9531,66,1715
3564,Compound,16-Hentriacontanone,94741,PREDICTED_TARGETS,Gene,CAT,847,0.9531,109,1715
3565,Compound,1-Octacosanol,68406,PREDICTED_TARGETS,Gene,CAT,847,0.9531,94,1715
3566,Compound,Naheedin,129754,PREDICTED_TARGETS,Gene,CAT,847,0.9531,625,1715
3567,Compound,"7-(Acetyloxy)-21-hydroxy-6-methoxy-4,4,8-trimethyl-3-oxocarda-1,14,20(22)-trienolide",188754,PREDICTED_TARGETS,Gene,CAT,847,0.9531,208,1715
3568,Compound,Zingiberene,92776,PREDICTED_TARGETS,Gene,CYP3A4,,0.9531,805,2935
3569,Compound,Desacetylnimbinolide,102285346,PREDICTED_TARGETS,Gene,CAT,847,0.9531,347,1715
3570,Compound,Acoradiene,90351,PREDICTED_TARGETS,Gene,CAT,847,0.9531,224,1715
3571,Compound,"[(1R,2R,5R,6R,10R,11S,15R,16R,18S)-16,18-diacetyloxy-6-(furan-3-yl)-1,5,10,15-tetramethyl-13-oxapentacyclo[10.6.1.02,10.05,9.015,19]nonadec-8-en-11-yl] (E)-3-phenylprop-2-enoate",101650373,PREDICTED_TARGETS,Gene,CAT,847,0.9531,807,1715
3572,Compound,"(2R,6S,7S,10Z)-beta-Santala-3(15),10-dien-12-ol",5281532,PREDICTED_TARGETS,Gene,CAT,847,0.9531,30,1715
3573,Compound,11-Hydroxyazadirachtin B,101999884,PREDICTED_TARGETS,Gene,CAT,847,0.9531,105,1715
3574,Compound,Campestan-3-one,53754390,PREDICTED_TARGETS,Gene,CAT,847,0.9531,288,1715
3575,Compound,Melicitrin,,PREDICTED_TARGETS,Gene,CAT,847,0.9531,599,1715
3576,Compound,Kulolactone,101289844,PREDICTED_TARGETS,Gene,CAT,847,0.9531,524,1715
3577,Compound,beta-Santaldiol,15276127,PREDICTED_TARGETS,Gene,CAT,847,0.9531,864,1715
3578,Compound,7-Deacetoxy-7-oxogedunin,71300386,PREDICTED_TARGETS,Gene,CAT,847,0.9531,211,1715
3579,Compound,Caryophyllene oxide,1742210,PREDICTED_TARGETS,Gene,PPARG,5468,0.9531,296,10164
3580,Compound,Exo-norbicycloekasantalal,,PREDICTED_TARGETS,Gene,CAT,847,0.9531,390,1715
3581,Compound,Corosolic acid,6918774,PREDICTED_TARGETS,Gene,TNF,7124,0.9531,318,13629
3582,Compound,Nimbosterin,6602509,PREDICTED_TARGETS,Gene,CAT,847,0.9531,648,1715
3583,Compound,Cycloeucalenol,101690,PREDICTED_TARGETS,Gene,CAT,847,0.9531,322,1715
3584,Compound,(Z)-Santalol,91753183,PREDICTED_TARGETS,Gene,CAT,847,0.9531,62,1715
3585,Compound,Sugiol,94162,PREDICTED_TARGETS,Gene,CAT,847,0.9531,754,1715
3586,Compound,"(4aS,10aR)-6-hydroxy-1,1,4a,7-tetramethyl-3,4,10,10a-tetrahydrophenanthrene-2,9-dione",189403,PREDICTED_TARGETS,Gene,CAT,847,0.9531,40,1715
3587,Compound,Sesquisabinene,25202482,PREDICTED_TARGETS,Gene,CAT,847,0.9531,739,1715
3588,Compound,6beta-Hydroxystigmast-4-en-3-one,9823926,PREDICTED_TARGETS,Gene,CAT,847,0.9531,206,1715
3589,Compound,"1,2-Dioleoyl-3-palmitoylglycerol",25240174,PREDICTED_TARGETS,Gene,CAT,847,0.9531,69,1715
3590,Compound,(Z)-beta-Ocimene,5320250,PREDICTED_TARGETS,Gene,CAT,847,0.9531,64,1715
3591,Compound,Obtusifoliol,65252,PREDICTED_TARGETS,Gene,CAT,847,0.9531,662,1715
3592,Compound,Azadirone,10906239,PREDICTED_TARGETS,Gene,CAT,847,0.9531,259,1715
3593,Compound,Aureusidin,5281220,PREDICTED_TARGETS,Gene,CYP1A2,,0.9531,248,2903
3594,Compound,4-Ethyl-2-methoxyphenol,62465,PREDICTED_TARGETS,Gene,TP53,,0.9531,184,13725
3595,Compound,Azadirinin,102275331,PREDICTED_TARGETS,Gene,CAT,847,0.9531,256,1715
3596,Compound,Nicotiflorin,5318767,PREDICTED_TARGETS,Gene,CAT,847,0.9531,630,1715
3597,Compound,Fokienol,5352449,PREDICTED_TARGETS,Gene,CAT,847,0.9531,397,1715
3598,Compound,"6-Hydroxycyclohexa-2,4-dien-1-one",440554,PREDICTED_TARGETS,Gene,CAT,847,0.9531,202,1715
3599,Compound,Ohchinolide B,21581584,PREDICTED_TARGETS,Gene,CAT,847,0.9531,665,1715
3600,Compound,delta-Elemene,12309449,PREDICTED_TARGETS,Gene,CAT,847,0.9531,883,1715
3601,Compound,6-Deacetylnimbin,10505484,PREDICTED_TARGETS,Gene,CAT,847,0.9531,199,1715
3602,Compound,Methyl propyl tetrasulphide,528709,PREDICTED_TARGETS,Gene,CAT,847,0.9531,614,1715
3603,Compound,10-Hydroxy-16-hentriacontanone,22561416,PREDICTED_TARGETS,Gene,CAT,847,0.9531,103,1715
3604,Compound,beta-SANTALOL,6857681,PREDICTED_TARGETS,Gene,CAT,847,0.9531,862,1715
3605,Compound,2-Methoxy-4-vinylphenol,332,PREDICTED_TARGETS,Gene,CAT,847,0.9531,140,1715
3606,Compound,trans-Calamenene,6429022,PREDICTED_TARGETS,Gene,CAT,847,0.9531,915,1715
3607,Compound,Nimbocinol,13875741,PREDICTED_TARGETS,Gene,CAT,847,0.9531,643,1715
3608,Compound,3-Methylbutanal,11552,PREDICTED_TARGETS,Gene,CAT,847,0.9531,175,1715
3609,Compound,1-Pentanethiol,8067,PREDICTED_TARGETS,Gene,CAT,847,0.9531,99,1715
3610,Compound,Picroside II,11944602,PREDICTED_TARGETS,Gene,CASP8,841,0.9531,688,1705
3611,Compound,alpha-trans-Bergamotenol,101352468,PREDICTED_TARGETS,Gene,CAT,847,0.9531,839,1715
3612,Compound,Nimbinol,,PREDICTED_TARGETS,Gene,CAT,847,0.9531,638,1715
3613,Compound,Acetyldihydroalbene,21675862,PREDICTED_TARGETS,Gene,CAT,847,0.9531,223,1715
3614,Compound,epi-Globulol,7308311,PREDICTED_TARGETS,Gene,CAT,847,0.9531,888,1715
3615,Compound,beta-Sitostenone,60123241,PREDICTED_TARGETS,Gene,CAT,847,0.9531,868,1715
3616,Compound,Limocinin,14845550,PREDICTED_TARGETS,Gene,CAT,847,0.9531,563,1715
3617,Compound,2-Phenylethanol,6054,PREDICTED_TARGETS,Gene,NFKBIA,,0.9531,146,8597
3618,Compound,Margolonone,189726,PREDICTED_TARGETS,Gene,CAT,847,0.9531,591,1715
3619,Compound,alpha-Terpinene,7462,PREDICTED_TARGETS,Gene,CAT,847,0.9531,837,1715
3620,Compound,alpha-Santalol,11085337,PREDICTED_TARGETS,Gene,CAT,847,0.9531,834,1715
3621,Compound,Sterol,1107,PREDICTED_TARGETS,Gene,AKT1,,0.9531,749,410
3622,Compound,(-)-beta-Curcumene,14014430,PREDICTED_TARGETS,Gene,CAT,847,0.9531,14,1715
3623,Compound,melianin B,15427646,PREDICTED_TARGETS,Gene,CAT,847,0.9531,899,1715
3624,Compound,"3,7-Dimethylocta-1,3,7-triene",5320249,PREDICTED_TARGETS,Gene,CAT,847,0.9531,168,1715
3625,Compound,Nimolinin,180429,PREDICTED_TARGETS,Gene,CAT,847,0.9531,651,1715
3626,Compound,(S)-4-(p-Tolyl)valeraldehyde,11816173,PREDICTED_TARGETS,Gene,CAT,847,0.9531,56,1715
3627,Compound,Limbocidin,102588495,PREDICTED_TARGETS,Gene,CAT,847,0.9531,561,1715
3628,Compound,gamma-Curcumene,12304273,PREDICTED_TARGETS,Gene,CAT,847,0.9531,891,1715
3629,Compound,trans-beta-Santalol,6450269,PREDICTED_TARGETS,Gene,CAT,847,0.9531,920,1715
3630,Compound,Glycyrin,480787,PREDICTED_TARGETS,Gene,IL1B,3553,0.9531,438,5953
3631,Compound,alpha-Bergamotenol,5368743,PREDICTED_TARGETS,Gene,CAT,847,0.9531,817,1715
3632,Compound,Isofraxidin,5318565,PREDICTED_TARGETS,Gene,CAT,847,0.9531,488,1715
3633,Compound,Cyclosantalal,101925674,PREDICTED_TARGETS,Gene,CAT,847,0.9531,326,1715
3634,Compound,germacrene C,25244915,PREDICTED_TARGETS,Gene,CAT,847,0.9531,897,1715
3635,Compound,Cedr-8-ene,6431015,PREDICTED_TARGETS,Gene,CAT,847,0.9531,299,1715
3636,Compound,Margocilin,101529198,PREDICTED_TARGETS,Gene,CAT,847,0.9531,588,1715
3637,Compound,Nimbolin B,6443005,PREDICTED_TARGETS,Gene,CAT,847,0.9531,646,1715
3638,Compound,alpha-Patchoulene,521710,PREDICTED_TARGETS,Gene,CAT,847,0.9531,829,1715
3639,Compound,3-(4-Methylcyclohex-3-en-1-yl)butanal,110923,PREDICTED_TARGETS,Gene,CAT,847,0.9531,170,1715
3640,Compound,beta-Santalic acid,131752692,PREDICTED_TARGETS,Gene,CAT,847,0.9531,866,1715
3641,Compound,24-Methylenelophenol,5283640,PREDICTED_TARGETS,Gene,CAT,847,0.9531,155,1715
3642,Compound,Bergamotene,521569,PREDICTED_TARGETS,Gene,CAT,847,0.9531,270,1715
3643,Compound,Nuciferol,10932923,PREDICTED_TARGETS,Gene,CAT,847,0.9531,661,1715
3644,Compound,Nimolicinol,184937,PREDICTED_TARGETS,Gene,CAT,847,0.9531,650,1715
3645,Compound,"(5R,9R,10R,13S,14S,17S)-17-[(2R,3S,5R)-5-[(2S)-3,3-dimethyloxiran-2-yl]-2-hydroxyoxolan-3-yl]-4,4,10,13,14-pentamethyl-1,2,5,6,9,11,12,15,16,17-decahydrocyclopenta[a]phenanthren-3-one",44575793,PREDICTED_TARGETS,Gene,CAT,847,0.9531,45,1715
3646,Compound,6-Deacetylnimbinene,102285347,PREDICTED_TARGETS,Gene,CAT,847,0.9531,200,1715
3647,Compound,Methyl 4-methoxybenzoate,8499,PREDICTED_TARGETS,Gene,CAT,847,0.9531,606,1715
3648,Compound,Verbenone,29025,PREDICTED_TARGETS,Gene,NFKBIA,,0.9531,797,8597
3649,Compound,Azadiradionol,102316535,PREDICTED_TARGETS,Gene,CAT,847,0.9531,255,1715
3650,Compound,(E)-alpha-bisabolene,5315468,PREDICTED_TARGETS,Gene,CAT,847,0.9531,52,1715
3651,Compound,Shikimic acid,8742,PREDICTED_TARGETS,Gene,CASP8,841,0.9531,740,1705
3652,Compound,Isodihydroagarofuran,10775429,PREDICTED_TARGETS,Gene,CAT,847,0.9531,484,1715
3653,Compound,Vepinin,185552,PREDICTED_TARGETS,Gene,CAT,847,0.9531,796,1715
3654,Compound,Salimuzzalin,15840157,PREDICTED_TARGETS,Gene,CAT,847,0.9531,727,1715
3655,Compound,"(E)-5-((1R,3R,6S)-2,3-Dimethyltricyclo[2.2.1.02,6]heptan-3-yl)-2-methylpent-2-enal",14059042,PREDICTED_TARGETS,Gene,CAT,847,0.953,50,1715
3656,Compound,"(S,Z)-2-Methyl-6-(p-tolyl)hept-2-en-1-ol",67178146,PREDICTED_TARGETS,Gene,CAT,847,0.953,60,1715
3657,Compound,alpha-Santaldiol,44583958,PREDICTED_TARGETS,Gene,CAT,847,0.953,832,1715
3658,Compound,"methyl (1R,9R,10S,13Z,14R)-13-ethylidene-17-methoxy-11-oxido-18-oxa-8-aza-11-azoniapentacyclo[7.6.3.110,14.01,9.02,7]nonadeca-2,4,6,11-tetraene-15-carboxylate",101636546,PREDICTED_TARGETS,Gene,CAT,847,0.953,903,1715
3659,Compound,Margocin,21632833,PREDICTED_TARGETS,Gene,CAT,847,0.953,589,1715
3660,Compound,"2H-Cyclopenta(b)naphtho(2,3-d)furan-10-carboxylic acid,2-(3-furanyl)-3,3a,4a,5,5a,6,9,9a,10,10a-decahydro-5,6-dihydroxy-1,6,9a,10a-tetramethyl-9-oxo-, methyl ester, (2R,3aS,4aS,5R,5aS,6R,9aR,10S,10aR)-",157277,PREDICTED_TARGETS,Gene,CAT,847,0.953,159,1715
3661,Compound,Cycloeucalenone,21594790,PREDICTED_TARGETS,Gene,CAT,847,0.953,323,1715
3662,Compound,"methyl (1R,9R,11S,14Z,15R,17S,19S)-14-ethylidene-18-oxa-2,12-diazahexacyclo[9.6.1.19,15.01,9.03,8.012,17]nonadeca-3,5,7-triene-19-carboxylate",101297632,PREDICTED_TARGETS,Gene,CAT,847,0.953,904,1715
3663,Compound,Bisabolenol D,101614240,PREDICTED_TARGETS,Gene,CAT,847,0.953,277,1715
3664,Compound,Methyl palmitate,8181,PREDICTED_TARGETS,Gene,MTOR,2475,0.953,613,8080
3665,Compound,Azedarachin A,101930511,PREDICTED_TARGETS,Gene,CAT,847,0.953,260,1715
3666,Compound,beta-Santalene,10889018,PREDICTED_TARGETS,Gene,CAT,847,0.953,865,1715
3667,Compound,"(2R,3S,5R)-5-[(2S)-3,3-dimethyloxiran-2-yl]-3-[(3S,5R,9R,10R,13S,14S,17S)-3-hydroxy-4,4,10,13,14-pentamethyl-2,3,5,6,9,11,12,15,16,17-decahydro-1H-cyclopenta[a]phenanthren-17-yl]oxolan-2-ol",101289709,PREDICTED_TARGETS,Gene,CAT,847,0.953,28,1715
3668,Compound,Santene,10720,PREDICTED_TARGETS,Gene,CAT,847,0.953,728,1715
3669,Compound,Campest-4-en-3-one,11988279,PREDICTED_TARGETS,Gene,CAT,847,0.953,287,1715
3670,Compound,3-Tigloylazadirachtin,122232601,PREDICTED_TARGETS,Gene,CAT,847,0.953,177,1715
3671,Compound,24-Methylenecycloartanone,14635659,PREDICTED_TARGETS,Gene,CAT,847,0.953,154,1715
3672,Compound,2-Methyltricosane,283510,PREDICTED_TARGETS,Gene,CAT,847,0.953,142,1715
3673,Compound,"(4bS,8aR)-2,4b,8,8-tetramethyl-7,10-dioxo-5,6,8a,9-tetrahydrophenanthrene-3-carboxylic Acid",189727,PREDICTED_TARGETS,Gene,CAT,847,0.953,43,1715
3674,Compound,1-Furfurylpyrrole,15037,PREDICTED_TARGETS,Gene,CAT,847,0.953,80,1715
3675,Compound,Spathulenol,92231,PREDICTED_TARGETS,Gene,NQO1,,0.953,745,8808
3676,Compound,L-(+)-Arabinose,5460291,PREDICTED_TARGETS,Gene,CAT,847,0.953,528,1715
3677,Compound,4-Hydroxychalcone,5282361,PREDICTED_TARGETS,Gene,NFKBIA,,0.953,185,8597
3678,Compound,Himachalol,121536,PREDICTED_TARGETS,Gene,CAT,847,0.953,469,1715
3679,Compound,3-Deacetylsalannin,14458886,PREDICTED_TARGETS,Gene,ALB,213,0.953,172,418
3680,Compound,Citral,638011,PREDICTED_TARGETS,Gene,RELA,,0.953,311,10988
3681,Compound,cis-Lanceol,6536796,PREDICTED_TARGETS,Gene,CAT,847,0.953,877,1715
3682,Compound,"N-[[5,8-dimethoxy-6-nitro-2-(trifluoromethyl)quinolin-4-yl]methylidene]hydroxylamine",298061,PREDICTED_TARGETS,Gene,CAT,847,0.953,624,1715
3683,Compound,Soyasaponin I,122097,PREDICTED_TARGETS,Gene,ALB,213,0.953,744,418
3684,Compound,Bornylene,10047,PREDICTED_TARGETS,Gene,CAT,847,0.953,279,1715
3685,Compound,Licoagrone,5318993,PREDICTED_TARGETS,Gene,CYP1A2,,0.953,541,2903
3686,Compound,6-Methoxymellein,83412,PREDICTED_TARGETS,Gene,CAT,847,0.953,203,1715
3687,Compound,Glycoprotein,439212,PREDICTED_TARGETS,Gene,CAT,847,0.953,436,1715
3688,Compound,Dendrolasin,5316534,PREDICTED_TARGETS,Gene,CAT,847,0.953,345,1715
3689,Compound,(Z)-alpha-Bisabolene,5352653,PREDICTED_TARGETS,Gene,CAT,847,0.953,63,1715
3690,Compound,trans-alpha-Bergamotene,6429302,PREDICTED_TARGETS,Gene,CAT,847,0.953,919,1715
3691,Compound,(-)-Cyperene,12308843,PREDICTED_TARGETS,Gene,CAT,847,0.953,7,1715
3692,Compound,2-Carene,79044,PREDICTED_TARGETS,Gene,CAT,847,0.953,132,1715
3693,Compound,Azadirachtol,23256847,PREDICTED_TARGETS,Gene,CAT,847,0.953,253,1715
3694,Compound,Compositolide,76309326,PREDICTED_TARGETS,Gene,CAT,847,0.953,316,1715
3695,Compound,Colocynthin,54584209,PREDICTED_TARGETS,Gene,CAT,847,0.953,315,1715
3696,Compound,trans-Isolongifolanone,6427070,PREDICTED_TARGETS,Gene,CAT,847,0.953,916,1715
3697,Compound,"4-(2-Hydroxypropan-2-yl)-1-methylcyclohexane-1,2-diol",186702,PREDICTED_TARGETS,Gene,CAT,847,0.953,181,1715
3698,Compound,beta-Longipinene,25203064,PREDICTED_TARGETS,Gene,CAT,847,0.953,856,1715
3699,Compound,Trichilin H,15966088,PREDICTED_TARGETS,Gene,CAT,847,0.953,777,1715
3700,Compound,(E)-beta-ocimene,5281553,PREDICTED_TARGETS,Gene,CAT,847,0.953,53,1715
3701,Compound,1-Heptanol,8129,PREDICTED_TARGETS,Gene,CCND1,595,0.953,81,1846
3702,Compound,"Akuammine, 10-deoxy-",90479136,PREDICTED_TARGETS,Gene,CAT,847,0.953,228,1715
3703,Compound,Phenethyl acetate,7654,PREDICTED_TARGETS,Gene,CAT,847,0.953,680,1715
3704,Compound,Melianoninol,6438693,PREDICTED_TARGETS,Gene,CAT,847,0.953,598,1715
3705,Compound,Dipropyl tetrasulfide,104285,PREDICTED_TARGETS,Gene,CAT,847,0.953,353,1715
3706,Compound,Isomultiflorenol,11876210,PREDICTED_TARGETS,Gene,CAT,847,0.953,500,1715
3707,Compound,Scholaricine,50900051,PREDICTED_TARGETS,Gene,CAT,847,0.953,730,1715
3708,Compound,alpha-Santalene,94164,PREDICTED_TARGETS,Gene,CAT,847,0.953,833,1715
3709,Compound,Ethyl salicylate,8365,PREDICTED_TARGETS,Gene,AKT1,,0.953,385,410
3710,Compound,alpha-Amyrenyl acetate,92842,PREDICTED_TARGETS,Gene,CAT,847,0.953,814,1715
3711,Compound,Echitamine chloride,10045636,PREDICTED_TARGETS,Gene,CAT,847,0.953,363,1715
3712,Compound,Zingiberene,92776,PREDICTED_TARGETS,Gene,TGFB1,,0.953,805,13305
3713,Compound,beta-Amyrin,73145,PREDICTED_TARGETS,Gene,NFE2L2,,0.953,843,8588
3714,Compound,Aromadendrin,122850,PREDICTED_TARGETS,Gene,CASP8,841,0.953,244,1705
3715,Compound,o-Cresol,335,PREDICTED_TARGETS,Gene,CASP8,841,0.953,905,1705
3716,Compound,tau-Cadinol,12302222,PREDICTED_TARGETS,Gene,CAT,847,0.953,912,1715
3717,Compound,Aromadendrene,91354,PREDICTED_TARGETS,Gene,CAT,847,0.953,243,1715
3718,Compound,Bisabolenol,91747530,PREDICTED_TARGETS,Gene,CAT,847,0.953,276,1715
3719,Compound,Linalool oxide acetate (pyranoid),6427501,PREDICTED_TARGETS,Gene,CAT,847,0.953,568,1715
3720,Compound,Lupeol acetate,92157,PREDICTED_TARGETS,Gene,CAT,847,0.953,580,1715
3721,Compound,2-Phenylethyl propionate,31225,PREDICTED_TARGETS,Gene,CAT,847,0.953,147,1715
3722,Compound,Hentriacontane,12410,PREDICTED_TARGETS,Gene,CAT,847,0.953,456,1715
3723,Compound,Picraline,131636670,PREDICTED_TARGETS,Gene,CAT,847,0.953,686,1715
3724,Compound,17-O-Acetylechitamine,101589338,PREDICTED_TARGETS,Gene,CAT,847,0.953,112,1715
3725,Compound,1-Hexacosanol,68171,PREDICTED_TARGETS,Gene,MAPK1,,0.953,82,7299
3726,Compound,Salannic acid,185704,PREDICTED_TARGETS,Gene,CAT,847,0.9529,722,1715
3727,Compound,Glabranin,124049,PREDICTED_TARGETS,Gene,ESR1,2099,0.9529,419,4008
3728,Compound,"(E)-5-((1R,3R,6S)-2,3-Dimethyltricyclo[2.2.1.02,6]heptan-3-yl)-2-methylpent-2-enoic acid",14059029,PREDICTED_TARGETS,Gene,CAT,847,0.9529,51,1715
3729,Compound,Tridecane,12388,PREDICTED_TARGETS,Gene,NQO1,,0.9529,779,8808
3730,Compound,Methyl octanoate,8091,PREDICTED_TARGETS,Gene,CAT,847,0.9529,612,1715
3731,Compound,alpha-Teresantalic acid,5321816,PREDICTED_TARGETS,Gene,CAT,847,0.9529,836,1715
3732,Compound,"19,20-(E)-Vallesamine",13783712,PREDICTED_TARGETS,Gene,CAT,847,0.9529,115,1715
3733,Compound,Echitamidin,190982,PREDICTED_TARGETS,Gene,CAT,847,0.9529,361,1715
3734,Compound,Glisoflavone,5487298,PREDICTED_TARGETS,Gene,CYP1A2,,0.9529,429,2903
3735,Compound,Cyperol,14076601,PREDICTED_TARGETS,Gene,CAT,847,0.9529,328,1715
3736,Compound,"(R,Z)-2-Methyl-6-(4-methylcyclohexa-1,4-dien-1-yl)hept-2-en-1-ol",91710638,PREDICTED_TARGETS,Gene,CAT,847,0.9529,55,1715
3737,Compound,Bulnesene,16679399,PREDICTED_TARGETS,Gene,CAT,847,0.9529,280,1715
3738,Compound,Akuammidine,15558574,PREDICTED_TARGETS,Gene,CAT,847,0.9529,226,1715
3739,Compound,"Caryophyllan-2,6-beta-oxide",6428086,PREDICTED_TARGETS,Gene,CAT,847,0.9529,295,1715
3740,Compound,Cucurbitadienol,14543446,PREDICTED_TARGETS,Gene,CAT,847,0.9529,320,1715
3741,Compound,Chrysophanol,10208,PREDICTED_TARGETS,Gene,BCL2,,0.9529,308,1234
3742,Compound,Nerolidol,5284507,PREDICTED_TARGETS,Gene,NFKBIA,,0.9529,629,8597
3743,Compound,beta-Cyperone,10889388,PREDICTED_TARGETS,Gene,CAT,847,0.9529,848,1715
3744,Compound,Losbanine,101589339,PREDICTED_TARGETS,Gene,CAT,847,0.9529,578,1715
3745,Compound,"Echitamine, hydrochloride",3000633,PREDICTED_TARGETS,Gene,CAT,847,0.9529,364,1715
3746,Compound,Epi-beta-Santalene,11106484,PREDICTED_TARGETS,Gene,CAT,847,0.9529,373,1715
3747,Compound,Nimbin,108058,PREDICTED_TARGETS,Gene,GPT,2875,0.9529,636,5081
3748,Compound,"5H-2-Pyrindin-6-ol, 6,7-dihydro-7-methyl-, (6R-cis)-",56842090,PREDICTED_TARGETS,Gene,CAT,847,0.9529,196,1715
3749,Compound,"(1S,2S,6S,7R,8R)-1,3-dimethyl-8-propan-2-yltricyclo[4.4.0.02,7]dec-3-ene",101607926,PREDICTED_TARGETS,Gene,CAT,847,0.9529,22,1715
3750,Compound,2-Undecanone,8163,PREDICTED_TARGETS,Gene,TP53,,0.9529,149,13725
3751,Compound,Isocyperol,14076604,PREDICTED_TARGETS,Gene,CAT,847,0.9529,483,1715
3752,Compound,Squalene,638072,PREDICTED_TARGETS,Gene,NOS2,,0.9529,746,8741
3753,Compound,beta-Sitosterol,222284,PREDICTED_TARGETS,Gene,CYP3A4,,0.9529,869,2935
3754,Compound,"(2S,3S,4S,5R,6R)-6-[[(3S,4S,4aR,6aR,6bS,8aR,9R,12aS,14aR,14bR)-9-hydroxy-4-(hydroxymethyl)-4,6a,6b,8a,11,11,14b-heptamethyl-1,2,3,4a,5,6,7,8,9,10,12,12a,14,14a-tetradecahydropicen-3-yl]oxy]-5-[(2S,3R,4S,5S)-4,5-dihydroxy-3-[(2S,3R,4R,5R,6S)-3,4,5-trihydroxy-6-methyloxan-2-yl]oxyoxan-2-yl]oxy-3,4-dihydroxyoxane-2-carboxylic acid",443614,PREDICTED_TARGETS,Gene,GSR,,0.9529,33,5152
3755,Compound,Picralinal,46229103,PREDICTED_TARGETS,Gene,CAT,847,0.9529,685,1715
3756,Compound,"methyl (12S,13R,14Z)-14-ethylidene-12-(hydroxymethyl)-1,10-diazatetracyclo[11.2.2.03,11.04,9]heptadeca-3(11),4,6,8-tetraene-12-carboxylate",129317087,PREDICTED_TARGETS,Gene,CAT,847,0.9529,901,1715
3757,Compound,Tetrahydroalstonine,72340,PREDICTED_TARGETS,Gene,CAT,847,0.9529,767,1715
3758,Compound,Licoagrodin,637141,PREDICTED_TARGETS,Gene,CYP1A2,,0.9529,539,2903
3759,Compound,"methyl (10S,12R,13E,18S)-13-ethylidene-8,15-diazapentacyclo[10.5.1.01,9.02,7.010,15]octadeca-2,4,6,8-tetraene-18-carboxylate",6444325,PREDICTED_TARGETS,Gene,CAT,847,0.9529,900,1715
3760,Compound,Hexadecane,11006,PREDICTED_TARGETS,Gene,NQO1,,0.9529,466,8808
3761,Compound,"methyl (1R,10S,12R,13E,17S,18R,19R)-13-ethylidene-17-hydroxy-16-oxa-8,15-diazahexacyclo[10.6.1.01,9.02,7.010,15.014,18]nonadeca-2,4,6,8-tetraene-19-carboxylate",101324838,PREDICTED_TARGETS,Gene,CAT,847,0.9529,902,1715
3762,Compound,Lagunamine,14706138,PREDICTED_TARGETS,Gene,CAT,847,0.9529,531,1715
3763,Compound,"(9R,10R,13S,14S,17R)-17-[(2R)-2-[(1R,2S)-1,3-dihydroxy-2-methylpropyl]-2,3-dihydrofuran-4-yl]-4,4,10,13,14-pentamethyl-1,2,5,6,9,11,12,15,16,17-decahydrocyclopenta[a]phenanthren-3-one",184503,PREDICTED_TARGETS,Gene,CAT,847,0.9529,47,1715
3764,Compound,Nimbosone,177090,PREDICTED_TARGETS,Gene,CAT,847,0.9529,647,1715
3765,Compound,cis-alpha-Bergamotene,91753502,PREDICTED_TARGETS,Gene,CAT,847,0.9529,879,1715
3766,Compound,alpha-Amyrin,73170,PREDICTED_TARGETS,Gene,BCL2,,0.9529,815,1234
3767,Compound,Licocoumarone,503731,PREDICTED_TARGETS,Gene,PPARG,5468,0.9529,548,10164
3768,Compound,2-Hexen-1-OL,5318042,PREDICTED_TARGETS,Gene,CAT,847,0.9529,137,1715
3769,Compound,Rotundene,25203405,PREDICTED_TARGETS,Gene,CAT,847,0.9529,717,1715
3770,Compound,Ethyl octanoate,7799,PREDICTED_TARGETS,Gene,CAT,847,0.9529,383,1715
3771,Compound,Akuammicine,441976,PREDICTED_TARGETS,Gene,CAT,847,0.9528,225,1715
3772,Compound,19-Epischolaricine,101587171,PREDICTED_TARGETS,Gene,CAT,847,0.9528,116,1715
3773,Compound,Widdrol,94334,PREDICTED_TARGETS,Gene,CAT,847,0.9528,801,1715
3774,Compound,Isorotundene,91753591,PREDICTED_TARGETS,Gene,CAT,847,0.9528,508,1715
3775,Compound,psi-Akuammigine,119079925,PREDICTED_TARGETS,Gene,CAT,847,0.9528,911,1715
3776,Compound,Elemicin,10248,PREDICTED_TARGETS,Gene,CCND1,595,0.9528,367,1846
3777,Compound,T-Muurolol,3084331,PREDICTED_TARGETS,Gene,CAT,847,0.9528,756,1715
3778,Compound,(S)-cis-Verbenol,87839,PREDICTED_TARGETS,Gene,CAT,847,0.9528,58,1715
3779,Compound,beta-Thujene,520384,PREDICTED_TARGETS,Gene,CAT,847,0.9528,872,1715
3780,Compound,Isolongifolen-5-one,600416,PREDICTED_TARGETS,Gene,CAT,847,0.9528,496,1715
3781,Compound,Procyanidin B2,122738,PREDICTED_TARGETS,Gene,RELA,,0.9528,698,10988
3782,Compound,trans-Verbenol,89664,PREDICTED_TARGETS,Gene,CAT,847,0.9528,918,1715
3783,Compound,Echitamine,11953926,PREDICTED_TARGETS,Gene,CAT,847,0.9528,362,1715
3784,Compound,(+)-gamma-Gurjunene,15560285,PREDICTED_TARGETS,Gene,CAT,847,0.9528,5,1715
3785,Compound,Licuroside,6475724,PREDICTED_TARGETS,Gene,CAT,847,0.9528,560,1715
3786,Compound,"(1S,6S,8S)-1,5-dimethyl-8-propan-2-yltricyclo[4.4.0.02,7]dec-4-en-3-one",102316377,PREDICTED_TARGETS,Gene,CAT,847,0.9528,23,1715
3787,Compound,Squalene,638072,PREDICTED_TARGETS,Gene,PPARG,5468,0.9528,746,10164
3788,Compound,Liquiritin,503737,PREDICTED_TARGETS,Gene,CXCL8,3576,0.9528,576,2865
3789,Compound,Pinene,,PREDICTED_TARGETS,Gene,CAT,847,0.9528,690,1715
3790,Compound,alpha1-Sitosterol,9548595,PREDICTED_TARGETS,Gene,CAT,847,0.9528,840,1715
3791,Compound,Bornyl acetate,6448,PREDICTED_TARGETS,Gene,CAT,847,0.9528,278,1715
3792,Compound,Cyclosativene,519960,PREDICTED_TARGETS,Gene,CAT,847,0.9528,327,1715
3793,Compound,Valeranone,171455,PREDICTED_TARGETS,Gene,CAT,847,0.9528,791,1715
3794,Compound,"1-Isopropyl-4,7-dimethyl-1,3,4,5,6,8a-hexahydro-4a(2H)-naphthalenol",519857,PREDICTED_TARGETS,Gene,CAT,847,0.9528,85,1715
3795,Compound,"2-[(2R,8R,8aS)-8,8a-dimethyl-1,2,3,4,6,7,8,8a-octahydronaphthalen-2-yl]propan-2-ol",9859337,PREDICTED_TARGETS,Gene,CAT,847,0.9528,150,1715
3796,Compound,Humulene epoxide II,10704181,PREDICTED_TARGETS,Gene,CAT,847,0.9528,473,1715
3797,Compound,Verbenone,29025,PREDICTED_TARGETS,Gene,CCND1,595,0.9528,797,1846
3798,Compound,"8-Isopropyl-2,5-dimethyl-1,2,3,4-tetrahydronaphthalene",518975,PREDICTED_TARGETS,Gene,CAT,847,0.9528,218,1715
3799,Compound,Cedrelanol,160799,PREDICTED_TARGETS,Gene,CAT,847,0.9528,300,1715
3800,Compound,beta-Rotunol,5321005,PREDICTED_TARGETS,Gene,CAT,847,0.9528,861,1715
3801,Compound,"(4E,7E)-1,5,9,9-Tetramethyl-12-oxabicyclo[9.1.0]dodeca-4,7-diene",22559443,PREDICTED_TARGETS,Gene,CAT,847,0.9528,38,1715
3802,Compound,Isomustakone,91748747,PREDICTED_TARGETS,Gene,CAT,847,0.9528,501,1715
3803,Compound,Licoisoflavone B,5481234,PREDICTED_TARGETS,Gene,GSR,,0.9528,555,5152
3804,Compound,Viridiflorol,11996452,PREDICTED_TARGETS,Gene,CAT,847,0.9528,799,1715
3805,Compound,Undecanoic acid,8180,PREDICTED_TARGETS,Gene,AKT1,,0.9528,787,410
3806,Compound,(-)-alpha-Himachalene,11830551,PREDICTED_TARGETS,Gene,CAT,847,0.9528,12,1715
3807,Compound,(1R)-2-methyl-5-propan-2-ylbicyclo[3.1.0]hex-2-ene,6451618,PREDICTED_TARGETS,Gene,CAT,847,0.9528,18,1715
3808,Compound,Calamenene,6429077,PREDICTED_TARGETS,Gene,CAT,847,0.9528,285,1715
3809,Compound,Zingiberene,92776,PREDICTED_TARGETS,Gene,NQO1,,0.9528,805,8808
3810,Compound,Valerenal,6440942,PREDICTED_TARGETS,Gene,CAT,847,0.9528,792,1715
3811,Compound,beta-Cubebene,93081,PREDICTED_TARGETS,Gene,CAT,847,0.9528,847,1715
3812,Compound,(-)-alpha-Cadinol,6431302,PREDICTED_TARGETS,Gene,CAT,847,0.9528,11,1715
3813,Compound,"(6R)-1a-methyl-4-methylidene-6-propan-2-yl-1b,2,3,5,5a,6a-hexahydro-1H-cyclopropa[a]inden-6-ol",6431225,PREDICTED_TARGETS,Gene,CAT,847,0.9528,46,1715
3814,Compound,Dillapiol,10231,PREDICTED_TARGETS,Gene,CAT,847,0.9528,351,1715
3815,Compound,(+)-alpha-Cadinene,12306048,PREDICTED_TARGETS,Gene,CAT,847,0.9528,2,1715
3816,Compound,Copaene,19725,PREDICTED_TARGETS,Gene,CAT,847,0.9528,317,1715
3817,Compound,"(4aS,6R,8aS)-4a-hydroxy-4,8a-dimethyl-6-prop-1-en-2-yl-5,6,7,8-tetrahydro-1H-naphthalen-2-one",11651583,PREDICTED_TARGETS,Gene,CAT,847,0.9528,42,1715
3818,Compound,Benzyl salicylate,8363,PREDICTED_TARGETS,Gene,NFE2L2,,0.9528,269,8588
3819,Compound,Tubotaiwine,13783720,PREDICTED_TARGETS,Gene,CAT,847,0.9528,783,1715
3820,Compound,Guaiol,227829,PREDICTED_TARGETS,Gene,CAT,847,0.9528,450,1715
3821,Compound,(Z)-Hex-2-enyl acetate,5363374,PREDICTED_TARGETS,Gene,CAT,847,0.9528,61,1715
3822,Compound,"3,3',4,5'-Tetrahydroxy-4',5-diprenylbibenzyl",10362492,PREDICTED_TARGETS,Gene,CAT,847,0.9528,161,1715
3823,Compound,"Selina-3,11-dien-6alpha-ol",91746575,PREDICTED_TARGETS,Gene,CAT,847,0.9527,734,1715
3824,Compound,Substance B,433154,PREDICTED_TARGETS,Gene,CAT,847,0.9527,751,1715
3825,Compound,Hexacosane,12407,PREDICTED_TARGETS,Gene,CAT,847,0.9527,463,1715
3826,Compound,Rotundone,5321003,PREDICTED_TARGETS,Gene,CAT,847,0.9527,718,1715
3827,Compound,Ledol,92812,PREDICTED_TARGETS,Gene,CAT,847,0.9527,533,1715
3828,Compound,Elemol,92138,PREDICTED_TARGETS,Gene,CAT,847,0.9527,368,1715
3829,Compound,delta-Guaiene,94275,PREDICTED_TARGETS,Gene,CAT,847,0.9527,884,1715
3830,Compound,Thujopsadiene,6428961,PREDICTED_TARGETS,Gene,CAT,847,0.9527,771,1715
3831,Compound,"1-Methyl-5-methylidene-9-propan-2-yltricyclo[4.4.0.02,8]dec-3-ene",91748745,PREDICTED_TARGETS,Gene,CAT,847,0.9527,91,1715
3832,Compound,"angustilobine B, (rac)-",13891905,PREDICTED_TARGETS,Gene,CAT,847,0.9527,841,1715
3833,Compound,Chebulic acid,71308174,PREDICTED_TARGETS,Gene,CYP3A4,,0.9527,304,2935
3834,Compound,(-)-Carvomenthone,6432474,PREDICTED_TARGETS,Gene,CAT,847,0.9527,6,1715
3835,Compound,"(3aS,4R,7R)-1,4,9,9-Tetramethyl-5,6,7,8-tetrahydro-4H-3a,7-methanoazulene",74819450,PREDICTED_TARGETS,Gene,CAT,847,0.9527,37,1715
3836,Compound,Phytol,5280435,PREDICTED_TARGETS,Gene,AKT1,,0.9527,684,410
3837,Compound,Decanoic acid,2969,PREDICTED_TARGETS,Gene,NOS2,,0.9527,343,8741
3838,Compound,"Limonene oxide, cis-(-)-",6452061,PREDICTED_TARGETS,Gene,CAT,847,0.9527,566,1715
3839,Compound,beta-Selinene,442393,PREDICTED_TARGETS,Gene,CAT,847,0.9527,867,1715
3840,Compound,Levomenol,442343,PREDICTED_TARGETS,Gene,TP53,,0.9527,537,13725
3841,Compound,(+)-gamma-Cadinene,6432404,PREDICTED_TARGETS,Gene,CAT,847,0.9527,4,1715
3842,Compound,Cyprotene,91715050,PREDICTED_TARGETS,Gene,CAT,847,0.9527,331,1715
3843,Compound,14-Hydroxy-9-epi-beta-Caryophyllene,91747230,PREDICTED_TARGETS,Gene,CAT,847,0.9527,108,1715
3844,Compound,Isoglycyrol,124050,PREDICTED_TARGETS,Gene,CAT,847,0.9527,491,1715
3845,Compound,Licoisoflavone B,5481234,PREDICTED_TARGETS,Gene,ALB,213,0.9527,555,418
3846,Compound,1-Methyl-4-(prop-1-en-2-yl)benzene,62385,PREDICTED_TARGETS,Gene,CAT,847,0.9527,90,1715
3847,Compound,epi-Cubebol,91753433,PREDICTED_TARGETS,Gene,CAT,847,0.9527,887,1715
3848,Compound,"(2E,4E)-3,7-dimethylocta-2,4,6-trienal",11126441,PREDICTED_TARGETS,Gene,CAT,847,0.9527,27,1715
3849,Compound,Ononin,442813,PREDICTED_TARGETS,Gene,PPARG,5468,0.9527,668,10164
3850,Compound,(-)-beta-Bourbonene,62566,PREDICTED_TARGETS,Gene,CAT,847,0.9527,13,1715
3851,Compound,2-Acetyl-5-methylfuran,14514,PREDICTED_TARGETS,Gene,CAT,847,0.9527,129,1715
3852,Compound,"(2S,3S,4S,5R,6R)-6-[[(3S,4S,4aR,6aR,6bS,8aR,9R,12aS,14aR,14bR)-9-hydroxy-4-(hydroxymethyl)-4,6a,6b,8a,11,11,14b-heptamethyl-1,2,3,4a,5,6,7,8,9,10,12,12a,14,14a-tetradecahydropicen-3-yl]oxy]-5-[(2S,3R,4S,5S)-4,5-dihydroxy-3-[(2S,3R,4R,5R,6S)-3,4,5-trihydroxy-6-methyloxan-2-yl]oxyoxan-2-yl]oxy-3,4-dihydroxyoxane-2-carboxylic acid",443614,PREDICTED_TARGETS,Gene,ESR1,2099,0.9527,33,4008
3853,Compound,Cyperotundone,12308615,PREDICTED_TARGETS,Gene,CAT,847,0.9527,330,1715
3854,Compound,beta-Gurjunene,6450812,PREDICTED_TARGETS,Gene,CAT,847,0.9527,854,1715
3855,Compound,Acetoin,179,PREDICTED_TARGETS,Gene,MAPK1,,0.9527,221,7299
3856,Compound,Calamenone,91747434,PREDICTED_TARGETS,Gene,CAT,847,0.9527,286,1715
3857,Compound,Glycyrol,5320083,PREDICTED_TARGETS,Gene,UGT1A1,54658,0.9527,439,14231
3858,Compound,delta-Cadinol,3084311,PREDICTED_TARGETS,Gene,CAT,847,0.9527,882,1715
3859,Compound,"p-Mentha-1,5-dien-8-ol",519323,PREDICTED_TARGETS,Gene,CAT,847,0.9527,909,1715
3860,Compound,Isopatchoulenone,12308616,PREDICTED_TARGETS,Gene,CAT,847,0.9527,504,1715
3861,Compound,"Cyclohexene, 4-methyl-1-(1-methylethyl)-",10369,PREDICTED_TARGETS,Gene,CAT,847,0.9527,325,1715
3862,Compound,Sugetriol triacetate,101625871,PREDICTED_TARGETS,Gene,CAT,847,0.9527,753,1715
3863,Compound,"(2S,3S,4S,5R,6R)-6-[[(3S,4S,4aR,6aR,6bS,8aR,9R,12aS,14aR,14bR)-9-hydroxy-4-(hydroxymethyl)-4,6a,6b,8a,11,11,14b-heptamethyl-1,2,3,4a,5,6,7,8,9,10,12,12a,14,14a-tetradecahydropicen-3-yl]oxy]-5-[(2S,3R,4S,5S)-4,5-dihydroxy-3-[(2S,3R,4R,5R,6S)-3,4,5-trihydroxy-6-methyloxan-2-yl]oxyoxan-2-yl]oxy-3,4-dihydroxyoxane-2-carboxylic acid",443614,PREDICTED_TARGETS,Gene,ALB,213,0.9527,33,418
3864,Compound,3-Deacetylsalannin,14458886,PREDICTED_TARGETS,Gene,ESR1,2099,0.9527,172,4008
3865,Compound,2-Ethyl-6-methylpyrazine,26332,PREDICTED_TARGETS,Gene,CAT,847,0.9527,133,1715
3866,Compound,Methylenedioxybenzoyl ethyl PABA,785868,PREDICTED_TARGETS,Gene,CAT,847,0.9527,616,1715
3867,Compound,Licoagrodione,10360893,PREDICTED_TARGETS,Gene,CAT,847,0.9527,540,1715
3868,Compound,Mesitylene,7947,PREDICTED_TARGETS,Gene,NOS2,,0.9527,601,8741
3869,Compound,Verbenone,29025,PREDICTED_TARGETS,Gene,CYP1A1,,0.9527,797,2902
3870,Compound,alpha-Cyperone,6452086,PREDICTED_TARGETS,Gene,CAT,847,0.9527,823,1715
3871,Compound,Patchoulenone,5320424,PREDICTED_TARGETS,Gene,CAT,847,0.9527,674,1715
3872,Compound,"(2R,4aS)-4a,8-Dimethyl-2-(prop-1-en-2-yl)-1,2,3,4,4a,5-hexahydronaphthalene",73015594,PREDICTED_TARGETS,Gene,CAT,847,0.9527,29,1715
3873,Compound,Furfuryl alcohol,7361,PREDICTED_TARGETS,Gene,AKT1,,0.9527,403,410
3874,Compound,"(1r,3s,5r)-6,6-Dimethyl-2-methylidenebicyclo[3.1.1]heptan-3-ol",88302,PREDICTED_TARGETS,Gene,CAT,847,0.9527,24,1715
3875,Compound,Echinatin,6442675,PREDICTED_TARGETS,Gene,GSR,,0.9527,360,5152
3876,Compound,Soyasaponin I,122097,PREDICTED_TARGETS,Gene,ESR1,2099,0.9527,744,4008
3877,Compound,2'-Methoxyacetophenone,68481,PREDICTED_TARGETS,Gene,CAT,847,0.9527,120,1715
3878,Compound,(-)-cis-Carveol,330573,PREDICTED_TARGETS,Gene,CAT,847,0.9527,15,1715
3879,Compound,Valencene,9855795,PREDICTED_TARGETS,Gene,CAT,847,0.9527,790,1715
3880,Compound,Furfuryl propionate,61166,PREDICTED_TARGETS,Gene,CAT,847,0.9527,406,1715
3881,Compound,Cyperolone,5316283,PREDICTED_TARGETS,Gene,CAT,847,0.9527,329,1715
3882,Compound,Aristolone,165536,PREDICTED_TARGETS,Gene,CAT,847,0.9527,240,1715
3883,Compound,alpha-Muurolol,91753440,PREDICTED_TARGETS,Gene,CAT,847,0.9527,828,1715
3884,Compound,Licoagrone,5318993,PREDICTED_TARGETS,Gene,GSR,,0.9527,541,5152
3885,Compound,3-Pinanone,11038,PREDICTED_TARGETS,Gene,CAT,847,0.9527,176,1715
3886,Compound,"2,4-Difurfurylfuran",53423642,PREDICTED_TARGETS,Gene,CAT,847,0.9527,124,1715
3887,Compound,Fraxinellone,124039,PREDICTED_TARGETS,Gene,NFE2L2,,0.9527,399,8588
3888,Compound,1-Isopropyl-4-methylenebicyclo[3.1.0]hex-2-ene,524198,PREDICTED_TARGETS,Gene,CAT,847,0.9527,86,1715
3889,Compound,Zizanene,12306046,PREDICTED_TARGETS,Gene,CAT,847,0.9526,806,1715
3890,Compound,Isopinocamphone,84532,PREDICTED_TARGETS,Gene,CAT,847,0.9526,505,1715
3891,Compound,Caswell No. 264AB,442359,PREDICTED_TARGETS,Gene,CAT,847,0.9526,297,1715
3892,Compound,Leucopelargonidin tetramer,102115508,PREDICTED_TARGETS,Gene,CAT,847,0.9526,536,1715
3893,Compound,arjunglucoside I,14658050,PREDICTED_TARGETS,Gene,CAT,847,0.9526,842,1715
3894,Compound,Pinocarvone,121719,PREDICTED_TARGETS,Gene,CAT,847,0.9526,691,1715
3895,Compound,Terflavin D,101587737,PREDICTED_TARGETS,Gene,CAT,847,0.9526,762,1715
3896,Compound,Eudesm-7(11)-en-4-ol,6432454,PREDICTED_TARGETS,Gene,CAT,847,0.9526,388,1715
3897,Compound,5-Hydroxymethylfurfural,237332,PREDICTED_TARGETS,Gene,BCL2,,0.9526,193,1234
3898,Compound,Licoarylcoumarin,10090416,PREDICTED_TARGETS,Gene,CAT,847,0.9526,544,1715
3899,Compound,Gancaonin I,480777,PREDICTED_TARGETS,Gene,CAT,847,0.9526,412,1715
3900,Compound,"1-(5-Methyl-2-furanyl)-1,2-propanedione",70968,PREDICTED_TARGETS,Gene,CAT,847,0.9526,74,1715
3901,Compound,"(2S,4aS,6aR,6aS,6bR,8aR,10S,12aS,14bR)-10,14b-dihydroxy-2,4a,6a,6b,9,9,12a-heptamethyl-13-oxo-1,3,4,5,6,6a,7,8,8a,10,11,12-dodecahydropicene-2-carboxylic acid",101280181,PREDICTED_TARGETS,Gene,CAT,847,0.9526,35,1715
3902,Compound,Terchebin,3084341,PREDICTED_TARGETS,Gene,CAT,847,0.9526,758,1715
3903,Compound,"(2S,4aS,6aR,6aS,6bR,8aR,9S,10S,12aS,14bR)-10-hydroxy-9-(hydroxymethyl)-2,4a,6a,6b,9,12a-hexamethyl-13-oxo-3,4,5,6,6a,7,8,8a,10,11,12,14b-dodecahydro-1H-picene-2-carboxylic acid",101280182,PREDICTED_TARGETS,Gene,CAT,847,0.9526,36,1715
3904,Compound,Licoflavone B,11349817,PREDICTED_TARGETS,Gene,CAT,847,0.9526,551,1715
3905,Compound,alpha-Cedrene epoxide,122510,PREDICTED_TARGETS,Gene,CAT,847,0.9526,820,1715
3906,Compound,Enoxolone,10114,PREDICTED_TARGETS,Gene,BAX,,0.9526,372,1202
3907,Compound,2-Acetylpyrrole,14079,PREDICTED_TARGETS,Gene,CAT,847,0.9526,131,1715
3908,Compound,2-Pentylfuran,19602,PREDICTED_TARGETS,Gene,CAT,847,0.9526,144,1715
3909,Compound,Sclareol,163263,PREDICTED_TARGETS,Gene,IL1B,3553,0.9526,731,5953
3910,Compound,alpha-Calacorene,12302243,PREDICTED_TARGETS,Gene,CAT,847,0.9526,818,1715
3911,Compound,alpha-Muurolene,12306047,PREDICTED_TARGETS,Gene,CAT,847,0.9526,827,1715
3912,Compound,Sennoside A,73111,PREDICTED_TARGETS,Gene,CASP9,,0.9526,736,1707
3913,Compound,alpha-Gurjunene,15560276,PREDICTED_TARGETS,Gene,CAT,847,0.9526,826,1715
3914,Compound,4-(2-Aminopropyl)phenol,3651,PREDICTED_TARGETS,Gene,CAT,847,0.9526,180,1715
3915,Compound,alpha-Bergamotene,86608,PREDICTED_TARGETS,Gene,CAT,847,0.9526,816,1715
3916,Compound,Isoliquiritin,5318591,PREDICTED_TARGETS,Gene,CAT,847,0.9526,495,1715
3917,Compound,alpha-Campholenal,1252759,PREDICTED_TARGETS,Gene,CAT,847,0.9526,819,1715
3918,Compound,Heptacosane,11636,PREDICTED_TARGETS,Gene,CAT,847,0.9526,458,1715
3919,Compound,Elemicin,10248,PREDICTED_TARGETS,Gene,NFKBIA,,0.9526,367,8597
3920,Compound,alpha-Guaiene,5317844,PREDICTED_TARGETS,Gene,CAT,847,0.9526,825,1715
3921,Compound,Kutkin,131750182,PREDICTED_TARGETS,Gene,NQO1,,0.9526,526,8808
3922,Compound,Docosyl caffeate,5316952,PREDICTED_TARGETS,Gene,CAT,847,0.9526,357,1715
3923,Compound,Leucodelphidin,440835,PREDICTED_TARGETS,Gene,CAT,847,0.9526,534,1715
3924,Compound,Glabric acid,46173993,PREDICTED_TARGETS,Gene,CAT,847,0.9526,421,1715
3925,Compound,Ethyl linolenate,5367460,PREDICTED_TARGETS,Gene,CAT,847,0.9526,382,1715
3926,Compound,Glyinflanin B,480799,PREDICTED_TARGETS,Gene,CAT,847,0.9526,443,1715
3927,Compound,Pentadecanoic acid,13849,PREDICTED_TARGETS,Gene,CAT,847,0.9526,677,1715
3928,Compound,Isoquercitrin,5280804,PREDICTED_TARGETS,Gene,BAX,,0.9526,506,1202
3929,Compound,"(12R,15R,32S,33R)-4,5,6,14,20,21,22,25,26,27,38,39,40,43,44,55-hexadecahydroxy-2,10,13,16,31,34,46,53-octaoxaundecacyclo[46.7.1.03,8.012,33.015,32.018,23.024,29.036,41.042,51.045,50.049,54]hexapentaconta-1(55),3,5,7,18,20,22,24,26,28,36,38,40,42,44,48(56),49(54),50-octadecaene-9,17,30,35,47,52-hexone",16175790,PREDICTED_TARGETS,Gene,CAT,847,0.9526,17,1715
3930,Compound,Glyzaglabrin,5317777,PREDICTED_TARGETS,Gene,CAT,847,0.9526,447,1715
3931,Compound,28-Hydroxyglycyrrhetic acid,76064992,PREDICTED_TARGETS,Gene,CAT,847,0.9526,158,1715
3932,Compound,1-Octadecene,8217,PREDICTED_TARGETS,Gene,CAT,847,0.9526,95,1715
3933,Compound,"6,10,14-Trimethylpentadecan-2-one",10408,PREDICTED_TARGETS,Gene,CAT,847,0.9526,197,1715
3934,Compound,Glisoflavone,5487298,PREDICTED_TARGETS,Gene,GSR,,0.9526,429,5152
3935,Compound,Bellericoside,101425822,PREDICTED_TARGETS,Gene,CAT,847,0.9526,264,1715
3936,Compound,Phloroglucinol,359,PREDICTED_TARGETS,Gene,CYP2E1,,0.9526,682,2927
3937,Compound,Glyyunnansapogenin B,131752021,PREDICTED_TARGETS,Gene,CAT,847,0.9526,446,1715
3938,Compound,1-Octen-3-OL,18827,PREDICTED_TARGETS,Gene,AKT1,,0.9526,97,410
3939,Compound,Methyl linolenate,5319706,PREDICTED_TARGETS,Gene,CAT,847,0.9526,611,1715
3940,Compound,alpha-Selinene,10856614,PREDICTED_TARGETS,Gene,CAT,847,0.9526,835,1715
3941,Compound,Glabrene,480774,PREDICTED_TARGETS,Gene,CAT,847,0.9526,420,1715
3942,Compound,Dipropyl disulfide,12377,PREDICTED_TARGETS,Gene,GSR,,0.9526,352,5152
3943,Compound,Kobusone,6710676,PREDICTED_TARGETS,Gene,CAT,847,0.9526,521,1715
3944,Compound,"1,2,3,4,5,6,7,8-Octahydro-1,4-dimethyl-7-(1-methylethylidene)azulene monoepoxide",92288133,PREDICTED_TARGETS,Gene,CAT,847,0.9526,67,1715
3945,Compound,Cabreuva oxide B,15677814,PREDICTED_TARGETS,Gene,CAT,847,0.9526,283,1715
3946,Compound,30-Hydroxy-11-oxo-beta-amyrin,12310283,PREDICTED_TARGETS,Gene,CAT,847,0.9526,178,1715
3947,Compound,Astragalin,5282102,PREDICTED_TARGETS,Gene,CYP2E1,,0.9526,247,2927
3948,Compound,26-Methylheptacosanoic acid,5282610,PREDICTED_TARGETS,Gene,CAT,847,0.9526,156,1715
3949,Compound,1-Methylpyrrole-2-carboxaldehyde,14504,PREDICTED_TARGETS,Gene,CAT,847,0.9526,92,1715
3950,Compound,Arjunolic acid,73641,PREDICTED_TARGETS,Gene,CYP1A1,,0.9526,242,2902
3951,Compound,Hentriacontan-2-one,182185,PREDICTED_TARGETS,Gene,CAT,847,0.9526,455,1715
3952,Compound,Hentriacontan-16-ol,9548843,PREDICTED_TARGETS,Gene,CAT,847,0.9526,454,1715
3953,Compound,Glucoliquiritin,46869260,PREDICTED_TARGETS,Gene,CAT,847,0.9526,430,1715
3954,Compound,Barbaloin,12305761,PREDICTED_TARGETS,Gene,CAT,847,0.9526,263,1715
3955,Compound,Fucosterol,5281326,PREDICTED_TARGETS,Gene,CAT,847,0.9526,400,1715
3956,Compound,"alpha,beta-Dihydro-3,5,4'-trihydroxy-5'-isopentenylstilbene",10990178,PREDICTED_TARGETS,Gene,CAT,847,0.9526,813,1715
3957,Compound,Punicalin,44567214,PREDICTED_TARGETS,Gene,CAT,847,0.9526,704,1715
3958,Compound,"3,4-Dihydro-2-(4-hydroxyphenyl)-2h-1-benzopyran-3,4,7,8-tetrol",5317352,PREDICTED_TARGETS,Gene,CAT,847,0.9526,163,1715
3959,Compound,"6-[(11-carboxy-4,4,6a,6b,8a,11,14b-heptamethyl-14-oxo-2,3,4a,5,6,7,8,9,10,12,12a,14a-dodecahydro-1H-picen-3-yl)oxy]-3,4-dihydroxy-5-(3,4,5-trihydroxyoxan-2-yl)oxyoxane-2-carboxylic acid",195342,PREDICTED_TARGETS,Gene,CAT,847,0.9526,205,1715
3960,Compound,"(2S,4S,5R,6R)-5-[(2S,3R,4S,5R,6R)-3-[(2S,3R,5R,6S)-3,5-dihydroxy-6-methyloxan-2-yl]oxy-4,5-dihydroxy-6-(hydroxymethyl)oxan-2-yl]oxy-3,4-dihydroxy-6-[[9-hydroxy-4-(hydroxymethyl)-4,6a,6b,8a,11,11,14b-heptamethyl-1,2,3,4a,5,6,7,8,9,10,12,12a,14,14a-tetradecahydropicen-2-yl]oxy]oxane-2-carboxylic acid",5321411,PREDICTED_TARGETS,Gene,CAT,847,0.9526,34,1715
3961,Compound,Kanzonol U,10542808,PREDICTED_TARGETS,Gene,CAT,847,0.9526,516,1715
3962,Compound,Menthone,26447,PREDICTED_TARGETS,Gene,MAPK3,,0.9526,600,7305
3963,Compound,Tricosane,12534,PREDICTED_TARGETS,Gene,CAT,847,0.9526,778,1715
3964,Compound,Humulene epoxyde,5463721,PREDICTED_TARGETS,Gene,CAT,847,0.9526,474,1715
3965,Compound,Sennoside A,73111,PREDICTED_TARGETS,Gene,PPARG,5468,0.9526,736,10164
3966,Compound,"7,4'-Dihydroxyflavan",158280,PREDICTED_TARGETS,Gene,CAT,847,0.9526,207,1715
3967,Compound,Hydroxywighteone,5378945,PREDICTED_TARGETS,Gene,CAT,847,0.9526,476,1715
3968,Compound,terflavin A,16175788,PREDICTED_TARGETS,Gene,CAT,847,0.9526,913,1715
3969,Compound,(-)-trans-Carveol,94221,PREDICTED_TARGETS,Gene,CAT,847,0.9526,16,1715
3970,Compound,21alpha-Hydroxyisoglabrolide,101280184,PREDICTED_TARGETS,Gene,CAT,847,0.9526,151,1715
3971,Compound,Tetradecane,12389,PREDICTED_TARGETS,Gene,CAT,847,0.9526,766,1715
3972,Compound,Kanzonol T,101999902,PREDICTED_TARGETS,Gene,CAT,847,0.9526,515,1715
3973,Compound,Asperglaucide,10026486,PREDICTED_TARGETS,Gene,CAT,847,0.9526,246,1715
3974,Compound,Ethyl butyrate,7762,PREDICTED_TARGETS,Gene,CAT,847,0.9525,378,1715
3975,Compound,"1,4-Dihydroxy-6,7-dimethoxy-3-methyl-9,10-dioxoanthracene-2-carboxylic acid",53438729,PREDICTED_TARGETS,Gene,CAT,847,0.9525,73,1715
3976,Compound,Myrcene,31253,PREDICTED_TARGETS,Gene,PARP1,,0.9525,618,9464
3977,Compound,Ellagitannin,101601927,PREDICTED_TARGETS,Gene,CAT,847,0.9525,370,1715
3978,Compound,3'-Methoxyglabradin,15228663,PREDICTED_TARGETS,Gene,CAT,847,0.9525,160,1715
3979,Compound,Gancaonin R,480815,PREDICTED_TARGETS,Gene,CAT,847,0.9525,413,1715
3980,Compound,Furfuryl butyrate,61167,PREDICTED_TARGETS,Gene,CAT,847,0.9525,404,1715
3981,Compound,"3,5-Dimethylstyrene",21476,PREDICTED_TARGETS,Gene,CAT,847,0.9525,167,1715
3982,Compound,Licoagrodin,637141,PREDICTED_TARGETS,Gene,GSR,,0.9525,539,5152
3983,Compound,4'-O-Methylglabridin,5319664,PREDICTED_TARGETS,Gene,CAT,847,0.9525,179,1715
3984,Compound,Butyric anhydride,7798,PREDICTED_TARGETS,Gene,CAT,847,0.9525,282,1715
3985,Compound,"Liquiritigenin-7,4'-diglucoside",,PREDICTED_TARGETS,Gene,CAT,847,0.9525,575,1715
3986,Compound,Nerol,643820,PREDICTED_TARGETS,Gene,CAT,847,0.9525,628,1715
3987,Compound,Ambrettolide,5365703,PREDICTED_TARGETS,Gene,CAT,847,0.9525,231,1715
3988,Compound,Isoflavan,500472,PREDICTED_TARGETS,Gene,CAT,847,0.9525,486,1715
3989,Compound,Astragalin,5282102,PREDICTED_TARGETS,Gene,CASP8,841,0.9525,247,1705
3990,Compound,"[(7S,8S)-7-hydroxy-5,6,7,8-tetrahydro-3H-pyrrolizin-1-yl]methyl 2-hydroxy-2-[(1S)-1-hydroxyethyl]-3-methylbutanoate",10197,PREDICTED_TARGETS,Gene,CAT,847,0.9525,812,1715
3991,Compound,beta-Ionone,638014,PREDICTED_TARGETS,Gene,GPT,2875,0.9525,855,5081
3992,Compound,Glabrolide,90479675,PREDICTED_TARGETS,Gene,CAT,847,0.9525,427,1715
3993,Compound,Maslinic acid,73659,PREDICTED_TARGETS,Gene,NOS2,,0.9525,593,8741
3994,Compound,Terflavin B,14886031,PREDICTED_TARGETS,Gene,CAT,847,0.9525,760,1715
3995,Compound,Terflavin C,101589227,PREDICTED_TARGETS,Gene,CAT,847,0.9525,761,1715
3996,Compound,"Pyrazine, 1,4-dioxide",520103,PREDICTED_TARGETS,Gene,CAT,847,0.9525,706,1715
3997,Compound,2-Acetylfuran,14505,PREDICTED_TARGETS,Gene,CAT,847,0.9525,130,1715
3998,Compound,Kanzonol V,102444980,PREDICTED_TARGETS,Gene,CAT,847,0.9525,517,1715
3999,Compound,beta-Glucogallin,124021,PREDICTED_TARGETS,Gene,CAT,847,0.9525,853,1715
4000,Compound,Galactomannan,439336,PREDICTED_TARGETS,Gene,CAT,847,0.9525,408,1715
4001,Compound,2'-Hydroxyacetophenone,8375,PREDICTED_TARGETS,Gene,CAT,847,0.9525,119,1715
4002,Compound,Bergapten,2355,PREDICTED_TARGETS,Gene,PTGS2,,0.9525,271,10537
4003,Compound,Liquiritigenin 7-beta-D-glucopyranoside,51666248,PREDICTED_TARGETS,Gene,CAT,847,0.9525,574,1715
4004,Compound,2-Tridecanone,11622,PREDICTED_TARGETS,Gene,CAT,847,0.9525,148,1715
4005,Compound,Xambioona,14769500,PREDICTED_TARGETS,Gene,CAT,847,0.9525,803,1715
4006,Compound,"[(2S,3R,4S,5S,6R)-3,4,5-trihydroxy-6-(hydroxymethyl)oxan-2-yl] (4aS,6aR,6aS,6bR,8R,8aR,9S,10R,11R,12aR,14bS)-8,10,11-trihydroxy-9-(hydroxymethyl)-2,2,6a,6b,9,12a-hexamethyl-1,3,4,5,6,6a,7,8,8a,10,11,12,13,14b-tetradecahydropicene-4a-carboxylate",102005082,PREDICTED_TARGETS,Gene,CAT,847,0.9525,808,1715
4007,Compound,Isomucronulatol,602152,PREDICTED_TARGETS,Gene,CAT,847,0.9525,499,1715
4008,Compound,Glabranin,124049,PREDICTED_TARGETS,Gene,NQO1,,0.9525,419,8808
4009,Compound,Uralsaponin B,163744,PREDICTED_TARGETS,Gene,CAT,847,0.9525,788,1715
4010,Compound,1-Octanol,957,PREDICTED_TARGETS,Gene,PTGS2,,0.9525,96,10537
4011,Compound,Arjungenin,12444386,PREDICTED_TARGETS,Gene,CAT,847,0.9525,241,1715
4012,Compound,(-)-Epiafzelechin,443639,PREDICTED_TARGETS,Gene,CAT,847,0.9525,8,1715
4013,Compound,2-Heptadecanone,18027,PREDICTED_TARGETS,Gene,CAT,847,0.9525,136,1715
4014,Compound,Isoglycycoumarin,14187587,PREDICTED_TARGETS,Gene,CAT,847,0.9525,490,1715
4015,Compound,Kaempferol-3-O-glucorhamnoside,13915496,PREDICTED_TARGETS,Gene,CAT,847,0.9525,512,1715
4016,Compound,3-Hydroxyglabrol,480854,PREDICTED_TARGETS,Gene,CAT,847,0.9525,174,1715
4017,Compound,Nimbidiol,11334829,PREDICTED_TARGETS,Gene,IL6,,0.9525,634,5991
4018,Compound,Pulegone,442495,PREDICTED_TARGETS,Gene,CAT,847,0.9525,702,1715
4019,Compound,Verbenone,29025,PREDICTED_TARGETS,Gene,HMOX1,,0.9525,797,5559
4020,Compound,2-Furylacetone,228583,PREDICTED_TARGETS,Gene,CAT,847,0.9525,135,1715
4021,Compound,7-Acetoxy-2-methylisoflavone,268208,PREDICTED_TARGETS,Gene,CAT,847,0.9525,209,1715
4022,Compound,Hispaglabridin B,15228661,PREDICTED_TARGETS,Gene,CAT,847,0.9525,471,1715
4023,Compound,"(2S)-2-[4-[(2S,3R,4S,5S,6R)-3-[(2R,3S,4S)-3,4-dihydroxy-4-(hydroxymethyl)oxolan-2-yl]oxy-4,5-dihydroxy-6-(hydroxymethyl)oxan-2-yl]oxyphenyl]-7-hydroxy-2,3-dihydrochromen-4-one",46232263,PREDICTED_TARGETS,Gene,CAT,847,0.9525,31,1715
4024,Compound,"1,2-Heptanediol",77302,PREDICTED_TARGETS,Gene,CAT,847,0.9525,70,1715
4025,Compound,Ricinoleic acid,643684,PREDICTED_TARGETS,Gene,NOS2,,0.9525,716,8741
4026,Compound,1-Methoxyficifolinol,480872,PREDICTED_TARGETS,Gene,CAT,847,0.9525,87,1715
4027,Compound,Licoagroside B,22297602,PREDICTED_TARGETS,Gene,CAT,847,0.9525,543,1715
4028,Compound,Glabroisoflavanone A,11221431,PREDICTED_TARGETS,Gene,CAT,847,0.9525,424,1715
4029,Compound,Licoisoflavanone,392443,PREDICTED_TARGETS,Gene,CAT,847,0.9525,553,1715
4030,Compound,11-Deoxoglycyrrhetinic acid,12305517,PREDICTED_TARGETS,Gene,CAT,847,0.9525,104,1715
4031,Compound,Pratol,5320693,PREDICTED_TARGETS,Gene,MAPK3,,0.9525,695,7305
4032,Compound,Ammonium glycyrrhizate,62074,PREDICTED_TARGETS,Gene,CAT,847,0.9525,232,1715
4033,Compound,Heneicosane,12403,PREDICTED_TARGETS,Gene,CAT,847,0.9525,453,1715
4034,Compound,Triacontane,12535,PREDICTED_TARGETS,Gene,CAT,847,0.9525,774,1715
4035,Compound,"Bicyclo[7.2.0]undecan-5-ol, 10,10-dimethyl-2,6-bis(methylene)-",527418,PREDICTED_TARGETS,Gene,CAT,847,0.9525,274,1715
4036,Compound,"(9Z)-(12S,13R)-12,13-Epoxyoctadecenoic acid",6449780,PREDICTED_TARGETS,Gene,CAT,847,0.9525,48,1715
4037,Compound,Glycopeptide,56928060,PREDICTED_TARGETS,Gene,NFKBIA,,0.9525,435,8597
4038,Compound,Leucopelargonidin,3286789,PREDICTED_TARGETS,Gene,CAT,847,0.9525,535,1715
4039,Compound,Neoisoliquiritin,22524410,PREDICTED_TARGETS,Gene,CAT,847,0.9525,627,1715
4040,Compound,(+)-Vestitol,177149,PREDICTED_TARGETS,Gene,CAT,847,0.9525,1,1715
4041,Compound,1-Pentadecanol,12397,PREDICTED_TARGETS,Gene,CAT,847,0.9525,98,1715
4042,Compound,Piperitenone,381152,PREDICTED_TARGETS,Gene,CAT,847,0.9525,693,1715
4043,Compound,Liquiritigenin,114829,PREDICTED_TARGETS,Gene,PPARG,5468,0.9525,573,10164
4044,Compound,Benzyl acetate,8785,PREDICTED_TARGETS,Gene,AKT1,,0.9525,268,410
4045,Compound,Abssinone II,7330517,PREDICTED_TARGETS,Gene,CAT,847,0.9525,220,1715
4046,Compound,4-Vinylphenol,62453,PREDICTED_TARGETS,Gene,PTGS2,,0.9525,190,10537
4047,Compound,Heptacosanoic acid,23524,PREDICTED_TARGETS,Gene,CAT,847,0.9525,459,1715
4048,Compound,Isoglabrolide,15559941,PREDICTED_TARGETS,Gene,CAT,847,0.9525,489,1715
4049,Compound,"3-(3,4-Dihydroxyphenyl)-5,7-dihydroxy-6,8-bis(3-methylbut-2-enyl)chroman-4-one",487089,PREDICTED_TARGETS,Gene,CAT,847,0.9524,169,1715
4050,Compound,D-Xylose,135191,PREDICTED_TARGETS,Gene,AKT1,,0.9524,337,410
4051,Compound,Hispaglabridin A,442774,PREDICTED_TARGETS,Gene,CAT,847,0.9524,470,1715
4052,Compound,gamma-Caprolactone,12756,PREDICTED_TARGETS,Gene,CAT,847,0.9524,890,1715
4053,Compound,"(1R,3S,4R,7R,9S,12S,13R,17S,19R,20R,22S)-9-hydroxy-3,4,8,8,12,19,22-heptamethyl-14-oxo-23-oxahexacyclo[18.2.1.03,16.04,13.07,12.017,22]tricos-15-ene-19-carboxylic acid",101280179,PREDICTED_TARGETS,Gene,CAT,847,0.9524,20,1715
4054,Compound,Phaseollinisoflavan,162412,PREDICTED_TARGETS,Gene,CAT,847,0.9524,679,1715
4055,Compound,Hentriacontanoic acid,37982,PREDICTED_TARGETS,Gene,CAT,847,0.9524,457,1715
4056,Compound,Kumatakenin,5318869,PREDICTED_TARGETS,Gene,CAT,847,0.9524,525,1715
4057,Compound,Paratocarpin B,42607541,PREDICTED_TARGETS,Gene,CAT,847,0.9524,673,1715
4058,Compound,Citronellol,8842,PREDICTED_TARGETS,Gene,CXCL8,3576,0.9524,313,2865
4059,Compound,Terpinolene,11463,PREDICTED_TARGETS,Gene,EGFR,1956,0.9524,763,3738
4060,Compound,Glyinflanin G,15233561,PREDICTED_TARGETS,Gene,CAT,847,0.9524,444,1715
4061,Compound,"3,3',5'-Trihydroxy-4-methoxy-5-prenylbibenzyl",11023938,PREDICTED_TARGETS,Gene,CAT,847,0.9524,162,1715
4062,Compound,1-Eicosene,18936,PREDICTED_TARGETS,Gene,CAT,847,0.9524,79,1715
4063,Compound,7-Hydroxy-2-methyl-3-phenyl-4H-chromen-4-one,5380976,PREDICTED_TARGETS,Gene,CAT,847,0.9524,213,1715
4064,Compound,"5-[2-[4-Hydroxy-3-(3-methylbut-2-enyl)phenyl]ethyl]-2-(3-methylbut-2-enyl)benzene-1,3-diol",637247,PREDICTED_TARGETS,Gene,CAT,847,0.9524,195,1715
4065,Compound,Glabroisoflavanone B,11405466,PREDICTED_TARGETS,Gene,CAT,847,0.9524,425,1715
4066,Compound,Undecanal,8186,PREDICTED_TARGETS,Gene,AKT1,,0.9524,785,410
4067,Compound,"8(26),14(27)-Onoceradiene-3beta,21alpha-diol",42608308,PREDICTED_TARGETS,Gene,CAT,847,0.9524,217,1715
4068,Compound,Hydroxyacetone,8299,PREDICTED_TARGETS,Gene,CAT,847,0.9524,475,1715
4069,Compound,Wighteone,5281814,PREDICTED_TARGETS,Gene,CAT,847,0.9524,802,1715
4070,Compound,beta-Pinene,14896,PREDICTED_TARGETS,Gene,TP53,,0.9524,860,13725
4071,Compound,Licoisoflavone A,5281789,PREDICTED_TARGETS,Gene,CAT,847,0.9524,554,1715
4072,Compound,alpha-Glycyrrhizin,158471,PREDICTED_TARGETS,Gene,CAT,847,0.9524,824,1715
4073,Compound,Glycyrrhisoflavone,5317764,PREDICTED_TARGETS,Gene,CAT,847,0.9524,441,1715
4074,Compound,Phlobaphene,,PREDICTED_TARGETS,Gene,CAT,847,0.9524,681,1715
4075,Compound,Terpinolene,11463,PREDICTED_TARGETS,Gene,GSK3B,2932,0.9524,763,5148
4076,Compound,Glyinflanin H,15233562,PREDICTED_TARGETS,Gene,CAT,847,0.9524,445,1715
4077,Compound,Pentacosane,12406,PREDICTED_TARGETS,Gene,CAT,847,0.9524,675,1715
4078,Compound,1-Methoxyphaseollidin,480873,PREDICTED_TARGETS,Gene,CAT,847,0.9524,88,1715
4079,Compound,Kanzonol B,10881804,PREDICTED_TARGETS,Gene,CAT,847,0.9524,513,1715
4080,Compound,Glychionide A,11597485,PREDICTED_TARGETS,Gene,CAT,847,0.9524,434,1715
4081,Compound,Licoisoflavone B,5481234,PREDICTED_TARGETS,Gene,ESR1,2099,0.9524,555,4008
4082,Compound,1-Tetradecene,14260,PREDICTED_TARGETS,Gene,CAT,847,0.9524,100,1715
4083,Compound,Licochalcone C,9840805,PREDICTED_TARGETS,Gene,CAT,847,0.9524,546,1715
4084,Compound,Undecanoic acid,8180,PREDICTED_TARGETS,Gene,NFKBIA,,0.9524,787,8597
4085,Compound,"7-methoxy-3-[4-[(2S,3R,4S,5S,6R)-3,4,5-trihydroxy-6-(hydroxymethyl)oxan-2-yl]oxyphenyl]chromen-4-one",5318619,PREDICTED_TARGETS,Gene,CAT,847,0.9524,216,1715
4086,Compound,Glycyrrhisoflavanone,5317762,PREDICTED_TARGETS,Gene,CAT,847,0.9524,440,1715
4087,Compound,Ethyl linoleate,5282184,PREDICTED_TARGETS,Gene,CAT,847,0.9524,381,1715
4088,Compound,Licoagroside A,73357140,PREDICTED_TARGETS,Gene,CAT,847,0.9524,542,1715
4089,Compound,Punicalagin,44567213,PREDICTED_TARGETS,Gene,CAT,847,0.9524,703,1715
4090,Compound,Furfuryl formate,556916,PREDICTED_TARGETS,Gene,CAT,847,0.9524,405,1715
4091,Compound,Hexadecan-2-one,29251,PREDICTED_TARGETS,Gene,CAT,847,0.9524,464,1715
4092,Compound,Licoriphenone,21591149,PREDICTED_TARGETS,Gene,CAT,847,0.9524,559,1715
4093,Compound,Podophyllin,11979494,PREDICTED_TARGETS,Gene,CAT,847,0.9524,694,1715
4094,Compound,Camphor,2537,PREDICTED_TARGETS,Gene,NOS2,,0.9524,292,8741
4095,Compound,gamma-Heptalactone,7742,PREDICTED_TARGETS,Gene,CAT,847,0.9524,893,1715
4096,Compound,Kanzonol R,131753027,PREDICTED_TARGETS,Gene,CAT,847,0.9524,514,1715
4097,Compound,5-Methylfurfural,12097,PREDICTED_TARGETS,Gene,CAT,847,0.9524,194,1715
4098,Compound,Kanzonol Y,10001604,PREDICTED_TARGETS,Gene,CAT,847,0.9524,520,1715
4099,Compound,Licoricone,5319013,PREDICTED_TARGETS,Gene,CAT,847,0.9524,558,1715
4100,Compound,Farnesylacetone,1711945,PREDICTED_TARGETS,Gene,CAT,847,0.9524,392,1715
4101,Compound,(S)-8-Prenylphaseollinisoflavan,15228660,PREDICTED_TARGETS,Gene,CAT,847,0.9524,57,1715
4102,Compound,2-Acetyl-1-furfurylpyrrole,20560368,PREDICTED_TARGETS,Gene,CAT,847,0.9524,128,1715
4103,Compound,Sterculic acid,12921,PREDICTED_TARGETS,Gene,CAT,847,0.9524,748,1715
4104,Compound,Sennoside B,91440,PREDICTED_TARGETS,Gene,CAT,847,0.9524,737,1715
4105,Compound,Glucoliquiritin apioside,74819335,PREDICTED_TARGETS,Gene,CAT,847,0.9524,431,1715
4106,Compound,Diacetone alcohol,31256,PREDICTED_TARGETS,Gene,CAT,847,0.9524,348,1715
4107,Compound,Mesitylene,7947,PREDICTED_TARGETS,Gene,PPARG,5468,0.9524,601,10164
4108,Compound,Glyzarin,44257206,PREDICTED_TARGETS,Gene,CAT,847,0.9524,448,1715
4109,Compound,Maltol,8369,PREDICTED_TARGETS,Gene,PPARG,5468,0.9524,586,10164
4110,Compound,alpha-Amyrin,73170,PREDICTED_TARGETS,Gene,IL1B,3553,0.9524,815,5953
4111,Compound,Malvalic acid,10416,PREDICTED_TARGETS,Gene,CAT,847,0.9524,587,1715
4112,Compound,Deoxoglabrolide,101280183,PREDICTED_TARGETS,Gene,CAT,847,0.9524,346,1715
4113,Compound,Furfural,7362,PREDICTED_TARGETS,Gene,CAT,847,0.9524,401,1715
4114,Compound,2-Phenylbutanoate,3881907,PREDICTED_TARGETS,Gene,CAT,847,0.9524,145,1715
4115,Compound,Semilicoisoflavone B,5481948,PREDICTED_TARGETS,Gene,CAT,847,0.9524,735,1715
4116,Compound,Hederasaponine C [French],3037108,PREDICTED_TARGETS,Gene,CAT,847,0.9524,451,1715
4117,Compound,Dodecanal,8194,PREDICTED_TARGETS,Gene,CAT,847,0.9524,358,1715
4118,Compound,Medicarpin,336327,PREDICTED_TARGETS,Gene,CAT,847,0.9524,594,1715
4119,Compound,Licoflavonol,5481964,PREDICTED_TARGETS,Gene,CAT,847,0.9523,552,1715
4120,Compound,Licoagrocarpin,15840593,PREDICTED_TARGETS,Gene,CAT,847,0.9523,538,1715
4121,Compound,Glyasperin D,480860,PREDICTED_TARGETS,Gene,MAPK1,,0.9523,432,7299
4122,Compound,cis-beta-Farnesene,5317319,PREDICTED_TARGETS,Gene,CAT,847,0.9523,880,1715
4123,Compound,Clitorin,11592917,PREDICTED_TARGETS,Gene,CAT,847,0.9523,314,1715
4124,Compound,Eicosanyl caffeate,5320238,PREDICTED_TARGETS,Gene,CAT,847,0.9523,366,1715
4125,Compound,7-Methoxy-2-methyl-3-phenyl-4H-chromen-4-one,354368,PREDICTED_TARGETS,Gene,CAT,847,0.9523,214,1715
4126,Compound,Hemileiocarpin,629440,PREDICTED_TARGETS,Gene,CAT,847,0.9523,452,1715
4127,Compound,Furfuryl acetate,12170,PREDICTED_TARGETS,Gene,CAT,847,0.9523,402,1715
4128,Compound,Apioglycyrrhizin,195343,PREDICTED_TARGETS,Gene,CAT,847,0.9523,238,1715
4129,Compound,"2,6-Dimethylpyrazine",7938,PREDICTED_TARGETS,Gene,CAT,847,0.9523,126,1715
4130,Compound,"2,3,5-Trimethylpyrazine",26808,PREDICTED_TARGETS,Gene,CAT,847,0.9523,122,1715
4131,Compound,7-Methoxycoumarin,10748,PREDICTED_TARGETS,Gene,MAPK3,,0.9523,215,7305
4132,Compound,Azadiradione,12308714,PREDICTED_TARGETS,Gene,PARP1,,0.9523,254,9464
4133,Compound,Isovitexin,162350,PREDICTED_TARGETS,Gene,CYP1A2,,0.9523,510,2903
4134,Compound,1-Hexadecene,12395,PREDICTED_TARGETS,Gene,CAT,847,0.9523,83,1715
4135,Compound,(R)-Lavandulol,5464156,PREDICTED_TARGETS,Gene,CAT,847,0.9523,54,1715
4136,Compound,gamma-Octalactone,7704,PREDICTED_TARGETS,Gene,CAT,847,0.9523,895,1715
4137,Compound,1-Undecanol,8184,PREDICTED_TARGETS,Gene,CAT,847,0.9523,102,1715
4138,Compound,Elemicin,10248,PREDICTED_TARGETS,Gene,HMOX1,,0.9523,367,5559
4139,Compound,Nonacosanoic acid,20245,PREDICTED_TARGETS,Gene,CAT,847,0.9523,654,1715
4140,Compound,N-Acetylpyrrole,521947,PREDICTED_TARGETS,Gene,CAT,847,0.9523,623,1715
4141,Compound,"Cyclohexane, 1-methoxy-4-(1-methylethyl)-",23594959,PREDICTED_TARGETS,Gene,CAT,847,0.9523,324,1715
4142,Compound,Pterocarpan,6451349,PREDICTED_TARGETS,Gene,CAT,847,0.9523,701,1715
4143,Compound,Decanal,8175,PREDICTED_TARGETS,Gene,BAX,,0.9523,341,1202
4144,Compound,Methyl ethyl ketone,6569,PREDICTED_TARGETS,Gene,NOS2,,0.9523,608,8741
4145,Compound,Difurfuryl ether,263034,PREDICTED_TARGETS,Gene,CAT,847,0.9522,350,1715
4146,Compound,Glabrol,11596309,PREDICTED_TARGETS,Gene,GSR,,0.9522,426,5152
4147,Compound,Glabrocoumarin,11427657,PREDICTED_TARGETS,Gene,CAT,847,0.9522,423,1715
4148,Compound,Myrtenal,61130,PREDICTED_TARGETS,Gene,CXCL8,3576,0.9522,621,2865
4149,Compound,Liqcoumarin,11378967,PREDICTED_TARGETS,Gene,CAT,847,0.9522,572,1715
4150,Compound,2-Phenylethanol,6054,PREDICTED_TARGETS,Gene,CYP1A1,,0.9522,146,2902
4151,Compound,Daucosterol,5742590,PREDICTED_TARGETS,Gene,GSR,,0.9522,338,5152
4152,Compound,Carvone,7439,PREDICTED_TARGETS,Gene,RELA,,0.9522,294,10988
4153,Compound,Benzoic acid,243,PREDICTED_TARGETS,Gene,CASP3,,0.9522,266,1701
4154,Compound,Nimbin,108058,PREDICTED_TARGETS,Gene,CASP8,841,0.9522,636,1705
4155,Compound,(-)-Epicatechin,72276,PREDICTED_TARGETS,Gene,IL6,,0.9522,9,5991
4156,Compound,Gibberellic acid,6466,PREDICTED_TARGETS,Gene,TP53,,0.9522,418,13725
4157,Compound,m-Cresol,342,PREDICTED_TARGETS,Gene,PPARG,5468,0.9522,898,10164
4158,Compound,Licoagrone,5318993,PREDICTED_TARGETS,Gene,ALB,213,0.9522,541,418
4159,Compound,beta-Ionone,638014,PREDICTED_TARGETS,Gene,CYP1A1,,0.9522,855,2902
4160,Compound,Proanthocyanidin,108065,PREDICTED_TARGETS,Gene,IL6,,0.9522,696,5991
4161,Compound,Nootkatone,1268142,PREDICTED_TARGETS,Gene,CYP2E1,,0.9522,658,2927
4162,Compound,Arjunolic acid,73641,PREDICTED_TARGETS,Gene,HMOX1,,0.9521,242,5559
4163,Compound,beta-Sitosterol,222284,PREDICTED_TARGETS,Gene,PARP1,,0.9521,869,9464
4164,Compound,L-Rhamnose,25310,PREDICTED_TARGETS,Gene,NFKBIA,,0.9521,530,8597
4165,Compound,Safrole,5144,PREDICTED_TARGETS,Gene,TP53,,0.9521,721,13725
4166,Compound,Glycyrol,5320083,PREDICTED_TARGETS,Gene,CYP3A4,,0.9521,439,2935
4167,Compound,Stigmasterol,5280794,PREDICTED_TARGETS,Gene,CAT,847,0.9521,750,1715
4168,Compound,beta-Eudesmol,91457,PREDICTED_TARGETS,Gene,TP53,,0.9521,851,13725
4169,Compound,beta-Ionone,638014,PREDICTED_TARGETS,Gene,NFKBIA,,0.9521,855,8597
4170,Compound,Isovitexin,162350,PREDICTED_TARGETS,Gene,NFE2L2,,0.9521,510,8588
4171,Compound,4-Hydroxychalcone,5282361,PREDICTED_TARGETS,Gene,HMOX1,,0.9521,185,5559
4172,Compound,Safrole,5144,PREDICTED_TARGETS,Gene,NFE2L2,,0.9521,721,8588
4173,Compound,Fenchone,14525,PREDICTED_TARGETS,Gene,UGT1A1,54658,0.9521,393,14231
4174,Compound,beta-Elemene,6918391,PREDICTED_TARGETS,Gene,NFE2L2,,0.9521,850,8588
4175,Compound,Methyl ethyl ketone,6569,PREDICTED_TARGETS,Gene,IL1B,3553,0.9521,608,5953
4176,Compound,2-Phenylethanol,6054,PREDICTED_TARGETS,Gene,HMOX1,,0.952,146,5559
4177,Compound,Flavanone,10251,PREDICTED_TARGETS,Gene,AKT1,,0.952,395,410
4178,Compound,Licocoumarone,503731,PREDICTED_TARGETS,Gene,CASP9,,0.952,548,1707
4179,Compound,Glisoflavone,5487298,PREDICTED_TARGETS,Gene,ALB,213,0.952,429,418
4180,Compound,"3,5-Dihydroxybenzoic acid",7424,PREDICTED_TARGETS,Gene,PARP1,,0.952,166,9464
4181,Compound,Ononin,442813,PREDICTED_TARGETS,Gene,CASP9,,0.952,668,1707
4182,Compound,"2',4'-Dihydroxyacetophenone",6990,PREDICTED_TARGETS,Gene,NQO1,,0.952,118,8808
4183,Compound,Benzyl acetate,8785,PREDICTED_TARGETS,Gene,NFKBIA,,0.952,268,8597
4184,Compound,Licoagrodin,637141,PREDICTED_TARGETS,Gene,ALB,213,0.952,539,418
4185,Compound,Myrtenal,61130,PREDICTED_TARGETS,Gene,MAPK3,,0.9519,621,7305
4186,Compound,Kutkin,131750182,PREDICTED_TARGETS,Gene,CCL2,,0.9519,526,1821
4187,Compound,Glyasperin D,480860,PREDICTED_TARGETS,Gene,CXCL8,3576,0.9519,432,2865
4188,Compound,Acetoin,179,PREDICTED_TARGETS,Gene,CXCL8,3576,0.9519,221,2865
4189,Compound,Azadiradione,12308714,PREDICTED_TARGETS,Gene,CYP3A4,,0.9519,254,2935
4190,Compound,Phloroglucinol,359,PREDICTED_TARGETS,Gene,NFE2L2,,0.9519,682,8588
4191,Compound,Licoagrone,5318993,PREDICTED_TARGETS,Gene,ESR1,2099,0.9519,541,4008
4192,Compound,Glabrol,11596309,PREDICTED_TARGETS,Gene,MTOR,2475,0.9519,426,8080
4193,Compound,Terpinolene,11463,PREDICTED_TARGETS,Gene,PARP1,,0.9519,763,9464
4194,Compound,Glabranin,124049,PREDICTED_TARGETS,Gene,GSR,,0.9519,419,5152
4195,Compound,Estragole,8815,PREDICTED_TARGETS,Gene,NFKBIA,,0.9519,376,8597
4196,Compound,Pentagalloylglucose,65238,PREDICTED_TARGETS,Gene,NFKBIA,,0.9519,678,8597
4197,Compound,Sclareol,163263,PREDICTED_TARGETS,Gene,BCL2,,0.9518,731,1234
4198,Compound,"Methyl 2,5-dihydroxycinnamate",5353609,PREDICTED_TARGETS,Gene,TP53,,0.9518,604,13725
4199,Compound,Methyl linoleate,5284421,PREDICTED_TARGETS,Gene,MAPK3,,0.9518,610,7305
4200,Compound,Estragole,8815,PREDICTED_TARGETS,Gene,GPT,2875,0.9518,376,5081
4201,Compound,cis-3-Hexen-1-ol,5281167,PREDICTED_TARGETS,Gene,BCL2,,0.9518,874,1234
4202,Compound,8-Prenylnaringenin,480764,PREDICTED_TARGETS,Gene,RELA,,0.9518,219,10988
4203,Compound,Glycopeptide,56928060,PREDICTED_TARGETS,Gene,CYP1A2,,0.9518,435,2903
4204,Compound,gamma-Terpinene,7461,PREDICTED_TARGETS,Gene,MAPK3,,0.9518,896,7305
4205,Compound,beta-Sitosterol,222284,PREDICTED_TARGETS,Gene,UGT1A1,54658,0.9518,869,14231
4206,Compound,2-Undecanone,8163,PREDICTED_TARGETS,Gene,CYP1A2,,0.9518,149,2903
4207,Compound,Chebulic acid,71308174,PREDICTED_TARGETS,Gene,PARP1,,0.9518,304,9464
4208,Compound,beta-Ionone,638014,PREDICTED_TARGETS,Gene,HMOX1,,0.9518,855,5559
4209,Compound,2-Hexenal,5281168,PREDICTED_TARGETS,Gene,IL1B,3553,0.9518,138,5953
4210,Compound,Fenchone,14525,PREDICTED_TARGETS,Gene,GSR,,0.9518,393,5152
4211,Compound,Myrtenol,10582,PREDICTED_TARGETS,Gene,CYP1A2,,0.9517,622,2903
4212,Compound,Shikimic acid,8742,PREDICTED_TARGETS,Gene,CYP2E1,,0.9517,740,2927
4213,Compound,Enoxolone,10114,PREDICTED_TARGETS,Gene,PTGS2,,0.9517,372,10537
4214,Compound,Glisoflavone,5487298,PREDICTED_TARGETS,Gene,ESR1,2099,0.9517,429,4008
4215,Compound,Picroside II,11944602,PREDICTED_TARGETS,Gene,CYP2E1,,0.9517,688,2927
4216,Compound,Indole,798,PREDICTED_TARGETS,Gene,IL6,,0.9517,478,5991
4217,Compound,Kutkin,131750182,PREDICTED_TARGETS,Gene,TGFB1,,0.9517,526,13305
4218,Compound,Licopyranocoumarin,122851,PREDICTED_TARGETS,Gene,CDK4,1019,0.9517,556,2034
4219,Compound,Chebulinic acid,72284,PREDICTED_TARGETS,Gene,BAX,,0.9517,305,1202
4220,Compound,Terpinolene,11463,PREDICTED_TARGETS,Gene,CYP3A4,,0.9517,763,2935
4221,Compound,2-Methoxy-4-methylphenol,7144,PREDICTED_TARGETS,Gene,CYP1A2,,0.9517,139,2903
4222,Compound,Cedrol,65575,PREDICTED_TARGETS,Gene,PARP1,,0.9517,301,9464
4223,Compound,Myrcene,31253,PREDICTED_TARGETS,Gene,CYP3A4,,0.9517,618,2935
4224,Compound,Isoelemicin,5318557,PREDICTED_TARGETS,Gene,MAPK3,,0.9517,485,7305
4225,Compound,Licoagrodin,637141,PREDICTED_TARGETS,Gene,ESR1,2099,0.9517,539,4008
4226,Compound,alpha-Terpineol,17100,PREDICTED_TARGETS,Gene,NOS2,,0.9516,838,8741
4227,Compound,Nootkatone,1268142,PREDICTED_TARGETS,Gene,NFE2L2,,0.9516,658,8588
4228,Compound,Maltol,8369,PREDICTED_TARGETS,Gene,CASP9,,0.9516,586,1707
4229,Compound,Linalyl acetate,8294,PREDICTED_TARGETS,Gene,MAPK3,,0.9516,569,7305
4230,Compound,"2',4'-Dihydroxyacetophenone",6990,PREDICTED_TARGETS,Gene,CDK4,1019,0.9516,118,2034
4231,Compound,Isoelemicin,5318557,PREDICTED_TARGETS,Gene,MAPK1,,0.9516,485,7299
4232,Compound,Tannic acid,16129778,PREDICTED_TARGETS,Gene,AKT1,,0.9515,757,410
4233,Compound,o-Cresol,335,PREDICTED_TARGETS,Gene,NFE2L2,,0.9515,905,8588
4234,Compound,Ethyl salicylate,8365,PREDICTED_TARGETS,Gene,NFKBIA,,0.9515,385,8597
4235,Compound,Vanillic acid,8468,PREDICTED_TARGETS,Gene,IL6,,0.9515,793,5991
4236,Compound,Prunetin,5281804,PREDICTED_TARGETS,Gene,NFE2L2,,0.9515,700,8588
4237,Compound,Azadiradione,12308714,PREDICTED_TARGETS,Gene,NQO1,,0.9515,254,8808
4238,Compound,Pentagalloylglucose,65238,PREDICTED_TARGETS,Gene,CYP1A1,,0.9515,678,2902
4239,Compound,D-Xylose,135191,PREDICTED_TARGETS,Gene,NFKBIA,,0.9515,337,8597
4240,Compound,Myrtenal,61130,PREDICTED_TARGETS,Gene,MAPK1,,0.9515,621,7299
4241,Compound,beta-Ionone,638014,PREDICTED_TARGETS,Gene,CASP8,841,0.9515,855,1705
4242,Compound,1-Heptanol,8129,PREDICTED_TARGETS,Gene,NFE2L2,,0.9515,81,8588
4243,Compound,"3,5-Dihydroxybenzoic acid",7424,PREDICTED_TARGETS,Gene,CYP3A4,,0.9514,166,2935
4244,Compound,Humulene,5281520,PREDICTED_TARGETS,Gene,GSR,,0.9514,472,5152
4245,Compound,Menthone,26447,PREDICTED_TARGETS,Gene,MAPK1,,0.9514,600,7299
4246,Compound,Methyl ethyl ketone,6569,PREDICTED_TARGETS,Gene,CASP9,,0.9514,608,1707
4247,Compound,p-Cymene,7463,PREDICTED_TARGETS,Gene,ESR1,2099,0.9514,908,4008
4248,Compound,beta-Maltose,6255,PREDICTED_TARGETS,Gene,IL1B,3553,0.9514,857,5953
4249,Compound,Verbenone,29025,PREDICTED_TARGETS,Gene,GPT,2875,0.9513,797,5081
4250,Compound,Ricinoleic acid,643684,PREDICTED_TARGETS,Gene,PPARG,5468,0.9513,716,10164
4251,Compound,1-Heptanol,8129,PREDICTED_TARGETS,Gene,GPT,2875,0.9513,81,5081
4252,Compound,1-Hexacosanol,68171,PREDICTED_TARGETS,Gene,AKT1,,0.9513,82,410
4253,Compound,Myrcene,31253,PREDICTED_TARGETS,Gene,NQO1,,0.9513,618,8808
4254,Compound,Pentagalloylglucose,65238,PREDICTED_TARGETS,Gene,HMOX1,,0.9513,678,5559
4255,Compound,Scoparone,8417,PREDICTED_TARGETS,Gene,CASP9,,0.9513,732,1707
4256,Compound,Decane,15600,PREDICTED_TARGETS,Gene,PARP1,,0.9513,342,9464
4257,Compound,3-Deacetylsalannin,14458886,PREDICTED_TARGETS,Gene,PARP1,,0.9513,172,9464
4258,Compound,Maslinic acid,73659,PREDICTED_TARGETS,Gene,CASP9,,0.9512,593,1707
4259,Compound,Dodecane,8182,PREDICTED_TARGETS,Gene,ABCB1,5243,0.9512,359,36
4260,Compound,Physcion,10639,PREDICTED_TARGETS,Gene,CASP9,,0.9512,683,1707
4261,Compound,Myrtenol,10582,PREDICTED_TARGETS,Gene,ALB,213,0.9512,622,418
4262,Compound,6-Prenylnaringenin,155094,PREDICTED_TARGETS,Gene,PARP1,,0.9512,204,9464
4263,Compound,Pinocembrin,68071,PREDICTED_TARGETS,Gene,CXCL8,3576,0.9512,692,2865
4264,Compound,Decane,15600,PREDICTED_TARGETS,Gene,CYP3A4,,0.9512,342,2935
4265,Compound,Estragole,8815,PREDICTED_TARGETS,Gene,HMOX1,,0.9512,376,5559
4266,Compound,Terpinolene,11463,PREDICTED_TARGETS,Gene,NQO1,,0.9512,763,8808
4267,Compound,Liquiritin,503737,PREDICTED_TARGETS,Gene,MAPK3,,0.9512,576,7305
4268,Compound,Furfuryl alcohol,7361,PREDICTED_TARGETS,Gene,NFKBIA,,0.9512,403,8597
4269,Compound,cis-3-Hexen-1-ol,5281167,PREDICTED_TARGETS,Gene,IL1B,3553,0.9512,874,5953
4270,Compound,Glycyrol,5320083,PREDICTED_TARGETS,Gene,PARP1,,0.9512,439,9464
4271,Compound,Dodecane,8182,PREDICTED_TARGETS,Gene,CYP3A4,,0.9512,359,2935
4272,Compound,Shikimic acid,8742,PREDICTED_TARGETS,Gene,NFE2L2,,0.9512,740,8588
4273,Compound,Sterol,1107,PREDICTED_TARGETS,Gene,CCND1,595,0.9512,749,1846
4274,Compound,alpha-Terpineol,17100,PREDICTED_TARGETS,Gene,PPARG,5468,0.9511,838,10164
4275,Compound,1-Dodecanol,8193,PREDICTED_TARGETS,Gene,TP53,,0.9511,78,13725
4276,Compound,2-Methoxy-4-methylphenol,7144,PREDICTED_TARGETS,Gene,ESR1,2099,0.9511,139,4008
4277,Compound,Elemicin,10248,PREDICTED_TARGETS,Gene,CASP8,841,0.9511,367,1705
4278,Compound,"3,5-Dihydroxybenzoic acid",7424,PREDICTED_TARGETS,Gene,NQO1,,0.9511,166,8808
4279,Compound,Bergapten,2355,PREDICTED_TARGETS,Gene,BCL2,,0.9511,271,1234
4280,Compound,4-Vinylphenol,62453,PREDICTED_TARGETS,Gene,BCL2,,0.9511,190,1234
4281,Compound,1-Octanol,957,PREDICTED_TARGETS,Gene,BCL2,,0.9511,96,1234
4282,Compound,Punicic acid,5281126,PREDICTED_TARGETS,Gene,CDK4,1019,0.9511,705,2034
4283,Compound,Decanoic acid,2969,PREDICTED_TARGETS,Gene,CASP9,,0.9511,343,1707
4284,Compound,Hexanoic acid,8892,PREDICTED_TARGETS,Gene,NOS2,,0.9511,468,8741
4285,Compound,L-Rhamnose,25310,PREDICTED_TARGETS,Gene,CYP1A1,,0.9511,530,2902
4286,Compound,1-Heptanol,8129,PREDICTED_TARGETS,Gene,CYP2E1,,0.9511,81,2927
4287,Compound,"(2S,3S,4S,5R,6R)-6-[[(3S,4S,4aR,6aR,6bS,8aR,9R,12aS,14aR,14bR)-9-hydroxy-4-(hydroxymethyl)-4,6a,6b,8a,11,11,14b-heptamethyl-1,2,3,4a,5,6,7,8,9,10,12,12a,14,14a-tetradecahydropicen-3-yl]oxy]-5-[(2S,3R,4S,5S)-4,5-dihydroxy-3-[(2S,3R,4R,5R,6S)-3,4,5-trihydroxy-6-methyloxan-2-yl]oxyoxan-2-yl]oxy-3,4-dihydroxyoxane-2-carboxylic acid",443614,PREDICTED_TARGETS,Gene,PARP1,,0.951,33,9464
4288,Compound,Acetoin,179,PREDICTED_TARGETS,Gene,AKT1,,0.951,221,410
4289,Compound,Glycyrin,480787,PREDICTED_TARGETS,Gene,NOS2,,0.951,438,8741
4290,Compound,beta-Sitosterol,222284,PREDICTED_TARGETS,Gene,NQO1,,0.951,869,8808
4291,Compound,Syringic acid,10742,PREDICTED_TARGETS,Gene,PPARG,5468,0.951,755,10164
4292,Compound,Echinatin,6442675,PREDICTED_TARGETS,Gene,MTOR,2475,0.951,360,8080
4293,Compound,Phytol,5280435,PREDICTED_TARGETS,Gene,CCND1,595,0.951,684,1846
4294,Compound,Terpinolene,11463,PREDICTED_TARGETS,Gene,UGT1A1,54658,0.951,763,14231
4295,Compound,Lupiwighteone,5317480,PREDICTED_TARGETS,Gene,CYP1A2,,0.951,581,2903
4296,Compound,Ricinoleic acid,643684,PREDICTED_TARGETS,Gene,CASP9,,0.951,716,1707
4297,Compound,Cedrol,65575,PREDICTED_TARGETS,Gene,CYP3A4,,0.9509,301,2935
4298,Compound,Pentagalloylglucose,65238,PREDICTED_TARGETS,Gene,CCND1,595,0.9509,678,1846
4299,Compound,Myrtenol,10582,PREDICTED_TARGETS,Gene,ESR1,2099,0.9509,622,4008
4300,Compound,5-Hydroxymethylfurfural,237332,PREDICTED_TARGETS,Gene,IL1B,3553,0.9509,193,5953
4301,Compound,Licoflavone A,5319000,PREDICTED_TARGETS,Gene,NFE2L2,,0.9509,550,8588
4302,Compound,Hexanoic acid,8892,PREDICTED_TARGETS,Gene,IL1B,3553,0.9509,468,5953
4303,Compound,Undecanal,8186,PREDICTED_TARGETS,Gene,NFKBIA,,0.9509,785,8597
4304,Compound,Caryophyllene oxide,1742210,PREDICTED_TARGETS,Gene,CASP9,,0.9509,296,1707
4305,Compound,Sterol,1107,PREDICTED_TARGETS,Gene,CYP1A1,,0.9509,749,2902
4306,Compound,2-Phenylethanol,6054,PREDICTED_TARGETS,Gene,CCND1,595,0.9509,146,1846
4307,Compound,3-Deacetylsalannin,14458886,PREDICTED_TARGETS,Gene,CCL2,,0.9509,172,1821
4308,Compound,L-Rhamnose,25310,PREDICTED_TARGETS,Gene,HMOX1,,0.9509,530,5559
4309,Compound,Citronellol,8842,PREDICTED_TARGETS,Gene,MAPK1,,0.9509,313,7299
4310,Compound,Licoisoflavone B,5481234,PREDICTED_TARGETS,Gene,PARP1,,0.9508,555,9464
4311,Compound,Pentagalloylglucose,65238,PREDICTED_TARGETS,Gene,GPT,2875,0.9508,678,5081
4312,Compound,4-Hydroxychalcone,5282361,PREDICTED_TARGETS,Gene,CCND1,595,0.9508,185,1846
4313,Compound,Dodecane,8182,PREDICTED_TARGETS,Gene,PARP1,,0.9508,359,9464
4314,Compound,Kanzonol X,10046166,PREDICTED_TARGETS,Gene,NFE2L2,,0.9508,519,8588
4315,Compound,Azadiradione,12308714,PREDICTED_TARGETS,Gene,ABCB1,5243,0.9508,254,36
4316,Compound,1-Octen-3-OL,18827,PREDICTED_TARGETS,Gene,NFKBIA,,0.9508,97,8597
4317,Compound,Citronellol,8842,PREDICTED_TARGETS,Gene,MAPK3,,0.9508,313,7305
4318,Compound,Camphor,2537,PREDICTED_TARGETS,Gene,CASP9,,0.9508,292,1707
4319,Compound,Shinflavanone,197678,PREDICTED_TARGETS,Gene,NFE2L2,,0.9508,741,8588
4320,Compound,Liquiritin,503737,PREDICTED_TARGETS,Gene,MAPK1,,0.9508,576,7299
4321,Compound,Citral,638011,PREDICTED_TARGETS,Gene,BAX,,0.9508,311,1202
4322,Compound,Shinpterocarpin,10336244,PREDICTED_TARGETS,Gene,NFE2L2,,0.9508,742,8588
4323,Compound,Esculetin,5281416,PREDICTED_TARGETS,Gene,IL1B,3553,0.9508,375,5953
4324,Compound,Menthone,26447,PREDICTED_TARGETS,Gene,CXCL8,3576,0.9508,600,2865
4325,Compound,Picroside II,11944602,PREDICTED_TARGETS,Gene,NFE2L2,,0.9508,688,8588
4326,Compound,Glycycoumarin,5317756,PREDICTED_TARGETS,Gene,NFE2L2,,0.9508,437,8588
4327,Compound,Estragole,8815,PREDICTED_TARGETS,Gene,CASP8,841,0.9508,376,1705
4328,Compound,Ethyl salicylate,8365,PREDICTED_TARGETS,Gene,CYP1A1,,0.9508,385,2902
4329,Compound,Glabrone,5317652,PREDICTED_TARGETS,Gene,NFE2L2,,0.9508,428,8588
4330,Compound,Kanzonol W,15380912,PREDICTED_TARGETS,Gene,NFE2L2,,0.9508,518,8588
4331,Compound,2-Hexenal,5281168,PREDICTED_TARGETS,Gene,NOS2,,0.9507,138,8741
4332,Compound,2-Methoxy-4-methylphenol,7144,PREDICTED_TARGETS,Gene,GSR,,0.9507,139,5152
4333,Compound,L-Rhamnose,25310,PREDICTED_TARGETS,Gene,CCND1,595,0.9507,530,1846
4334,Compound,Ethyl hexanoate,31265,PREDICTED_TARGETS,Gene,CASP3,,0.9507,380,1701
4335,Compound,Sterol,1107,PREDICTED_TARGETS,Gene,HMOX1,,0.9507,749,5559
4336,Compound,Tetracosanoic acid,11197,PREDICTED_TARGETS,Gene,CYP1A2,,0.9507,764,2903
4337,Compound,Glyasperin D,480860,PREDICTED_TARGETS,Gene,AKT1,,0.9507,432,410
4338,Compound,Acetoin,179,PREDICTED_TARGETS,Gene,NFKBIA,,0.9507,221,8597
4339,Compound,Chebulic acid,71308174,PREDICTED_TARGETS,Gene,NQO1,,0.9506,304,8808
4340,Compound,Verbenone,29025,PREDICTED_TARGETS,Gene,CASP8,841,0.9506,797,1705
4341,Compound,Licoagrone,5318993,PREDICTED_TARGETS,Gene,PARP1,,0.9506,541,9464
4342,Compound,1-Heptanol,8129,PREDICTED_TARGETS,Gene,CASP8,841,0.9506,81,1705
4343,Compound,3-Deacetylsalannin,14458886,PREDICTED_TARGETS,Gene,TGFB1,,0.9506,172,13305
4344,Compound,Cedrol,65575,PREDICTED_TARGETS,Gene,CCL2,,0.9506,301,1821
4345,Compound,Camphene,6616,PREDICTED_TARGETS,Gene,CYP3A4,,0.9506,290,2935
4346,Compound,Isoquercitrin,5280804,PREDICTED_TARGETS,Gene,PTGS2,,0.9506,506,10537
4347,Compound,Phytol,5280435,PREDICTED_TARGETS,Gene,NFKBIA,,0.9506,684,8597
4348,Compound,p-Cymene,7463,PREDICTED_TARGETS,Gene,PARP1,,0.9506,908,9464
4349,Compound,p-Xylene,7809,PREDICTED_TARGETS,Gene,MAPK3,,0.9506,910,7305
4350,Compound,Mesitylene,7947,PREDICTED_TARGETS,Gene,CASP9,,0.9506,601,1707
4351,Compound,Ethyl salicylate,8365,PREDICTED_TARGETS,Gene,HMOX1,,0.9506,385,5559
4352,Compound,Flavanone,10251,PREDICTED_TARGETS,Gene,NFKBIA,,0.9506,395,8597
4353,Compound,Sterol,1107,PREDICTED_TARGETS,Gene,GPT,2875,0.9506,749,5081
4354,Compound,Phytol,5280435,PREDICTED_TARGETS,Gene,CYP1A1,,0.9505,684,2902
4355,Compound,Glisoflavone,5487298,PREDICTED_TARGETS,Gene,PARP1,,0.9505,429,9464
4356,Compound,Camphor,2537,PREDICTED_TARGETS,Gene,PPARG,5468,0.9505,292,10164
4357,Compound,Undecanoic acid,8180,PREDICTED_TARGETS,Gene,CYP1A1,,0.9505,787,2902
4358,Compound,Pratol,5320693,PREDICTED_TARGETS,Gene,MAPK1,,0.9505,695,7299
4359,Compound,Licochalcone a,5318998,PREDICTED_TARGETS,Gene,RELA,,0.9505,547,10988
4360,Compound,Squalene,638072,PREDICTED_TARGETS,Gene,CASP9,,0.9505,746,1707
4361,Compound,"(2S,3S,4S,5R,6R)-6-[[(3S,4S,4aR,6aR,6bS,8aR,9R,12aS,14aR,14bR)-9-hydroxy-4-(hydroxymethyl)-4,6a,6b,8a,11,11,14b-heptamethyl-1,2,3,4a,5,6,7,8,9,10,12,12a,14,14a-tetradecahydropicen-3-yl]oxy]-5-[(2S,3R,4S,5S)-4,5-dihydroxy-3-[(2S,3R,4R,5R,6S)-3,4,5-trihydroxy-6-methyloxan-2-yl]oxyoxan-2-yl]oxy-3,4-dihydroxyoxane-2-carboxylic acid",443614,PREDICTED_TARGETS,Gene,CCL2,,0.9505,33,1821
4362,Compound,Aromadendrin,122850,PREDICTED_TARGETS,Gene,TP53,,0.9505,244,13725
4363,Compound,Licoagrodin,637141,PREDICTED_TARGETS,Gene,PARP1,,0.9505,539,9464
4364,Compound,Methyl linoleate,5284421,PREDICTED_TARGETS,Gene,MAPK1,,0.9505,610,7299
4365,Compound,Decane,15600,PREDICTED_TARGETS,Gene,NQO1,,0.9505,342,8808
4366,Compound,Lupeol,259846,PREDICTED_TARGETS,Gene,NOS2,,0.9505,579,8741
4367,Compound,4-Hydroxychalcone,5282361,PREDICTED_TARGETS,Gene,GPT,2875,0.9505,185,5081
4368,Compound,6-Prenylnaringenin,155094,PREDICTED_TARGETS,Gene,CYP3A4,,0.9505,204,2935
4369,Compound,Camphene,6616,PREDICTED_TARGETS,Gene,PARP1,,0.9505,290,9464
4370,Compound,Maslinic acid,73659,PREDICTED_TARGETS,Gene,PPARG,5468,0.9504,593,10164
4371,Compound,Furfuryl alcohol,7361,PREDICTED_TARGETS,Gene,CYP1A1,,0.9504,403,2902
4372,Compound,beta-Maltose,6255,PREDICTED_TARGETS,Gene,NOS2,,0.9504,857,8741
4373,Compound,Licoisoflavone B,5481234,PREDICTED_TARGETS,Gene,CCL2,,0.9504,555,1821
4374,Compound,Ethyl acetate,8857,PREDICTED_TARGETS,Gene,CYP1A2,,0.9504,377,2903
4375,Compound,Betulin,72326,PREDICTED_TARGETS,Gene,NOS2,,0.9504,272,8741
4376,Compound,7-Methoxycoumarin,10748,PREDICTED_TARGETS,Gene,MAPK1,,0.9504,215,7299
4377,Compound,Cedrol,65575,PREDICTED_TARGETS,Gene,NQO1,,0.9504,301,8808
4378,Compound,Echinatin,6442675,PREDICTED_TARGETS,Gene,AHR,,0.9504,360,355
4379,Compound,Furfuryl alcohol,7361,PREDICTED_TARGETS,Gene,CCND1,595,0.9504,403,1846
4380,Compound,4-Ethyl-2-methoxyphenol,62465,PREDICTED_TARGETS,Gene,NFE2L2,,0.9504,184,8588
4381,Compound,Arjunolic acid,73641,PREDICTED_TARGETS,Gene,CYP2E1,,0.9504,242,2927
4382,Compound,Isokobusone,3860435,PREDICTED_TARGETS,Gene,CCL2,,0.9504,492,1821
4383,Compound,Phytol,5280435,PREDICTED_TARGETS,Gene,GPT,2875,0.9504,684,5081
4384,Compound,3-Deacetylsalannin,14458886,PREDICTED_TARGETS,Gene,CYP3A4,,0.9504,172,2935
4385,Compound,Cedrol,65575,PREDICTED_TARGETS,Gene,TGFB1,,0.9504,301,13305
4386,Compound,1-Octen-3-OL,18827,PREDICTED_TARGETS,Gene,CYP1A1,,0.9504,97,2902
4387,Compound,Undecanoic acid,8180,PREDICTED_TARGETS,Gene,HMOX1,,0.9503,787,5559
4388,Compound,Ethyl salicylate,8365,PREDICTED_TARGETS,Gene,CCND1,595,0.9503,385,1846
4389,Compound,Methacrylonitrile,31368,PREDICTED_TARGETS,Gene,CYP3A4,,0.9503,602,2935
4390,Compound,Verbenone,29025,PREDICTED_TARGETS,Gene,CYP2E1,,0.9503,797,2927
4391,Compound,Tetracosanoic acid,11197,PREDICTED_TARGETS,Gene,GSR,,0.9503,764,5152
4392,Compound,Phytol,5280435,PREDICTED_TARGETS,Gene,HMOX1,,0.9503,684,5559
4393,Compound,Enoxolone,10114,PREDICTED_TARGETS,Gene,BCL2,,0.9503,372,1234
4394,Compound,Flavylium,145858,PREDICTED_TARGETS,Gene,IL6,,0.9503,396,5991
4395,Compound,6-Prenylnaringenin,155094,PREDICTED_TARGETS,Gene,NQO1,,0.9503,204,8808
4396,Compound,Licoisoflavone B,5481234,PREDICTED_TARGETS,Gene,CYP3A4,,0.9503,555,2935
4397,Compound,Licoagrone,5318993,PREDICTED_TARGETS,Gene,CCL2,,0.9503,541,1821
4398,Compound,1-Octen-3-OL,18827,PREDICTED_TARGETS,Gene,CCND1,595,0.9503,97,1846
4399,Compound,"(2S,3S,4S,5R,6R)-6-[[(3S,4S,4aR,6aR,6bS,8aR,9R,12aS,14aR,14bR)-9-hydroxy-4-(hydroxymethyl)-4,6a,6b,8a,11,11,14b-heptamethyl-1,2,3,4a,5,6,7,8,9,10,12,12a,14,14a-tetradecahydropicen-3-yl]oxy]-5-[(2S,3R,4S,5S)-4,5-dihydroxy-3-[(2S,3R,4R,5R,6S)-3,4,5-trihydroxy-6-methyloxan-2-yl]oxyoxan-2-yl]oxy-3,4-dihydroxyoxane-2-carboxylic acid",443614,PREDICTED_TARGETS,Gene,TGFB1,,0.9503,33,13305
4400,Compound,Furfuryl alcohol,7361,PREDICTED_TARGETS,Gene,HMOX1,,0.9502,403,5559
4401,Compound,Humulene,5281520,PREDICTED_TARGETS,Gene,MTOR,2475,0.9502,472,8080
4402,Compound,2-Phenylethanol,6054,PREDICTED_TARGETS,Gene,NFE2L2,,0.9502,146,8588
4403,Compound,"2,3-Butanediol",262,PREDICTED_TARGETS,Gene,TP53,,0.9502,123,13725
4404,Compound,4-Vinylphenol,62453,PREDICTED_TARGETS,Gene,IL1B,3553,0.9502,190,5953
4405,Compound,Benzyl acetate,8785,PREDICTED_TARGETS,Gene,CYP1A1,,0.9502,268,2902
4406,Compound,Verbenone,29025,PREDICTED_TARGETS,Gene,NFE2L2,,0.9502,797,8588
4407,Compound,Decanal,8175,PREDICTED_TARGETS,Gene,PTGS2,,0.9502,341,10537
4408,Compound,D-Xylose,135191,PREDICTED_TARGETS,Gene,CYP1A1,,0.9502,337,2902
4409,Compound,Licoflavone A,5319000,PREDICTED_TARGETS,Gene,CDK4,1019,0.9502,550,2034
4410,Compound,Glisoflavone,5487298,PREDICTED_TARGETS,Gene,CCL2,,0.9502,429,1821
4411,Compound,Undecanal,8186,PREDICTED_TARGETS,Gene,CYP1A1,,0.9502,785,2902
4412,Compound,Cinnamic acid,444539,PREDICTED_TARGETS,Gene,IL1B,3553,0.9502,310,5953
4413,Compound,4-Hydroxychalcone,5282361,PREDICTED_TARGETS,Gene,NFE2L2,,0.9502,185,8588
4414,Compound,Aureusidin,5281220,PREDICTED_TARGETS,Gene,ABCB1,5243,0.9502,248,36
4415,Compound,Chrysophanol,10208,PREDICTED_TARGETS,Gene,NOS2,,0.9502,308,8741
4416,Compound,"(2S,3S,4S,5R,6R)-6-[[(3S,4S,4aR,6aR,6bS,8aR,9R,12aS,14aR,14bR)-9-hydroxy-4-(hydroxymethyl)-4,6a,6b,8a,11,11,14b-heptamethyl-1,2,3,4a,5,6,7,8,9,10,12,12a,14,14a-tetradecahydropicen-3-yl]oxy]-5-[(2S,3R,4S,5S)-4,5-dihydroxy-3-[(2S,3R,4R,5R,6S)-3,4,5-trihydroxy-6-methyloxan-2-yl]oxyoxan-2-yl]oxy-3,4-dihydroxyoxane-2-carboxylic acid",443614,PREDICTED_TARGETS,Gene,CYP3A4,,0.9502,33,2935
4417,Compound,Liquiritigenin,114829,PREDICTED_TARGETS,Gene,MAPK3,,0.9502,573,7305
4418,Compound,1-Octen-3-OL,18827,PREDICTED_TARGETS,Gene,HMOX1,,0.9502,97,5559
4419,Compound,Glycyrin,480787,PREDICTED_TARGETS,Gene,PPARG,5468,0.9502,438,10164
4420,Compound,Daucosterol,5742590,PREDICTED_TARGETS,Gene,AHR,,0.9502,338,355
4421,Compound,Methacrylonitrile,31368,PREDICTED_TARGETS,Gene,NFE2L2,,0.9501,602,8588
4422,Compound,Benzyl salicylate,8363,PREDICTED_TARGETS,Gene,TP53,,0.9501,269,13725
4423,Compound,Azadiradione,12308714,PREDICTED_TARGETS,Gene,GSR,,0.9501,254,5152
4424,Compound,Licoisoflavone B,5481234,PREDICTED_TARGETS,Gene,TGFB1,,0.9501,555,13305
4425,Compound,Nimbin,108058,PREDICTED_TARGETS,Gene,TP53,,0.9501,636,13725
4426,Compound,Hexanoic acid,8892,PREDICTED_TARGETS,Gene,CASP9,,0.9501,468,1707
4427,Compound,Deacetylazadirachtinol,21725521,PREDICTED_TARGETS,Gene,CASP3,,0.9501,339,1701
4428,Compound,Licoagrodin,637141,PREDICTED_TARGETS,Gene,CCL2,,0.9501,539,1821
4429,Compound,Kanzonol X,10046166,PREDICTED_TARGETS,Gene,CDK4,1019,0.9501,519,2034
4430,Compound,alpha-Amyrin,73170,PREDICTED_TARGETS,Gene,NOS2,,0.9501,815,8741
4431,Compound,Glycycoumarin,5317756,PREDICTED_TARGETS,Gene,CDK4,1019,0.9501,437,2034
4432,Compound,Shinpterocarpin,10336244,PREDICTED_TARGETS,Gene,CDK4,1019,0.9501,742,2034
4433,Compound,Shinflavanone,197678,PREDICTED_TARGETS,Gene,CDK4,1019,0.9501,741,2034
4434,Compound,gamma-Terpinene,7461,PREDICTED_TARGETS,Gene,MAPK1,,0.9501,896,7299
4435,Compound,Isonimolicinolide,,PREDICTED_TARGETS,Gene,CASP3,,0.9501,503,1701
4436,Compound,Glabrol,11596309,PREDICTED_TARGETS,Gene,AHR,,0.9501,426,355
4437,Compound,Elemicin,10248,PREDICTED_TARGETS,Gene,CYP2E1,,0.9501,367,2927
4438,Compound,Azadirolic acid,102316534,PREDICTED_TARGETS,Gene,CASP3,,0.9501,258,1701
4439,Compound,Glabrone,5317652,PREDICTED_TARGETS,Gene,CDK4,1019,0.9501,428,2034
4440,Compound,2-Phenylethanol,6054,PREDICTED_TARGETS,Gene,GPT,2875,0.9501,146,5081
4441,Compound,Lupiwighteone,5317480,PREDICTED_TARGETS,Gene,ALB,213,0.9501,581,418
4442,Compound,Azedarachin C,10348330,PREDICTED_TARGETS,Gene,CASP3,,0.9501,262,1701
4443,Compound,Undecanal,8186,PREDICTED_TARGETS,Gene,CCND1,595,0.9501,785,1846
4444,Compound,Kanzonol W,15380912,PREDICTED_TARGETS,Gene,CDK4,1019,0.9501,518,2034
4445,Compound,11beta-Azadirachtin H,76327056,PREDICTED_TARGETS,Gene,CASP3,,0.9501,106,1701
4446,Compound,Linalyl acetate,8294,PREDICTED_TARGETS,Gene,MAPK1,,0.9501,569,7299
4447,Compound,2-Methyl-2-pentenal,5319754,PREDICTED_TARGETS,Gene,CASP3,,0.9501,141,1701
4448,Compound,Nimbanal,14194023,PREDICTED_TARGETS,Gene,CASP3,,0.9501,633,1701
4449,Compound,Isokobusone,3860435,PREDICTED_TARGETS,Gene,CDK4,1019,0.9501,492,2034
4450,Compound,Kulinone,44567124,PREDICTED_TARGETS,Gene,CASP3,,0.9501,523,1701
4451,Compound,Astragalin,5282102,PREDICTED_TARGETS,Gene,NFE2L2,,0.95,247,8588
4452,Compound,Chrysophanol,10208,PREDICTED_TARGETS,Gene,PPARG,5468,0.95,308,10164
4453,Compound,Isonimbinolide,14136864,PREDICTED_TARGETS,Gene,CASP3,,0.95,502,1701
4454,Compound,Benzyl Alcohol,244,PREDICTED_TARGETS,Gene,IL6,,0.95,267,5991
4455,Compound,17-epi-17-Hydroxyazadiradione,52951894,PREDICTED_TARGETS,Gene,CASP3,,0.95,113,1701
4456,Compound,1-Octanol,957,PREDICTED_TARGETS,Gene,IL1B,3553,0.95,96,5953
4457,Compound,m-Cresol,342,PREDICTED_TARGETS,Gene,MAPK3,,0.95,898,7305
4458,Compound,Vepaol,21725519,PREDICTED_TARGETS,Gene,CASP3,,0.95,795,1701
4459,Compound,Nimbionone,189706,PREDICTED_TARGETS,Gene,CASP3,,0.95,641,1701
4460,Compound,Licoagrone,5318993,PREDICTED_TARGETS,Gene,TGFB1,,0.95,541,13305
4461,Compound,"2',3'-Dehydrosalannol",91886694,PREDICTED_TARGETS,Gene,CASP3,,0.95,117,1701
4462,Compound,Germacrene B,5281519,PREDICTED_TARGETS,Gene,CASP3,,0.95,417,1701
4463,Compound,Glycyrol,5320083,PREDICTED_TARGETS,Gene,NQO1,,0.95,439,8808
4464,Compound,Daucosterol,5742590,PREDICTED_TARGETS,Gene,CDK4,1019,0.95,338,2034
4465,Compound,Glycyrin,480787,PREDICTED_TARGETS,Gene,CASP9,,0.95,438,1707
4466,Compound,4alpha-Methylfecosterol,193524,PREDICTED_TARGETS,Gene,CASP3,,0.95,191,1701
4467,Compound,Benzyl acetate,8785,PREDICTED_TARGETS,Gene,HMOX1,,0.95,268,5559
4468,Compound,Isoazadirolide,101425842,PREDICTED_TARGETS,Gene,CASP3,,0.95,481,1701
4469,Compound,Dipropyl trisulfide,22383,PREDICTED_TARGETS,Gene,CASP3,,0.95,354,1701
4470,Compound,"3,4-Dimethylthiophene",79089,PREDICTED_TARGETS,Gene,CASP3,,0.95,165,1701
4471,Compound,D-Xylose,135191,PREDICTED_TARGETS,Gene,HMOX1,,0.95,337,5559
4472,Compound,"(1S)-1-[(2R,4S,5R)-5-hydroxy-4-[(3S,5R,9R,10R,13S,14S,17S)-3-hydroxy-4,4,10,13,14-pentamethyl-2,3,5,6,9,11,12,15,16,17-decahydro-1H-cyclopenta[a]phenanthren-17-yl]oxolan-2-yl]-2-methylpropane-1,2-diol",101650343,PREDICTED_TARGETS,Gene,CASP3,,0.95,21,1701
4473,Compound,7-Deacetyl-7-benzoylgedunin,52952112,PREDICTED_TARGETS,Gene,CASP3,,0.95,212,1701
4474,Compound,Nimbiol,11119228,PREDICTED_TARGETS,Gene,CASP3,,0.95,639,1701
4475,Compound,17-Epiazadiradione,12308716,PREDICTED_TARGETS,Gene,CASP3,,0.95,110,1701
4476,Compound,6-Acetylnimbandiol,52952216,PREDICTED_TARGETS,Gene,CASP3,,0.95,198,1701
4477,Compound,Nimbochalcin,,PREDICTED_TARGETS,Gene,CASP3,,0.95,642,1701
4478,Compound,Zingiberene,92776,PREDICTED_TARGETS,Gene,CDKN1A,,0.95,805,2048
4479,Compound,"(1R,2R,5R,6S,10R,11S,12R,15R,16R,18S,19R)-6-(furan-3-yl)-11,16,18-trihydroxy-1,5,10,15-tetramethyl-13-oxapentacyclo[10.6.1.02,10.05,9.015,19]nonadec-8-en-4-one",101306757,PREDICTED_TARGETS,Gene,CASP3,,0.95,19,1701
4480,Compound,Nimbinene,44715635,PREDICTED_TARGETS,Gene,CASP3,,0.95,637,1701
4481,Compound,Ethyl acetate,8857,PREDICTED_TARGETS,Gene,GSR,,0.95,377,5152
4482,Compound,"[(4R,5R,6S,7S,8R,11R,12R,14S,15S)-12-acetyloxy-4,7-dihydroxy-6-[(1R,2S,6S,9R,11S)-2-hydroxy-11-methyl-5,7,10-trioxatetracyclo[6.3.1.02,6.09,11]dodec-3-en-9-yl]-6,11-dimethyl-3,9-dioxatetracyclo[6.6.1.01,5.011,15]pentadecan-14-yl] (E)-2-methylbut-2-enoate",6442369,PREDICTED_TARGETS,Gene,CASP3,,0.95,809,1701
4483,Compound,Undecanal,8186,PREDICTED_TARGETS,Gene,HMOX1,,0.95,785,5559
4484,Compound,Margosinolide,,PREDICTED_TARGETS,Gene,CASP3,,0.95,592,1701
4485,Compound,Methyl palmitate,8181,PREDICTED_TARGETS,Gene,CYP3A4,,0.95,613,2935
4486,Compound,L-Arabinose,439195,PREDICTED_TARGETS,Gene,CASP3,,0.95,529,1701
4487,Compound,"[(4S,5R,6R,11R,12R,15S,16R,17Z)-17-(2,2-dihydroxyethylidene)-5-hydroxy-3,7,7,11,15-pentamethyl-8,18-dioxo-19-oxapentacyclo[14.3.1.02,15.03,12.06,11]icosa-1,9-dien-4-yl] acetate",6442906,PREDICTED_TARGETS,Gene,CASP3,,0.95,810,1701
4488,Compound,"[(5R,6R,7S,9R,10R,13S,17R)-6-hydroxy-17-(2-hydroxy-5-oxo-2H-furan-3-yl)-4,4,8,10,13-pentamethyl-3-oxo-5,6,7,9,11,12,16,17-octahydrocyclopenta[a]phenanthren-7-yl] acetate",184310,PREDICTED_TARGETS,Gene,CASP3,,0.95,811,1701
4489,Compound,Limbonin,102276189,PREDICTED_TARGETS,Gene,CASP3,,0.95,562,1701
4490,Compound,"5,7-Dihydroxy-4'-methoxy-8,3'-di-C-prenylflavanone",14492795,PREDICTED_TARGETS,Gene,CASP3,,0.95,192,1701
4491,Compound,Nimbilin,6442484,PREDICTED_TARGETS,Gene,CASP3,,0.95,635,1701
4492,Compound,3-Deacetylsalannin,14458886,PREDICTED_TARGETS,Gene,NQO1,,0.95,172,8808
4493,Compound,17-Hydroxyazadiradione,52951892,PREDICTED_TARGETS,Gene,CASP3,,0.95,111,1701
4494,Compound,Meldenin,101289833,PREDICTED_TARGETS,Gene,CASP3,,0.95,596,1701
4495,Compound,Isomeldenin,76316558,PREDICTED_TARGETS,Gene,CASP3,,0.95,498,1701
4496,Compound,Azadirol,44567142,PREDICTED_TARGETS,Gene,CASP3,,0.95,257,1701
4497,Compound,Salannol,12874816,PREDICTED_TARGETS,Gene,CASP3,,0.95,724,1701
4498,Compound,Nimocinol,178770,PREDICTED_TARGETS,Gene,CASP3,,0.95,649,1701
4499,Compound,"(4aS,10aR)-6,7-dimethoxy-1,1,4a-trimethyl-3,4,10,10a-tetrahydrophenanthrene-2,9-dione",189660,PREDICTED_TARGETS,Gene,CASP3,,0.95,39,1701
4500,Compound,Azadirachtanin,102146586,PREDICTED_TARGETS,Gene,CASP3,,0.95,249,1701
4501,Compound,"dimethyl (1S,4S,5R,6S,7S,8R,11S,12R,14S,15R)-12-acetyloxy-4,7-dihydroxy-6-[(1R,2S,6S,8R,9R,11S)-2-hydroxy-11-methyl-5,7,10-trioxatetracyclo[6.3.1.02,6.09,11]dodec-3-en-9-yl]-6-methyl-14-[(E)-2-methylbut-2-enoyl]oxy-3,9-dioxatetracyclo[6.6.1.01,5.011,15]pentadecane-4,11-dicarboxylate",44584063,PREDICTED_TARGETS,Gene,CASP3,,0.95,885,1701
4502,Compound,Nimbolicin,14563366,PREDICTED_TARGETS,Gene,CASP3,,0.95,645,1701
4503,Compound,Isomargosinolide,,PREDICTED_TARGETS,Gene,CASP3,,0.95,497,1701
4504,Compound,Trichilin D,101665324,PREDICTED_TARGETS,Gene,CASP3,,0.95,776,1701
4505,Compound,Umbelliferone,5281426,PREDICTED_TARGETS,Gene,NOS2,,0.95,784,8741
4506,Compound,Hyperoside,5281643,PREDICTED_TARGETS,Gene,IL1B,3553,0.95,477,5953
4507,Compound,Scopoletin,5280460,PREDICTED_TARGETS,Gene,RELA,,0.95,733,10988
4508,Compound,Glisoflavone,5487298,PREDICTED_TARGETS,Gene,TGFB1,,0.95,429,13305
4509,Compound,Chebulinic acid,72284,PREDICTED_TARGETS,Gene,PTGS2,,0.9499,305,10537
4510,Compound,Nimbionol,189704,PREDICTED_TARGETS,Gene,CASP3,,0.9499,640,1701
4511,Compound,23-Epivepaol,24796982,PREDICTED_TARGETS,Gene,CASP3,,0.9499,152,1701
4512,Compound,Margocinin,101529197,PREDICTED_TARGETS,Gene,CASP3,,0.9499,590,1701
4513,Compound,"trans-3,5-Diethyl-1,2,4-trithiolane",6432398,PREDICTED_TARGETS,Gene,CASP3,,0.9499,914,1701
4514,Compound,Salannolactam 21,6442937,PREDICTED_TARGETS,Gene,CASP3,,0.9499,725,1701
4515,Compound,7-Deacetoxy-7-hydroxygedunin,1885,PREDICTED_TARGETS,Gene,CASP3,,0.9499,210,1701
4516,Compound,Azadirachtin D,6443232,PREDICTED_TARGETS,Gene,CASP3,,0.9499,251,1701
4517,Compound,o-Cresol,335,PREDICTED_TARGETS,Gene,TP53,,0.9499,905,13725
4518,Compound,(E)-2-methyl-5-(2-methyl-3-methylidene-2-bicyclo[2.2.1]heptanyl)pent-2-en-1-ol,5368798,PREDICTED_TARGETS,Gene,CASP3,,0.9499,49,1701
4519,Compound,beta-Ionone,638014,PREDICTED_TARGETS,Gene,CYP2E1,,0.9499,855,2927
4520,Compound,Melianin A,101277363,PREDICTED_TARGETS,Gene,CASP3,,0.9499,597,1701
4521,Compound,Kulactone,15560423,PREDICTED_TARGETS,Gene,CASP3,,0.9499,522,1701
4522,Compound,Azadirachtin F,6443385,PREDICTED_TARGETS,Gene,CASP3,,0.9499,252,1701
4523,Compound,"13,14-Desepoxyazadirachtin A",101701146,PREDICTED_TARGETS,Gene,CASP3,,0.9499,107,1701
4524,Compound,Vilasinin,102090424,PREDICTED_TARGETS,Gene,CASP3,,0.9499,798,1701
4525,Compound,Methyl kulonate,44567123,PREDICTED_TARGETS,Gene,CASP3,,0.9499,609,1701
4526,Compound,"Methyl 2-[6-(furan-3-yl)-7,9,11,15-tetramethyl-12,16-dioxo-3,17-dioxapentacyclo[9.6.1.02,9.04,8.015,18]octadeca-7,13-dien-10-yl]acetate",100017,PREDICTED_TARGETS,Gene,CASP3,,0.9499,605,1701
4527,Compound,Methyl butyl disulfide,521941,PREDICTED_TARGETS,Gene,CASP3,,0.9499,607,1701
4528,Compound,1-Cinnamoylmelianolone,13819214,PREDICTED_TARGETS,Gene,CASP3,,0.9499,76,1701
4529,Compound,1-Nonacosanol,243696,PREDICTED_TARGETS,Gene,CASP3,,0.9499,93,1701
4530,Compound,Citral,638011,PREDICTED_TARGETS,Gene,PTGS2,,0.9499,311,10537
4531,Compound,"(4aS,10aR)-7-hydroxy-1,1,4a,6-tetramethyl-3,4,10,10a-tetrahydrophenanthrene-2,9-dione",189404,PREDICTED_TARGETS,Gene,CASP3,,0.9499,41,1701
4532,Compound,Nimbocinolide,13875774,PREDICTED_TARGETS,Gene,CASP3,,0.9499,644,1701
4533,Compound,Nimolinone,56841069,PREDICTED_TARGETS,Gene,CASP3,,0.9499,652,1701
4534,Compound,Galactoarabinan,24847856,PREDICTED_TARGETS,Gene,CASP3,,0.9499,407,1701
4535,Compound,2-Nonanone,13187,PREDICTED_TARGETS,Gene,CASP3,,0.9499,143,1701
4536,Compound,4-Hydroxychalcone,5282361,PREDICTED_TARGETS,Gene,CYP2E1,,0.9499,185,2927
4537,Compound,Nimbidiol,11334829,PREDICTED_TARGETS,Gene,RELA,,0.9499,634,10988
4538,Compound,"dimethyl (2aR,3S,4S,4aR,5S,7aS,8R,10R,10aS,10bR)-10-acetoxy-3,5-dihydroxy-4-[(1aR,2S,3aS,6aS,7S,7aS)-6a-hydroxy-7a-methyl-3a,6a,7,7a-tetrahydro-2,7-methanofuro[2,3-b]oxireno[e]oxepin-1a(2H)-yl]-4-methyl-8-{[(2E)-2-methylbut-2-enoyl]oxy}octahydro-1H-naphtho[1,8a-c:4,5-b'c']difuran-5,10a(8H)-dicarboxylate",16126804,PREDICTED_TARGETS,Gene,CASP3,,0.9499,886,1701
4539,Compound,"[(1R,2R,5R,6R,10R,11S,15R,16R,18S)-16,18-diacetyloxy-6-(furan-3-yl)-1,5,10,15-tetramethyl-13-oxapentacyclo[10.6.1.02,10.05,9.015,19]nonadec-8-en-11-yl] (E)-3-phenylprop-2-enoate",101650373,PREDICTED_TARGETS,Gene,CASP3,,0.9499,807,1701
4540,Compound,Azedarachin B,102586008,PREDICTED_TARGETS,Gene,CASP3,,0.9499,261,1701
4541,Compound,Mahmoodin,126566,PREDICTED_TARGETS,Gene,CASP3,,0.9499,585,1701
4542,Compound,Deacetylgedunin,3034112,PREDICTED_TARGETS,Gene,CASP3,,0.9499,340,1701
4543,Compound,Campestan-3-one,53754390,PREDICTED_TARGETS,Gene,CASP3,,0.9499,288,1701
4544,Compound,Limocinol,14845542,PREDICTED_TARGETS,Gene,CASP3,,0.9499,564,1701
4545,Compound,"2,4-Dimethylthiophene",34296,PREDICTED_TARGETS,Gene,CASP3,,0.9499,125,1701
4546,Compound,"(4bS,8aS)-3,4b,8,8-tetramethyl-10-oxo-6,7,8a,9-tetrahydro-5H-phenanthrene-2-carboxylic Acid",189728,PREDICTED_TARGETS,Gene,CASP3,,0.9499,44,1701
4547,Compound,"1,3-Diacetylvilasinin",52952013,PREDICTED_TARGETS,Gene,CASP3,,0.9499,72,1701
4548,Compound,trans-Calamenene,6429022,PREDICTED_TARGETS,Gene,CASP3,,0.9499,915,1701
4549,Compound,Sugiol,94162,PREDICTED_TARGETS,Gene,CASP3,,0.9499,754,1701
4550,Compound,Naheedin,129754,PREDICTED_TARGETS,Gene,CASP3,,0.9499,625,1701
4551,Compound,Licoagrodin,637141,PREDICTED_TARGETS,Gene,TGFB1,,0.9499,539,13305
4552,Compound,3-Desacetylazadirachtin,6442561,PREDICTED_TARGETS,Gene,CASP3,,0.9499,173,1701
4553,Compound,8-Prenylnaringenin,480764,PREDICTED_TARGETS,Gene,BAX,,0.9499,219,1202
4554,Compound,"cis-3,5-Diethyl-1,2,4-trithiolane",6431294,PREDICTED_TARGETS,Gene,CASP3,,0.9499,873,1701
4555,Compound,"(4aS,10aR)-6-hydroxy-1,1,4a,7-tetramethyl-3,4,10,10a-tetrahydrophenanthrene-2,9-dione",189403,PREDICTED_TARGETS,Gene,CASP3,,0.9499,40,1701
4556,Compound,5-Hydroxymethylfurfural,237332,PREDICTED_TARGETS,Gene,NOS2,,0.9499,193,8741
4557,Compound,"7-(Acetyloxy)-21-hydroxy-6-methoxy-4,4,8-trimethyl-3-oxocarda-1,14,20(22)-trienolide",188754,PREDICTED_TARGETS,Gene,CASP3,,0.9499,208,1701
4558,Compound,4-Isopropylbenzyl alcohol,325,PREDICTED_TARGETS,Gene,CCL2,,0.9499,187,1821
4559,Compound,Ohchinolide B,21581584,PREDICTED_TARGETS,Gene,CASP3,,0.9499,665,1701
4560,Compound,Azadirone,10906239,PREDICTED_TARGETS,Gene,CASP3,,0.9499,259,1701
4561,Compound,Cycloeucalenol,101690,PREDICTED_TARGETS,Gene,CASP3,,0.9499,322,1701
4562,Compound,Kulolactone,101289844,PREDICTED_TARGETS,Gene,CASP3,,0.9499,524,1701
4563,Compound,Desacetylnimbinolide,102285346,PREDICTED_TARGETS,Gene,CASP3,,0.9499,347,1701
4564,Compound,"1,2-Dioleoyl-3-palmitoylglycerol",25240174,PREDICTED_TARGETS,Gene,CASP3,,0.9499,69,1701
4565,Compound,11-Hydroxyazadirachtin B,101999884,PREDICTED_TARGETS,Gene,CASP3,,0.9499,105,1701
4566,Compound,6-Deacetylnimbin,10505484,PREDICTED_TARGETS,Gene,CASP3,,0.9499,199,1701
4567,Compound,7-Deacetoxy-7-oxogedunin,71300386,PREDICTED_TARGETS,Gene,CASP3,,0.9499,211,1701
4568,Compound,6beta-Hydroxystigmast-4-en-3-one,9823926,PREDICTED_TARGETS,Gene,CASP3,,0.9499,206,1701
4569,Compound,Nimbocinol,13875741,PREDICTED_TARGETS,Gene,CASP3,,0.9499,643,1701
4570,Compound,Nicotiflorin,5318767,PREDICTED_TARGETS,Gene,CASP3,,0.9499,630,1701
4571,Compound,beta-Sitostenone,60123241,PREDICTED_TARGETS,Gene,CASP3,,0.9499,868,1701
4572,Compound,Azadirinin,102275331,PREDICTED_TARGETS,Gene,CASP3,,0.9499,256,1701
4573,Compound,Nimbosterin,6602509,PREDICTED_TARGETS,Gene,CASP3,,0.9499,648,1701
4574,Compound,Santenone,,PREDICTED_TARGETS,Gene,CASP3,,0.9499,729,1701
4575,Compound,delta-Elemene,12309449,PREDICTED_TARGETS,Gene,CASP3,,0.9499,883,1701
4576,Compound,1-Pentanethiol,8067,PREDICTED_TARGETS,Gene,CASP3,,0.9499,99,1701
4577,Compound,Melicitrin,,PREDICTED_TARGETS,Gene,CASP3,,0.9499,599,1701
4578,Compound,Methyl propyl tetrasulphide,528709,PREDICTED_TARGETS,Gene,CASP3,,0.9499,614,1701
4579,Compound,Isoelemicin,5318557,PREDICTED_TARGETS,Gene,AKT1,,0.9499,485,410
4580,Compound,Limocinin,14845550,PREDICTED_TARGETS,Gene,CASP3,,0.9499,563,1701
4581,Compound,Obtusifoliol,65252,PREDICTED_TARGETS,Gene,CASP3,,0.9499,662,1701
4582,Compound,Nimolinin,180429,PREDICTED_TARGETS,Gene,CASP3,,0.9498,651,1701
4583,Compound,Margolonone,189726,PREDICTED_TARGETS,Gene,CASP3,,0.9498,591,1701
4584,Compound,"6-Hydroxycyclohexa-2,4-dien-1-one",440554,PREDICTED_TARGETS,Gene,CASP3,,0.9498,202,1701
4585,Compound,Nimbinol,,PREDICTED_TARGETS,Gene,CASP3,,0.9498,638,1701
4586,Compound,Isofraxidin,5318565,PREDICTED_TARGETS,Gene,CASP3,,0.9498,488,1701
4587,Compound,beta-Oplopenone,14038847,PREDICTED_TARGETS,Gene,CASP3,,0.9498,858,1701
4588,Compound,Bicyclogermacrene,13894537,PREDICTED_TARGETS,Gene,CASP3,,0.9498,275,1701
4589,Compound,Margocin,21632833,PREDICTED_TARGETS,Gene,CASP3,,0.9498,589,1701
4590,Compound,Pinocembrin,68071,PREDICTED_TARGETS,Gene,AKT1,,0.9498,692,410
4591,Compound,Cuparene,86895,PREDICTED_TARGETS,Gene,CASP3,,0.9498,321,1701
4592,Compound,Tannic acid,16129778,PREDICTED_TARGETS,Gene,NFKBIA,,0.9498,757,8597
4593,Compound,Nimolicinol,184937,PREDICTED_TARGETS,Gene,CASP3,,0.9498,650,1701
4594,Compound,melianin B,15427646,PREDICTED_TARGETS,Gene,CASP3,,0.9498,899,1701
4595,Compound,24-Methylenelophenol,5283640,PREDICTED_TARGETS,Gene,CASP3,,0.9498,155,1701
4596,Compound,"Campherene-2,13-diol",42608198,PREDICTED_TARGETS,Gene,CASP3,,0.9498,291,1701
4597,Compound,Campest-4-en-3-one,11988279,PREDICTED_TARGETS,Gene,CASP3,,0.9498,287,1701
4598,Compound,"(2E)-2-methyl-6-[(1S)-4-methylcyclohex-3-en-1-yl]hepta-2,6-dien-1-ol",15560069,PREDICTED_TARGETS,Gene,CASP3,,0.9498,26,1701
4599,Compound,alpha-Patchoulene,521710,PREDICTED_TARGETS,Gene,CASP3,,0.9498,829,1701
4600,Compound,Margocilin,101529198,PREDICTED_TARGETS,Gene,CASP3,,0.9498,588,1701
4601,Compound,Limbocidin,102588495,PREDICTED_TARGETS,Gene,CASP3,,0.9498,561,1701
4602,Compound,Licopyranocoumarin,122851,PREDICTED_TARGETS,Gene,AHR,,0.9498,556,355
4603,Compound,Nimbolin B,6443005,PREDICTED_TARGETS,Gene,CASP3,,0.9498,646,1701
4604,Compound,beta-Santalal,101449606,PREDICTED_TARGETS,Gene,CASP3,,0.9498,863,1701
4605,Compound,Vepinin,185552,PREDICTED_TARGETS,Gene,CASP3,,0.9498,796,1701
4606,Compound,6-Deacetylnimbinene,102285347,PREDICTED_TARGETS,Gene,CASP3,,0.9498,200,1701
4607,Compound,Dodecane,8182,PREDICTED_TARGETS,Gene,NQO1,,0.9498,359,8808
4608,Compound,Azadiradionol,102316535,PREDICTED_TARGETS,Gene,CASP3,,0.9498,255,1701
4609,Compound,"(5R,9R,10R,13S,14S,17S)-17-[(2R,3S,5R)-5-[(2S)-3,3-dimethyloxiran-2-yl]-2-hydroxyoxolan-3-yl]-4,4,10,13,14-pentamethyl-1,2,5,6,9,11,12,15,16,17-decahydrocyclopenta[a]phenanthren-3-one",44575793,PREDICTED_TARGETS,Gene,CASP3,,0.9498,45,1701
4610,Compound,(Z)-gamma-Curcumen-12-ol,91747459,PREDICTED_TARGETS,Gene,CASP3,,0.9498,65,1701
4611,Compound,Cycloeucalenone,21594790,PREDICTED_TARGETS,Gene,CASP3,,0.9498,323,1701
4612,Compound,Azedarachin A,101930511,PREDICTED_TARGETS,Gene,CASP3,,0.9498,260,1701
4613,Compound,Salimuzzalin,15840157,PREDICTED_TARGETS,Gene,CASP3,,0.9498,727,1701
4614,Compound,Glycoprotein,439212,PREDICTED_TARGETS,Gene,CASP3,,0.9498,436,1701
4615,Compound,"N-[[5,8-dimethoxy-6-nitro-2-(trifluoromethyl)quinolin-4-yl]methylidene]hydroxylamine",298061,PREDICTED_TARGETS,Gene,CASP3,,0.9498,624,1701
4616,Compound,2-Methyltricosane,283510,PREDICTED_TARGETS,Gene,CASP3,,0.9498,142,1701
4617,Compound,(-)-Cyperene,12308843,PREDICTED_TARGETS,Gene,CASP3,,0.9498,7,1701
4618,Compound,Isoangustone A,21591148,PREDICTED_TARGETS,Gene,CXCL8,3576,0.9498,480,2865
4619,Compound,(2E)-2-Methyl-6-(4-methylphenyl)-2-hepten-1-ol,6430906,PREDICTED_TARGETS,Gene,CASP3,,0.9498,25,1701
4620,Compound,(Z)-gamma-bisabolene,3033866,PREDICTED_TARGETS,Gene,CASP3,,0.9498,66,1701
4621,Compound,Glycopeptide,56928060,PREDICTED_TARGETS,Gene,TP53,,0.9498,435,13725
4622,Compound,Levomenol,442343,PREDICTED_TARGETS,Gene,CYP1A2,,0.9498,537,2903
4623,Compound,cis-4-Hydroxy-L-proline,440015,PREDICTED_TARGETS,Gene,CASP3,,0.9498,875,1701
4624,Compound,Teresantalol,578221,PREDICTED_TARGETS,Gene,CASP3,,0.9498,759,1701
4625,Compound,L-(+)-Arabinose,5460291,PREDICTED_TARGETS,Gene,CASP3,,0.9498,528,1701
4626,Compound,Norecasantalic acid,100966488,PREDICTED_TARGETS,Gene,CASP3,,0.9498,659,1701
4627,Compound,24-Methylenecycloartanone,14635659,PREDICTED_TARGETS,Gene,CASP3,,0.9498,154,1701
4628,Compound,Isokobusone,3860435,PREDICTED_TARGETS,Gene,TGFB1,,0.9498,492,13305
4629,Compound,3-Tigloylazadirachtin,122232601,PREDICTED_TARGETS,Gene,CASP3,,0.9498,177,1701
4630,Compound,Compositolide,76309326,PREDICTED_TARGETS,Gene,CASP3,,0.9498,316,1701
4631,Compound,Tetracosanoic acid,11197,PREDICTED_TARGETS,Gene,ALB,213,0.9498,764,418
4632,Compound,Dipropyl tetrasulfide,104285,PREDICTED_TARGETS,Gene,CASP3,,0.9498,353,1701
4633,Compound,"2H-Cyclopenta(b)naphtho(2,3-d)furan-10-carboxylic acid,2-(3-furanyl)-3,3a,4a,5,5a,6,9,9a,10,10a-decahydro-5,6-dihydroxy-1,6,9a,10a-tetramethyl-9-oxo-, methyl ester, (2R,3aS,4aS,5R,5aS,6R,9aR,10S,10aR)-",157277,PREDICTED_TARGETS,Gene,CASP3,,0.9498,159,1701
4634,Compound,"(2R,3S,5R)-5-[(2S)-3,3-dimethyloxiran-2-yl]-3-[(3S,5R,9R,10R,13S,14S,17S)-3-hydroxy-4,4,10,13,14-pentamethyl-2,3,5,6,9,11,12,15,16,17-decahydro-1H-cyclopenta[a]phenanthren-17-yl]oxolan-2-ol",101289709,PREDICTED_TARGETS,Gene,CASP3,,0.9498,28,1701
4635,Compound,Acoradiene,90351,PREDICTED_TARGETS,Gene,CASP3,,0.9498,224,1701
4636,Compound,16-Hentriacontanone,94741,PREDICTED_TARGETS,Gene,CASP3,,0.9498,109,1701
4637,Compound,Ximenynic acid,5312688,PREDICTED_TARGETS,Gene,CASP3,,0.9498,804,1701
4638,Compound,1-Octacosanol,68406,PREDICTED_TARGETS,Gene,CASP3,,0.9498,94,1701
4639,Compound,"(2R,6S,7S,10Z)-beta-Santala-3(15),10-dien-12-ol",5281532,PREDICTED_TARGETS,Gene,CASP3,,0.9498,30,1701
4640,Compound,Lupiwighteone,5317480,PREDICTED_TARGETS,Gene,ESR1,2099,0.9498,581,4008
4641,Compound,"(4bS,8aR)-2,4b,8,8-tetramethyl-7,10-dioxo-5,6,8a,9-tetrahydrophenanthrene-3-carboxylic Acid",189727,PREDICTED_TARGETS,Gene,CASP3,,0.9498,43,1701
4642,Compound,(Z)-Santalol,91753183,PREDICTED_TARGETS,Gene,CASP3,,0.9498,62,1701
4643,Compound,Camphene,6616,PREDICTED_TARGETS,Gene,NQO1,,0.9498,290,8808
4644,Compound,Exo-norbicycloekasantalal,,PREDICTED_TARGETS,Gene,CASP3,,0.9498,390,1701
4645,Compound,beta-Santaldiol,15276127,PREDICTED_TARGETS,Gene,CASP3,,0.9498,864,1701
4646,Compound,Azadirachtol,23256847,PREDICTED_TARGETS,Gene,CASP3,,0.9498,253,1701
4647,Compound,(E)-beta-ocimene,5281553,PREDICTED_TARGETS,Gene,CASP3,,0.9498,53,1701
4648,Compound,Fokienol,5352449,PREDICTED_TARGETS,Gene,CASP3,,0.9498,397,1701
4649,Compound,(Z)-beta-Ocimene,5320250,PREDICTED_TARGETS,Gene,CASP3,,0.9498,64,1701
4650,Compound,10-Hydroxy-16-hentriacontanone,22561416,PREDICTED_TARGETS,Gene,CASP3,,0.9498,103,1701
4651,Compound,6-Methoxymellein,83412,PREDICTED_TARGETS,Gene,CASP3,,0.9498,203,1701
4652,Compound,p-Cymene,7463,PREDICTED_TARGETS,Gene,CYP3A4,,0.9498,908,2935
4653,Compound,Licoricidin,480865,PREDICTED_TARGETS,Gene,CYP3A4,,0.9498,557,2935
4654,Compound,tau-Cadinol,12302222,PREDICTED_TARGETS,Gene,CASP3,,0.9498,912,1701
4655,Compound,Bulnesene,16679399,PREDICTED_TARGETS,Gene,CASP3,,0.9498,280,1701
4656,Compound,Methyl 4-methoxybenzoate,8499,PREDICTED_TARGETS,Gene,CASP3,,0.9498,606,1701
4657,Compound,Melianoninol,6438693,PREDICTED_TARGETS,Gene,CASP3,,0.9498,598,1701
4658,Compound,Aromadendrene,91354,PREDICTED_TARGETS,Gene,CASP3,,0.9497,243,1701
4659,Compound,Sesquisabinene,25202482,PREDICTED_TARGETS,Gene,CASP3,,0.9497,739,1701
4660,Compound,alpha-trans-Bergamotenol,101352468,PREDICTED_TARGETS,Gene,CASP3,,0.9497,839,1701
4661,Compound,Salannic acid,185704,PREDICTED_TARGETS,Gene,CASP3,,0.9497,722,1701
4662,Compound,alpha-Terpinene,7462,PREDICTED_TARGETS,Gene,CASP3,,0.9497,837,1701
4663,Compound,epi-Globulol,7308311,PREDICTED_TARGETS,Gene,CASP3,,0.9497,888,1701
4664,Compound,"(2S,3S,4S,5R,6R)-6-[[(3S,4S,4aR,6aR,6bS,8aR,9R,12aS,14aR,14bR)-9-hydroxy-4-(hydroxymethyl)-4,6a,6b,8a,11,11,14b-heptamethyl-1,2,3,4a,5,6,7,8,9,10,12,12a,14,14a-tetradecahydropicen-3-yl]oxy]-5-[(2S,3R,4S,5S)-4,5-dihydroxy-3-[(2S,3R,4R,5R,6S)-3,4,5-trihydroxy-6-methyloxan-2-yl]oxyoxan-2-yl]oxy-3,4-dihydroxyoxane-2-carboxylic acid",443614,PREDICTED_TARGETS,Gene,NQO1,,0.9497,33,8808
4665,Compound,Elemicin,10248,PREDICTED_TARGETS,Gene,NFE2L2,,0.9497,367,8588
4666,Compound,2-Methoxy-4-vinylphenol,332,PREDICTED_TARGETS,Gene,CASP3,,0.9497,140,1701
4667,Compound,3-Methylbutanal,11552,PREDICTED_TARGETS,Gene,CASP3,,0.9497,175,1701
4668,Compound,gamma-Curcumene,12304273,PREDICTED_TARGETS,Gene,CASP3,,0.9497,891,1701
4669,Compound,Trichilin H,15966088,PREDICTED_TARGETS,Gene,CASP3,,0.9497,777,1701
4670,Compound,alpha-Santalol,11085337,PREDICTED_TARGETS,Gene,CASP3,,0.9497,834,1701
4671,Compound,(-)-beta-Curcumene,14014430,PREDICTED_TARGETS,Gene,CASP3,,0.9497,14,1701
4672,Compound,alpha-Bergamotenol,5368743,PREDICTED_TARGETS,Gene,CASP3,,0.9497,817,1701
4673,Compound,Licuroside,6475724,PREDICTED_TARGETS,Gene,CASP3,,0.9497,560,1701
4674,Compound,(S)-4-(p-Tolyl)valeraldehyde,11816173,PREDICTED_TARGETS,Gene,CASP3,,0.9497,56,1701
4675,Compound,beta-SANTALOL,6857681,PREDICTED_TARGETS,Gene,CASP3,,0.9497,862,1701
4676,Compound,Glabridin,124052,PREDICTED_TARGETS,Gene,AKT1,,0.9497,422,410
4677,Compound,Citric acid,311,PREDICTED_TARGETS,Gene,TNF,7124,0.9497,312,13629
4678,Compound,Licoagrone,5318993,PREDICTED_TARGETS,Gene,CYP3A4,,0.9497,541,2935
4679,Compound,Isodihydroagarofuran,10775429,PREDICTED_TARGETS,Gene,CASP3,,0.9497,484,1701
4680,Compound,Acetyldihydroalbene,21675862,PREDICTED_TARGETS,Gene,CASP3,,0.9497,223,1701
4681,Compound,"methyl (1R,9R,10S,13Z,14R)-13-ethylidene-17-methoxy-11-oxido-18-oxa-8-aza-11-azoniapentacyclo[7.6.3.110,14.01,9.02,7]nonadeca-2,4,6,11-tetraene-15-carboxylate",101636546,PREDICTED_TARGETS,Gene,CASP3,,0.9497,903,1701
4682,Compound,beta-Santalic acid,131752692,PREDICTED_TARGETS,Gene,CASP3,,0.9497,866,1701
4683,Compound,"3,7-Dimethylocta-1,3,7-triene",5320249,PREDICTED_TARGETS,Gene,CASP3,,0.9497,168,1701
4684,Compound,Cyclosantalal,101925674,PREDICTED_TARGETS,Gene,CASP3,,0.9497,326,1701
4685,Compound,Bergamotene,521569,PREDICTED_TARGETS,Gene,CASP3,,0.9497,270,1701
4686,Compound,3-(4-Methylcyclohex-3-en-1-yl)butanal,110923,PREDICTED_TARGETS,Gene,CASP3,,0.9497,170,1701
4687,Compound,Cedr-8-ene,6431015,PREDICTED_TARGETS,Gene,CASP3,,0.9497,299,1701
4688,Compound,Procyanidin B2,122738,PREDICTED_TARGETS,Gene,PTGS2,,0.9497,698,10537
4689,Compound,germacrene C,25244915,PREDICTED_TARGETS,Gene,CASP3,,0.9497,897,1701
4690,Compound,Cyperol,14076601,PREDICTED_TARGETS,Gene,CASP3,,0.9497,328,1701
4691,Compound,"(1S,2S,6S,7R,8R)-1,3-dimethyl-8-propan-2-yltricyclo[4.4.0.02,7]dec-3-ene",101607926,PREDICTED_TARGETS,Gene,CASP3,,0.9497,22,1701
4692,Compound,Nuciferol,10932923,PREDICTED_TARGETS,Gene,CASP3,,0.9497,661,1701
4693,Compound,"(E)-5-((1R,3R,6S)-2,3-Dimethyltricyclo[2.2.1.02,6]heptan-3-yl)-2-methylpent-2-enal",14059042,PREDICTED_TARGETS,Gene,CASP3,,0.9497,50,1701
4694,Compound,alpha-Santaldiol,44583958,PREDICTED_TARGETS,Gene,CASP3,,0.9497,832,1701
4695,Compound,"methyl (1R,9R,11S,14Z,15R,17S,19S)-14-ethylidene-18-oxa-2,12-diazahexacyclo[9.6.1.19,15.01,9.03,8.012,17]nonadeca-3,5,7-triene-19-carboxylate",101297632,PREDICTED_TARGETS,Gene,CASP3,,0.9497,904,1701
4696,Compound,"3,5-Dihydroxybenzoic acid",7424,PREDICTED_TARGETS,Gene,GSR,,0.9497,166,5152
4697,Compound,(E)-alpha-bisabolene,5315468,PREDICTED_TARGETS,Gene,CASP3,,0.9497,52,1701
4698,Compound,trans-beta-Santalol,6450269,PREDICTED_TARGETS,Gene,CASP3,,0.9497,920,1701
4699,Compound,Isocyperol,14076604,PREDICTED_TARGETS,Gene,CASP3,,0.9497,483,1701
4700,Compound,"3,3',4,5'-Tetrahydroxy-4',5-diprenylbibenzyl",10362492,PREDICTED_TARGETS,Gene,CASP3,,0.9497,161,1701
4701,Compound,"Caryophyllan-2,6-beta-oxide",6428086,PREDICTED_TARGETS,Gene,CASP3,,0.9497,295,1701
4702,Compound,beta-Cyperone,10889388,PREDICTED_TARGETS,Gene,CASP3,,0.9497,848,1701
4703,Compound,alpha-Amyrin,73170,PREDICTED_TARGETS,Gene,PPARG,5468,0.9497,815,10164
4704,Compound,"(S,Z)-2-Methyl-6-(p-tolyl)hept-2-en-1-ol",67178146,PREDICTED_TARGETS,Gene,CASP3,,0.9497,60,1701
4705,Compound,"(9R,10R,13S,14S,17R)-17-[(2R)-2-[(1R,2S)-1,3-dihydroxy-2-methylpropyl]-2,3-dihydrofuran-4-yl]-4,4,10,13,14-pentamethyl-1,2,5,6,9,11,12,15,16,17-decahydrocyclopenta[a]phenanthren-3-one",184503,PREDICTED_TARGETS,Gene,CASP3,,0.9497,47,1701
4706,Compound,Nimbosone,177090,PREDICTED_TARGETS,Gene,CASP3,,0.9497,647,1701
4707,Compound,Benzaldehyde,240,PREDICTED_TARGETS,Gene,IL6,,0.9497,265,5991
4708,Compound,Bisabolenol D,101614240,PREDICTED_TARGETS,Gene,CASP3,,0.9497,277,1701
4709,Compound,beta-Santalene,10889018,PREDICTED_TARGETS,Gene,CASP3,,0.9497,865,1701
4710,Compound,"Akuammine, 10-deoxy-",90479136,PREDICTED_TARGETS,Gene,CASP3,,0.9497,228,1701
4711,Compound,Santene,10720,PREDICTED_TARGETS,Gene,CASP3,,0.9497,728,1701
4712,Compound,cis-Lanceol,6536796,PREDICTED_TARGETS,Gene,CASP3,,0.9497,877,1701
4713,Compound,Rotundene,25203405,PREDICTED_TARGETS,Gene,CASP3,,0.9497,717,1701
4714,Compound,"4-(2-Hydroxypropan-2-yl)-1-methylcyclohexane-1,2-diol",186702,PREDICTED_TARGETS,Gene,CASP3,,0.9497,181,1701
4715,Compound,2-Hexen-1-OL,5318042,PREDICTED_TARGETS,Gene,CASP3,,0.9497,137,1701
4716,Compound,Himachalol,121536,PREDICTED_TARGETS,Gene,CASP3,,0.9497,469,1701
4717,Compound,Menthone,26447,PREDICTED_TARGETS,Gene,AKT1,,0.9497,600,410
4718,Compound,Bornylene,10047,PREDICTED_TARGETS,Gene,CASP3,,0.9497,279,1701
4719,Compound,1-Furfurylpyrrole,15037,PREDICTED_TARGETS,Gene,CASP3,,0.9497,80,1701
4720,Compound,Phenethyl acetate,7654,PREDICTED_TARGETS,Gene,CASP3,,0.9497,680,1701
4721,Compound,Methylenedioxybenzoyl ethyl PABA,785868,PREDICTED_TARGETS,Gene,CASP3,,0.9497,616,1701
4722,Compound,1-Hexacosanol,68171,PREDICTED_TARGETS,Gene,NFKBIA,,0.9497,82,8597
4723,Compound,2-Acetyl-5-methylfuran,14514,PREDICTED_TARGETS,Gene,CASP3,,0.9497,129,1701
4724,Compound,trans-alpha-Bergamotene,6429302,PREDICTED_TARGETS,Gene,CASP3,,0.9497,919,1701
4725,Compound,p-Cymene,7463,PREDICTED_TARGETS,Gene,NQO1,,0.9497,908,8808
4726,Compound,Dendrolasin,5316534,PREDICTED_TARGETS,Gene,CASP3,,0.9497,345,1701
4727,Compound,(Z)-alpha-Bisabolene,5352653,PREDICTED_TARGETS,Gene,CASP3,,0.9497,63,1701
4728,Compound,trans-Isolongifolanone,6427070,PREDICTED_TARGETS,Gene,CASP3,,0.9497,916,1701
4729,Compound,2-Carene,79044,PREDICTED_TARGETS,Gene,CASP3,,0.9497,132,1701
4730,Compound,Scholaricine,50900051,PREDICTED_TARGETS,Gene,CASP3,,0.9497,730,1701
4731,Compound,alpha-Amyrenyl acetate,92842,PREDICTED_TARGETS,Gene,CASP3,,0.9497,814,1701
4732,Compound,Isoglycyrol,124050,PREDICTED_TARGETS,Gene,CASP3,,0.9496,491,1701
4733,Compound,Linalool oxide acetate (pyranoid),6427501,PREDICTED_TARGETS,Gene,CASP3,,0.9496,568,1701
4734,Compound,Echitamine chloride,10045636,PREDICTED_TARGETS,Gene,CASP3,,0.9496,363,1701
4735,Compound,Widdrol,94334,PREDICTED_TARGETS,Gene,CASP3,,0.9496,801,1701
4736,Compound,Tridecane,12388,PREDICTED_TARGETS,Gene,GSR,,0.9496,779,5152
4737,Compound,Isorotundene,91753591,PREDICTED_TARGETS,Gene,CASP3,,0.9496,508,1701
4738,Compound,Sterol,1107,PREDICTED_TARGETS,Gene,CASP8,841,0.9496,749,1705
4739,Compound,Lupeol acetate,92157,PREDICTED_TARGETS,Gene,CASP3,,0.9496,580,1701
4740,Compound,Glisoflavone,5487298,PREDICTED_TARGETS,Gene,CYP3A4,,0.9496,429,2935
4741,Compound,Picraline,131636670,PREDICTED_TARGETS,Gene,CASP3,,0.9496,686,1701
4742,Compound,2-Ethyl-6-methylpyrazine,26332,PREDICTED_TARGETS,Gene,CASP3,,0.9496,133,1701
4743,Compound,T-Muurolol,3084331,PREDICTED_TARGETS,Gene,CASP3,,0.9496,756,1701
4744,Compound,Methyl octanoate,8091,PREDICTED_TARGETS,Gene,CASP3,,0.9496,612,1701
4745,Compound,Furfuryl propionate,61166,PREDICTED_TARGETS,Gene,CASP3,,0.9496,406,1701
4746,Compound,Bisabolenol,91747530,PREDICTED_TARGETS,Gene,CASP3,,0.9496,276,1701
4747,Compound,17-O-Acetylechitamine,101589338,PREDICTED_TARGETS,Gene,CASP3,,0.9496,112,1701
4748,Compound,(S)-cis-Verbenol,87839,PREDICTED_TARGETS,Gene,CASP3,,0.9496,58,1701
4749,Compound,Licoagrodione,10360893,PREDICTED_TARGETS,Gene,CASP3,,0.9496,540,1701
4750,Compound,beta-Thujene,520384,PREDICTED_TARGETS,Gene,CASP3,,0.9496,872,1701
4751,Compound,Levomenol,442343,PREDICTED_TARGETS,Gene,GSR,,0.9496,537,5152
4752,Compound,2'-Methoxyacetophenone,68481,PREDICTED_TARGETS,Gene,CASP3,,0.9496,120,1701
4753,Compound,alpha-Santalene,94164,PREDICTED_TARGETS,Gene,CASP3,,0.9496,833,1701
4754,Compound,(+)-gamma-Gurjunene,15560285,PREDICTED_TARGETS,Gene,CASP3,,0.9496,5,1701
4755,Compound,Pinene,,PREDICTED_TARGETS,Gene,CASP3,,0.9496,690,1701
4756,Compound,beta-Longipinene,25203064,PREDICTED_TARGETS,Gene,CASP3,,0.9496,856,1701
4757,Compound,Hyperoside,5281643,PREDICTED_TARGETS,Gene,NOS2,,0.9496,477,8741
4758,Compound,trans-Verbenol,89664,PREDICTED_TARGETS,Gene,CASP3,,0.9496,918,1701
4759,Compound,Isolongifolen-5-one,600416,PREDICTED_TARGETS,Gene,CASP3,,0.9496,496,1701
4760,Compound,beta-Rotunol,5321005,PREDICTED_TARGETS,Gene,CASP3,,0.9496,861,1701
4761,Compound,Bornyl acetate,6448,PREDICTED_TARGETS,Gene,CASP3,,0.9496,278,1701
4762,Compound,4-(2-Aminopropyl)phenol,3651,PREDICTED_TARGETS,Gene,CASP3,,0.9496,180,1701
4763,Compound,Methacrylonitrile,31368,PREDICTED_TARGETS,Gene,CDK4,1019,0.9496,602,2034
4764,Compound,"(1S,6S,8S)-1,5-dimethyl-8-propan-2-yltricyclo[4.4.0.02,7]dec-4-en-3-one",102316377,PREDICTED_TARGETS,Gene,CASP3,,0.9496,23,1701
4765,Compound,2-Phenylethyl propionate,31225,PREDICTED_TARGETS,Gene,CASP3,,0.9496,147,1701
4766,Compound,Cyclosativene,519960,PREDICTED_TARGETS,Gene,CASP3,,0.9496,327,1701
4767,Compound,"(E)-5-((1R,3R,6S)-2,3-Dimethyltricyclo[2.2.1.02,6]heptan-3-yl)-2-methylpent-2-enoic acid",14059029,PREDICTED_TARGETS,Gene,CASP3,,0.9496,51,1701
4768,Compound,Dodecane,8182,PREDICTED_TARGETS,Gene,EGFR,1956,0.9496,359,3738
4769,Compound,Valeranone,171455,PREDICTED_TARGETS,Gene,CASP3,,0.9496,791,1701
4770,Compound,"19,20-(E)-Vallesamine",13783712,PREDICTED_TARGETS,Gene,CASP3,,0.9496,115,1701
4771,Compound,Calamenene,6429077,PREDICTED_TARGETS,Gene,CASP3,,0.9496,285,1701
4772,Compound,Echitamidin,190982,PREDICTED_TARGETS,Gene,CASP3,,0.9496,361,1701
4773,Compound,Carvone,7439,PREDICTED_TARGETS,Gene,BAX,,0.9496,294,1202
4774,Compound,Humulene epoxide II,10704181,PREDICTED_TARGETS,Gene,CASP3,,0.9496,473,1701
4775,Compound,Viridiflorol,11996452,PREDICTED_TARGETS,Gene,CASP3,,0.9496,799,1701
4776,Compound,beta-Cubebene,93081,PREDICTED_TARGETS,Gene,CASP3,,0.9496,847,1701
4777,Compound,Glyinflanin B,480799,PREDICTED_TARGETS,Gene,CASP3,,0.9496,443,1701
4778,Compound,Licoagrodin,637141,PREDICTED_TARGETS,Gene,CYP3A4,,0.9496,539,2935
4779,Compound,Isoliquiritin,5318591,PREDICTED_TARGETS,Gene,CASP3,,0.9496,495,1701
4780,Compound,Licoarylcoumarin,10090416,PREDICTED_TARGETS,Gene,CASP3,,0.9496,544,1701
4781,Compound,Cedrelanol,160799,PREDICTED_TARGETS,Gene,CASP3,,0.9496,300,1701
4782,Compound,Akuammidine,15558574,PREDICTED_TARGETS,Gene,CASP3,,0.9496,226,1701
4783,Compound,4-Isopropylbenzyl alcohol,325,PREDICTED_TARGETS,Gene,TGFB1,,0.9496,187,13305
4784,Compound,Flavanone,10251,PREDICTED_TARGETS,Gene,HMOX1,,0.9496,395,5559
4785,Compound,Licoflavone A,5319000,PREDICTED_TARGETS,Gene,CYP3A4,,0.9496,550,2935
4786,Compound,"Echitamine, hydrochloride",3000633,PREDICTED_TARGETS,Gene,CASP3,,0.9496,364,1701
4787,Compound,Hexadecane,11006,PREDICTED_TARGETS,Gene,GSR,,0.9496,466,5152
4788,Compound,"(4E,7E)-1,5,9,9-Tetramethyl-12-oxabicyclo[9.1.0]dodeca-4,7-diene",22559443,PREDICTED_TARGETS,Gene,CASP3,,0.9496,38,1701
4789,Compound,"1-Isopropyl-4,7-dimethyl-1,3,4,5,6,8a-hexahydro-4a(2H)-naphthalenol",519857,PREDICTED_TARGETS,Gene,CASP3,,0.9496,85,1701
4790,Compound,Levomenol,442343,PREDICTED_TARGETS,Gene,ALB,213,0.9496,537,418
4791,Compound,"(R,Z)-2-Methyl-6-(4-methylcyclohexa-1,4-dien-1-yl)hept-2-en-1-ol",91710638,PREDICTED_TARGETS,Gene,CASP3,,0.9496,55,1701
4792,Compound,"2,4-Difurfurylfuran",53423642,PREDICTED_TARGETS,Gene,CASP3,,0.9496,124,1701
4793,Compound,Gancaonin I,480777,PREDICTED_TARGETS,Gene,CASP3,,0.9496,412,1701
4794,Compound,"(2S,4aS,6aR,6aS,6bR,8aR,9S,10S,12aS,14bR)-10-hydroxy-9-(hydroxymethyl)-2,4a,6a,6b,9,12a-hexamethyl-13-oxo-3,4,5,6,6a,7,8,8a,10,11,12,14b-dodecahydro-1H-picene-2-carboxylic acid",101280182,PREDICTED_TARGETS,Gene,CASP3,,0.9496,36,1701
4795,Compound,Pentadecanoic acid,13849,PREDICTED_TARGETS,Gene,CASP3,,0.9496,677,1701
4796,Compound,"5H-2-Pyrindin-6-ol, 6,7-dihydro-7-methyl-, (6R-cis)-",56842090,PREDICTED_TARGETS,Gene,CASP3,,0.9496,196,1701
4797,Compound,"1-(5-Methyl-2-furanyl)-1,2-propanedione",70968,PREDICTED_TARGETS,Gene,CASP3,,0.9496,74,1701
4798,Compound,Valerenal,6440942,PREDICTED_TARGETS,Gene,CASP3,,0.9496,792,1701
4799,Compound,Losbanine,101589339,PREDICTED_TARGETS,Gene,CASP3,,0.9496,578,1701
4800,Compound,Ethyl acetate,8857,PREDICTED_TARGETS,Gene,ALB,213,0.9496,377,418
4801,Compound,"8-Isopropyl-2,5-dimethyl-1,2,3,4-tetrahydronaphthalene",518975,PREDICTED_TARGETS,Gene,CASP3,,0.9496,218,1701
4802,Compound,Glyasperin D,480860,PREDICTED_TARGETS,Gene,NFKBIA,,0.9496,432,8597
4803,Compound,Picralinal,46229103,PREDICTED_TARGETS,Gene,CASP3,,0.9496,685,1701
4804,Compound,"(2S,4aS,6aR,6aS,6bR,8aR,10S,12aS,14bR)-10,14b-dihydroxy-2,4a,6a,6b,9,9,12a-heptamethyl-13-oxo-1,3,4,5,6,6a,7,8,8a,10,11,12-dodecahydropicene-2-carboxylic acid",101280181,PREDICTED_TARGETS,Gene,CASP3,,0.9496,35,1701
4805,Compound,Copaene,19725,PREDICTED_TARGETS,Gene,CASP3,,0.9496,317,1701
4806,Compound,Docosyl caffeate,5316952,PREDICTED_TARGETS,Gene,CASP3,,0.9496,357,1701
4807,Compound,Fraxinellone,124039,PREDICTED_TARGETS,Gene,ABCB1,5243,0.9496,399,36
4808,Compound,"methyl (12S,13R,14Z)-14-ethylidene-12-(hydroxymethyl)-1,10-diazatetracyclo[11.2.2.03,11.04,9]heptadeca-3(11),4,6,8-tetraene-12-carboxylate",129317087,PREDICTED_TARGETS,Gene,CASP3,,0.9496,901,1701
4809,Compound,(-)-alpha-Himachalene,11830551,PREDICTED_TARGETS,Gene,CASP3,,0.9496,12,1701
4810,Compound,(-)-alpha-Cadinol,6431302,PREDICTED_TARGETS,Gene,CASP3,,0.9496,11,1701
4811,Compound,Licoflavone B,11349817,PREDICTED_TARGETS,Gene,CASP3,,0.9496,551,1701
4812,Compound,Glyzaglabrin,5317777,PREDICTED_TARGETS,Gene,CASP3,,0.9496,447,1701
4813,Compound,2-Pentylfuran,19602,PREDICTED_TARGETS,Gene,CASP3,,0.9496,144,1701
4814,Compound,alpha-Teresantalic acid,5321816,PREDICTED_TARGETS,Gene,CASP3,,0.9496,836,1701
4815,Compound,Epi-beta-Santalene,11106484,PREDICTED_TARGETS,Gene,CASP3,,0.9496,373,1701
4816,Compound,(1R)-2-methyl-5-propan-2-ylbicyclo[3.1.0]hex-2-ene,6451618,PREDICTED_TARGETS,Gene,CASP3,,0.9496,18,1701
4817,Compound,Isomustakone,91748747,PREDICTED_TARGETS,Gene,CASP3,,0.9496,501,1701
4818,Compound,Tetrahydroalstonine,72340,PREDICTED_TARGETS,Gene,CASP3,,0.9496,767,1701
4819,Compound,Proanthocyanidin,108065,PREDICTED_TARGETS,Gene,RELA,,0.9496,696,10988
4820,Compound,"Selina-3,11-dien-6alpha-ol",91746575,PREDICTED_TARGETS,Gene,CASP3,,0.9496,734,1701
4821,Compound,"(4aS,6R,8aS)-4a-hydroxy-4,8a-dimethyl-6-prop-1-en-2-yl-5,6,7,8-tetrahydro-1H-naphthalen-2-one",11651583,PREDICTED_TARGETS,Gene,CASP3,,0.9496,42,1701
4822,Compound,2-Acetylpyrrole,14079,PREDICTED_TARGETS,Gene,CASP3,,0.9496,131,1701
4823,Compound,Terpinolene,11463,PREDICTED_TARGETS,Gene,GSR,,0.9496,763,5152
4824,Compound,Linalyl acetate,8294,PREDICTED_TARGETS,Gene,CXCL8,3576,0.9496,569,2865
4825,Compound,delta-Guaiene,94275,PREDICTED_TARGETS,Gene,CASP3,,0.9496,884,1701
4826,Compound,Glabrene,480774,PREDICTED_TARGETS,Gene,CASP3,,0.9496,420,1701
4827,Compound,Thujopsadiene,6428961,PREDICTED_TARGETS,Gene,CASP3,,0.9495,771,1701
4828,Compound,(+)-alpha-Cadinene,12306048,PREDICTED_TARGETS,Gene,CASP3,,0.9495,2,1701
4829,Compound,Ethyl linolenate,5367460,PREDICTED_TARGETS,Gene,CASP3,,0.9495,382,1701
4830,Compound,1-Methyl-4-(prop-1-en-2-yl)benzene,62385,PREDICTED_TARGETS,Gene,CASP3,,0.9495,90,1701
4831,Compound,Glyyunnansapogenin B,131752021,PREDICTED_TARGETS,Gene,CASP3,,0.9495,446,1701
4832,Compound,Licoisoflavone B,5481234,PREDICTED_TARGETS,Gene,NQO1,,0.9495,555,8808
4833,Compound,"(6R)-1a-methyl-4-methylidene-6-propan-2-yl-1b,2,3,5,5a,6a-hexahydro-1H-cyclopropa[a]inden-6-ol",6431225,PREDICTED_TARGETS,Gene,CASP3,,0.9495,46,1701
4834,Compound,Rotundone,5321003,PREDICTED_TARGETS,Gene,CASP3,,0.9495,718,1701
4835,Compound,Lagunamine,14706138,PREDICTED_TARGETS,Gene,CASP3,,0.9495,531,1701
4836,Compound,"2-[(2R,8R,8aS)-8,8a-dimethyl-1,2,3,4,6,7,8,8a-octahydronaphthalen-2-yl]propan-2-ol",9859337,PREDICTED_TARGETS,Gene,CASP3,,0.9495,150,1701
4837,Compound,Guaiol,227829,PREDICTED_TARGETS,Gene,CASP3,,0.9495,450,1701
4838,Compound,Astragalin,5282102,PREDICTED_TARGETS,Gene,TP53,,0.9495,247,13725
4839,Compound,28-Hydroxyglycyrrhetic acid,76064992,PREDICTED_TARGETS,Gene,CASP3,,0.9495,158,1701
4840,Compound,Dillapiol,10231,PREDICTED_TARGETS,Gene,CASP3,,0.9495,351,1701
4841,Compound,"methyl (1R,10S,12R,13E,17S,18R,19R)-13-ethylidene-17-hydroxy-16-oxa-8,15-diazahexacyclo[10.6.1.01,9.02,7.010,15.014,18]nonadeca-2,4,6,8-tetraene-19-carboxylate",101324838,PREDICTED_TARGETS,Gene,CASP3,,0.9495,902,1701
4842,Compound,beta-Selinene,442393,PREDICTED_TARGETS,Gene,CASP3,,0.9495,867,1701
4843,Compound,(Z)-Hex-2-enyl acetate,5363374,PREDICTED_TARGETS,Gene,CASP3,,0.9495,61,1701
4844,Compound,Aloe emodin,10207,PREDICTED_TARGETS,Gene,IL6,,0.9495,230,5991
4845,Compound,Elemol,92138,PREDICTED_TARGETS,Gene,CASP3,,0.9495,368,1701
4846,Compound,"methyl (10S,12R,13E,18S)-13-ethylidene-8,15-diazapentacyclo[10.5.1.01,9.02,7.010,15]octadeca-2,4,6,8-tetraene-18-carboxylate",6444325,PREDICTED_TARGETS,Gene,CASP3,,0.9495,900,1701
4847,Compound,"1-Methyl-5-methylidene-9-propan-2-yltricyclo[4.4.0.02,8]dec-3-ene",91748745,PREDICTED_TARGETS,Gene,CASP3,,0.9495,91,1701
4848,Compound,Glucoliquiritin,46869260,PREDICTED_TARGETS,Gene,CASP3,,0.9495,430,1701
4849,Compound,1-Methylpyrrole-2-carboxaldehyde,14504,PREDICTED_TARGETS,Gene,CASP3,,0.9495,92,1701
4850,Compound,"6-[(11-carboxy-4,4,6a,6b,8a,11,14b-heptamethyl-14-oxo-2,3,4a,5,6,7,8,9,10,12,12a,14a-dodecahydro-1H-picen-3-yl)oxy]-3,4-dihydroxy-5-(3,4,5-trihydroxyoxan-2-yl)oxyoxane-2-carboxylic acid",195342,PREDICTED_TARGETS,Gene,CASP3,,0.9495,205,1701
4851,Compound,"(3aS,4R,7R)-1,4,9,9-Tetramethyl-5,6,7,8-tetrahydro-4H-3a,7-methanoazulene",74819450,PREDICTED_TARGETS,Gene,CASP3,,0.9495,37,1701
4852,Compound,delta-Cadinol,3084311,PREDICTED_TARGETS,Gene,CASP3,,0.9495,882,1701
4853,Compound,"(2S,4S,5R,6R)-5-[(2S,3R,4S,5R,6R)-3-[(2S,3R,5R,6S)-3,5-dihydroxy-6-methyloxan-2-yl]oxy-4,5-dihydroxy-6-(hydroxymethyl)oxan-2-yl]oxy-3,4-dihydroxy-6-[[9-hydroxy-4-(hydroxymethyl)-4,6a,6b,8a,11,11,14b-heptamethyl-1,2,3,4a,5,6,7,8,9,10,12,12a,14,14a-tetradecahydropicen-2-yl]oxy]oxane-2-carboxylic acid",5321411,PREDICTED_TARGETS,Gene,CASP3,,0.9495,34,1701
4854,Compound,Ambrettolide,5365703,PREDICTED_TARGETS,Gene,CASP3,,0.9495,231,1701
4855,Compound,Ledol,92812,PREDICTED_TARGETS,Gene,CASP3,,0.9495,533,1701
4856,Compound,Glabric acid,46173993,PREDICTED_TARGETS,Gene,CASP3,,0.9495,421,1701
4857,Compound,30-Hydroxy-11-oxo-beta-amyrin,12310283,PREDICTED_TARGETS,Gene,CASP3,,0.9495,178,1701
4858,Compound,Cyprotene,91715050,PREDICTED_TARGETS,Gene,CASP3,,0.9495,331,1701
4859,Compound,epi-Cubebol,91753433,PREDICTED_TARGETS,Gene,CASP3,,0.9495,887,1701
4860,Compound,Ethyl octanoate,7799,PREDICTED_TARGETS,Gene,CASP3,,0.9495,383,1701
4861,Compound,Cyperotundone,12308615,PREDICTED_TARGETS,Gene,CASP3,,0.9495,330,1701
4862,Compound,cis-alpha-Bergamotene,91753502,PREDICTED_TARGETS,Gene,CASP3,,0.9495,879,1701
4863,Compound,(+)-gamma-Cadinene,6432404,PREDICTED_TARGETS,Gene,CASP3,,0.9495,4,1701
4864,Compound,2'-Hydroxyacetophenone,8375,PREDICTED_TARGETS,Gene,CASP3,,0.9495,119,1701
4865,Compound,14-Hydroxy-9-epi-beta-Caryophyllene,91747230,PREDICTED_TARGETS,Gene,CASP3,,0.9495,108,1701
4866,Compound,"7,4'-Dihydroxyflavan",158280,PREDICTED_TARGETS,Gene,CASP3,,0.9495,207,1701
4867,Compound,Tetracosanoic acid,11197,PREDICTED_TARGETS,Gene,ESR1,2099,0.9495,764,4008
4868,Compound,(-)-beta-Bourbonene,62566,PREDICTED_TARGETS,Gene,CASP3,,0.9495,13,1701
4869,Compound,19-Epischolaricine,101587171,PREDICTED_TARGETS,Gene,CASP3,,0.9495,116,1701
4870,Compound,Sugetriol triacetate,101625871,PREDICTED_TARGETS,Gene,CASP3,,0.9495,753,1701
4871,Compound,Akuammicine,441976,PREDICTED_TARGETS,Gene,CASP3,,0.9495,225,1701
4872,Compound,Kanzonol U,10542808,PREDICTED_TARGETS,Gene,CASP3,,0.9495,516,1701
4873,Compound,Kanzonol V,102444980,PREDICTED_TARGETS,Gene,CASP3,,0.9495,517,1701
4874,Compound,Furfuryl butyrate,61167,PREDICTED_TARGETS,Gene,CASP3,,0.9495,404,1701
4875,Compound,(-)-Carvomenthone,6432474,PREDICTED_TARGETS,Gene,CASP3,,0.9495,6,1701
4876,Compound,Undecanoic acid,8180,PREDICTED_TARGETS,Gene,NFE2L2,,0.9495,787,8588
4877,Compound,21alpha-Hydroxyisoglabrolide,101280184,PREDICTED_TARGETS,Gene,CASP3,,0.9495,151,1701
4878,Compound,"(2E,4E)-3,7-dimethylocta-2,4,6-trienal",11126441,PREDICTED_TARGETS,Gene,CASP3,,0.9495,27,1701
4879,Compound,(-)-cis-Carveol,330573,PREDICTED_TARGETS,Gene,CASP3,,0.9495,15,1701
4880,Compound,Calamenone,91747434,PREDICTED_TARGETS,Gene,CASP3,,0.9495,286,1701
4881,Compound,Kanzonol X,10046166,PREDICTED_TARGETS,Gene,CYP3A4,,0.9495,519,2935
4882,Compound,beta-Gurjunene,6450812,PREDICTED_TARGETS,Gene,CASP3,,0.9495,854,1701
4883,Compound,Hydroxywighteone,5378945,PREDICTED_TARGETS,Gene,CASP3,,0.9495,476,1701
4884,Compound,"Limonene oxide, cis-(-)-",6452061,PREDICTED_TARGETS,Gene,CASP3,,0.9495,566,1701
4885,Compound,"p-Mentha-1,5-dien-8-ol",519323,PREDICTED_TARGETS,Gene,CASP3,,0.9495,909,1701
4886,Compound,"(1r,3s,5r)-6,6-Dimethyl-2-methylidenebicyclo[3.1.1]heptan-3-ol",88302,PREDICTED_TARGETS,Gene,CASP3,,0.9495,24,1701
4887,Compound,Liquiritigenin 7-beta-D-glucopyranoside,51666248,PREDICTED_TARGETS,Gene,CASP3,,0.9495,574,1701
4888,Compound,"Liquiritigenin-7,4'-diglucoside",,PREDICTED_TARGETS,Gene,CASP3,,0.9495,575,1701
4889,Compound,Butyric anhydride,7798,PREDICTED_TARGETS,Gene,CASP3,,0.9495,282,1701
4890,Compound,Heptacosane,11636,PREDICTED_TARGETS,Gene,CASP3,,0.9495,458,1701
4891,Compound,Patchoulenone,5320424,PREDICTED_TARGETS,Gene,CASP3,,0.9495,674,1701
4892,Compound,Paeonol,11092,PREDICTED_TARGETS,Gene,PPARG,5468,0.9495,670,10164
4893,Compound,psi-Akuammigine,119079925,PREDICTED_TARGETS,Gene,CASP3,,0.9495,911,1701
4894,Compound,"[(7S,8S)-7-hydroxy-5,6,7,8-tetrahydro-3H-pyrrolizin-1-yl]methyl 2-hydroxy-2-[(1S)-1-hydroxyethyl]-3-methylbutanoate",10197,PREDICTED_TARGETS,Gene,CASP3,,0.9495,812,1701
4895,Compound,Isoflavan,500472,PREDICTED_TARGETS,Gene,CASP3,,0.9495,486,1701
4896,Compound,"(2R,4aS)-4a,8-Dimethyl-2-(prop-1-en-2-yl)-1,2,3,4,4a,5-hexahydronaphthalene",73015594,PREDICTED_TARGETS,Gene,CASP3,,0.9495,29,1701
4897,Compound,Isopatchoulenone,12308616,PREDICTED_TARGETS,Gene,CASP3,,0.9495,504,1701
4898,Compound,4'-O-Methylglabridin,5319664,PREDICTED_TARGETS,Gene,CASP3,,0.9495,179,1701
4899,Compound,Shinflavanone,197678,PREDICTED_TARGETS,Gene,CYP3A4,,0.9495,741,2935
4900,Compound,Leucopelargonidin tetramer,102115508,PREDICTED_TARGETS,Gene,CASP3,,0.9495,536,1701
4901,Compound,Kanzonol T,101999902,PREDICTED_TARGETS,Gene,CASP3,,0.9495,515,1701
4902,Compound,Gancaonin R,480815,PREDICTED_TARGETS,Gene,CASP3,,0.9495,413,1701
4903,Compound,Echitamine,11953926,PREDICTED_TARGETS,Gene,CASP3,,0.9495,362,1701
4904,Compound,"1,2-Heptanediol",77302,PREDICTED_TARGETS,Gene,CASP3,,0.9495,70,1701
4905,Compound,Zizanene,12306046,PREDICTED_TARGETS,Gene,CASP3,,0.9495,806,1701
4906,Compound,"(2S)-2-[4-[(2S,3R,4S,5S,6R)-3-[(2R,3S,4S)-3,4-dihydroxy-4-(hydroxymethyl)oxolan-2-yl]oxy-4,5-dihydroxy-6-(hydroxymethyl)oxan-2-yl]oxyphenyl]-7-hydroxy-2,3-dihydrochromen-4-one",46232263,PREDICTED_TARGETS,Gene,CASP3,,0.9495,31,1701
4907,Compound,"3,5-Dimethylstyrene",21476,PREDICTED_TARGETS,Gene,CASP3,,0.9495,167,1701
4908,Compound,"alpha,beta-Dihydro-3,5,4'-trihydroxy-5'-isopentenylstilbene",10990178,PREDICTED_TARGETS,Gene,CASP3,,0.9495,813,1701
4909,Compound,beta-Patchoulene,101731,PREDICTED_TARGETS,Gene,CYP3A4,,0.9495,859,2935
4910,Compound,Glabrolide,90479675,PREDICTED_TARGETS,Gene,CASP3,,0.9495,427,1701
4911,Compound,alpha-Cyperone,6452086,PREDICTED_TARGETS,Gene,CASP3,,0.9495,823,1701
4912,Compound,alpha1-Sitosterol,9548595,PREDICTED_TARGETS,Gene,CASP3,,0.9495,840,1701
4913,Compound,"Cyclohexene, 4-methyl-1-(1-methylethyl)-",10369,PREDICTED_TARGETS,Gene,CASP3,,0.9495,325,1701
4914,Compound,3'-Methoxyglabradin,15228663,PREDICTED_TARGETS,Gene,CASP3,,0.9495,160,1701
4915,Compound,1-Isopropyl-4-methylenebicyclo[3.1.0]hex-2-ene,524198,PREDICTED_TARGETS,Gene,CASP3,,0.9495,86,1701
4916,Compound,Valencene,9855795,PREDICTED_TARGETS,Gene,CASP3,,0.9495,790,1701
4917,Compound,Aristolone,165536,PREDICTED_TARGETS,Gene,CASP3,,0.9495,240,1701
4918,Compound,Cyperolone,5316283,PREDICTED_TARGETS,Gene,CASP3,,0.9495,329,1701
4919,Compound,Leucodelphidin,440835,PREDICTED_TARGETS,Gene,CASP3,,0.9495,534,1701
4920,Compound,"Pyrazine, 1,4-dioxide",520103,PREDICTED_TARGETS,Gene,CASP3,,0.9495,706,1701
4921,Compound,3-Pinanone,11038,PREDICTED_TARGETS,Gene,CASP3,,0.9495,176,1701
4922,Compound,beta-Pinene,14896,PREDICTED_TARGETS,Gene,CYP1A2,,0.9495,860,2903
4923,Compound,Ammonium glycyrrhizate,62074,PREDICTED_TARGETS,Gene,CASP3,,0.9495,232,1701
4924,Compound,Xambioona,14769500,PREDICTED_TARGETS,Gene,CASP3,,0.9495,803,1701
4925,Compound,1-Octadecene,8217,PREDICTED_TARGETS,Gene,CASP3,,0.9495,95,1701
4926,Compound,alpha-Terpineol,17100,PREDICTED_TARGETS,Gene,CASP9,,0.9495,838,1707
4927,Compound,Isomucronulatol,602152,PREDICTED_TARGETS,Gene,CASP3,,0.9495,499,1701
4928,Compound,"6,10,14-Trimethylpentadecan-2-one",10408,PREDICTED_TARGETS,Gene,CASP3,,0.9495,197,1701
4929,Compound,Abssinone II,7330517,PREDICTED_TARGETS,Gene,CASP3,,0.9495,220,1701
4930,Compound,Shinpterocarpin,10336244,PREDICTED_TARGETS,Gene,CYP3A4,,0.9495,742,2935
4931,Compound,Uralsaponin B,163744,PREDICTED_TARGETS,Gene,CASP3,,0.9495,788,1701
4932,Compound,2-Acetylfuran,14505,PREDICTED_TARGETS,Gene,CASP3,,0.9495,130,1701
4933,Compound,1-Pentadecanol,12397,PREDICTED_TARGETS,Gene,CASP3,,0.9495,98,1701
4934,Compound,Glabroisoflavanone A,11221431,PREDICTED_TARGETS,Gene,CASP3,,0.9495,424,1701
4935,Compound,Glycycoumarin,5317756,PREDICTED_TARGETS,Gene,CYP3A4,,0.9495,437,2935
4936,Compound,Hispaglabridin B,15228661,PREDICTED_TARGETS,Gene,CASP3,,0.9495,471,1701
4937,Compound,"3-(3,4-Dihydroxyphenyl)-5,7-dihydroxy-6,8-bis(3-methylbut-2-enyl)chroman-4-one",487089,PREDICTED_TARGETS,Gene,CASP3,,0.9495,169,1701
4938,Compound,Picroside I,6440892,PREDICTED_TARGETS,Gene,CASP3,,0.9495,687,1701
4939,Compound,Methyl linolenate,5319706,PREDICTED_TARGETS,Gene,CASP3,,0.9495,611,1701
4940,Compound,Phytol,5280435,PREDICTED_TARGETS,Gene,CASP8,841,0.9495,684,1705
4941,Compound,Licoagroside B,22297602,PREDICTED_TARGETS,Gene,CASP3,,0.9495,543,1701
4942,Compound,Substance B,433154,PREDICTED_TARGETS,Gene,CASP3,,0.9494,751,1701
4943,Compound,"(1R,3S,4R,7R,9S,12S,13R,17S,19R,20R,22S)-9-hydroxy-3,4,8,8,12,19,22-heptamethyl-14-oxo-23-oxahexacyclo[18.2.1.03,16.04,13.07,12.017,22]tricos-15-ene-19-carboxylic acid",101280179,PREDICTED_TARGETS,Gene,CASP3,,0.9494,20,1701
4944,Compound,alpha-Muurolol,91753440,PREDICTED_TARGETS,Gene,CASP3,,0.9494,828,1701
4945,Compound,26-Methylheptacosanoic acid,5282610,PREDICTED_TARGETS,Gene,CASP3,,0.9494,156,1701
4946,Compound,Licoisoflavanone,392443,PREDICTED_TARGETS,Gene,CASP3,,0.9494,553,1701
4947,Compound,Sennoside A,73111,PREDICTED_TARGETS,Gene,MAPK3,,0.9494,736,7305
4948,Compound,Neoisoliquiritin,22524410,PREDICTED_TARGETS,Gene,CASP3,,0.9494,627,1701
4949,Compound,Caswell No. 264AB,442359,PREDICTED_TARGETS,Gene,CASP3,,0.9494,297,1701
4950,Compound,Tubotaiwine,13783720,PREDICTED_TARGETS,Gene,CASP3,,0.9494,783,1701
4951,Compound,Cabreuva oxide B,15677814,PREDICTED_TARGETS,Gene,CASP3,,0.9494,283,1701
4952,Compound,Pulegone,442495,PREDICTED_TARGETS,Gene,CASP3,,0.9494,702,1701
4953,Compound,Eudesm-7(11)-en-4-ol,6432454,PREDICTED_TARGETS,Gene,CASP3,,0.9494,388,1701
4954,Compound,Isoglabrolide,15559941,PREDICTED_TARGETS,Gene,CASP3,,0.9494,489,1701
4955,Compound,gamma-Caprolactone,12756,PREDICTED_TARGETS,Gene,CASP3,,0.9494,890,1701
4956,Compound,11-Deoxoglycyrrhetinic acid,12305517,PREDICTED_TARGETS,Gene,CASP3,,0.9494,104,1701
4957,Compound,(+)-Vestitol,177149,PREDICTED_TARGETS,Gene,CASP3,,0.9494,1,1701
4958,Compound,Hentriacontan-2-one,182185,PREDICTED_TARGETS,Gene,CASP3,,0.9494,455,1701
4959,Compound,Piperitenone,381152,PREDICTED_TARGETS,Gene,CASP3,,0.9494,693,1701
4960,Compound,Isoglycycoumarin,14187587,PREDICTED_TARGETS,Gene,CASP3,,0.9494,490,1701
4961,Compound,"5-[2-[4-Hydroxy-3-(3-methylbut-2-enyl)phenyl]ethyl]-2-(3-methylbut-2-enyl)benzene-1,3-diol",637247,PREDICTED_TARGETS,Gene,CASP3,,0.9494,195,1701
4962,Compound,Hentriacontan-16-ol,9548843,PREDICTED_TARGETS,Gene,CASP3,,0.9494,454,1701
4963,Compound,Pinocarvone,121719,PREDICTED_TARGETS,Gene,CASP3,,0.9494,691,1701
4964,Compound,2-Furylacetone,228583,PREDICTED_TARGETS,Gene,CASP3,,0.9494,135,1701
4965,Compound,Wighteone,5281814,PREDICTED_TARGETS,Gene,CASP3,,0.9494,802,1701
4966,Compound,Nonane,8141,PREDICTED_TARGETS,Gene,CYP3A4,,0.9494,656,2935
4967,Compound,alpha-Calacorene,12302243,PREDICTED_TARGETS,Gene,CASP3,,0.9494,818,1701
4968,Compound,Heneicosane,12403,PREDICTED_TARGETS,Gene,CASP3,,0.9494,453,1701
4969,Compound,alpha-Campholenal,1252759,PREDICTED_TARGETS,Gene,CASP3,,0.9494,819,1701
4970,Compound,alpha-Cedrene epoxide,122510,PREDICTED_TARGETS,Gene,CASP3,,0.9494,820,1701
4971,Compound,Tricosane,12534,PREDICTED_TARGETS,Gene,CASP3,,0.9494,778,1701
4972,Compound,Cinnamic acid,444539,PREDICTED_TARGETS,Gene,NOS2,,0.9494,310,8741
4973,Compound,3-Hydroxyglabrol,480854,PREDICTED_TARGETS,Gene,CASP3,,0.9494,174,1701
4974,Compound,"angustilobine B, (rac)-",13891905,PREDICTED_TARGETS,Gene,CASP3,,0.9494,841,1701
4975,Compound,alpha-Gurjunene,15560276,PREDICTED_TARGETS,Gene,CASP3,,0.9494,826,1701
4976,Compound,Kanzonol W,15380912,PREDICTED_TARGETS,Gene,CYP3A4,,0.9494,518,2935
4977,Compound,Glabrone,5317652,PREDICTED_TARGETS,Gene,CYP3A4,,0.9494,428,2935
4978,Compound,1-Methoxyficifolinol,480872,PREDICTED_TARGETS,Gene,CASP3,,0.9494,87,1701
4979,Compound,Isopinocamphone,84532,PREDICTED_TARGETS,Gene,CASP3,,0.9494,505,1701
4980,Compound,Kumatakenin,5318869,PREDICTED_TARGETS,Gene,CASP3,,0.9494,525,1701
4981,Compound,alpha-Muurolene,12306047,PREDICTED_TARGETS,Gene,CASP3,,0.9494,827,1701
4982,Compound,Barbaloin,12305761,PREDICTED_TARGETS,Gene,CASP3,,0.9494,263,1701
4983,Compound,7-Acetoxy-2-methylisoflavone,268208,PREDICTED_TARGETS,Gene,CASP3,,0.9494,209,1701
4984,Compound,Hexacosane,12407,PREDICTED_TARGETS,Gene,CASP3,,0.9494,463,1701
4985,Compound,Glabroisoflavanone B,11405466,PREDICTED_TARGETS,Gene,CASP3,,0.9494,425,1701
4986,Compound,alpha-Glycyrrhizin,158471,PREDICTED_TARGETS,Gene,CASP3,,0.9494,824,1701
4987,Compound,Fucosterol,5281326,PREDICTED_TARGETS,Gene,CASP3,,0.9494,400,1701
4988,Compound,Picroside III,24121289,PREDICTED_TARGETS,Gene,CASP3,,0.9494,689,1701
4989,Compound,"8(26),14(27)-Onoceradiene-3beta,21alpha-diol",42608308,PREDICTED_TARGETS,Gene,CASP3,,0.9494,217,1701
4990,Compound,"1,4-Dihydroxy-6,7-dimethoxy-3-methyl-9,10-dioxoanthracene-2-carboxylic acid",53438729,PREDICTED_TARGETS,Gene,CASP3,,0.9494,73,1701
4991,Compound,alpha-Bergamotene,86608,PREDICTED_TARGETS,Gene,CASP3,,0.9494,816,1701
4992,Compound,7-Hydroxy-2-methyl-3-phenyl-4H-chromen-4-one,5380976,PREDICTED_TARGETS,Gene,CASP3,,0.9494,213,1701
4993,Compound,Kutkosid,129011779,PREDICTED_TARGETS,Gene,CASP3,,0.9494,527,1701
4994,Compound,Phloroglucinol,359,PREDICTED_TARGETS,Gene,TP53,,0.9494,682,13725
4995,Compound,Glycyrrhisoflavone,5317764,PREDICTED_TARGETS,Gene,CASP3,,0.9494,441,1701
4996,Compound,Ethyl butyrate,7762,PREDICTED_TARGETS,Gene,CASP3,,0.9494,378,1701
4997,Compound,Paratocarpin B,42607541,PREDICTED_TARGETS,Gene,CASP3,,0.9494,673,1701
4998,Compound,5-Methylfurfural,12097,PREDICTED_TARGETS,Gene,CASP3,,0.9494,194,1701
4999,Compound,"3,4-Dihydro-2-(4-hydroxyphenyl)-2h-1-benzopyran-3,4,7,8-tetrol",5317352,PREDICTED_TARGETS,Gene,CASP3,,0.9494,163,1701
5000,Compound,"7-methoxy-3-[4-[(2S,3R,4S,5S,6R)-3,4,5-trihydroxy-6-(hydroxymethyl)oxan-2-yl]oxyphenyl]chromen-4-one",5318619,PREDICTED_TARGETS,Gene,CASP3,,0.9494,216,1701
